work_id,utilisation_ratio,days_to_first_payment,num_payments,avg_payment_size_lakh,round_number_payment_ratio,vendor_concentration_ratio,uc_submission_lag_days,fy_end_disbursal_ratio,cost_revision_count,payment_interval_cv,is_seeded_anomaly
MPLAD-FIN-400000,0.9465,16.8661,3.0,3.4522,0.1792,0.101,43.3091,0.0195,0.0,0.2846,0
MPLAD-FIN-400001,0.9132,93.2569,5.0,1.2111,0.0135,0.1163,92.3166,0.2539,1.0,0.6861,0
MPLAD-FIN-400002,0.8411,27.8026,7.0,3.9573,0.0771,0.2807,39.6227,0.1784,0.0,0.1782,0
MPLAD-FIN-400003,0.6243,6.5535,2.0,7.261,0.9286,0.8388,261.2889,0.5731,2.0,2.654,1
MPLAD-FIN-400004,1.05,108.5782,2.0,4.0071,0.2426,0.1092,8.8531,0.1362,1.0,1.2996,0
MPLAD-FIN-400005,0.9581,16.7095,6.0,2.7654,0.1032,0.5657,17.5799,0.4001,0.0,0.3786,0
MPLAD-FIN-400006,0.8425,23.4943,2.0,4.8545,0.1083,0.4609,66.3368,0.2485,0.0,0.1234,0
MPLAD-FIN-400007,0.9065,24.2182,3.0,5.9492,0.0923,0.2357,20.8232,0.1895,0.0,0.4453,0
MPLAD-FIN-400008,1.05,38.358,7.0,6.2509,0.1787,0.2131,61.643,0.253,0.0,0.7705,0
MPLAD-FIN-400009,0.9146,32.0455,7.0,2.2225,0.2577,0.5067,8.5468,0.2025,0.0,0.6151,0
MPLAD-FIN-400010,0.8749,47.2028,8.0,1.0114,0.0146,0.0299,33.8314,0.1211,1.0,0.1009,0
MPLAD-FIN-400011,0.8433,14.1072,1.0,12.7236,0.6832,0.7771,271.2564,0.9522,2.0,2.4073,1
MPLAD-FIN-400012,0.7548,25.5399,7.0,1.306,0.1011,0.5819,30.8563,0.1609,0.0,0.1668,0
MPLAD-FIN-400013,0.8122,5.6925,7.0,5.9106,0.2001,0.1601,19.4426,0.4493,1.0,0.261,0
MPLAD-FIN-400014,1.104,1.7616,1.0,28.3938,0.8951,0.7929,358.12,0.7448,3.0,3.256,1
MPLAD-FIN-400015,0.8652,63.1563,2.0,6.7045,0.3675,0.124,15.0783,0.1043,0.0,0.8811,0
MPLAD-FIN-400016,0.7305,137.5208,5.0,3.3009,0.0845,0.403,34.3497,0.1339,1.0,0.2283,0
MPLAD-FIN-400017,1.0084,120.0739,5.0,7.3349,0.2799,0.5487,79.1668,0.1577,1.0,0.2011,0
MPLAD-FIN-400018,0.8879,33.9349,4.0,3.0323,0.0448,0.3628,44.5709,0.1162,0.0,0.1823,0
MPLAD-FIN-400019,0.8597,37.7954,5.0,3.1907,0.1093,0.2933,65.0328,0.2252,0.0,0.2847,0
MPLAD-FIN-400020,0.8986,50.1776,2.0,5.1987,0.113,0.2258,34.2513,0.1227,0.0,0.4445,0
MPLAD-FIN-400021,0.9427,59.9103,4.0,2.072,0.1908,0.1607,74.9013,0.3862,1.0,0.7994,0
MPLAD-FIN-400022,1.0319,23.015,4.0,6.8132,0.2688,0.0803,25.7405,0.1864,0.0,0.4603,0
MPLAD-FIN-400023,0.912,14.6888,7.0,2.538,0.06,0.5691,68.8942,0.5859,0.0,0.2546,0
MPLAD-FIN-400024,0.9629,35.6907,2.0,2.0299,0.2877,0.3469,19.8648,0.0189,0.0,0.3982,0
MPLAD-FIN-400025,0.9015,51.9613,6.0,8.7655,0.0609,0.3184,33.7995,0.3441,1.0,0.1591,0
MPLAD-FIN-400026,1.1089,6.1576,1.0,11.8459,0.9874,0.9641,99.777,0.7552,3.0,2.131,1
MPLAD-FIN-400027,0.7811,23.3276,4.0,4.2125,0.2261,0.2891,59.6518,0.3036,1.0,0.3914,0
MPLAD-FIN-400028,0.7594,81.8442,4.0,3.8546,0.0269,0.2427,44.4954,0.1646,0.0,0.2024,0
MPLAD-FIN-400029,0.9544,73.8776,7.0,1.4624,0.1692,0.1344,27.7152,0.2454,0.0,0.4497,0
MPLAD-FIN-400030,0.9414,18.6163,4.0,2.6031,0.257,0.236,54.6213,0.0209,0.0,0.7972,0
MPLAD-FIN-400031,1.05,36.5696,8.0,12.1492,0.2746,0.2106,84.1801,0.1114,0.0,0.3828,0
MPLAD-FIN-400032,1.0295,2.7709,1.0,22.5996,0.8346,0.7138,145.7935,0.7899,3.0,1.682,1
MPLAD-FIN-400033,0.7975,25.5195,8.0,0.2716,0.0397,0.3331,140.2201,0.2025,1.0,0.3315,0
MPLAD-FIN-400034,0.7278,35.9614,8.0,4.8019,0.0958,0.5998,33.1228,0.3016,0.0,0.2721,0
MPLAD-FIN-400035,0.9134,41.957,4.0,2.9986,0.0657,0.1905,58.3264,0.2161,0.0,0.5572,0
MPLAD-FIN-400036,0.7663,10.5371,3.0,2.5512,0.1408,0.095,28.0598,0.1638,0.0,0.2445,0
MPLAD-FIN-400037,0.9063,48.8362,2.0,4.4475,0.1878,0.2318,10.3148,0.1932,0.0,0.4105,0
MPLAD-FIN-400038,0.8822,26.4747,4.0,1.6179,0.0262,0.1942,35.9013,0.0501,0.0,0.1868,0
MPLAD-FIN-400039,1.0824,2.1879,1.0,24.8368,0.7218,0.9366,446.3064,0.9655,2.0,0.745,1
MPLAD-FIN-400040,0.9318,40.5686,6.0,3.215,0.0477,0.0502,92.1531,0.148,1.0,0.4624,0
MPLAD-FIN-400041,0.8988,67.5991,4.0,7.2927,0.1276,0.2433,59.9093,0.3797,0.0,0.4769,0
MPLAD-FIN-400042,1.0233,9.1154,4.0,2.0178,0.006,0.1092,9.3763,0.2733,0.0,0.6845,0
MPLAD-FIN-400043,0.9425,4.8917,8.0,17.2496,0.146,0.3125,120.3601,0.0501,0.0,0.22,0
MPLAD-FIN-400044,0.9616,41.3707,8.0,1.9592,0.1963,0.2778,34.0442,0.2008,0.0,0.1646,0
MPLAD-FIN-400045,0.6594,18.8749,3.0,4.5748,0.1888,0.2491,19.9146,0.0401,1.0,0.1032,0
MPLAD-FIN-400046,0.9275,14.3554,3.0,0.7721,0.0847,0.3403,32.4088,0.4042,0.0,0.3338,0
MPLAD-FIN-400047,0.9382,36.4773,4.0,3.0548,0.1913,0.1161,92.1846,0.4158,1.0,0.7973,0
MPLAD-FIN-400048,0.9346,54.4365,3.0,6.9778,0.3396,0.2743,25.3806,0.1047,1.0,0.445,0
MPLAD-FIN-400049,0.9138,70.607,8.0,1.0224,0.0203,0.0535,62.2352,0.1237,0.0,0.3467,0
MPLAD-FIN-400050,0.9353,24.7156,6.0,6.7011,0.0133,0.68,11.129,0.0802,2.0,0.5801,0
MPLAD-FIN-400051,0.6893,2.9821,1.0,19.3302,0.9385,0.9895,121.1912,0.6989,4.0,1.8908,1
MPLAD-FIN-400052,0.8472,35.2922,6.0,3.054,0.1735,0.0721,51.1911,0.1359,0.0,0.2561,0
MPLAD-FIN-400053,0.8195,47.9764,3.0,1.4189,0.2827,0.3192,3.3049,0.0253,1.0,0.2576,0
MPLAD-FIN-400054,0.8339,47.5582,4.0,5.0636,0.0495,0.4562,22.1982,0.0903,0.0,0.3505,0
MPLAD-FIN-400055,0.814,33.8489,8.0,5.0105,0.2908,0.5948,92.9357,0.1235,0.0,0.2284,0
MPLAD-FIN-400056,0.995,16.7527,4.0,2.0128,0.0741,0.4568,12.896,0.0744,0.0,0.2702,0
MPLAD-FIN-400057,0.7985,20.128,2.0,4.4523,0.0942,0.2872,33.2912,0.1648,0.0,0.3529,0
MPLAD-FIN-400058,0.9283,11.7157,6.0,2.0006,0.2798,0.1383,89.9636,0.2046,0.0,0.5251,0
MPLAD-FIN-400059,1.0937,0.1901,1.0,51.1319,0.6715,0.8712,126.0701,0.9005,5.0,0.97,1
MPLAD-FIN-400060,0.8403,23.0136,7.0,0.7575,0.109,0.1454,41.2265,0.0245,1.0,0.5005,0
MPLAD-FIN-400061,0.8566,30.2309,6.0,11.6235,0.1538,0.2099,88.3605,0.061,0.0,0.7253,0
MPLAD-FIN-400062,0.9117,20.0003,5.0,2.8218,0.243,0.1984,29.5488,0.5759,0.0,0.231,0
MPLAD-FIN-400063,0.9465,29.811,3.0,9.017,0.1198,0.3066,29.8806,0.5339,0.0,0.2421,0
MPLAD-FIN-400064,0.9148,33.2837,6.0,11.5654,0.0774,0.3904,61.4113,0.1118,1.0,0.4578,0
MPLAD-FIN-400065,1.0399,46.6459,4.0,4.5356,0.076,0.3735,12.4498,0.0457,0.0,1.0968,0
MPLAD-FIN-400066,0.8681,36.522,4.0,2.0646,0.0164,0.1075,40.0638,0.1389,1.0,0.2656,0
MPLAD-FIN-400067,0.9309,82.8861,7.0,3.755,0.7187,0.2128,3.4915,0.4926,0.0,0.5187,0
MPLAD-FIN-400068,0.7032,25.5171,7.0,5.7289,0.1327,0.1538,36.9641,0.3154,0.0,0.6155,0
MPLAD-FIN-400069,0.969,30.8652,8.0,1.8367,0.1048,0.2858,39.5757,0.1221,0.0,0.366,0
MPLAD-FIN-400070,1.0362,38.1073,8.0,1.555,0.0842,0.107,41.6136,0.2038,0.0,0.1952,0
MPLAD-FIN-400071,1.0009,49.4617,8.0,11.7369,0.1897,0.1693,55.9491,0.2003,0.0,1.3535,0
MPLAD-FIN-400072,0.8665,32.9818,8.0,0.8537,0.1831,0.2445,76.4468,0.1418,1.0,1.5084,0
MPLAD-FIN-400073,0.873,28.7778,3.0,7.3542,0.1065,0.3541,33.9221,0.1733,0.0,0.3385,0
MPLAD-FIN-400074,0.925,9.7579,5.0,2.4976,0.3487,0.3881,38.6235,0.336,2.0,1.0667,0
MPLAD-FIN-400075,0.7338,19.5631,5.0,5.1382,0.0056,0.2664,110.5278,0.0437,0.0,0.1687,0
MPLAD-FIN-400076,0.8882,54.6671,4.0,6.2372,0.0366,0.2081,21.58,0.0564,0.0,0.3365,0
MPLAD-FIN-400077,0.9372,20.6284,3.0,3.9898,0.098,0.2541,38.442,0.0466,3.0,0.2385,0
MPLAD-FIN-400078,0.8144,27.5831,7.0,2.5658,0.2005,0.3618,61.3546,0.1761,0.0,0.133,0
MPLAD-FIN-400079,0.824,16.8869,7.0,4.5348,0.0556,0.2411,7.5941,0.394,0.0,0.1046,0
MPLAD-FIN-400080,0.9919,70.6193,7.0,3.3595,0.1125,0.1878,64.5872,0.0291,0.0,0.3226,0
MPLAD-FIN-400081,0.7874,22.4406,3.0,7.0375,0.1668,0.121,15.4552,0.4805,0.0,0.3464,0
MPLAD-FIN-400082,0.9557,19.4788,3.0,2.0216,0.137,0.3114,27.7293,0.0734,0.0,0.6435,0
MPLAD-FIN-400083,0.7532,55.4978,8.0,2.8337,0.2115,0.1355,75.9964,0.126,2.0,0.2145,0
MPLAD-FIN-400084,0.8038,71.0377,4.0,4.0089,0.0647,0.1882,46.7204,0.2298,1.0,0.1188,0
MPLAD-FIN-400085,0.8471,52.3436,5.0,0.1789,0.207,0.1091,14.1538,0.53,0.0,0.1332,0
MPLAD-FIN-400086,1.05,3.2252,5.0,2.6013,0.2654,0.4859,31.6675,0.4165,1.0,0.8978,0
MPLAD-FIN-400087,0.8332,48.0106,3.0,4.0303,0.0875,0.4355,19.4127,0.1606,0.0,0.4172,0
MPLAD-FIN-400088,0.896,21.8149,6.0,1.9513,0.1541,0.1272,18.8635,0.5755,0.0,0.3061,0
MPLAD-FIN-400089,0.9648,37.7793,7.0,0.9593,0.0564,0.109,45.5034,0.3504,0.0,1.3476,0
MPLAD-FIN-400090,0.795,13.9675,2.0,3.7858,0.0915,0.2466,25.7192,0.3951,0.0,0.1253,0
MPLAD-FIN-400091,0.8905,45.4473,8.0,6.1059,0.1588,0.1126,62.9426,0.4432,0.0,0.873,0
MPLAD-FIN-400092,0.7621,23.0538,3.0,1.733,0.1943,0.0589,34.8133,0.1112,1.0,1.0251,0
MPLAD-FIN-400093,0.844,26.9981,8.0,5.1727,0.1309,0.174,38.1011,0.3401,0.0,0.2007,0
MPLAD-FIN-400094,0.867,34.8138,8.0,1.8739,0.406,0.2628,79.5847,0.1205,0.0,0.3901,0
MPLAD-FIN-400095,0.8151,8.0155,8.0,1.5475,0.0569,0.1104,22.3915,0.2945,1.0,0.41,0
MPLAD-FIN-400096,0.8818,31.0529,7.0,3.2233,0.1974,0.1913,55.4414,0.1106,1.0,1.0089,0
MPLAD-FIN-400097,0.9518,37.3057,3.0,3.4283,0.1815,0.2347,18.301,0.0618,0.0,0.4977,0
MPLAD-FIN-400098,1.0105,50.8609,7.0,3.6385,0.031,0.181,27.1358,0.5723,0.0,1.6644,0
MPLAD-FIN-400099,0.8944,15.116,3.0,3.5441,0.0677,0.5586,90.3565,0.241,0.0,0.793,0
MPLAD-FIN-400100,0.9048,22.6912,8.0,5.8116,0.1429,0.4543,38.7228,0.1438,0.0,1.0507,0
MPLAD-FIN-400101,0.7504,44.3605,5.0,0.5954,0.1884,0.1367,24.6917,0.2858,1.0,0.5782,0
MPLAD-FIN-400102,0.9256,66.1034,4.0,8.3575,0.441,0.4687,33.1,0.3088,0.0,1.0617,0
MPLAD-FIN-400103,1.0311,29.8483,3.0,2.9282,0.0692,0.4697,23.5206,0.1953,0.0,0.4907,0
MPLAD-FIN-400104,0.8934,35.0621,2.0,2.63,0.1078,0.3233,72.0313,0.243,0.0,0.0576,0
MPLAD-FIN-400105,0.9471,14.7223,3.0,5.1311,0.1777,0.1881,53.5446,0.0423,0.0,0.1927,0
MPLAD-FIN-400106,0.9736,67.0166,8.0,1.0799,0.0283,0.1508,26.584,0.1048,0.0,0.7498,0
MPLAD-FIN-400107,0.5826,28.4396,6.0,2.5256,0.0929,0.1062,10.8917,0.264,0.0,0.1653,0
MPLAD-FIN-400108,0.9851,56.4093,3.0,2.9285,0.1137,0.3143,49.6528,0.1277,0.0,0.2205,0
MPLAD-FIN-400109,0.8426,14.2614,6.0,1.1961,0.0506,0.2397,128.136,0.1622,2.0,0.4123,0
MPLAD-FIN-400110,0.7778,20.0506,2.0,1.5285,0.0041,0.4039,29.7363,0.0688,0.0,1.1291,0
MPLAD-FIN-400111,0.9398,24.1043,6.0,4.7465,0.1114,0.2713,15.5851,0.0932,0.0,0.144,0
MPLAD-FIN-400112,0.7663,11.4914,4.0,0.7263,0.1175,0.2324,66.0325,0.3767,0.0,1.0852,0
MPLAD-FIN-400113,0.805,40.4693,8.0,5.0812,0.306,0.3886,58.4787,0.084,0.0,1.2041,0
MPLAD-FIN-400114,1.05,26.6572,8.0,0.9981,0.0224,0.3711,12.9101,0.281,1.0,0.744,0
MPLAD-FIN-400115,0.8135,37.768,5.0,1.7248,0.0326,0.2292,41.1558,0.1872,1.0,0.255,0
MPLAD-FIN-400116,0.8897,28.9779,7.0,2.2303,0.056,0.2364,35.9894,0.4551,1.0,0.5199,0
MPLAD-FIN-400117,1.0234,30.1182,5.0,10.4609,0.1178,0.3292,130.0209,0.339,0.0,0.3123,0
MPLAD-FIN-400118,1.0487,30.6488,7.0,1.5586,0.056,0.2995,23.3085,0.1736,1.0,0.1781,0
MPLAD-FIN-400119,0.8182,30.495,4.0,3.584,0.1397,0.2462,41.7313,0.2001,0.0,0.302,0
MPLAD-FIN-400120,0.804,98.3956,5.0,5.3899,0.0088,0.3893,95.5623,0.0412,0.0,0.5288,0
MPLAD-FIN-400121,0.8954,18.2496,3.0,5.2736,0.2073,0.0738,44.3768,0.5301,0.0,0.4936,0
MPLAD-FIN-400122,0.901,13.1331,6.0,1.1927,0.3668,0.181,5.808,0.327,0.0,0.3595,0
MPLAD-FIN-400123,0.9433,11.7409,7.0,4.2134,0.1401,0.3355,68.8547,0.1556,0.0,0.0751,0
MPLAD-FIN-400124,0.8313,27.5816,6.0,3.9142,0.3409,0.1751,121.6708,0.1118,0.0,0.2138,0
MPLAD-FIN-400125,0.7966,37.9672,3.0,4.7583,0.3148,0.1533,62.9386,0.1387,0.0,0.2508,0
MPLAD-FIN-400126,1.0163,29.9878,2.0,1.1394,0.3454,0.1732,45.7378,0.4687,0.0,0.3764,0
MPLAD-FIN-400127,1.1436,2.1953,1.0,15.3964,0.8838,0.9793,131.8402,0.9373,4.0,1.6704,1
MPLAD-FIN-400128,0.7828,28.1265,5.0,6.2563,0.2162,0.2928,41.2324,0.3767,0.0,0.2127,0
MPLAD-FIN-400129,0.9765,15.433,5.0,2.017,0.4844,0.4261,65.333,0.5826,0.0,0.5839,0
MPLAD-FIN-400130,0.9861,43.5958,7.0,0.8979,0.1388,0.4007,45.5327,0.4547,0.0,0.8111,0
MPLAD-FIN-400131,1.063,0.3918,2.0,14.6791,0.9582,0.9177,211.3157,0.9475,5.0,1.5319,1
MPLAD-FIN-400132,1.0214,27.9082,4.0,4.4263,0.2782,0.0692,39.9893,0.117,0.0,0.5188,0
MPLAD-FIN-400133,0.8547,48.0357,2.0,4.7395,0.0441,0.0604,30.8362,0.2193,1.0,0.4894,0
MPLAD-FIN-400134,0.9658,58.8215,2.0,5.1633,0.1103,0.1503,8.1841,0.1655,1.0,0.3604,0
MPLAD-FIN-400135,0.8664,15.0489,6.0,4.9042,0.0193,0.2999,15.7848,0.1855,1.0,0.6335,0
MPLAD-FIN-400136,0.9976,33.7999,3.0,2.1531,0.07,0.0558,18.4539,0.1041,0.0,0.585,0
MPLAD-FIN-400137,0.6952,53.165,8.0,1.0586,0.1944,0.4313,7.9707,0.1701,1.0,0.6288,0
MPLAD-FIN-400138,0.8047,21.9938,4.0,11.4995,0.2566,0.0676,96.9432,0.1651,0.0,0.3528,0
MPLAD-FIN-400139,0.9717,19.1234,3.0,5.3736,0.0624,0.2522,26.0468,0.1314,0.0,0.4995,0
MPLAD-FIN-400140,0.9817,17.4936,2.0,6.1454,0.3701,0.424,14.6116,0.1061,0.0,0.2138,0
MPLAD-FIN-400141,0.8882,8.441,5.0,5.4407,0.2058,0.4222,49.0042,0.2961,0.0,0.7104,0
MPLAD-FIN-400142,1.05,10.5532,3.0,4.6138,0.4696,0.204,46.203,0.1174,0.0,0.3316,0
MPLAD-FIN-400143,0.9854,24.4157,4.0,5.5278,0.0641,0.4952,25.983,0.146,2.0,0.1383,0
MPLAD-FIN-400144,0.8968,27.7361,6.0,5.4011,0.1425,0.3555,59.257,0.0645,0.0,0.5701,0
MPLAD-FIN-400145,0.956,21.4306,6.0,2.4993,0.1728,0.4097,32.2849,0.2058,0.0,0.5342,0
MPLAD-FIN-400146,1.0206,2.8907,6.0,9.9945,0.1924,0.1727,53.7205,0.2742,3.0,0.2025,0
MPLAD-FIN-400147,0.8852,24.5151,6.0,6.1807,0.0413,0.165,17.3653,0.3086,0.0,1.9543,0
MPLAD-FIN-400148,1.0008,27.9318,4.0,2.508,0.0948,0.152,19.7141,0.4322,0.0,0.3203,0
MPLAD-FIN-400149,0.9411,9.2235,8.0,2.8139,0.1024,0.5089,54.139,0.1421,1.0,0.9157,0
MPLAD-FIN-400150,0.8147,23.2408,8.0,3.9392,0.2418,0.3252,32.6571,0.2204,1.0,0.1246,0
MPLAD-FIN-400151,0.7531,59.8387,6.0,6.4282,0.3539,0.3441,13.0157,0.1447,0.0,0.2285,0
MPLAD-FIN-400152,1.05,29.5115,3.0,3.821,0.0833,0.2764,115.4581,0.2071,0.0,0.682,0
MPLAD-FIN-400153,0.9177,21.2499,4.0,7.947,0.0597,0.0716,68.7438,0.3344,0.0,0.424,0
MPLAD-FIN-400154,0.8284,61.8024,5.0,9.2683,0.2574,0.5408,12.5867,0.2396,1.0,0.5833,0
MPLAD-FIN-400155,0.9779,104.1111,7.0,6.7877,0.2031,0.1589,24.5208,0.442,2.0,0.3285,0
MPLAD-FIN-400156,0.8716,18.7721,8.0,4.2418,0.1184,0.3762,28.595,0.2466,0.0,1.1664,0
MPLAD-FIN-400157,1.0383,9.5877,2.0,2.8848,0.1219,0.0573,33.673,0.0978,0.0,0.7953,0
MPLAD-FIN-400158,0.8045,44.4832,5.0,4.3979,0.1263,0.3167,81.8547,0.4542,0.0,0.6069,0
MPLAD-FIN-400159,0.9799,79.373,2.0,2.0122,0.0151,0.2317,15.7629,0.1909,1.0,0.1919,0
MPLAD-FIN-400160,0.9709,48.2377,8.0,1.3436,0.165,0.2304,41.409,0.2647,0.0,0.312,0
MPLAD-FIN-400161,1.1925,5.5193,2.0,12.891,0.7389,0.7007,179.5754,0.7496,3.0,1.115,1
MPLAD-FIN-400162,0.7883,9.5115,4.0,0.7498,0.0736,0.2657,94.9825,0.1464,0.0,0.0876,0
MPLAD-FIN-400163,0.8396,13.7411,6.0,2.7281,0.1825,0.1058,10.5806,0.288,1.0,0.1552,0
MPLAD-FIN-400164,0.8517,39.1285,7.0,9.4144,0.4394,0.3429,78.7246,0.1501,0.0,0.19,0
MPLAD-FIN-400165,0.8469,36.7875,7.0,3.7115,0.3874,0.1428,14.5072,0.0544,0.0,0.0744,0
MPLAD-FIN-400166,0.8358,117.0845,6.0,5.1038,0.4023,0.092,77.3178,0.1466,0.0,0.5819,0
MPLAD-FIN-400167,0.9888,16.6001,2.0,5.818,0.0398,0.1535,16.9716,0.2587,1.0,0.5522,0
MPLAD-FIN-400168,0.7962,64.6686,6.0,1.1186,0.1758,0.1257,31.4537,0.2029,0.0,0.3056,0
MPLAD-FIN-400169,0.7298,7.1538,5.0,3.4301,0.2078,0.6308,49.4524,0.4613,0.0,0.2727,0
MPLAD-FIN-400170,1.05,10.8228,6.0,5.1204,0.127,0.2395,33.547,0.1533,0.0,0.8049,0
MPLAD-FIN-400171,0.8186,39.5749,6.0,2.4547,0.2329,0.3694,87.8387,0.2679,1.0,0.6769,0
MPLAD-FIN-400172,0.8464,39.3638,8.0,3.7534,0.0652,0.0369,53.1947,0.3405,0.0,0.9634,0
MPLAD-FIN-400173,0.7369,16.4576,6.0,2.9231,0.156,0.2951,58.9123,0.0378,1.0,0.7225,0
MPLAD-FIN-400174,0.939,7.1794,8.0,1.8979,0.1764,0.4814,18.4549,0.1053,0.0,0.5889,0
MPLAD-FIN-400175,1.05,26.5813,7.0,3.5475,0.1996,0.0275,106.4338,0.3042,0.0,0.116,0
MPLAD-FIN-400176,1.0112,12.2202,6.0,5.4766,0.0539,0.0489,149.6151,0.1477,1.0,0.1442,0
MPLAD-FIN-400177,0.8741,82.0014,6.0,4.7041,0.1231,0.1857,34.1065,0.5564,0.0,0.1428,0
MPLAD-FIN-400178,1.05,75.8611,3.0,3.2566,0.2692,0.1035,75.6449,0.0698,0.0,0.2104,0
MPLAD-FIN-400179,0.837,55.6445,5.0,4.3679,0.1264,0.1726,34.3369,0.3574,0.0,0.078,0
MPLAD-FIN-400180,0.8668,11.1049,2.0,1.5962,0.0907,0.4789,5.8849,0.0537,0.0,0.4649,0
MPLAD-FIN-400181,1.05,17.785,8.0,1.5217,0.5412,0.3916,108.0854,0.3255,0.0,0.4615,0
MPLAD-FIN-400182,0.8705,68.1724,2.0,4.1419,0.0518,0.2965,25.1529,0.5601,0.0,0.0529,0
MPLAD-FIN-400183,0.9161,82.8072,6.0,2.3184,0.2672,0.2151,28.6902,0.2297,0.0,0.2471,0
MPLAD-FIN-400184,0.9347,9.4782,8.0,7.777,0.1926,0.02,14.4129,0.1473,1.0,1.4023,0
MPLAD-FIN-400185,0.9971,68.6349,6.0,4.4648,0.2215,0.2784,15.8894,0.2322,0.0,0.2097,0
MPLAD-FIN-400186,0.9269,35.2963,2.0,2.1432,0.363,0.1423,59.1738,0.2319,1.0,0.323,0
MPLAD-FIN-400187,0.7552,6.0017,6.0,1.8397,0.0038,0.1583,58.2148,0.3349,1.0,0.9291,0
MPLAD-FIN-400188,0.7369,11.4235,3.0,3.4436,0.0946,0.3069,13.3515,0.1926,1.0,1.0413,0
MPLAD-FIN-400189,0.8574,64.4403,6.0,2.1723,0.188,0.3329,52.4611,0.4719,0.0,0.6049,0
MPLAD-FIN-400190,0.8598,45.0613,6.0,2.7199,0.307,0.1031,109.0568,0.0435,0.0,0.4607,0
MPLAD-FIN-400191,0.7917,11.3621,5.0,1.5855,0.068,0.3796,48.5523,0.2003,0.0,0.9639,0
MPLAD-FIN-400192,0.704,7.87,2.0,15.8453,0.8306,0.9295,224.0678,0.6376,2.0,0.9047,1
MPLAD-FIN-400193,0.9677,22.7909,2.0,7.4992,0.2484,0.1123,45.7334,0.0928,0.0,0.4383,0
MPLAD-FIN-400194,0.8298,33.0736,7.0,2.2802,0.0717,0.4905,65.819,0.561,0.0,0.9736,0
MPLAD-FIN-400195,1.05,67.1217,7.0,1.9409,0.3075,0.3433,53.8955,0.4025,1.0,1.1657,0
MPLAD-FIN-400196,1.05,64.2008,6.0,3.1315,0.1442,0.2804,60.159,0.1649,1.0,0.2658,0
MPLAD-FIN-400197,0.8813,23.9199,6.0,1.3257,0.241,0.2442,15.5979,0.3092,0.0,0.2914,0
MPLAD-FIN-400198,0.8272,41.2498,6.0,3.962,0.0735,0.0888,26.5874,0.0198,1.0,0.3416,0
MPLAD-FIN-400199,1.05,53.9889,3.0,5.8181,0.1369,0.3344,73.6578,0.1551,0.0,0.2055,0
MPLAD-FIN-400200,0.9429,59.2326,4.0,2.2556,0.3967,0.0898,69.688,0.0554,0.0,0.1397,0
MPLAD-FIN-400201,0.8486,16.1074,3.0,1.5182,0.0801,0.392,21.0077,0.1864,1.0,0.602,0
MPLAD-FIN-400202,0.9075,41.8743,4.0,2.085,0.117,0.4089,48.4707,0.3507,0.0,1.9322,0
MPLAD-FIN-400203,0.8707,69.0512,3.0,2.9491,0.0667,0.3744,52.1055,0.2119,0.0,0.4641,0
MPLAD-FIN-400204,0.8417,25.6629,5.0,6.2598,0.0559,0.0835,99.6996,0.3413,1.0,0.4422,0
MPLAD-FIN-400205,0.834,45.0035,2.0,5.8743,0.024,0.3427,58.3577,0.2539,1.0,0.3065,0
MPLAD-FIN-400206,0.9527,12.8893,3.0,2.2207,0.2162,0.1073,55.1617,0.2783,0.0,0.5753,0
MPLAD-FIN-400207,1.0483,53.1148,4.0,3.2888,0.0034,0.1264,85.2333,0.0937,0.0,0.4634,0
MPLAD-FIN-400208,0.889,65.7483,4.0,5.5162,0.041,0.2912,34.3142,0.3273,0.0,0.2834,0
MPLAD-FIN-400209,0.9004,39.3127,3.0,0.8302,0.3643,0.0552,35.5859,0.6077,0.0,0.4896,0
MPLAD-FIN-400210,0.8372,37.1864,7.0,2.144,0.0948,0.2768,78.4999,0.387,1.0,0.8835,0
MPLAD-FIN-400211,0.9949,2.1788,1.0,20.9403,0.8632,0.8258,55.489,0.9212,4.0,1.8319,1
MPLAD-FIN-400212,0.7085,25.2881,3.0,2.6782,0.1387,0.2765,45.6559,0.3586,0.0,0.1802,0
MPLAD-FIN-400213,0.8668,45.9135,7.0,5.7153,0.118,0.5156,23.5191,0.0429,0.0,0.2498,0
MPLAD-FIN-400214,0.8658,30.5168,6.0,8.0127,0.0998,0.2803,9.1887,0.2841,0.0,0.7267,0
MPLAD-FIN-400215,1.0236,43.416,4.0,2.6401,0.2539,0.4346,42.4743,0.3965,0.0,0.5178,0
MPLAD-FIN-400216,0.6604,29.1576,8.0,3.1131,0.02,0.1984,17.934,0.2458,1.0,0.2638,0
MPLAD-FIN-400217,0.9142,11.9082,8.0,3.7776,0.21,0.1242,47.096,0.2025,0.0,0.0277,0
MPLAD-FIN-400218,0.797,82.4432,5.0,3.4132,0.0484,0.2552,83.8731,0.1986,1.0,0.1129,0
MPLAD-FIN-400219,0.9832,0.0573,2.0,20.6961,0.9707,0.7883,239.4614,0.8521,1.0,2.4706,1
MPLAD-FIN-400220,0.9245,16.7675,2.0,4.8273,0.107,0.3364,31.5366,0.4095,0.0,1.3518,0
MPLAD-FIN-400221,0.8328,49.3336,6.0,3.4694,0.0543,0.1527,26.0278,0.0468,0.0,0.2314,0
MPLAD-FIN-400222,0.7802,71.2036,6.0,2.951,0.0859,0.091,12.5248,0.3826,0.0,0.0884,0
MPLAD-FIN-400223,0.987,37.9214,5.0,2.133,0.2204,0.2077,18.5669,0.2703,0.0,0.3474,0
MPLAD-FIN-400224,0.9431,20.9104,4.0,15.707,0.0024,0.3147,50.7634,0.1278,1.0,1.189,0
MPLAD-FIN-400225,1.05,32.6225,2.0,2.8763,0.0905,0.2204,18.1442,0.2754,1.0,2.079,0
MPLAD-FIN-400226,0.8979,22.6711,7.0,0.5751,0.0794,0.2958,74.6182,0.3442,0.0,0.133,0
MPLAD-FIN-400227,0.8221,23.8634,4.0,3.979,0.4041,0.2578,44.4568,0.4613,0.0,0.6529,0
MPLAD-FIN-400228,0.7986,27.9108,4.0,1.2751,0.4148,0.1906,38.0255,0.2756,1.0,0.8344,0
MPLAD-FIN-400229,0.9179,31.7135,3.0,4.5001,0.0945,0.2104,27.0583,0.1315,0.0,0.3349,0
MPLAD-FIN-400230,0.735,27.6145,3.0,3.2633,0.076,0.1429,40.989,0.3235,0.0,0.6544,0
MPLAD-FIN-400231,0.7716,27.3007,2.0,2.3037,0.0209,0.1572,11.4906,0.0896,0.0,0.5118,0
MPLAD-FIN-400232,0.8043,93.6197,5.0,2.6822,0.0679,0.3179,88.7055,0.2049,0.0,0.3497,0
MPLAD-FIN-400233,0.8881,21.9498,2.0,1.5564,0.1921,0.502,28.7179,0.2989,0.0,0.11,0
MPLAD-FIN-400234,1.0045,71.0621,6.0,1.2779,0.1426,0.0616,14.7263,0.3952,0.0,1.1247,0
MPLAD-FIN-400235,0.886,37.6595,8.0,8.397,0.04,0.2659,44.1224,0.1923,1.0,0.2042,0
MPLAD-FIN-400236,0.6991,22.333,7.0,3.0773,0.1412,0.093,16.0137,0.4464,2.0,0.3724,0
MPLAD-FIN-400237,1.05,13.6687,3.0,1.1789,0.1102,0.4047,29.596,0.1582,2.0,0.8832,0
MPLAD-FIN-400238,0.9471,46.001,4.0,7.0591,0.1382,0.2701,50.5091,0.0261,0.0,0.0411,0
MPLAD-FIN-400239,0.9093,35.3049,7.0,12.8668,0.0211,0.7462,66.1037,0.4064,1.0,0.2179,0
MPLAD-FIN-400240,0.8523,45.2067,7.0,10.9627,0.3036,0.5158,19.3105,0.4064,0.0,0.1335,0
MPLAD-FIN-400241,0.9741,23.1302,2.0,1.6583,0.3504,0.1191,9.769,0.0762,1.0,0.428,0
MPLAD-FIN-400242,0.8685,11.2145,5.0,1.7955,0.0726,0.0702,61.2275,0.3454,1.0,0.7369,0
MPLAD-FIN-400243,1.0571,4.2686,1.0,10.3837,0.8891,0.8705,187.3326,0.6847,4.0,2.5833,1
MPLAD-FIN-400244,0.9213,29.3406,7.0,2.9035,0.1367,0.2991,28.2927,0.4253,0.0,0.1438,0
MPLAD-FIN-400245,0.9137,15.1387,8.0,13.6726,0.2047,0.3947,39.4912,0.5599,0.0,0.1094,0
MPLAD-FIN-400246,0.9959,32.9126,8.0,3.417,0.1788,0.0897,40.7295,0.1816,0.0,0.2103,0
MPLAD-FIN-400247,1.0021,67.8568,6.0,3.3637,0.0757,0.3038,9.7759,0.3038,0.0,0.4406,0
MPLAD-FIN-400248,0.8178,14.6603,4.0,2.0676,0.0307,0.2337,11.2926,0.1066,0.0,0.1342,0
MPLAD-FIN-400249,0.8062,42.8234,6.0,3.5404,0.1808,0.3561,110.758,0.6601,0.0,1.231,0
MPLAD-FIN-400250,0.7605,98.1726,6.0,3.3435,0.155,0.1709,65.9323,0.0618,1.0,0.5336,0
MPLAD-FIN-400251,0.9775,70.0766,4.0,5.5337,0.0971,0.3277,20.6104,0.6033,0.0,0.3796,0
MPLAD-FIN-400252,0.9798,38.7648,8.0,4.3834,0.2595,0.2092,102.9205,0.1386,2.0,1.3367,0
MPLAD-FIN-400253,0.885,28.6516,4.0,7.1098,0.0125,0.1275,93.8952,0.142,0.0,0.047,0
MPLAD-FIN-400254,0.8442,26.8777,4.0,5.0766,0.1487,0.3582,53.8535,0.3097,1.0,0.145,0
MPLAD-FIN-400255,1.05,19.3263,3.0,6.1512,0.1483,0.2127,22.1427,0.3838,0.0,0.7019,0
MPLAD-FIN-400256,1.0139,34.1161,4.0,7.2537,0.209,0.3229,21.9063,0.1706,0.0,0.6348,0
MPLAD-FIN-400257,0.8894,17.5198,6.0,2.362,0.0223,0.4168,47.9886,0.4043,1.0,0.2784,0
MPLAD-FIN-400258,0.8174,22.3259,5.0,1.3779,0.1478,0.035,96.5231,0.1487,0.0,0.2608,0
MPLAD-FIN-400259,0.8905,14.4321,2.0,12.6435,0.8118,0.8393,270.6144,0.7868,2.0,4.6027,1
MPLAD-FIN-400260,0.7686,90.3166,4.0,11.7483,0.0047,0.4274,52.1628,0.1532,0.0,0.1285,0
MPLAD-FIN-400261,1.0258,27.917,3.0,4.9914,0.0961,0.2684,58.3829,0.2778,0.0,0.1936,0
MPLAD-FIN-400262,0.8145,18.1509,8.0,1.2162,0.0641,0.2112,57.9849,0.1565,0.0,0.5429,0
MPLAD-FIN-400263,0.8067,50.5539,7.0,8.2455,0.0553,0.0965,33.366,0.2454,1.0,0.0606,0
MPLAD-FIN-400264,1.05,18.3508,5.0,3.6354,0.0269,0.0395,9.1549,0.2106,0.0,0.3934,0
MPLAD-FIN-400265,0.7326,4.6463,3.0,1.8596,0.0877,0.2155,109.6041,0.4879,0.0,0.1088,0
MPLAD-FIN-400266,0.9098,27.4466,7.0,2.8874,0.0878,0.2317,37.9412,0.0148,0.0,0.2658,0
MPLAD-FIN-400267,0.9154,93.9321,2.0,3.3731,0.2331,0.3754,7.0737,0.067,1.0,0.3484,0
MPLAD-FIN-400268,0.8464,39.3698,2.0,1.7125,0.1603,0.196,61.5508,0.084,0.0,0.2279,0
MPLAD-FIN-400269,0.9949,29.5707,2.0,2.6152,0.0211,0.0896,52.7078,0.0872,0.0,0.1451,0
MPLAD-FIN-400270,1.0385,16.5162,6.0,4.2782,0.2721,0.2697,88.5178,0.4149,0.0,0.4888,0
MPLAD-FIN-400271,0.8201,24.2234,4.0,2.019,0.2324,0.5419,54.1096,0.3064,0.0,0.2292,0
MPLAD-FIN-400272,0.8479,31.8239,4.0,1.4214,0.1451,0.2196,38.0683,0.3281,0.0,0.2268,0
MPLAD-FIN-400273,0.9515,73.4957,6.0,12.004,0.0662,0.0199,13.6829,0.0832,0.0,0.4486,0
MPLAD-FIN-400274,0.8848,15.6176,5.0,0.6773,0.0618,0.1569,43.8077,0.0432,0.0,0.313,0
MPLAD-FIN-400275,0.7932,9.3899,3.0,1.2722,0.3,0.424,32.779,0.3134,0.0,0.2395,0
MPLAD-FIN-400276,0.7283,10.3817,3.0,3.3218,0.0551,0.0925,23.4997,0.3171,1.0,0.1803,0
MPLAD-FIN-400277,0.859,25.6044,3.0,2.0008,0.312,0.1423,44.55,0.0543,1.0,0.5413,0
MPLAD-FIN-400278,1.0238,26.1735,4.0,0.662,0.1064,0.1247,46.9125,0.106,1.0,0.4715,0
MPLAD-FIN-400279,0.867,15.2074,6.0,3.9775,0.1475,0.1893,81.1778,0.147,1.0,0.964,0
MPLAD-FIN-400280,0.7556,12.2037,7.0,4.5787,0.0181,0.0807,25.0088,0.1396,0.0,0.2108,0
MPLAD-FIN-400281,0.9213,50.6664,3.0,6.2028,0.0483,0.3135,21.8311,0.0576,0.0,0.1076,0
MPLAD-FIN-400282,1.0043,28.3398,5.0,2.3274,0.0336,0.0469,60.5292,0.3191,0.0,0.1296,0
MPLAD-FIN-400283,0.884,51.1234,6.0,1.6627,0.1879,0.1562,10.6856,0.3205,0.0,0.1237,0
MPLAD-FIN-400284,1.05,106.95,7.0,2.8791,0.0304,0.0962,45.3203,0.0859,0.0,0.4948,0
MPLAD-FIN-400285,0.9685,30.1711,6.0,4.5238,0.1275,0.3556,44.1138,0.0744,3.0,0.73,0
MPLAD-FIN-400286,0.7206,7.275,3.0,2.6673,0.0711,0.1833,20.1093,0.1612,0.0,0.1252,0
MPLAD-FIN-400287,0.8776,39.5455,8.0,3.1543,0.0717,0.1534,12.2562,0.3884,0.0,0.1399,0
MPLAD-FIN-400288,0.9978,32.9379,2.0,1.1807,0.1201,0.261,34.4272,0.3223,1.0,0.4434,0
MPLAD-FIN-400289,0.7746,44.8036,2.0,2.5658,0.075,0.4634,47.1904,0.4842,0.0,0.7605,0
MPLAD-FIN-400290,0.8074,20.5762,4.0,6.9392,0.3626,0.3984,56.3609,0.2807,1.0,0.5635,0
MPLAD-FIN-400291,0.793,35.0334,8.0,1.7108,0.0459,0.3101,34.1667,0.1118,0.0,0.8126,0
MPLAD-FIN-400292,0.817,74.0055,6.0,1.0182,0.0457,0.2398,87.8292,0.1727,0.0,1.2618,0
MPLAD-FIN-400293,0.7929,17.0052,7.0,1.3796,0.0883,0.6176,33.7441,0.2013,0.0,0.492,0
MPLAD-FIN-400294,0.7311,15.3547,6.0,2.1395,0.0018,0.3216,42.2004,0.4886,0.0,0.3581,0
MPLAD-FIN-400295,1.2005,1.9433,2.0,14.7846,0.7806,0.8816,203.9967,0.7678,1.0,2.8705,1
MPLAD-FIN-400296,0.7915,35.0063,8.0,11.1319,0.1841,0.6312,23.5141,0.1873,1.0,0.0866,0
MPLAD-FIN-400297,0.9684,37.7413,2.0,7.7179,0.3079,0.4707,122.4255,0.386,0.0,0.4173,0
MPLAD-FIN-400298,0.88,72.3509,3.0,1.3706,0.0899,0.3916,68.7605,0.351,0.0,0.3677,0
MPLAD-FIN-400299,0.8958,15.8921,2.0,3.0277,0.5137,0.4581,5.7741,0.1838,0.0,0.52,0
MPLAD-FIN-400300,0.8432,32.8406,8.0,10.7302,0.3651,0.377,80.9812,0.1087,1.0,0.224,0
MPLAD-FIN-400301,1.05,56.7842,5.0,2.7119,0.0324,0.2418,8.5665,0.3653,1.0,0.2738,0
MPLAD-FIN-400302,0.908,55.7223,5.0,2.7306,0.1315,0.1347,33.8182,0.0209,1.0,0.4777,0
MPLAD-FIN-400303,1.05,20.9358,5.0,1.0357,0.2841,0.1839,22.902,0.5658,0.0,0.0479,0
MPLAD-FIN-400304,0.9627,55.4589,2.0,1.7718,0.1171,0.2994,21.9497,0.3524,0.0,0.3619,0
MPLAD-FIN-400305,0.8256,45.2892,2.0,5.7467,0.023,0.3911,21.6657,0.1748,0.0,0.1235,0
MPLAD-FIN-400306,1.0067,19.8716,4.0,4.7766,0.5013,0.114,106.9165,0.352,0.0,0.7742,0
MPLAD-FIN-400307,0.8205,33.343,2.0,2.1088,0.2697,0.22,26.4526,0.0646,0.0,0.4487,0
MPLAD-FIN-400308,0.7774,11.7794,5.0,2.3036,0.1463,0.3389,73.8799,0.1623,0.0,0.8017,0
MPLAD-FIN-400309,0.814,69.78,3.0,3.9008,0.1648,0.2246,31.0824,0.6332,0.0,0.6103,0
MPLAD-FIN-400310,0.885,42.2831,6.0,10.6761,0.1744,0.0949,29.1624,0.2945,0.0,0.2219,0
MPLAD-FIN-400311,0.9055,13.6948,3.0,5.8736,0.1129,0.2013,32.9359,0.1494,1.0,0.6816,0
MPLAD-FIN-400312,0.8984,108.3501,5.0,1.8902,0.0477,0.3647,23.4641,0.2227,0.0,0.3806,0
MPLAD-FIN-400313,0.9741,9.3556,3.0,7.0145,0.0883,0.3392,74.094,0.1599,0.0,0.6386,0
MPLAD-FIN-400314,1.2136,0.796,1.0,19.3723,0.967,0.9076,364.1583,0.7793,4.0,2.1057,1
MPLAD-FIN-400315,0.8062,27.7545,6.0,3.532,0.1479,0.3047,63.2026,0.0872,1.0,0.5004,0
MPLAD-FIN-400316,0.9741,67.1695,6.0,3.6504,0.0253,0.2486,41.5422,0.3036,0.0,0.3396,0
MPLAD-FIN-400317,0.8784,93.9826,2.0,2.7371,0.0829,0.0427,47.8696,0.3245,0.0,0.3307,0
MPLAD-FIN-400318,0.8481,6.7824,6.0,0.8442,0.0426,0.4481,31.9052,0.099,0.0,0.3569,0
MPLAD-FIN-400319,1.0034,25.4245,5.0,0.8627,0.1968,0.5256,19.5241,0.1817,2.0,0.6196,0
MPLAD-FIN-400320,0.9232,43.4831,5.0,4.837,0.0924,0.3575,26.372,0.4374,0.0,0.9352,0
MPLAD-FIN-400321,0.7451,8.96,7.0,5.1484,0.1529,0.3033,96.5459,0.1407,2.0,0.4228,0
MPLAD-FIN-400322,0.9732,18.6188,2.0,3.748,0.2828,0.4924,6.8744,0.384,0.0,0.2543,0
MPLAD-FIN-400323,0.9566,3.6467,1.0,37.3618,0.6387,0.8354,365.3829,0.9317,2.0,2.5198,1
MPLAD-FIN-400324,0.88,62.5363,4.0,4.8662,0.0079,0.3607,64.4872,0.35,0.0,0.3005,0
MPLAD-FIN-400325,0.6889,34.0077,3.0,4.2664,0.0348,0.4014,72.0158,0.1141,0.0,1.3406,0
MPLAD-FIN-400326,0.9952,13.0972,3.0,2.1907,0.0964,0.4165,73.5043,0.5325,0.0,1.2364,0
MPLAD-FIN-400327,0.9685,32.3996,5.0,1.3871,0.0953,0.089,31.278,0.5719,0.0,0.0636,0
MPLAD-FIN-400328,0.977,42.3898,2.0,6.4412,0.3256,0.1556,90.6111,0.148,1.0,0.2969,0
MPLAD-FIN-400329,0.9346,24.402,3.0,0.4785,0.1452,0.1754,27.8351,0.0611,0.0,0.7223,0
MPLAD-FIN-400330,0.6787,18.9259,2.0,4.1738,0.2373,0.4771,39.092,0.349,0.0,1.0296,0
MPLAD-FIN-400331,0.9613,44.1599,4.0,1.5056,0.3043,0.2605,67.8397,0.2249,1.0,0.3249,0
MPLAD-FIN-400332,0.6823,39.9376,4.0,1.4914,0.1099,0.6494,115.4228,0.5065,0.0,0.7576,0
MPLAD-FIN-400333,0.8803,15.8444,5.0,1.8921,0.0546,0.1685,6.895,0.1559,0.0,0.187,0
MPLAD-FIN-400334,1.1569,1.2008,1.0,19.2902,0.9659,0.9597,212.5728,0.8492,3.0,1.9695,1
MPLAD-FIN-400335,0.9522,115.3047,2.0,3.1967,0.104,0.0444,89.3156,0.1106,0.0,0.4097,0
MPLAD-FIN-400336,0.7106,9.5416,6.0,1.6902,0.2309,0.3102,77.1524,0.5366,0.0,0.554,0
MPLAD-FIN-400337,0.9138,39.4901,5.0,3.1064,0.04,0.3741,18.5164,0.0196,1.0,0.365,0
MPLAD-FIN-400338,0.7269,67.912,3.0,7.8976,0.0226,0.2473,27.6397,0.1452,0.0,0.3032,0
MPLAD-FIN-400339,0.7879,39.7901,8.0,5.179,0.1272,0.4187,6.2604,0.1654,1.0,0.8271,0
MPLAD-FIN-400340,0.9918,23.634,2.0,0.8042,0.049,0.2054,37.7885,0.2841,0.0,0.803,0
MPLAD-FIN-400341,0.8783,73.3833,7.0,8.2947,0.1541,0.0553,85.491,0.6589,2.0,0.1701,0
MPLAD-FIN-400342,0.817,61.2623,3.0,1.6164,0.129,0.0618,50.7903,0.1103,0.0,1.3246,0
MPLAD-FIN-400343,0.7557,78.4714,2.0,2.8013,0.0708,0.334,66.9407,0.4016,0.0,0.1972,0
MPLAD-FIN-400344,0.8162,15.5173,4.0,5.6487,0.1216,0.3552,4.2339,0.1396,0.0,0.4695,0
MPLAD-FIN-400345,1.028,33.3164,4.0,5.7178,0.1566,0.4283,87.9092,0.2924,0.0,0.3326,0
MPLAD-FIN-400346,0.7319,11.5011,2.0,1.0872,0.2099,0.5723,31.7345,0.2826,1.0,0.7731,0
MPLAD-FIN-400347,0.8631,83.4442,4.0,4.2426,0.1321,0.2715,26.7749,0.4049,1.0,0.8254,0
MPLAD-FIN-400348,0.8693,91.5334,6.0,3.3722,0.1001,0.3501,45.3841,0.1802,1.0,0.2282,0
MPLAD-FIN-400349,0.9463,52.6584,8.0,3.7701,0.0751,0.2181,62.6883,0.1143,0.0,0.7665,0
MPLAD-FIN-400350,0.9239,19.9382,7.0,0.8358,0.2213,0.1151,4.8406,0.3957,0.0,0.3577,0
MPLAD-FIN-400351,0.9661,24.7558,4.0,4.6393,0.2036,0.1728,29.1682,0.3183,0.0,0.2411,0
MPLAD-FIN-400352,1.05,9.1734,2.0,5.7532,0.1013,0.0587,93.7703,0.2093,0.0,0.4402,0
MPLAD-FIN-400353,0.834,43.0131,2.0,2.9245,0.2402,0.0548,86.083,0.3154,0.0,0.1553,0
MPLAD-FIN-400354,1.0159,46.817,7.0,4.4652,0.2418,0.18,88.184,0.06,2.0,0.6633,0
MPLAD-FIN-400355,0.9456,29.9867,6.0,10.1087,0.1065,0.1667,27.8614,0.2835,0.0,0.2641,0
MPLAD-FIN-400356,0.8859,9.7124,7.0,2.3953,0.2263,0.146,71.034,0.3624,1.0,0.5249,0
MPLAD-FIN-400357,0.8175,35.7182,8.0,2.1903,0.1429,0.1249,52.7957,0.2256,0.0,0.5713,0
MPLAD-FIN-400358,0.8922,45.5624,7.0,1.1615,0.1111,0.2174,47.0955,0.2127,1.0,0.9135,0
MPLAD-FIN-400359,0.7671,6.0222,7.0,3.2533,0.1374,0.1539,31.8764,0.0378,1.0,0.0983,0
MPLAD-FIN-400360,0.9615,19.9473,7.0,5.6359,0.2713,0.0646,21.4458,0.1405,3.0,1.0738,0
MPLAD-FIN-400361,0.8456,21.4441,4.0,2.5693,0.3401,0.1423,59.2807,0.5884,0.0,0.3547,0
MPLAD-FIN-400362,1.05,69.1196,2.0,4.3492,0.1828,0.1764,42.1127,0.0823,0.0,1.0919,0
MPLAD-FIN-400363,0.8612,144.8945,5.0,2.3969,0.1253,0.1539,30.9769,0.2222,1.0,0.2426,0
MPLAD-FIN-400364,0.8469,21.1342,4.0,3.4006,0.1167,0.4408,35.9433,0.1675,0.0,0.0677,0
MPLAD-FIN-400365,0.9473,34.7813,6.0,1.5896,0.2594,0.2245,41.8043,0.048,0.0,0.5138,0
MPLAD-FIN-400366,1.05,8.6561,6.0,4.4947,0.1787,0.12,53.206,0.2822,0.0,0.4955,0
MPLAD-FIN-400367,0.9234,38.6478,2.0,5.959,0.049,0.309,9.8083,0.2443,0.0,0.8026,0
MPLAD-FIN-400368,0.9337,57.6448,7.0,11.835,0.0371,0.476,11.9559,0.1697,0.0,0.2729,0
MPLAD-FIN-400369,0.8157,112.4752,2.0,5.1711,0.0974,0.2248,35.4585,0.395,0.0,0.8221,0
MPLAD-FIN-400370,0.9167,36.1219,8.0,6.8565,0.1207,0.3762,50.3798,0.2648,1.0,0.1924,0
MPLAD-FIN-400371,0.7422,56.7434,7.0,1.9066,0.0678,0.3356,63.5882,0.1884,2.0,1.6805,0
MPLAD-FIN-400372,0.9018,14.0788,3.0,7.8922,0.1548,0.3511,34.6351,0.022,0.0,0.1517,0
MPLAD-FIN-400373,1.1686,5.011,2.0,33.2305,0.8509,0.7984,86.7542,0.8401,2.0,4.2965,1
MPLAD-FIN-400374,0.6555,36.3982,4.0,3.2169,0.0598,0.1196,51.0763,0.2049,0.0,0.0941,0
MPLAD-FIN-400375,0.6646,18.2341,8.0,1.1972,0.0981,0.2577,11.4809,0.1701,0.0,1.0965,0
MPLAD-FIN-400376,0.9249,8.2743,4.0,7.5307,0.1255,0.2619,18.2099,0.4382,0.0,0.2777,0
MPLAD-FIN-400377,0.9409,8.1245,4.0,2.1164,0.1904,0.607,37.4972,0.3524,0.0,0.5268,0
MPLAD-FIN-400378,0.7405,26.4105,7.0,1.9635,0.0863,0.2289,81.355,0.0754,0.0,0.426,0
MPLAD-FIN-400379,1.1314,9.5367,1.0,8.2633,0.8567,0.8435,237.8485,0.7083,4.0,2.5752,1
MPLAD-FIN-400380,0.8324,100.8676,2.0,1.9907,0.213,0.3192,48.8724,0.1134,0.0,0.1419,0
MPLAD-FIN-400381,0.962,27.495,8.0,5.5678,0.0609,0.1907,42.2448,0.1901,0.0,0.5622,0
MPLAD-FIN-400382,0.8819,22.042,8.0,4.5211,0.2255,0.511,65.3256,0.5006,1.0,0.6529,0
MPLAD-FIN-400383,0.9034,23.4826,3.0,4.4817,0.0533,0.5338,29.477,0.0917,0.0,0.2114,0
MPLAD-FIN-400384,1.05,18.8013,4.0,0.8697,0.0454,0.3575,31.2109,0.3147,0.0,0.3894,0
MPLAD-FIN-400385,1.05,38.7263,4.0,13.1506,0.0798,0.3876,54.9686,0.12,0.0,0.2165,0
MPLAD-FIN-400386,1.0543,2.1218,1.0,19.662,0.9299,0.9006,340.6944,0.8274,2.0,1.8339,1
MPLAD-FIN-400387,0.8069,48.4689,7.0,5.5713,0.24,0.1508,10.6246,0.0028,0.0,0.566,0
MPLAD-FIN-400388,0.765,40.32,4.0,4.3897,0.1742,0.3202,65.2132,0.1746,0.0,0.2287,0
MPLAD-FIN-400389,0.9565,43.7572,3.0,0.4225,0.11,0.1326,17.7115,0.1403,2.0,0.4008,0
MPLAD-FIN-400390,0.9249,72.5503,3.0,3.0331,0.0446,0.2427,35.7871,0.0411,0.0,0.5265,0
MPLAD-FIN-400391,0.9675,38.4636,4.0,5.3781,0.1972,0.6473,58.6305,0.0951,0.0,0.2997,0
MPLAD-FIN-400392,0.7734,30.0291,5.0,2.3255,0.0291,0.1591,5.7456,0.1369,1.0,0.615,0
MPLAD-FIN-400393,0.9362,33.5592,5.0,1.1015,0.1502,0.1343,56.7028,0.0638,0.0,0.1413,0
MPLAD-FIN-400394,0.9209,40.273,4.0,1.9635,0.27,0.198,15.5859,0.0991,0.0,0.308,0
MPLAD-FIN-400395,0.8392,3.7664,6.0,2.4239,0.1172,0.1426,66.9803,0.0343,1.0,0.1794,0
MPLAD-FIN-400396,1.0043,17.7843,8.0,4.8563,0.2485,0.0236,74.0903,0.1547,1.0,0.2578,0
MPLAD-FIN-400397,0.959,30.1319,8.0,1.0986,0.0238,0.1634,32.5596,0.2572,1.0,0.7471,0
MPLAD-FIN-400398,0.7717,41.8581,7.0,1.4142,0.0972,0.165,5.6865,0.2439,0.0,0.4932,0
MPLAD-FIN-400399,0.6891,19.174,6.0,3.2587,0.0505,0.4106,48.3131,0.4502,0.0,0.5022,0
MPLAD-FIN-400400,0.9596,42.0379,5.0,4.2645,0.0476,0.2097,17.7369,0.1,0.0,0.2286,0
MPLAD-FIN-400401,0.8825,30.4884,6.0,3.0661,0.1178,0.0951,6.6043,0.0971,0.0,0.4217,0
MPLAD-FIN-400402,0.7411,74.6141,3.0,1.7529,0.047,0.3054,4.3414,0.4755,0.0,0.0573,0
MPLAD-FIN-400403,1.0267,36.0158,8.0,2.8799,0.1958,0.5614,21.4597,0.2105,0.0,1.0921,0
MPLAD-FIN-400404,1.05,52.8473,7.0,1.5747,0.4058,0.1615,56.9562,0.3491,0.0,0.1905,0
MPLAD-FIN-400405,0.8637,75.938,3.0,5.6344,0.0113,0.0242,138.4096,0.1002,3.0,0.845,0
MPLAD-FIN-400406,0.8789,17.0064,8.0,6.5304,0.0407,0.2212,33.0061,0.1365,1.0,0.4694,0
MPLAD-FIN-400407,0.7421,29.8251,2.0,9.7959,0.2068,0.1678,12.9837,0.1357,0.0,1.1483,0
MPLAD-FIN-400408,0.8207,64.0756,2.0,3.81,0.0693,0.6209,14.2593,0.2661,0.0,0.1423,0
MPLAD-FIN-400409,0.9442,24.8234,4.0,1.1339,0.306,0.24,52.9515,0.0807,0.0,0.1381,0
MPLAD-FIN-400410,0.7837,28.577,7.0,1.6711,0.0134,0.2164,46.3738,0.0891,1.0,0.5683,0
MPLAD-FIN-400411,0.8712,29.1713,6.0,2.4187,0.2821,0.0687,29.4135,0.0889,0.0,0.1951,0
MPLAD-FIN-400412,0.7754,37.4447,8.0,0.7221,0.3313,0.2837,50.0189,0.2777,0.0,0.316,0
MPLAD-FIN-400413,0.8567,10.0575,2.0,4.2491,0.2961,0.3903,77.0807,0.248,0.0,0.4355,0
MPLAD-FIN-400414,0.8351,29.8679,4.0,3.1672,0.1964,0.1434,36.0676,0.2843,0.0,0.2541,0
MPLAD-FIN-400415,0.8409,17.7264,5.0,0.3354,0.1397,0.2279,13.2755,0.4264,0.0,0.2934,0
MPLAD-FIN-400416,0.9595,15.4688,4.0,6.5655,0.2565,0.2039,78.3508,0.2109,0.0,0.3263,0
MPLAD-FIN-400417,0.9152,17.1503,4.0,9.4353,0.0747,0.2758,3.6848,0.2375,0.0,0.2573,0
MPLAD-FIN-400418,0.7918,39.5337,8.0,6.007,0.0448,0.1187,78.9326,0.2521,0.0,0.3102,0
MPLAD-FIN-400419,0.8238,28.2368,6.0,4.6562,0.0536,0.3167,68.234,0.178,0.0,0.6322,0
MPLAD-FIN-400420,0.9009,10.5024,4.0,4.3412,0.2239,0.312,102.6201,0.2966,1.0,1.4511,0
MPLAD-FIN-400421,0.8493,26.4421,8.0,8.1759,0.3882,0.5545,44.7552,0.2846,0.0,0.482,0
MPLAD-FIN-400422,0.8318,9.4362,3.0,3.0627,0.3252,0.346,65.585,0.3467,0.0,0.2451,0
MPLAD-FIN-400423,0.9792,29.7698,4.0,1.0551,0.1008,0.3003,47.1756,0.1375,0.0,0.3459,0
MPLAD-FIN-400424,0.9831,42.881,3.0,7.671,0.1353,0.2564,17.5283,0.4153,0.0,0.3255,0
MPLAD-FIN-400425,0.763,19.1636,4.0,1.7767,0.0505,0.2519,82.1106,0.3042,1.0,0.3419,0
MPLAD-FIN-400426,0.7931,59.5402,5.0,2.7372,0.0843,0.1609,6.6991,0.1507,0.0,0.1221,0
MPLAD-FIN-400427,0.852,32.1929,5.0,5.3489,0.0935,0.5801,32.9457,0.0924,0.0,1.0998,0
MPLAD-FIN-400428,0.9835,53.9852,8.0,1.8387,0.076,0.186,79.0746,0.2905,2.0,0.1662,0
MPLAD-FIN-400429,0.8935,14.8309,4.0,3.0089,0.2906,0.0659,40.374,0.2254,0.0,0.1093,0
MPLAD-FIN-400430,0.5539,61.244,4.0,2.136,0.2312,0.2114,28.4233,0.1525,0.0,0.6339,0
MPLAD-FIN-400431,0.8573,185.6818,3.0,8.5101,0.017,0.5461,4.8274,0.1628,2.0,0.5134,0
MPLAD-FIN-400432,0.6986,22.2861,6.0,1.8471,0.0033,0.1187,79.9531,0.2093,0.0,0.403,0
MPLAD-FIN-400433,0.9274,18.0901,7.0,1.2611,0.2649,0.1753,27.6711,0.1954,0.0,0.1932,0
MPLAD-FIN-400434,0.8619,29.1801,5.0,10.0345,0.0737,0.3408,12.5934,0.4365,0.0,0.5867,0
MPLAD-FIN-400435,0.9928,28.7017,8.0,5.5403,0.0632,0.1246,9.2119,0.0832,0.0,0.6812,0
MPLAD-FIN-400436,0.8649,6.6551,6.0,10.1712,0.1466,0.0509,25.9907,0.1103,0.0,0.428,0
MPLAD-FIN-400437,0.8381,4.8429,3.0,1.4714,0.1179,0.1421,16.8024,0.0155,1.0,0.0668,0
MPLAD-FIN-400438,1.0277,40.1978,2.0,3.7171,0.0533,0.1389,68.7254,0.3193,0.0,0.2651,0
MPLAD-FIN-400439,0.9109,22.9986,7.0,3.4287,0.1154,0.4703,40.5939,0.0763,1.0,0.6931,0
MPLAD-FIN-400440,0.9787,49.9772,5.0,7.895,0.152,0.1503,31.5125,0.1165,0.0,0.0766,0
MPLAD-FIN-400441,1.05,17.1023,6.0,1.8574,0.1977,0.0634,26.4363,0.2413,0.0,0.4151,0
MPLAD-FIN-400442,1.0055,26.435,5.0,1.961,0.0488,0.4101,43.653,0.4679,0.0,0.3517,0
MPLAD-FIN-400443,1.0251,42.518,6.0,0.9531,0.1202,0.2808,21.0584,0.4387,0.0,0.6591,0
MPLAD-FIN-400444,0.7597,13.505,2.0,4.8384,0.2061,0.4333,49.2569,0.4651,0.0,0.2495,0
MPLAD-FIN-400445,0.8382,68.7835,6.0,0.6993,0.1608,0.1709,60.1338,0.6069,0.0,0.8917,0
MPLAD-FIN-400446,0.8751,14.8038,6.0,4.5186,0.0401,0.0824,15.3117,0.0281,0.0,0.1652,0
MPLAD-FIN-400447,1.05,27.3659,6.0,6.9874,0.0513,0.3658,23.7647,0.4393,0.0,0.2424,0
MPLAD-FIN-400448,0.7674,10.1535,7.0,0.3932,0.2587,0.2576,13.5635,0.3473,0.0,0.7845,0
MPLAD-FIN-400449,0.7246,20.2205,8.0,0.7293,0.238,0.1089,34.9416,0.2172,0.0,0.9519,0
MPLAD-FIN-400450,1.05,42.8498,3.0,5.4163,0.0311,0.0416,90.0891,0.6238,0.0,0.5326,0
MPLAD-FIN-400451,0.7884,25.0473,3.0,1.4021,0.1841,0.1617,39.982,0.2787,0.0,0.5366,0
MPLAD-FIN-400452,0.6706,14.4208,5.0,3.1627,0.0401,0.1409,34.1677,0.0347,0.0,0.0533,0
MPLAD-FIN-400453,0.9574,57.1318,2.0,2.4126,0.1155,0.394,36.0231,0.1668,0.0,0.06,0
MPLAD-FIN-400454,0.74,39.0092,7.0,7.5383,0.0369,0.3374,36.7198,0.2523,0.0,0.2395,0
MPLAD-FIN-400455,0.8561,14.2016,6.0,0.5668,0.3204,0.1285,67.6415,0.5698,0.0,0.4221,0
MPLAD-FIN-400456,1.0447,69.6058,2.0,4.6299,0.0593,0.1122,35.4113,0.1469,0.0,0.594,0
MPLAD-FIN-400457,1.011,34.386,5.0,4.9532,0.1817,0.2671,58.5054,0.0511,1.0,0.7571,0
MPLAD-FIN-400458,1.0461,17.6629,4.0,4.7172,0.0689,0.5162,47.8678,0.1673,0.0,0.3849,0
MPLAD-FIN-400459,0.9515,59.9647,8.0,4.6311,0.1474,0.2729,128.3581,0.5324,0.0,0.1247,0
MPLAD-FIN-400460,0.927,18.2402,2.0,1.3753,0.0524,0.3819,97.8563,0.3188,0.0,0.8354,0
MPLAD-FIN-400461,0.9267,54.983,5.0,5.6809,0.019,0.2916,27.039,0.1284,0.0,0.6618,0
MPLAD-FIN-400462,0.9909,6.0043,2.0,20.3017,0.9276,0.9728,212.8051,0.7672,4.0,2.3616,1
MPLAD-FIN-400463,0.9231,15.9068,8.0,3.9051,0.2759,0.4708,67.1938,0.3012,1.0,0.2006,0
MPLAD-FIN-400464,0.9041,38.7967,4.0,2.1227,0.0243,0.1552,34.2406,0.3149,1.0,0.4463,0
MPLAD-FIN-400465,0.9961,11.8422,4.0,5.5776,0.1829,0.112,52.3802,0.099,0.0,0.392,0
MPLAD-FIN-400466,0.9454,28.4948,6.0,4.0192,0.0524,0.1233,35.9796,0.2543,1.0,0.6907,0
MPLAD-FIN-400467,1.0384,12.1573,2.0,3.366,0.082,0.1568,50.2865,0.2158,0.0,0.0387,0
MPLAD-FIN-400468,0.8034,39.2932,8.0,3.504,0.0747,0.3525,43.688,0.254,0.0,0.0934,0
MPLAD-FIN-400469,0.9019,22.396,3.0,4.2953,0.0823,0.3364,40.3868,0.3234,0.0,0.123,0
MPLAD-FIN-400470,0.9851,36.4125,8.0,2.084,0.2942,0.1721,49.1596,0.2793,0.0,0.197,0
MPLAD-FIN-400471,0.7877,25.3054,2.0,0.7897,0.2457,0.3006,35.0689,0.059,0.0,0.3203,0
MPLAD-FIN-400472,0.7897,18.6073,8.0,4.9898,0.0927,0.3615,28.4261,0.1171,0.0,0.2276,0
MPLAD-FIN-400473,0.9309,33.2069,4.0,5.9125,0.2942,0.2282,71.4676,0.171,0.0,0.2292,0
MPLAD-FIN-400474,0.8118,44.1376,6.0,3.4509,0.0172,0.138,33.6194,0.1082,0.0,0.6208,0
MPLAD-FIN-400475,0.824,85.8619,4.0,7.5088,0.0328,0.1324,46.6297,0.1112,0.0,0.3404,0
MPLAD-FIN-400476,0.7046,19.6694,8.0,3.849,0.0511,0.0491,76.2299,0.3331,1.0,0.0601,0
MPLAD-FIN-400477,0.87,50.7236,4.0,4.8244,0.167,0.0594,9.3434,0.16,1.0,0.7093,0
MPLAD-FIN-400478,0.9439,37.602,6.0,2.9576,0.1887,0.446,7.7128,0.392,0.0,0.3933,0
MPLAD-FIN-400479,0.9429,118.7748,7.0,4.6319,0.0558,0.2478,33.9097,0.204,0.0,0.5265,0
MPLAD-FIN-400480,1.2014,1.107,2.0,21.075,0.724,0.8725,288.8399,0.7206,2.0,1.9936,1
MPLAD-FIN-400481,0.7644,40.7815,3.0,6.3481,0.235,0.1263,59.7462,0.0947,0.0,0.1502,0
MPLAD-FIN-400482,0.8994,49.3839,8.0,2.5695,0.0668,0.339,45.3117,0.3809,0.0,0.1479,0
MPLAD-FIN-400483,1.0257,33.3494,7.0,1.3752,0.035,0.0672,45.8771,0.0474,0.0,0.217,0
MPLAD-FIN-400484,0.772,24.8713,2.0,3.3336,0.1328,0.2369,20.8076,0.2624,0.0,0.4367,0
MPLAD-FIN-400485,0.888,49.4083,3.0,1.9937,0.274,0.2611,26.7269,0.2442,1.0,0.3017,0
MPLAD-FIN-400486,0.9543,17.8494,7.0,2.4174,0.1554,0.276,38.3711,0.3938,0.0,0.4944,0
MPLAD-FIN-400487,0.9864,12.7544,1.0,10.1159,0.9042,0.7837,339.1015,0.8834,4.0,3.6024,1
MPLAD-FIN-400488,0.8578,20.6555,6.0,5.2131,0.1781,0.2958,14.9209,0.3189,2.0,0.0738,0
MPLAD-FIN-400489,0.9187,20.2952,8.0,1.0143,0.0415,0.1757,65.4088,0.1061,1.0,0.4929,0
MPLAD-FIN-400490,0.8878,23.9241,7.0,5.1493,0.2162,0.2417,53.6384,0.5242,0.0,0.1215,0
MPLAD-FIN-400491,0.7894,21.5092,5.0,4.4738,0.1919,0.2027,42.3899,0.2696,1.0,0.3147,0
MPLAD-FIN-400492,0.7264,10.5408,5.0,3.6607,0.1895,0.2237,43.7433,0.4683,0.0,0.3695,0
MPLAD-FIN-400493,0.7816,42.1151,4.0,0.8382,0.1253,0.3165,48.0599,0.235,0.0,0.2502,0
MPLAD-FIN-400494,0.9025,31.5468,3.0,3.2899,0.0655,0.2151,21.5281,0.3039,1.0,0.1682,0
MPLAD-FIN-400495,0.7384,36.5965,7.0,12.1459,0.1897,0.4734,49.6913,0.0866,0.0,0.534,0
MPLAD-FIN-400496,0.9766,110.9915,6.0,6.7456,0.0824,0.1466,95.8009,0.146,0.0,0.4746,0
MPLAD-FIN-400497,0.8234,20.0854,4.0,0.7002,0.0754,0.2243,33.2237,0.3189,1.0,0.706,0
MPLAD-FIN-400498,0.892,53.9879,3.0,4.1392,0.0608,0.0956,11.1829,0.2703,0.0,0.2108,0
MPLAD-FIN-400499,0.7058,1.8524,2.0,10.4185,0.8751,0.8252,149.7368,0.9805,3.0,0.9134,1
MPLAD-FIN-400500,0.7616,46.4532,8.0,4.5661,0.0311,0.0063,53.676,0.2318,0.0,1.1331,0
MPLAD-FIN-400501,0.8821,46.398,4.0,5.2999,0.1454,0.1583,32.181,0.3882,0.0,0.4269,0
MPLAD-FIN-400502,0.8533,26.609,6.0,4.6541,0.251,0.4966,19.6694,0.2502,1.0,0.311,0
MPLAD-FIN-400503,0.8138,51.6434,6.0,3.6183,0.342,0.0869,66.3222,0.0823,0.0,0.1527,0
MPLAD-FIN-400504,0.9246,36.8101,6.0,2.9145,0.0542,0.1639,34.5888,0.1647,0.0,0.0484,0
MPLAD-FIN-400505,0.9183,4.3114,3.0,2.2335,0.1781,0.1109,47.765,0.1307,0.0,0.0835,0
MPLAD-FIN-400506,0.9427,18.7331,7.0,2.4009,0.1087,0.2654,25.0497,0.1444,1.0,0.5443,0
MPLAD-FIN-400507,0.8136,74.0316,5.0,4.7068,0.1433,0.1308,39.2194,0.3054,0.0,0.493,0
MPLAD-FIN-400508,0.8565,9.0781,6.0,1.52,0.1897,0.0475,2.1029,0.2331,0.0,0.4223,0
MPLAD-FIN-400509,1.0142,45.2953,7.0,10.2791,0.0526,0.4717,46.2801,0.0738,0.0,0.1875,0
MPLAD-FIN-400510,0.9542,30.3385,7.0,0.3151,0.0687,0.0414,47.1038,0.1124,0.0,0.7826,0
MPLAD-FIN-400511,0.9157,42.5101,8.0,2.4152,0.2981,0.368,44.6163,0.325,1.0,0.1924,0
MPLAD-FIN-400512,0.8243,56.2663,2.0,2.601,0.2487,0.4053,31.8604,0.1302,0.0,0.3804,0
MPLAD-FIN-400513,0.659,40.6562,7.0,3.4658,0.1009,0.3909,4.5069,0.0126,0.0,0.3115,0
MPLAD-FIN-400514,0.9719,45.4739,4.0,5.4171,0.133,0.2688,37.3294,0.435,0.0,1.1691,0
MPLAD-FIN-400515,0.9714,53.9885,5.0,3.596,0.2444,0.0321,33.2341,0.1167,0.0,0.2496,0
MPLAD-FIN-400516,0.9096,50.1286,7.0,6.1326,0.2303,0.2234,28.2273,0.2737,2.0,0.434,0
MPLAD-FIN-400517,0.8154,16.3217,8.0,0.8498,0.0499,0.2127,94.6656,0.5142,1.0,0.4423,0
MPLAD-FIN-400518,0.7802,32.7386,3.0,2.1487,0.267,0.5265,53.4153,0.3708,0.0,0.0732,0
MPLAD-FIN-400519,0.926,40.9665,6.0,0.2357,0.0825,0.2207,41.773,0.1287,0.0,0.8233,0
MPLAD-FIN-400520,0.7908,12.976,2.0,4.7994,0.0136,0.2171,15.1404,0.3199,1.0,0.288,0
MPLAD-FIN-400521,0.7539,7.5221,4.0,5.7629,0.0545,0.123,10.1338,0.0757,0.0,1.1789,0
MPLAD-FIN-400522,0.9435,17.6511,5.0,7.2054,0.2622,0.1203,39.6113,0.3077,0.0,0.1835,0
MPLAD-FIN-400523,1.097,21.8399,1.0,23.3946,0.7111,0.9186,170.3921,0.7407,6.0,2.163,1
MPLAD-FIN-400524,0.9913,97.6813,3.0,1.4884,0.2148,0.1692,43.3774,0.5807,0.0,0.8009,0
MPLAD-FIN-400525,0.7704,45.8351,3.0,2.9908,0.0164,0.4298,39.5215,0.4837,0.0,1.0135,0
MPLAD-FIN-400526,0.8423,30.8572,3.0,2.7207,0.6662,0.671,61.7982,0.4967,0.0,0.7675,0
MPLAD-FIN-400527,0.8064,23.9511,5.0,5.7987,0.1052,0.2679,4.8651,0.0902,0.0,0.395,0
MPLAD-FIN-400528,0.8298,22.5312,4.0,0.8389,0.0235,0.4457,87.6676,0.3077,2.0,0.304,0
MPLAD-FIN-400529,0.6905,41.8225,2.0,2.2193,0.0941,0.2247,21.7783,0.5983,1.0,0.2196,0
MPLAD-FIN-400530,0.9899,35.364,6.0,1.0228,0.2427,0.4333,27.5874,0.0539,0.0,0.8809,0
MPLAD-FIN-400531,0.8454,18.2062,4.0,3.8136,0.1039,0.1197,52.5675,0.1602,1.0,0.6058,0
MPLAD-FIN-400532,0.7017,68.4214,7.0,6.5991,0.4063,0.2256,8.8399,0.0903,0.0,0.6546,0
MPLAD-FIN-400533,0.6107,38.6194,6.0,6.1746,0.2167,0.1406,112.9662,0.2128,0.0,0.9364,0
MPLAD-FIN-400534,0.9693,24.2697,5.0,7.9367,0.2217,0.2445,23.4193,0.1414,0.0,0.1359,0
MPLAD-FIN-400535,1.0188,34.1617,3.0,8.3145,0.2129,0.4129,89.7459,0.1411,0.0,0.8024,0
MPLAD-FIN-400536,1.0447,5.4746,1.0,28.8453,0.268,0.8942,136.629,0.9107,4.0,1.9248,1
MPLAD-FIN-400537,0.8469,12.9792,3.0,3.834,0.1226,0.2538,45.0196,0.0266,0.0,0.5599,0
MPLAD-FIN-400538,0.8661,38.4779,4.0,4.9046,0.2446,0.1654,42.485,0.0638,0.0,0.348,0
MPLAD-FIN-400539,0.9939,31.4536,6.0,11.5212,0.4213,0.276,29.901,0.2563,0.0,0.2032,0
MPLAD-FIN-400540,0.9053,17.9048,7.0,3.9287,0.3008,0.2401,34.7849,0.3007,2.0,0.3552,0
MPLAD-FIN-400541,0.9438,11.5451,7.0,8.8791,0.0898,0.186,47.4128,0.1423,0.0,1.4959,0
MPLAD-FIN-400542,0.8087,36.9357,7.0,1.2195,0.1961,0.2417,38.3781,0.0932,1.0,0.0672,0
MPLAD-FIN-400543,0.9626,23.7624,5.0,3.5116,0.2723,0.4942,37.5107,0.3349,0.0,0.5335,0
MPLAD-FIN-400544,0.8547,23.174,7.0,1.8961,0.1418,0.466,17.1299,0.3058,2.0,0.7609,0
MPLAD-FIN-400545,0.8526,10.773,8.0,5.5452,0.0459,0.3778,19.3004,0.5204,1.0,0.3922,0
MPLAD-FIN-400546,0.8594,0.1105,1.0,14.3227,0.9159,0.9246,238.2334,0.9653,5.0,2.4711,1
MPLAD-FIN-400547,0.7033,54.342,5.0,4.9229,0.1616,0.1818,71.8459,0.5614,2.0,0.1405,0
MPLAD-FIN-400548,0.8307,19.148,3.0,3.1223,0.138,0.1889,33.137,0.4872,0.0,0.2246,0
MPLAD-FIN-400549,0.8943,48.5339,4.0,11.5154,0.0588,0.2665,47.5117,0.3391,0.0,0.2674,0
MPLAD-FIN-400550,0.889,8.3558,4.0,2.5559,0.052,0.4831,19.2143,0.1792,0.0,0.1914,0
MPLAD-FIN-400551,0.8399,37.5068,7.0,3.2945,0.3058,0.2601,32.6951,0.2506,0.0,0.0778,0
MPLAD-FIN-400552,0.7903,50.5209,3.0,3.1002,0.1859,0.1718,43.9376,0.1965,0.0,0.1215,0
MPLAD-FIN-400553,0.7711,13.4512,8.0,3.475,0.1906,0.3703,24.9456,0.2693,1.0,0.2129,0
MPLAD-FIN-400554,0.9864,70.976,2.0,0.9007,0.1065,0.1521,26.2002,0.1565,0.0,0.4071,0
MPLAD-FIN-400555,0.8597,30.4014,3.0,2.8756,0.0324,0.4416,154.2798,0.048,0.0,0.978,0
MPLAD-FIN-400556,0.6872,29.6847,6.0,2.1969,0.0496,0.1616,13.2107,0.3384,2.0,0.103,0
MPLAD-FIN-400557,0.8412,78.8448,6.0,6.607,0.0656,0.0844,28.8573,0.3829,0.0,0.1201,0
MPLAD-FIN-400558,1.05,45.5021,5.0,3.4982,0.1272,0.0386,24.78,0.2344,0.0,0.722,0
MPLAD-FIN-400559,0.8667,31.3459,8.0,7.446,0.0274,0.2724,44.8833,0.1775,0.0,0.0355,0
MPLAD-FIN-400560,0.8212,67.7114,2.0,0.7341,0.0275,0.2849,62.2065,0.0196,0.0,0.2569,0
MPLAD-FIN-400561,0.9303,52.387,8.0,1.2216,0.1438,0.2835,23.4694,0.1409,1.0,1.2087,0
MPLAD-FIN-400562,0.9332,68.7086,3.0,6.0687,0.2744,0.2891,41.1111,0.103,1.0,2.0163,0
MPLAD-FIN-400563,0.7445,34.7078,3.0,8.3943,0.0435,0.3007,22.6108,0.1675,0.0,0.419,0
MPLAD-FIN-400564,0.9171,82.678,2.0,2.4379,0.1189,0.2651,20.1436,0.1672,0.0,0.3344,0
MPLAD-FIN-400565,0.8962,17.2964,3.0,2.286,0.0826,0.2371,13.6201,0.3408,0.0,0.3355,0
MPLAD-FIN-400566,1.2261,1.0409,2.0,18.733,0.9362,0.7836,120.492,0.8042,2.0,3.0845,1
MPLAD-FIN-400567,0.7073,69.2197,5.0,4.8836,0.308,0.2225,68.3088,0.3709,2.0,0.8013,0
MPLAD-FIN-400568,0.6834,31.6314,4.0,4.7671,0.1233,0.3388,23.3045,0.582,1.0,0.4785,0
MPLAD-FIN-400569,0.8718,27.0089,5.0,9.8544,0.2843,0.1016,57.6152,0.2883,1.0,0.214,0
MPLAD-FIN-400570,0.9469,72.8819,6.0,4.1269,0.0935,0.3473,49.0449,0.5524,0.0,0.81,0
MPLAD-FIN-400571,0.7709,58.6073,3.0,4.4211,0.1653,0.2695,13.4273,0.1486,1.0,0.172,0
MPLAD-FIN-400572,1.1017,4.4906,2.0,33.4049,0.7233,0.9014,243.6327,0.7616,2.0,2.7327,1
MPLAD-FIN-400573,1.0392,39.1742,7.0,3.5466,0.1633,0.091,10.4235,0.0853,0.0,0.5892,0
MPLAD-FIN-400574,0.8832,3.2574,5.0,4.8866,0.1911,0.1196,88.0526,0.1822,1.0,0.7498,0
MPLAD-FIN-400575,0.8372,33.7788,7.0,4.6334,0.1374,0.1403,39.9246,0.2614,0.0,1.03,0
MPLAD-FIN-400576,0.824,17.6718,6.0,1.6673,0.3126,0.0091,41.4787,0.1554,0.0,0.1418,0
MPLAD-FIN-400577,1.0072,48.0376,2.0,9.222,0.1673,0.1774,24.6283,0.5249,2.0,1.6227,0
MPLAD-FIN-400578,0.9249,32.2043,5.0,1.936,0.2164,0.3677,18.496,0.2795,1.0,0.5637,0
MPLAD-FIN-400579,1.0936,1.5119,1.0,14.2654,0.9829,0.6945,407.0092,0.7951,3.0,1.1838,1
MPLAD-FIN-400580,0.8654,45.2772,7.0,3.7355,0.215,0.1227,50.7547,0.3093,0.0,0.097,0
MPLAD-FIN-400581,0.7975,21.7915,4.0,4.0454,0.2056,0.4402,45.7103,0.1607,0.0,0.127,0
MPLAD-FIN-400582,0.943,42.8084,8.0,3.7554,0.0632,0.0888,78.4494,0.1581,1.0,0.1061,0
MPLAD-FIN-400583,0.8136,7.3697,2.0,2.5402,0.2462,0.1291,19.0734,0.1429,0.0,0.2909,0
MPLAD-FIN-400584,0.808,52.067,3.0,2.3385,0.2423,0.0699,64.1844,0.2229,0.0,0.4709,0
MPLAD-FIN-400585,0.9575,10.3498,3.0,3.4408,0.0785,0.484,23.0441,0.3236,2.0,0.1924,0
MPLAD-FIN-400586,0.9402,34.6283,4.0,5.3498,0.3259,0.239,34.8823,0.1995,0.0,0.4876,0
MPLAD-FIN-400587,0.8336,66.3848,5.0,3.26,0.0381,0.4426,82.0178,0.0455,1.0,0.8556,0
MPLAD-FIN-400588,0.9657,27.4029,6.0,6.0391,0.0025,0.1374,121.8352,0.0302,2.0,0.1213,0
MPLAD-FIN-400589,1.05,45.7627,3.0,2.6888,0.417,0.1913,61.537,0.267,0.0,0.1044,0
MPLAD-FIN-400590,0.8208,24.4444,4.0,11.1576,0.0711,0.0838,67.1928,0.0696,1.0,0.4375,0
MPLAD-FIN-400591,0.8923,40.8677,4.0,1.9183,0.1564,0.3172,26.3954,0.4032,1.0,0.1227,0
MPLAD-FIN-400592,0.8028,48.1231,5.0,1.1687,0.1959,0.1555,50.7081,0.3764,1.0,0.2327,0
MPLAD-FIN-400593,1.0075,21.6583,4.0,2.8333,0.2676,0.3348,25.8141,0.3132,0.0,0.2116,0
MPLAD-FIN-400594,0.6681,34.9331,8.0,2.5092,0.0905,0.4329,23.4597,0.3567,0.0,0.7433,0
MPLAD-FIN-400595,0.8429,28.5454,6.0,6.7988,0.134,0.565,10.7271,0.1824,1.0,1.2062,0
MPLAD-FIN-400596,0.7638,16.6077,5.0,2.7492,0.0007,0.1083,33.0361,0.0863,0.0,0.5347,0
MPLAD-FIN-400597,0.8337,29.5259,6.0,8.3348,0.1686,0.4046,10.4322,0.2658,0.0,0.4213,0
MPLAD-FIN-400598,0.739,70.3946,7.0,0.4931,0.0062,0.2695,56.309,0.0594,1.0,0.1081,0
MPLAD-FIN-400599,0.7788,10.1784,6.0,3.8125,0.2393,0.1793,18.7606,0.1908,0.0,0.5,0
MPLAD-FIN-400600,1.0166,15.5199,3.0,2.8787,0.2375,0.1659,45.54,0.1992,1.0,0.386,0
MPLAD-FIN-400601,0.9011,16.0767,7.0,4.3309,0.1631,0.4359,38.9877,0.0906,0.0,0.3159,0
MPLAD-FIN-400602,1.0046,3.7604,3.0,3.3366,0.0482,0.5023,19.1158,0.2377,0.0,0.1261,0
MPLAD-FIN-400603,0.985,40.6733,4.0,0.943,0.0043,0.1879,13.1711,0.2091,0.0,0.1217,0
MPLAD-FIN-400604,0.7054,14.8613,5.0,2.0299,0.141,0.3244,13.4102,0.2756,1.0,0.1118,0
MPLAD-FIN-400605,0.7879,101.0519,4.0,8.1428,0.2443,0.1211,36.7181,0.3029,0.0,0.0334,0
MPLAD-FIN-400606,0.8994,67.5798,4.0,3.3261,0.1241,0.3821,39.4082,0.1408,0.0,0.6068,0
MPLAD-FIN-400607,0.8415,38.0803,7.0,12.087,0.1167,0.1097,57.8123,0.257,1.0,0.1652,0
MPLAD-FIN-400608,0.8382,25.3955,4.0,4.0714,0.1089,0.105,43.3411,0.2525,1.0,0.5561,0
MPLAD-FIN-400609,0.8293,19.9969,6.0,9.6949,0.0826,0.1927,33.5623,0.55,0.0,1.0893,0
MPLAD-FIN-400610,0.9055,14.6544,3.0,8.297,0.125,0.2256,37.1886,0.3541,0.0,0.1315,0
MPLAD-FIN-400611,0.8471,33.6342,3.0,1.3295,0.1164,0.1707,32.9556,0.436,1.0,0.2786,0
MPLAD-FIN-400612,0.9393,56.4801,7.0,0.3798,0.459,0.0612,50.1829,0.2717,0.0,0.0981,0
MPLAD-FIN-400613,0.8235,40.0504,3.0,0.8529,0.218,0.4809,108.6322,0.2107,1.0,0.1834,0
MPLAD-FIN-400614,0.9217,22.6426,4.0,0.2774,0.0656,0.3384,13.448,0.1302,0.0,0.3548,0
MPLAD-FIN-400615,1.0022,42.3621,2.0,7.1368,0.1491,0.4033,59.6458,0.2816,0.0,0.3757,0
MPLAD-FIN-400616,0.9143,27.5331,4.0,2.0543,0.348,0.4211,60.4395,0.0586,1.0,0.4027,0
MPLAD-FIN-400617,0.9192,20.3411,3.0,2.1179,0.1959,0.2131,13.0238,0.3662,1.0,0.9451,0
MPLAD-FIN-400618,0.7713,61.5003,5.0,9.5865,0.1576,0.4155,42.1391,0.4274,0.0,0.9231,0
MPLAD-FIN-400619,0.8665,51.9117,3.0,2.5595,0.0804,0.1526,16.8452,0.3003,0.0,0.4363,0
MPLAD-FIN-400620,1.0419,34.3388,3.0,2.5218,0.3109,0.1229,21.9035,0.0479,0.0,0.3763,0
MPLAD-FIN-400621,1.0271,5.4844,6.0,3.1139,0.0987,0.2906,41.53,0.4611,0.0,0.4207,0
MPLAD-FIN-400622,0.9508,13.4246,8.0,5.9944,0.0943,0.026,49.8993,0.2808,1.0,0.5216,0
MPLAD-FIN-400623,0.9369,46.2723,5.0,1.9554,0.2305,0.3713,35.5186,0.4603,2.0,0.4622,0
MPLAD-FIN-400624,0.8085,4.3286,6.0,3.5685,0.1377,0.3033,26.2135,0.2893,0.0,0.98,0
MPLAD-FIN-400625,0.7437,73.7803,4.0,3.7898,0.0477,0.0908,20.8768,0.4909,0.0,0.3389,0
MPLAD-FIN-400626,0.9051,31.7874,2.0,2.354,0.0316,0.1748,59.1815,0.4545,1.0,0.0761,0
MPLAD-FIN-400627,0.8203,37.1481,6.0,6.6153,0.2572,0.2408,25.9125,0.1084,0.0,0.4825,0
MPLAD-FIN-400628,0.6774,3.8269,8.0,3.5832,0.0747,0.5223,88.4833,0.2536,0.0,0.8878,0
MPLAD-FIN-400629,0.8894,31.7544,7.0,4.5532,0.2522,0.2633,70.8926,0.1387,0.0,0.2214,0
MPLAD-FIN-400630,0.9451,22.6522,2.0,2.7666,0.0828,0.1834,83.6022,0.3021,1.0,0.8242,0
MPLAD-FIN-400631,0.8221,22.3591,4.0,14.9235,0.1146,0.3398,19.3616,0.2732,0.0,1.1109,0
MPLAD-FIN-400632,0.9696,34.8132,8.0,4.8214,0.0321,0.066,9.5095,0.0693,0.0,0.5338,0
MPLAD-FIN-400633,0.7284,32.6657,5.0,1.7419,0.4473,0.3248,13.7075,0.12,0.0,0.3089,0
MPLAD-FIN-400634,0.9755,27.57,8.0,3.6593,0.2432,0.2552,45.3684,0.1376,1.0,0.2702,0
MPLAD-FIN-400635,1.0205,53.5431,4.0,8.7111,0.1723,0.0379,80.3337,0.1051,0.0,0.3028,0
MPLAD-FIN-400636,0.8833,35.2765,5.0,3.8879,0.3484,0.4615,20.8563,0.0683,0.0,0.7037,0
MPLAD-FIN-400637,1.016,78.1422,5.0,3.868,0.2454,0.1738,34.3303,0.2266,2.0,0.1376,0
MPLAD-FIN-400638,0.8561,33.2519,2.0,3.4877,0.1699,0.3732,54.5821,0.4934,0.0,0.4871,0
MPLAD-FIN-400639,0.9598,27.8165,7.0,3.5166,0.1993,0.3546,28.0726,0.1116,0.0,0.1919,0
MPLAD-FIN-400640,0.9949,39.4266,2.0,4.2069,0.0344,0.0948,39.8544,0.111,0.0,0.2392,0
MPLAD-FIN-400641,0.9103,83.774,7.0,1.0624,0.1534,0.0381,31.3319,0.2545,0.0,0.4609,0
MPLAD-FIN-400642,0.8733,23.5785,5.0,2.332,0.1467,0.2388,74.012,0.3618,0.0,0.2638,0
MPLAD-FIN-400643,0.8029,62.6352,2.0,0.7573,0.2366,0.2908,63.6214,0.2843,1.0,0.575,0
MPLAD-FIN-400644,0.9959,28.9939,3.0,4.7025,0.3157,0.2905,60.0106,0.0479,0.0,0.2519,0
MPLAD-FIN-400645,0.8661,22.4585,6.0,5.5785,0.1018,0.2023,89.8489,0.1553,0.0,0.3976,0
MPLAD-FIN-400646,0.8208,14.8665,5.0,6.3228,0.3459,0.1456,27.2181,0.2107,0.0,0.8656,0
MPLAD-FIN-400647,0.8391,35.837,3.0,1.9068,0.0524,0.0617,33.0772,0.0428,0.0,0.2251,0
MPLAD-FIN-400648,0.7895,21.1903,4.0,2.0869,0.0546,0.676,92.8295,0.4332,0.0,0.2365,0
MPLAD-FIN-400649,0.8264,69.4743,6.0,11.0449,0.0988,0.3286,20.227,0.1264,0.0,0.3952,0
MPLAD-FIN-400650,0.7338,5.9849,7.0,2.9988,0.3647,0.2239,46.3882,0.1506,0.0,0.5472,0
MPLAD-FIN-400651,0.8505,35.5508,4.0,7.0109,0.0853,0.0736,17.0996,0.0449,1.0,0.1234,0
MPLAD-FIN-400652,0.9801,51.9397,2.0,3.5116,0.4406,0.2052,66.0749,0.2469,1.0,0.1288,0
MPLAD-FIN-400653,0.7425,30.6834,5.0,9.2076,0.2841,0.3435,36.865,0.1896,0.0,0.318,0
MPLAD-FIN-400654,0.7539,11.6823,8.0,3.4089,0.2716,0.2358,50.5608,0.217,0.0,0.6648,0
MPLAD-FIN-400655,0.749,22.7926,3.0,5.6158,0.1731,0.2339,28.5101,0.3781,1.0,0.4923,0
MPLAD-FIN-400656,0.8791,33.049,7.0,5.8894,0.1373,0.1499,10.2445,0.3033,1.0,0.3905,0
MPLAD-FIN-400657,1.1271,0.4371,1.0,15.6995,0.8175,0.8544,175.6468,0.8076,4.0,4.3481,1
MPLAD-FIN-400658,0.9724,33.1897,5.0,8.0989,0.057,0.1857,76.8653,0.416,0.0,0.6353,0
MPLAD-FIN-400659,0.8826,29.4942,5.0,2.0347,0.1799,0.0405,47.8376,0.3655,2.0,0.1947,0
MPLAD-FIN-400660,0.7684,33.3953,7.0,5.3625,0.2153,0.16,41.4986,0.1076,0.0,0.4389,0
MPLAD-FIN-400661,0.8413,61.7524,2.0,4.6695,0.3042,0.2031,11.0576,0.2486,0.0,0.4015,0
MPLAD-FIN-400662,0.7412,7.0921,1.0,31.5394,0.8525,0.9257,211.2262,0.7799,8.0,2.8866,1
MPLAD-FIN-400663,0.8642,23.0405,8.0,2.0684,0.1187,0.1544,32.4591,0.2817,0.0,0.2386,0
MPLAD-FIN-400664,0.9205,34.2536,5.0,1.0984,0.0372,0.3008,102.4277,0.2595,0.0,0.5402,0
MPLAD-FIN-400665,0.934,5.5549,8.0,3.2019,0.0595,0.5362,77.4911,0.1584,0.0,0.3276,0
MPLAD-FIN-400666,0.7992,29.158,3.0,5.2723,0.1596,0.0931,11.4065,0.167,0.0,0.2105,0
MPLAD-FIN-400667,0.8467,24.1005,6.0,1.6894,0.0985,0.4843,37.9491,0.6336,0.0,1.0826,0
MPLAD-FIN-400668,0.9056,18.3725,5.0,1.5799,0.0204,0.2626,21.9888,0.3554,0.0,0.3109,0
MPLAD-FIN-400669,0.9792,17.7019,5.0,6.351,0.0924,0.3743,41.4725,0.4854,2.0,0.2269,0
MPLAD-FIN-400670,0.8516,14.6112,6.0,7.6499,0.1019,0.3792,55.6585,0.3992,0.0,0.5292,0
MPLAD-FIN-400671,0.901,55.0398,6.0,1.6279,0.1199,0.257,15.5371,0.0357,0.0,0.38,0
MPLAD-FIN-400672,0.7728,64.205,2.0,2.1083,0.2626,0.3992,37.9151,0.0589,0.0,0.432,0
MPLAD-FIN-400673,1.0387,6.7047,3.0,0.8619,0.0869,0.2708,6.7955,0.3117,0.0,0.2944,0
MPLAD-FIN-400674,1.05,4.8099,3.0,0.7188,0.0749,0.097,24.6149,0.4334,0.0,0.032,0
MPLAD-FIN-400675,0.9481,17.1809,5.0,8.3863,0.2322,0.0108,9.2784,0.0576,0.0,0.6331,0
MPLAD-FIN-400676,0.9195,23.0681,4.0,12.1832,0.1028,0.363,38.9718,0.1839,0.0,0.2334,0
MPLAD-FIN-400677,0.981,42.9848,5.0,7.775,0.0737,0.5334,26.2194,0.118,2.0,0.2632,0
MPLAD-FIN-400678,0.6883,26.2547,6.0,7.6252,0.0317,0.0791,15.661,0.28,0.0,0.5823,0
MPLAD-FIN-400679,0.8708,31.109,3.0,10.5131,0.0885,0.1324,70.493,0.3486,0.0,0.1463,0
MPLAD-FIN-400680,0.7435,39.5361,6.0,3.827,0.0407,0.2058,59.8,0.2089,0.0,0.4788,0
MPLAD-FIN-400681,1.05,41.9154,6.0,2.5028,0.0552,0.2639,27.5163,0.012,0.0,0.1464,0
MPLAD-FIN-400682,1.0024,43.4003,7.0,1.9869,0.1247,0.1765,45.8184,0.1321,0.0,0.3529,0
MPLAD-FIN-400683,0.9461,37.7174,6.0,3.1406,0.0436,0.3972,58.7119,0.2335,1.0,0.8509,0
MPLAD-FIN-400684,0.6963,5.35,7.0,5.0144,0.1193,0.2663,26.5785,0.1522,1.0,0.2868,0
MPLAD-FIN-400685,1.0027,0.2108,2.0,37.2509,0.6875,0.883,244.9241,0.7392,6.0,1.2487,1
MPLAD-FIN-400686,1.0282,39.1832,8.0,8.7781,0.4126,0.4638,56.5467,0.1342,1.0,0.0931,0
MPLAD-FIN-400687,0.8859,53.6196,2.0,2.766,0.2151,0.1042,16.3205,0.0524,0.0,0.4715,0
MPLAD-FIN-400688,0.7341,39.3147,3.0,7.6415,0.2921,0.2837,128.2277,0.0439,1.0,0.4528,0
MPLAD-FIN-400689,1.05,25.7438,7.0,2.4405,0.3694,0.0802,45.4816,0.3134,0.0,0.2528,0
MPLAD-FIN-400690,0.8435,9.0047,2.0,4.6207,0.1189,0.4368,29.3816,0.1378,0.0,0.2238,0
MPLAD-FIN-400691,0.7815,21.5454,5.0,7.1357,0.2653,0.3025,69.9324,0.1706,0.0,0.1604,0
MPLAD-FIN-400692,1.0492,36.9689,3.0,1.6556,0.3029,0.5096,49.0075,0.3384,0.0,0.2298,0
MPLAD-FIN-400693,0.6749,43.4257,2.0,3.6037,0.2809,0.197,23.5632,0.1746,0.0,0.2216,0
MPLAD-FIN-400694,0.9169,38.0036,8.0,7.6557,0.1393,0.196,24.1115,0.0533,0.0,0.4344,0
MPLAD-FIN-400695,0.6863,49.7943,8.0,2.7661,0.1261,0.2129,27.2904,0.0947,0.0,0.4382,0
MPLAD-FIN-400696,0.9759,54.7796,5.0,5.6277,0.0927,0.2821,51.2817,0.2028,0.0,0.4501,0
MPLAD-FIN-400697,0.8925,42.2685,3.0,2.245,0.1609,0.2839,23.0711,0.1868,0.0,0.124,0
MPLAD-FIN-400698,0.8938,26.8492,2.0,6.1054,0.1481,0.6552,36.2681,0.4705,0.0,0.6469,0
MPLAD-FIN-400699,0.8734,49.6705,6.0,2.8561,0.3514,0.1567,46.6088,0.1033,1.0,0.0587,0
MPLAD-FIN-400700,1.016,62.7368,7.0,3.5279,0.0138,0.1358,73.445,0.0249,0.0,0.407,0
MPLAD-FIN-400701,1.018,30.6818,6.0,2.6065,0.0687,0.2428,112.0199,0.2389,2.0,0.1333,0
MPLAD-FIN-400702,0.8977,72.2047,8.0,4.1698,0.1041,0.492,36.0282,0.2183,0.0,0.5218,0
MPLAD-FIN-400703,0.8315,15.056,3.0,4.0813,0.1694,0.4573,21.1717,0.1897,0.0,0.8385,0
MPLAD-FIN-400704,0.9829,59.0818,6.0,1.2173,0.245,0.1119,49.0312,0.0775,1.0,0.1316,0
MPLAD-FIN-400705,0.9963,35.9967,6.0,2.1877,0.0195,0.5384,34.5929,0.2497,0.0,0.1103,0
MPLAD-FIN-400706,0.6614,71.0207,4.0,10.0713,0.062,0.2761,60.0669,0.3523,0.0,0.8318,0
MPLAD-FIN-400707,0.7804,57.8328,7.0,4.7821,0.2596,0.3752,21.9139,0.3184,0.0,0.1916,0
MPLAD-FIN-400708,1.015,63.3911,4.0,10.3717,0.0657,0.5109,72.9175,0.2634,0.0,0.1864,0
MPLAD-FIN-400709,0.8656,8.4577,8.0,11.9406,0.057,0.1702,36.969,0.4546,0.0,0.4699,0
MPLAD-FIN-400710,0.9114,34.697,7.0,0.5847,0.0501,0.3985,2.6811,0.0243,0.0,0.7383,0
MPLAD-FIN-400711,0.8478,29.6177,2.0,5.2868,0.0996,0.5684,6.8126,0.156,0.0,0.6637,0
MPLAD-FIN-400712,0.799,27.8427,2.0,4.3614,0.1137,0.2135,41.0865,0.11,0.0,0.5289,0
MPLAD-FIN-400713,0.9342,17.3877,6.0,1.5283,0.0619,0.4197,17.9914,0.1689,0.0,0.1555,0
MPLAD-FIN-400714,0.8465,18.5783,8.0,4.2124,0.0648,0.2927,15.5821,0.2547,0.0,0.4518,0
MPLAD-FIN-400715,0.9776,44.4498,3.0,4.4871,0.15,0.3937,59.1342,0.3002,1.0,0.1229,0
MPLAD-FIN-400716,0.8366,12.8432,3.0,4.4333,0.0876,0.4273,25.6145,0.2489,0.0,0.4491,0
MPLAD-FIN-400717,0.9281,40.5551,3.0,2.9531,0.051,0.2249,43.1559,0.0956,0.0,0.3064,0
MPLAD-FIN-400718,1.0078,50.9301,2.0,8.1879,0.0304,0.1931,26.0842,0.2747,1.0,0.5809,0
MPLAD-FIN-400719,1.05,4.5441,2.0,1.1957,0.0118,0.1754,28.4515,0.2684,0.0,0.0899,0
MPLAD-FIN-400720,0.9719,47.5991,7.0,1.1192,0.1056,0.2978,107.742,0.3079,3.0,0.6639,0
MPLAD-FIN-400721,0.9105,11.3345,6.0,3.4214,0.0264,0.2604,55.2053,0.1106,0.0,0.3082,0
MPLAD-FIN-400722,0.9215,50.0584,7.0,3.5991,0.0632,0.374,40.3584,0.2377,1.0,0.2315,0
MPLAD-FIN-400723,1.0329,31.714,6.0,2.5024,0.0683,0.3476,69.9099,0.2084,2.0,0.6388,0
MPLAD-FIN-400724,0.9975,61.4198,5.0,2.147,0.1167,0.4638,46.7469,0.219,0.0,1.0449,0
MPLAD-FIN-400725,0.8804,38.6181,5.0,5.0356,0.1993,0.1511,28.6086,0.0257,1.0,0.0815,0
MPLAD-FIN-400726,0.802,34.7839,2.0,2.5,0.1038,0.3514,78.8957,0.0824,0.0,0.563,0
MPLAD-FIN-400727,0.7736,14.407,6.0,4.96,0.1336,0.0414,26.151,0.4798,1.0,0.5335,0
MPLAD-FIN-400728,1.0092,56.3696,6.0,6.0421,0.1195,0.6118,18.0908,0.2181,0.0,0.6419,0
MPLAD-FIN-400729,1.05,42.7513,4.0,6.5772,0.2123,0.5174,20.2154,0.2988,0.0,0.6943,0
MPLAD-FIN-400730,0.9004,71.8954,8.0,3.6193,0.0312,0.071,111.7457,0.2228,0.0,0.3844,0
MPLAD-FIN-400731,0.7504,18.7944,3.0,1.4851,0.0997,0.2975,20.1726,0.1868,0.0,0.8421,0
MPLAD-FIN-400732,0.921,48.2479,2.0,2.9308,0.1572,0.1024,58.971,0.1543,0.0,0.4005,0
MPLAD-FIN-400733,1.05,15.4219,5.0,5.1215,0.2888,0.1464,9.6331,0.1256,0.0,0.275,0
MPLAD-FIN-400734,0.8614,23.224,5.0,3.2834,0.1739,0.3614,41.0584,0.4426,1.0,0.279,0
MPLAD-FIN-400735,1.05,21.5578,7.0,1.6247,0.2783,0.1016,35.24,0.1214,2.0,0.9647,0
MPLAD-FIN-400736,0.8699,36.2956,5.0,3.2255,0.0722,0.2505,70.8257,0.0843,0.0,0.544,0
MPLAD-FIN-400737,0.9568,29.5465,5.0,0.9389,0.033,0.0401,9.2976,0.4373,0.0,1.0626,0
MPLAD-FIN-400738,0.9319,31.6605,7.0,1.4196,0.1821,0.2423,35.6146,0.0636,0.0,0.1293,0
MPLAD-FIN-400739,0.7109,29.8921,5.0,4.4265,0.1928,0.0936,85.3208,0.3355,1.0,0.1248,0
MPLAD-FIN-400740,0.6421,19.2762,4.0,1.3003,0.2729,0.4198,39.8871,0.1195,1.0,0.2896,0
MPLAD-FIN-400741,0.9042,8.8059,3.0,3.7295,0.2278,0.0517,48.4429,0.2183,0.0,0.5576,0
MPLAD-FIN-400742,1.0023,31.1617,8.0,6.51,0.1941,0.3736,27.3213,0.369,1.0,0.0784,0
MPLAD-FIN-400743,0.9459,51.1575,2.0,4.6881,0.3303,0.2582,23.0526,0.0085,0.0,0.2172,0
MPLAD-FIN-400744,0.7984,35.2966,2.0,1.5433,0.0942,0.0589,48.619,0.2624,0.0,0.3927,0
MPLAD-FIN-400745,0.8589,65.2067,5.0,7.424,0.0967,0.1124,13.2112,0.4064,0.0,0.1996,0
MPLAD-FIN-400746,0.9762,13.991,6.0,5.6278,0.0855,0.2551,61.6326,0.2143,0.0,0.6751,0
MPLAD-FIN-400747,0.7991,11.6475,8.0,10.8759,0.1401,0.6212,24.6954,0.3597,0.0,0.6359,0
MPLAD-FIN-400748,0.8495,46.7806,7.0,2.0565,0.1559,0.1694,55.0865,0.1413,0.0,0.2358,0
MPLAD-FIN-400749,0.8979,35.4959,2.0,3.3446,0.1433,0.2229,27.8266,0.1944,0.0,0.3496,0
MPLAD-FIN-400750,0.921,41.8748,7.0,1.9405,0.2297,0.5329,47.1566,0.2286,0.0,0.2367,0
MPLAD-FIN-400751,0.8267,50.6632,5.0,0.6146,0.2725,0.1498,84.8453,0.2492,1.0,0.5719,0
MPLAD-FIN-400752,0.7317,45.3103,4.0,4.4731,0.0779,0.3182,34.6663,0.2791,1.0,0.5969,0
MPLAD-FIN-400753,0.9116,36.3877,8.0,1.313,0.0906,0.2272,32.6001,0.2402,0.0,0.742,0
MPLAD-FIN-400754,0.9041,28.9704,6.0,5.4026,0.1621,0.0481,32.5014,0.0538,1.0,0.2371,0
MPLAD-FIN-400755,0.8391,15.2926,8.0,4.6534,0.046,0.243,38.9638,0.1318,2.0,0.042,0
MPLAD-FIN-400756,0.8466,40.6319,6.0,3.7593,0.0397,0.0359,37.4012,0.335,0.0,0.6571,0
MPLAD-FIN-400757,0.7736,44.346,4.0,6.3245,0.1067,0.2582,98.7823,0.247,0.0,0.3918,0
MPLAD-FIN-400758,0.8753,49.9659,8.0,0.3288,0.1965,0.198,34.3833,0.2199,0.0,0.1173,0
MPLAD-FIN-400759,1.05,28.2309,7.0,6.5728,0.0942,0.0646,20.4619,0.4322,1.0,0.1251,0
MPLAD-FIN-400760,0.9433,20.8409,5.0,1.8564,0.0594,0.2369,61.9356,0.1325,0.0,0.9609,0
MPLAD-FIN-400761,0.7957,45.1801,3.0,0.9123,0.0514,0.1935,7.761,0.2565,1.0,1.1126,0
MPLAD-FIN-400762,0.826,52.2827,3.0,3.089,0.1266,0.0985,62.7035,0.0681,0.0,1.1379,0
MPLAD-FIN-400763,0.6831,50.8131,2.0,3.1706,0.1925,0.018,22.437,0.16,0.0,0.5818,0
MPLAD-FIN-400764,0.9225,25.3732,8.0,16.4736,0.0378,0.1553,45.4332,0.1042,1.0,0.4094,0
MPLAD-FIN-400765,0.7839,9.3948,7.0,3.7291,0.1022,0.2458,110.4204,0.2532,0.0,0.0418,0
MPLAD-FIN-400766,0.9338,14.1584,8.0,5.2725,0.0319,0.0802,10.7314,0.2492,0.0,0.7359,0
MPLAD-FIN-400767,0.8842,24.7767,6.0,10.5223,0.3423,0.2876,45.9695,0.0124,0.0,1.0862,0
MPLAD-FIN-400768,0.859,27.5195,2.0,3.2683,0.1629,0.0375,51.6112,0.1765,1.0,0.9667,0
MPLAD-FIN-400769,0.8902,14.5754,6.0,3.0585,0.2743,0.3196,68.676,0.1043,0.0,0.2244,0
MPLAD-FIN-400770,0.8508,18.7862,8.0,2.0268,0.211,0.3982,59.4334,0.6504,0.0,0.1754,0
MPLAD-FIN-400771,0.9027,41.6035,6.0,2.38,0.2326,0.3631,112.5245,0.211,0.0,0.7483,0
MPLAD-FIN-400772,0.9812,88.181,5.0,0.936,0.1162,0.4352,107.5068,0.389,0.0,0.5433,0
MPLAD-FIN-400773,0.9417,38.9954,4.0,4.4148,0.1239,0.4201,26.5738,0.2186,0.0,0.1098,0
MPLAD-FIN-400774,0.9767,27.4387,4.0,8.759,0.1615,0.2888,12.2508,0.1988,1.0,0.2472,0
MPLAD-FIN-400775,0.9568,56.3702,4.0,3.648,0.1625,0.249,49.988,0.1231,0.0,0.3172,0
MPLAD-FIN-400776,0.8409,1.0382,1.0,17.303,0.8642,0.8395,74.824,0.9634,3.0,1.5281,1
MPLAD-FIN-400777,0.9653,81.8178,5.0,3.4798,0.1713,0.0959,70.0198,0.1288,1.0,0.1376,0
MPLAD-FIN-400778,0.9043,48.4123,5.0,6.0298,0.0368,0.0455,50.9106,0.2543,0.0,0.1776,0
MPLAD-FIN-400779,1.05,29.8153,4.0,4.7534,0.016,0.4526,35.2694,0.255,1.0,0.5373,0
MPLAD-FIN-400780,0.914,123.3411,7.0,3.1032,0.033,0.1796,21.1863,0.0493,0.0,0.9672,0
MPLAD-FIN-400781,0.9999,10.1913,7.0,1.2226,0.1861,0.1,144.6512,0.3735,2.0,0.3273,0
MPLAD-FIN-400782,0.9352,48.2168,6.0,1.1348,0.0997,0.4103,44.1411,0.3968,0.0,0.5609,0
MPLAD-FIN-400783,0.8648,22.6835,3.0,11.2019,0.1618,0.2865,35.328,0.2511,0.0,0.1288,0
MPLAD-FIN-400784,0.8801,37.0969,2.0,4.797,0.0625,0.5618,39.7553,0.2786,1.0,0.1967,0
MPLAD-FIN-400785,0.8967,5.1296,3.0,3.4752,0.0998,0.1147,68.4041,0.5097,1.0,0.084,0
MPLAD-FIN-400786,0.593,42.5901,3.0,2.3911,0.1611,0.323,30.8577,0.1151,0.0,0.5909,0
MPLAD-FIN-400787,0.9358,14.7424,6.0,2.0995,0.0334,0.2781,20.5242,0.0999,0.0,0.2633,0
MPLAD-FIN-400788,0.7809,47.5429,5.0,3.3271,0.22,0.2845,14.5924,0.0448,0.0,0.4446,0
MPLAD-FIN-400789,0.8305,24.9706,7.0,3.1355,0.3934,0.4286,44.8355,0.1269,0.0,0.3056,0
MPLAD-FIN-400790,0.872,30.0947,3.0,5.9067,0.4117,0.2733,33.644,0.4232,0.0,0.6032,0
MPLAD-FIN-400791,0.9449,83.3104,4.0,0.6152,0.2268,0.3367,61.1683,0.0814,1.0,0.9773,0
MPLAD-FIN-400792,0.815,19.3947,2.0,4.4069,0.0531,0.2814,21.1976,0.2127,0.0,0.4801,0
MPLAD-FIN-400793,0.7782,33.9487,4.0,1.2738,0.1131,0.4666,46.6949,0.3,0.0,0.6015,0
MPLAD-FIN-400794,0.8241,77.0668,6.0,5.9637,0.1317,0.1725,26.079,0.2312,0.0,0.2046,0
MPLAD-FIN-400795,0.8726,12.4552,4.0,2.5009,0.0469,0.0339,87.9672,0.0563,0.0,0.1668,0
MPLAD-FIN-400796,0.7825,61.772,4.0,10.2837,0.1611,0.1205,56.4589,0.6216,0.0,0.8413,0
MPLAD-FIN-400797,1.1272,5.0038,1.0,20.1374,0.7318,0.789,152.1507,0.8503,1.0,0.5711,1
MPLAD-FIN-400798,0.8658,15.015,8.0,3.8218,0.1574,0.3322,15.0907,0.0777,2.0,0.6368,0
MPLAD-FIN-400799,0.8325,17.0762,6.0,1.0255,0.3329,0.3526,21.5195,0.1697,0.0,1.1371,0
MPLAD-FIN-400800,1.1912,22.29,2.0,26.4031,0.7676,0.8065,157.8928,0.8925,4.0,3.3482,1
MPLAD-FIN-400801,0.7168,7.6678,5.0,10.4679,0.1594,0.2785,37.37,0.1895,0.0,0.2865,0
MPLAD-FIN-400802,0.8704,33.7052,7.0,0.7115,0.1465,0.157,5.0824,0.2546,1.0,0.1653,0
MPLAD-FIN-400803,0.7301,11.9236,3.0,8.8531,0.2166,0.1049,94.9334,0.3439,0.0,0.6145,0
MPLAD-FIN-400804,0.8503,53.9216,2.0,3.744,0.0501,0.3593,28.6259,0.1332,0.0,0.4346,0
MPLAD-FIN-400805,0.9663,4.6433,2.0,22.5352,0.7818,0.9725,155.6182,0.8854,4.0,1.8033,1
MPLAD-FIN-400806,0.9868,6.8296,3.0,1.9822,0.1559,0.4202,16.6417,0.4275,0.0,0.2788,0
MPLAD-FIN-400807,0.966,36.074,8.0,5.5315,0.3551,0.2438,50.2903,0.4755,0.0,0.2534,0
MPLAD-FIN-400808,0.9413,25.685,5.0,3.7027,0.2101,0.2395,65.5591,0.0538,0.0,0.0884,0
MPLAD-FIN-400809,0.9417,9.8237,3.0,5.7648,0.148,0.2433,37.8872,0.3993,0.0,0.2832,0
MPLAD-FIN-400810,0.8349,69.6997,8.0,5.9192,0.0719,0.2053,49.157,0.2776,2.0,1.0622,0
MPLAD-FIN-400811,1.0147,19.9386,8.0,3.4822,0.0788,0.3752,76.9563,0.2341,0.0,0.8457,0
MPLAD-FIN-400812,0.7441,46.2591,3.0,1.3825,0.0793,0.6081,19.3282,0.3055,0.0,0.3333,0
MPLAD-FIN-400813,0.7427,50.1547,8.0,2.2571,0.4496,0.4718,49.5561,0.1833,0.0,0.0887,0
MPLAD-FIN-400814,0.9033,9.4985,6.0,3.2991,0.1911,0.1012,41.8067,0.1868,0.0,0.6014,0
MPLAD-FIN-400815,0.7576,16.2208,2.0,4.9248,0.3309,0.2369,46.0137,0.3574,1.0,0.1578,0
MPLAD-FIN-400816,0.9357,36.5661,5.0,8.0329,0.0635,0.2555,32.7264,0.3235,2.0,0.1008,0
MPLAD-FIN-400817,1.0474,19.7969,5.0,8.5034,0.0687,0.0593,28.3757,0.151,2.0,0.4529,0
MPLAD-FIN-400818,0.8622,20.5238,2.0,3.9454,0.1337,0.4211,38.1362,0.0921,0.0,0.1816,0
MPLAD-FIN-400819,0.8597,9.198,6.0,2.0691,0.1905,0.314,119.9317,0.4336,0.0,0.4404,0
MPLAD-FIN-400820,0.7975,24.4288,2.0,2.3383,0.4243,0.1828,56.239,0.3618,0.0,0.2703,0
MPLAD-FIN-400821,0.8617,26.12,8.0,5.9749,0.2355,0.2778,70.4123,0.2646,0.0,0.0986,0
MPLAD-FIN-400822,0.9168,26.173,6.0,2.7394,0.2508,0.2062,27.7501,0.1967,1.0,0.0562,0
MPLAD-FIN-400823,0.9278,52.4766,2.0,6.7372,0.0614,0.1164,62.5335,0.0662,2.0,0.3003,0
MPLAD-FIN-400824,1.0885,0.148,2.0,10.5652,0.4874,0.981,159.1076,0.9327,2.0,1.1998,1
MPLAD-FIN-400825,0.8735,59.8382,6.0,4.6597,0.1893,0.491,28.3716,0.4433,0.0,0.3516,0
MPLAD-FIN-400826,0.9124,7.4363,8.0,1.3488,0.0537,0.2153,24.9667,0.3576,0.0,0.3281,0
MPLAD-FIN-400827,0.8822,53.9186,2.0,2.3829,0.0701,0.3574,29.2301,0.3508,0.0,0.6694,0
MPLAD-FIN-400828,0.8163,47.9863,4.0,5.7479,0.1329,0.2841,45.3809,0.3027,0.0,0.9091,0
MPLAD-FIN-400829,1.0047,5.1577,1.0,37.7724,0.7945,0.8954,376.2605,0.9497,3.0,2.3742,1
MPLAD-FIN-400830,0.8033,27.4093,3.0,8.532,0.0288,0.358,23.1276,0.1463,0.0,1.5153,0
MPLAD-FIN-400831,0.9333,31.3732,3.0,2.0292,0.2228,0.3087,20.4916,0.112,2.0,0.3318,0
MPLAD-FIN-400832,0.7626,62.6896,6.0,1.6052,0.3562,0.4845,37.9872,0.2837,1.0,0.4688,0
MPLAD-FIN-400833,0.801,46.9243,3.0,2.5931,0.0653,0.4841,14.6447,0.4738,1.0,0.3114,0
MPLAD-FIN-400834,0.8194,8.0644,8.0,1.9429,0.032,0.3593,121.6691,0.2746,1.0,0.3759,0
MPLAD-FIN-400835,0.8155,41.1048,2.0,6.4692,0.0351,0.5069,14.0953,0.1891,1.0,0.727,0
MPLAD-FIN-400836,0.8554,27.9085,7.0,1.8984,0.0452,0.1427,14.2912,0.4389,1.0,0.198,0
MPLAD-FIN-400837,1.0149,77.918,2.0,0.7938,0.047,0.4215,66.1908,0.0971,0.0,0.6793,0
MPLAD-FIN-400838,0.8589,86.2188,8.0,5.8376,0.2545,0.2917,45.6744,0.1293,1.0,0.6364,0
MPLAD-FIN-400839,0.7863,30.8215,6.0,1.9098,0.0416,0.0624,85.6347,0.3286,0.0,0.3226,0
MPLAD-FIN-400840,0.9616,41.3058,4.0,6.8445,0.0923,0.3877,55.7669,0.4165,0.0,0.057,0
MPLAD-FIN-400841,0.7877,41.7133,3.0,0.7253,0.3107,0.1406,53.9504,0.2918,0.0,0.2803,0
MPLAD-FIN-400842,0.8064,54.404,7.0,0.8085,0.2349,0.2459,14.7708,0.2089,0.0,0.5202,0
MPLAD-FIN-400843,0.748,11.8748,5.0,2.2826,0.2336,0.2987,31.6701,0.2053,1.0,0.39,0
MPLAD-FIN-400844,1.0201,1.0,8.0,1.6723,0.0592,0.0827,85.056,0.3265,0.0,0.8528,0
MPLAD-FIN-400845,0.779,15.89,2.0,4.8792,0.0189,0.0641,22.1225,0.3292,1.0,0.4011,0
MPLAD-FIN-400846,0.9371,30.4418,6.0,6.6638,0.2669,0.1394,27.9588,0.0955,1.0,0.3024,0
MPLAD-FIN-400847,1.05,34.8448,4.0,3.0509,0.0423,0.085,83.6347,0.2936,1.0,0.1824,0
MPLAD-FIN-400848,1.05,16.4233,5.0,4.8274,0.0669,0.2171,15.8002,0.4451,1.0,0.6501,0
MPLAD-FIN-400849,1.1268,10.8862,2.0,43.6387,0.6593,0.6854,138.8269,0.942,5.0,3.6287,1
MPLAD-FIN-400850,0.8635,26.1553,3.0,3.3031,0.1203,0.2541,28.9077,0.4379,1.0,0.3225,0
MPLAD-FIN-400851,0.6931,46.2261,7.0,4.7335,0.1667,0.363,41.3249,0.2566,0.0,0.3282,0
MPLAD-FIN-400852,0.6471,13.261,4.0,1.2619,0.3391,0.2227,48.394,0.116,1.0,0.4419,0
MPLAD-FIN-400853,0.8542,11.9496,4.0,3.7308,0.0689,0.3084,41.1178,0.2301,0.0,0.3029,0
MPLAD-FIN-400854,0.8535,6.0194,3.0,6.0619,0.101,0.1108,53.7592,0.3473,0.0,0.2825,0
MPLAD-FIN-400855,0.825,44.7708,6.0,15.0065,0.0321,0.1622,41.6076,0.0835,0.0,0.162,0
MPLAD-FIN-400856,1.1071,3.7083,1.0,24.5528,0.7049,0.7781,79.5443,0.7945,3.0,2.3291,1
MPLAD-FIN-400857,0.8855,10.9038,7.0,8.0735,0.2582,0.1595,46.6047,0.4305,0.0,0.6855,0
MPLAD-FIN-400858,0.6719,39.0884,7.0,3.05,0.0034,0.16,38.4521,0.5739,0.0,0.2297,0
MPLAD-FIN-400859,0.8054,79.5388,4.0,0.6439,0.0949,0.2635,29.7489,0.0303,0.0,0.2237,0
MPLAD-FIN-400860,0.8871,33.1665,5.0,5.4019,0.3056,0.3265,47.2862,0.3013,0.0,0.325,0
MPLAD-FIN-400861,0.7705,13.9662,2.0,3.8052,0.0343,0.3564,36.2135,0.1299,0.0,0.4395,0
MPLAD-FIN-400862,0.8438,6.968,8.0,2.5048,0.2361,0.0636,78.4669,0.016,1.0,0.7259,0
MPLAD-FIN-400863,0.9106,34.6518,5.0,2.1728,0.0072,0.1091,22.1761,0.2055,1.0,0.3463,0
MPLAD-FIN-400864,0.8628,26.9877,4.0,4.761,0.0489,0.1241,58.4182,0.327,0.0,0.339,0
MPLAD-FIN-400865,1.0038,16.8763,2.0,23.3399,0.968,0.8166,264.1122,0.9696,5.0,1.4739,1
MPLAD-FIN-400866,0.8784,38.1057,4.0,8.5472,0.0525,0.0988,48.7037,0.2504,0.0,0.2726,0
MPLAD-FIN-400867,0.8321,54.1918,2.0,8.7698,0.4531,0.0625,34.8941,0.1036,0.0,0.3426,0
MPLAD-FIN-400868,0.9418,56.9772,5.0,2.1761,0.0143,0.1856,35.1976,0.4638,2.0,0.2173,0
MPLAD-FIN-400869,1.031,20.9585,6.0,3.1787,0.0435,0.2997,33.3344,0.1438,0.0,0.3168,0
MPLAD-FIN-400870,0.8947,12.8815,5.0,0.8811,0.3942,0.3589,57.546,0.2614,0.0,0.4073,0
MPLAD-FIN-400871,0.86,37.875,8.0,5.3089,0.1127,0.4778,36.2747,0.1294,2.0,0.1101,0
MPLAD-FIN-400872,0.7389,31.5062,2.0,8.6188,0.204,0.2051,151.1477,0.2246,2.0,0.4518,0
MPLAD-FIN-400873,0.7879,60.8782,2.0,4.6113,0.0104,0.2996,62.4755,0.087,0.0,0.5743,0
MPLAD-FIN-400874,0.7399,16.6781,3.0,2.0747,0.1632,0.2479,34.1661,0.0575,0.0,0.0592,0
MPLAD-FIN-400875,0.8187,1.0451,2.0,38.7759,0.9565,0.9692,411.2286,0.7108,4.0,0.5995,1
MPLAD-FIN-400876,0.7869,29.4776,3.0,3.0288,0.0773,0.2428,5.9625,0.2413,0.0,0.1844,0
MPLAD-FIN-400877,0.8173,6.3496,5.0,5.8992,0.2279,0.2553,64.1589,0.0795,1.0,0.3453,0
MPLAD-FIN-400878,0.7762,8.6275,8.0,0.9994,0.1514,0.1723,38.9314,0.2107,0.0,1.203,0
MPLAD-FIN-400879,0.8574,38.23,4.0,2.347,0.2109,0.2981,44.7116,0.4173,0.0,0.4722,0
MPLAD-FIN-400880,0.9454,66.1434,5.0,2.3117,0.0407,0.117,34.8109,0.4776,0.0,0.9253,0
MPLAD-FIN-400881,0.7817,57.2215,5.0,1.5585,0.0773,0.1095,53.3035,0.3257,0.0,0.1813,0
MPLAD-FIN-400882,0.7574,17.6211,3.0,2.277,0.031,0.0349,29.6224,0.0522,0.0,0.492,0
MPLAD-FIN-400883,0.9338,25.8988,7.0,7.1106,0.0888,0.0659,75.3251,0.311,0.0,0.4462,0
MPLAD-FIN-400884,0.9554,97.9163,6.0,4.0144,0.1724,0.0959,62.0262,0.2466,0.0,0.0891,0
MPLAD-FIN-400885,0.7799,23.3148,5.0,1.6901,0.1719,0.3411,91.9845,0.1272,0.0,0.2028,0
MPLAD-FIN-400886,0.9753,34.3377,3.0,2.031,0.1385,0.4603,22.0494,0.3073,0.0,0.5164,0
MPLAD-FIN-400887,0.9808,37.4174,4.0,3.4224,0.1896,0.2715,37.4073,0.023,0.0,0.0829,0
MPLAD-FIN-400888,0.7661,7.0627,7.0,4.2413,0.1309,0.2913,49.6836,0.1749,0.0,0.5089,0
MPLAD-FIN-400889,0.7149,14.1513,4.0,0.5469,0.0564,0.4705,19.8148,0.1348,0.0,0.634,0
MPLAD-FIN-400890,0.9269,39.0388,4.0,1.929,0.1645,0.2833,62.1821,0.3496,0.0,0.5695,0
MPLAD-FIN-400891,0.7118,43.3467,2.0,7.1503,0.1441,0.0642,19.5967,0.3333,0.0,1.014,0
MPLAD-FIN-400892,0.9454,31.5243,7.0,2.3294,0.096,0.4272,36.492,0.3662,0.0,0.3096,0
MPLAD-FIN-400893,0.8079,16.5938,8.0,8.8581,0.2463,0.1933,8.8178,0.1595,0.0,0.1389,0
MPLAD-FIN-400894,0.8169,10.91,3.0,1.3479,0.1645,0.2513,15.2489,0.1605,0.0,0.8476,0
MPLAD-FIN-400895,0.8722,53.8809,2.0,1.1537,0.1246,0.219,26.0398,0.2431,0.0,0.1509,0
MPLAD-FIN-400896,0.778,13.8638,3.0,7.1459,0.3071,0.2995,38.8272,0.4618,1.0,0.3968,0
MPLAD-FIN-400897,1.2634,6.7735,2.0,37.2014,0.9363,0.9511,425.9625,0.7895,8.0,1.4944,1
MPLAD-FIN-400898,0.8499,11.8984,3.0,1.2037,0.0136,0.1559,13.3936,0.1597,0.0,0.5936,0
MPLAD-FIN-400899,0.8236,82.9084,7.0,2.2763,0.3587,0.3688,18.6884,0.1053,0.0,0.0527,0
MPLAD-FIN-400900,1.0249,59.4561,3.0,1.4522,0.3474,0.168,10.6319,0.153,0.0,0.3132,0
MPLAD-FIN-400901,0.747,50.9146,5.0,3.9669,0.0259,0.2328,65.5748,0.4194,0.0,0.2224,0
MPLAD-FIN-400902,0.9216,9.868,8.0,5.9531,0.1752,0.1902,28.6409,0.1196,0.0,0.1956,0
MPLAD-FIN-400903,1.0261,23.5723,8.0,4.4516,0.0632,0.2633,29.4833,0.0233,0.0,0.1558,0
MPLAD-FIN-400904,0.7727,10.3461,5.0,2.3739,0.178,0.197,11.3479,0.0605,0.0,0.3301,0
MPLAD-FIN-400905,0.9218,52.5881,2.0,7.8287,0.0593,0.0857,27.5388,0.0562,0.0,0.45,0
MPLAD-FIN-400906,0.8168,9.486,7.0,0.7815,0.2477,0.2051,8.2343,0.0877,1.0,1.0909,0
MPLAD-FIN-400907,0.787,14.6962,8.0,1.2802,0.0882,0.2687,28.9427,0.2317,1.0,1.1152,0
MPLAD-FIN-400908,0.7048,30.2977,7.0,7.4043,0.501,0.2599,49.8326,0.1878,0.0,0.7343,0
MPLAD-FIN-400909,0.9529,45.9152,8.0,2.7714,0.1193,0.0803,26.7787,0.2328,0.0,0.0533,0
MPLAD-FIN-400910,0.9941,24.6659,8.0,3.7832,0.2201,0.3622,81.7655,0.1633,0.0,0.4965,0
MPLAD-FIN-400911,0.9617,22.809,2.0,2.7267,0.3636,0.6465,40.8641,0.4982,1.0,0.746,0
MPLAD-FIN-400912,0.9722,25.2311,5.0,1.5285,0.0686,0.4136,45.0599,0.3436,0.0,0.9006,0
MPLAD-FIN-400913,1.05,13.0992,6.0,2.7647,0.0456,0.3773,36.1369,0.1383,0.0,0.0958,0
MPLAD-FIN-400914,1.0262,131.7402,6.0,7.5091,0.1785,0.1121,19.0786,0.0218,0.0,1.0006,0
MPLAD-FIN-400915,0.7363,5.8991,3.0,6.3956,0.0915,0.0833,7.4269,0.2054,0.0,0.4969,0
MPLAD-FIN-400916,0.8487,54.6655,4.0,3.2854,0.0924,0.2184,23.1281,0.1673,0.0,0.5409,0
MPLAD-FIN-400917,0.814,18.7491,8.0,3.3178,0.0267,0.3064,108.1539,0.2763,3.0,0.871,0
MPLAD-FIN-400918,1.1002,16.0915,1.0,18.3655,0.9017,0.9339,170.2569,0.9465,3.0,2.087,1
MPLAD-FIN-400919,0.8362,68.4041,3.0,9.6663,0.1622,0.385,40.3782,0.0809,0.0,0.3955,0
MPLAD-FIN-400920,1.05,125.0564,6.0,1.3461,0.0195,0.1326,25.282,0.3504,0.0,0.4128,0
MPLAD-FIN-400921,0.6901,28.6225,4.0,3.1192,0.0899,0.1404,15.1122,0.126,0.0,0.3617,0
MPLAD-FIN-400922,0.8795,29.7562,3.0,6.8967,0.1095,0.3227,72.2334,0.3674,1.0,0.449,0
MPLAD-FIN-400923,0.8275,17.8572,2.0,6.78,0.2378,0.3142,49.1873,0.0629,2.0,0.1204,0
MPLAD-FIN-400924,0.948,8.6297,7.0,7.2566,0.2229,0.1693,83.7838,0.2007,0.0,0.3536,0
MPLAD-FIN-400925,0.9046,35.3833,5.0,3.2641,0.1296,0.1165,18.1853,0.2901,0.0,0.2547,0
MPLAD-FIN-400926,0.7949,12.3512,4.0,1.5103,0.137,0.0807,83.6636,0.0318,0.0,0.2406,0
MPLAD-FIN-400927,0.7865,54.2911,3.0,1.9129,0.1232,0.1064,4.5181,0.4693,0.0,0.5354,0
MPLAD-FIN-400928,1.05,70.5468,3.0,2.4771,0.0043,0.2056,15.0627,0.2309,0.0,0.9032,0
MPLAD-FIN-400929,0.8902,29.1761,6.0,2.3022,0.2057,0.1952,27.1624,0.2696,0.0,0.2965,0
MPLAD-FIN-400930,0.6846,60.2076,7.0,2.7511,0.1561,0.198,10.5346,0.2549,0.0,0.6081,0
MPLAD-FIN-400931,0.807,101.7462,2.0,4.2203,0.1389,0.0994,29.0152,0.2618,0.0,0.3828,0
MPLAD-FIN-400932,0.9727,92.945,3.0,1.7031,0.0868,0.0812,74.2295,0.1019,0.0,0.0879,0
MPLAD-FIN-400933,0.8185,23.797,4.0,1.0485,0.3193,0.1608,64.0309,0.1907,1.0,0.8296,0
MPLAD-FIN-400934,0.8559,11.5438,4.0,4.515,0.3124,0.4,34.414,0.3607,0.0,0.4043,0
MPLAD-FIN-400935,0.9693,26.432,7.0,5.2019,0.0829,0.3165,51.7961,0.4155,1.0,0.4916,0
MPLAD-FIN-400936,1.0891,5.7074,2.0,25.2485,0.6809,0.9665,290.1543,0.8695,2.0,2.3995,1
MPLAD-FIN-400937,0.979,36.2349,7.0,1.6457,0.1001,0.5276,105.2671,0.3617,0.0,0.5063,0
MPLAD-FIN-400938,1.0394,75.7264,4.0,11.1098,0.0877,0.072,5.4293,0.0112,1.0,0.1221,0
MPLAD-FIN-400939,0.9807,62.0808,5.0,7.3454,0.1098,0.2616,62.0775,0.0412,0.0,0.1283,0
MPLAD-FIN-400940,0.7849,11.076,5.0,8.6036,0.0437,0.407,60.7027,0.2173,0.0,0.106,0
MPLAD-FIN-400941,0.9835,5.9692,7.0,1.2213,0.0492,0.3109,51.7491,0.1157,1.0,0.7908,0
MPLAD-FIN-400942,0.8975,46.4041,3.0,1.4325,0.3193,0.3252,60.4164,0.1218,0.0,0.0774,0
MPLAD-FIN-400943,1.0144,46.6857,6.0,3.7064,0.0638,0.114,19.1917,0.1268,1.0,0.8426,0
MPLAD-FIN-400944,0.8834,84.7015,8.0,7.8573,0.1856,0.1999,20.8897,0.3953,1.0,0.2696,0
MPLAD-FIN-400945,0.8162,10.2072,2.0,3.431,0.0444,0.105,28.2695,0.2511,0.0,0.4462,0
MPLAD-FIN-400946,0.8734,72.1939,8.0,0.9251,0.0165,0.3,18.0916,0.2013,1.0,0.0822,0
MPLAD-FIN-400947,0.9817,85.0827,6.0,0.3587,0.4329,0.0679,42.3434,0.0584,0.0,0.1806,0
MPLAD-FIN-400948,0.9392,18.2432,8.0,3.5953,0.4385,0.2807,19.2031,0.3087,1.0,0.5295,0
MPLAD-FIN-400949,0.7568,8.0375,2.0,3.9106,0.2299,0.2561,72.9422,0.0572,1.0,0.3713,0
MPLAD-FIN-400950,0.9269,24.1252,7.0,0.9838,0.2403,0.4032,55.3138,0.2883,0.0,0.4558,0
MPLAD-FIN-400951,0.8455,84.3237,8.0,9.1208,0.0723,0.1349,14.2661,0.412,0.0,0.4798,0
MPLAD-FIN-400952,0.7996,36.0438,7.0,3.2105,0.1211,0.084,25.9279,0.2302,1.0,0.329,0
MPLAD-FIN-400953,1.0234,32.0956,6.0,2.496,0.1674,0.0929,75.6097,0.1167,0.0,0.3513,0
MPLAD-FIN-400954,1.0258,65.7754,3.0,6.3275,0.0436,0.245,67.6145,0.1131,0.0,0.8463,0
MPLAD-FIN-400955,0.7642,26.0738,6.0,4.5795,0.3854,0.4064,70.5501,0.2178,2.0,0.1538,0
MPLAD-FIN-400956,0.9221,31.3233,2.0,0.8267,0.0122,0.0879,40.9765,0.4457,0.0,0.6265,0
MPLAD-FIN-400957,0.6632,19.8611,6.0,0.6092,0.0503,0.2004,24.2472,0.1585,0.0,0.9672,0
MPLAD-FIN-400958,1.1198,7.8942,1.0,15.5656,0.5774,0.9537,209.4311,0.9204,3.0,3.1972,1
MPLAD-FIN-400959,0.9033,65.1798,3.0,2.4757,0.0898,0.2478,137.1693,0.0742,0.0,0.319,0
MPLAD-FIN-400960,0.8693,21.1602,2.0,3.405,0.035,0.3072,55.4711,0.3206,0.0,0.696,0
MPLAD-FIN-400961,0.9366,29.8928,5.0,0.5044,0.1921,0.4024,28.5309,0.2147,0.0,0.4478,0
MPLAD-FIN-400962,0.7571,57.6131,6.0,2.4552,0.169,0.3894,28.3102,0.274,1.0,0.1366,0
MPLAD-FIN-400963,0.8764,35.5835,7.0,2.9655,0.1542,0.2229,57.8743,0.4007,0.0,0.292,0
MPLAD-FIN-400964,0.8549,20.3047,7.0,3.8757,0.1786,0.1731,44.2909,0.3062,0.0,0.3812,0
MPLAD-FIN-400965,0.8925,44.4194,6.0,2.7142,0.1881,0.0613,10.0216,0.2702,0.0,0.6727,0
MPLAD-FIN-400966,0.8986,75.3614,4.0,1.0673,0.2659,0.3364,28.5695,0.3719,0.0,0.4372,0
MPLAD-FIN-400967,1.0355,42.2385,3.0,4.0073,0.3099,0.3877,35.9685,0.2092,0.0,0.0524,0
MPLAD-FIN-400968,0.8111,23.956,8.0,3.4118,0.0484,0.5599,9.0464,0.4965,1.0,1.0266,0
MPLAD-FIN-400969,0.924,16.143,2.0,1.698,0.1382,0.163,65.4394,0.224,1.0,1.2981,0
MPLAD-FIN-400970,0.878,33.8978,5.0,4.8075,0.0637,0.4115,21.6438,0.2428,1.0,0.1315,0
MPLAD-FIN-400971,0.9988,36.6871,4.0,3.8488,0.0465,0.4933,23.1692,0.3564,1.0,0.2665,0
MPLAD-FIN-400972,0.8343,5.9217,3.0,2.3868,0.0096,0.1574,20.9414,0.201,0.0,0.7662,0
MPLAD-FIN-400973,0.8581,22.0902,5.0,2.4343,0.2583,0.4483,85.897,0.1711,0.0,1.0128,0
MPLAD-FIN-400974,0.8422,21.2628,7.0,2.4593,0.0342,0.2849,17.3914,0.231,0.0,0.1623,0
MPLAD-FIN-400975,0.8949,19.1569,4.0,9.4725,0.3333,0.3576,16.5718,0.07,0.0,0.2731,0
MPLAD-FIN-400976,0.889,11.2508,2.0,3.0143,0.1024,0.1513,16.3391,0.1084,0.0,0.9703,0
MPLAD-FIN-400977,0.8962,17.2441,3.0,6.9781,0.0405,0.1653,25.3249,0.5838,0.0,0.1964,0
MPLAD-FIN-400978,0.8656,69.0152,6.0,1.9074,0.035,0.5075,36.8953,0.1443,0.0,0.2178,0
MPLAD-FIN-400979,0.9001,52.9939,7.0,12.3089,0.0512,0.2508,9.2419,0.2811,0.0,0.2732,0
MPLAD-FIN-400980,0.7497,40.1104,5.0,5.4408,0.0601,0.1559,63.8326,0.5093,1.0,0.6988,0
MPLAD-FIN-400981,0.8262,8.8028,4.0,7.9355,0.1124,0.3415,25.8512,0.3774,2.0,0.3284,0
MPLAD-FIN-400982,1.0354,18.8065,4.0,2.7769,0.3282,0.3276,22.2551,0.285,0.0,0.3331,0
MPLAD-FIN-400983,0.8224,63.9974,2.0,5.8662,0.2397,0.1092,32.0263,0.1092,1.0,0.2269,0
MPLAD-FIN-400984,0.7162,56.4616,8.0,2.8248,0.1559,0.287,31.9262,0.0359,0.0,0.2912,0
MPLAD-FIN-400985,1.021,40.8376,7.0,1.9733,0.0948,0.4904,69.1693,0.2893,0.0,0.7562,0
MPLAD-FIN-400986,0.7652,9.574,6.0,11.8749,0.2642,0.3853,31.3478,0.1279,1.0,0.2531,0
MPLAD-FIN-400987,0.9276,13.3227,7.0,3.9848,0.239,0.3439,40.3947,0.191,0.0,0.3167,0
MPLAD-FIN-400988,0.7914,34.169,7.0,3.0861,0.1498,0.3668,18.4663,0.3138,0.0,0.5941,0
MPLAD-FIN-400989,1.05,13.1522,8.0,3.3392,0.1869,0.1077,22.9343,0.5372,0.0,0.8853,0
MPLAD-FIN-400990,0.8625,39.7658,4.0,0.5995,0.0071,0.0611,28.7804,0.0942,0.0,0.0811,0
MPLAD-FIN-400991,0.8889,34.9746,8.0,3.125,0.1262,0.641,22.7714,0.0195,0.0,1.0774,0
MPLAD-FIN-400992,0.726,59.3211,6.0,2.7753,0.1268,0.1113,20.1111,0.0898,0.0,0.128,0
MPLAD-FIN-400993,0.8109,6.1687,4.0,3.4351,0.418,0.2242,63.835,0.0956,0.0,0.6712,0
MPLAD-FIN-400994,1.4011,8.9098,2.0,27.1414,0.7051,0.8985,345.1417,0.8998,5.0,3.1929,1
MPLAD-FIN-400995,0.7712,62.5179,2.0,3.5489,0.1438,0.2705,48.4087,0.1676,0.0,0.5538,0
MPLAD-FIN-400996,0.7444,43.0605,7.0,1.3513,0.1276,0.0381,51.1015,0.271,0.0,0.9438,0
MPLAD-FIN-400997,0.8771,38.2007,6.0,0.714,0.1208,0.2878,57.5981,0.1374,0.0,0.1888,0
MPLAD-FIN-400998,0.8631,10.6149,8.0,3.914,0.1831,0.0979,58.7921,0.0863,1.0,0.128,0
MPLAD-FIN-400999,0.9719,24.3813,4.0,5.0038,0.0781,0.333,64.5347,0.2628,0.0,0.4648,0
MPLAD-FIN-401000,0.826,55.6671,7.0,2.853,0.0243,0.2515,73.082,0.283,1.0,0.1528,0
MPLAD-FIN-401001,0.6303,56.4828,6.0,1.086,0.1301,0.4459,58.938,0.2939,0.0,0.1631,0
MPLAD-FIN-401002,0.8455,36.2088,6.0,2.7029,0.154,0.0756,37.6892,0.1356,0.0,0.0881,0
MPLAD-FIN-401003,1.043,32.9761,8.0,1.7207,0.1593,0.378,22.0742,0.4171,1.0,0.1624,0
MPLAD-FIN-401004,0.885,28.9271,6.0,4.6972,0.1835,0.0548,27.1144,0.184,1.0,0.0777,0
MPLAD-FIN-401005,0.8869,10.1512,6.0,3.8088,0.2602,0.0767,29.8534,0.1427,1.0,1.1159,0
MPLAD-FIN-401006,0.82,35.4999,6.0,8.4962,0.0333,0.4431,16.1375,0.0705,0.0,0.1834,0
MPLAD-FIN-401007,0.8723,22.9863,4.0,0.3363,0.1295,0.3117,73.0225,0.0368,0.0,0.294,0
MPLAD-FIN-401008,0.7408,26.1842,8.0,1.1547,0.1734,0.1319,54.8247,0.331,1.0,0.157,0
MPLAD-FIN-401009,0.8901,51.433,6.0,5.4664,0.0332,0.4213,21.273,0.0719,0.0,0.3258,0
MPLAD-FIN-401010,0.8948,35.5769,4.0,1.0845,0.068,0.0626,48.7291,0.1418,0.0,0.5931,0
MPLAD-FIN-401011,0.9787,47.4109,5.0,4.419,0.0562,0.1367,47.5374,0.0585,1.0,0.8829,0
MPLAD-FIN-401012,1.0329,17.3833,4.0,3.087,0.1238,0.2217,15.028,0.2269,0.0,0.0592,0
MPLAD-FIN-401013,0.9557,45.619,6.0,3.1464,0.0538,0.4375,29.7786,0.4891,0.0,0.794,0
MPLAD-FIN-401014,0.8451,40.4725,2.0,8.4683,0.2468,0.0775,31.5669,0.2003,0.0,0.9978,0
MPLAD-FIN-401015,0.8827,37.1913,4.0,3.1213,0.1166,0.043,48.8569,0.2341,0.0,0.4547,0
MPLAD-FIN-401016,1.0349,28.1031,5.0,0.2879,0.1943,0.1194,22.7223,0.3676,0.0,0.2262,0
MPLAD-FIN-401017,0.9216,12.4028,4.0,2.105,0.0734,0.1584,35.3411,0.3294,0.0,0.9273,0
MPLAD-FIN-401018,0.7046,27.927,3.0,1.5498,0.3037,0.3628,39.3689,0.2471,1.0,0.0875,0
MPLAD-FIN-401019,0.907,55.1893,6.0,2.6978,0.0392,0.5566,33.3128,0.223,0.0,0.6826,0
MPLAD-FIN-401020,0.9864,69.6692,5.0,3.1213,0.048,0.3783,55.2621,0.3998,0.0,0.3458,0
MPLAD-FIN-401021,0.9594,9.9618,2.0,24.1054,0.713,0.861,398.5029,0.7749,4.0,1.0434,1
MPLAD-FIN-401022,0.8485,8.0458,2.0,5.143,0.127,0.1238,77.9282,0.3171,0.0,0.3226,0
MPLAD-FIN-401023,0.9353,53.6253,4.0,2.954,0.0515,0.0843,17.1492,0.4178,0.0,0.2655,0
MPLAD-FIN-401024,0.8051,26.939,4.0,1.555,0.1072,0.0641,64.1701,0.1633,0.0,0.5478,0
MPLAD-FIN-401025,0.811,13.6461,2.0,3.6774,0.2125,0.4525,38.431,0.1305,0.0,0.1839,0
MPLAD-FIN-401026,0.8974,33.0702,3.0,2.9861,0.2726,0.077,10.1566,0.2673,1.0,0.3932,0
MPLAD-FIN-401027,0.8501,80.0653,7.0,2.7904,0.0158,0.3524,17.0818,0.0745,0.0,0.025,0
MPLAD-FIN-401028,0.9171,35.7383,3.0,4.0657,0.0539,0.5002,14.9936,0.0297,0.0,0.1807,0
MPLAD-FIN-401029,0.948,12.1099,2.0,2.4805,0.1137,0.2909,68.1933,0.3591,0.0,0.1344,0
MPLAD-FIN-401030,0.9136,40.3359,5.0,3.4108,0.15,0.2423,18.914,0.1535,0.0,0.6894,0
MPLAD-FIN-401031,0.8531,41.3346,2.0,6.2046,0.0469,0.3538,79.911,0.148,1.0,0.4837,0
MPLAD-FIN-401032,0.7598,51.4255,6.0,1.3494,0.0611,0.065,20.875,0.3927,1.0,0.1207,0
MPLAD-FIN-401033,0.9643,27.9664,7.0,1.4695,0.1095,0.5282,76.9332,0.104,0.0,0.1285,0
MPLAD-FIN-401034,0.7687,5.4009,4.0,1.3572,0.0632,0.0494,58.0973,0.0626,0.0,0.7973,0
MPLAD-FIN-401035,0.6562,48.386,4.0,2.3944,0.3688,0.3198,77.9574,0.1093,1.0,1.0539,0
MPLAD-FIN-401036,0.8972,34.1886,6.0,1.3381,0.1438,0.3303,54.1783,0.4619,1.0,0.0974,0
MPLAD-FIN-401037,1.05,29.1947,2.0,2.0397,0.1888,0.2382,10.3302,0.3249,0.0,0.4288,0
MPLAD-FIN-401038,0.8573,46.6387,6.0,3.3998,0.0417,0.1395,26.8218,0.1781,0.0,0.8517,0
MPLAD-FIN-401039,0.8137,29.0955,4.0,2.7716,0.3388,0.0955,30.2392,0.0609,0.0,0.5178,0
MPLAD-FIN-401040,0.9652,54.7068,6.0,2.0321,0.0543,0.3528,28.8915,0.2292,1.0,0.0851,0
MPLAD-FIN-401041,0.9858,18.1089,2.0,4.3984,0.1533,0.3063,66.9066,0.1095,2.0,0.8334,0
MPLAD-FIN-401042,0.6346,59.8894,6.0,3.7258,0.2666,0.1776,25.2895,0.0425,1.0,0.6439,0
MPLAD-FIN-401043,0.8976,19.2106,5.0,3.9375,0.2892,0.2324,44.4969,0.0431,2.0,0.2578,0
MPLAD-FIN-401044,0.7602,13.3588,4.0,1.236,0.0152,0.3044,9.2871,0.1568,0.0,0.2821,0
MPLAD-FIN-401045,0.7101,53.6167,8.0,8.4554,0.1245,0.4055,16.1827,0.2316,0.0,0.293,0
MPLAD-FIN-401046,0.6833,52.9758,4.0,9.4098,0.177,0.3346,24.3689,0.1745,0.0,0.1732,0
MPLAD-FIN-401047,1.0194,53.9573,7.0,4.1995,0.3241,0.3586,98.771,0.336,0.0,0.6776,0
MPLAD-FIN-401048,1.0026,67.8973,6.0,4.8024,0.1982,0.1948,107.7268,0.1348,0.0,0.8332,0
MPLAD-FIN-401049,0.787,17.9857,5.0,4.7238,0.162,0.1854,84.9424,0.2307,0.0,0.1409,0
MPLAD-FIN-401050,0.8638,17.1246,3.0,1.6418,0.0231,0.261,38.3692,0.1238,0.0,0.2021,0
MPLAD-FIN-401051,0.8188,12.8214,7.0,2.8673,0.1355,0.0758,101.5971,0.1398,0.0,0.4419,0
MPLAD-FIN-401052,0.9595,25.5053,6.0,5.1689,0.2111,0.1242,71.3073,0.2617,0.0,0.1637,0
MPLAD-FIN-401053,0.9098,37.0487,5.0,0.7382,0.0165,0.4456,11.6853,0.2493,0.0,0.2591,0
MPLAD-FIN-401054,0.8794,39.7314,4.0,1.4981,0.093,0.2838,14.4253,0.2042,0.0,0.4349,0
MPLAD-FIN-401055,0.7546,50.2768,3.0,2.027,0.2141,0.0425,44.9282,0.0807,0.0,0.424,0
MPLAD-FIN-401056,0.8697,31.5739,2.0,3.3466,0.3444,0.4553,15.3324,0.0848,0.0,0.5824,0
MPLAD-FIN-401057,0.9798,44.2002,2.0,4.4894,0.063,0.1229,15.0232,0.3277,1.0,0.8273,0
MPLAD-FIN-401058,0.8603,59.5019,8.0,3.698,0.0563,0.3428,20.2514,0.2899,2.0,0.2479,0
MPLAD-FIN-401059,0.8453,43.3897,8.0,3.7141,0.0083,0.2865,33.4992,0.1365,0.0,0.7127,0
MPLAD-FIN-401060,0.8637,81.283,3.0,2.1871,0.1098,0.3873,15.0401,0.0704,0.0,0.5805,0
MPLAD-FIN-401061,0.8004,53.2482,7.0,3.4129,0.1909,0.2742,52.8351,0.0477,0.0,0.1108,0
MPLAD-FIN-401062,0.7497,40.7682,6.0,5.5764,0.0733,0.3328,57.6605,0.2767,0.0,0.9052,0
MPLAD-FIN-401063,1.05,54.6686,5.0,5.7659,0.0106,0.0399,61.9529,0.0514,0.0,0.4226,0
MPLAD-FIN-401064,1.0866,12.6923,1.0,22.7744,0.7339,0.9034,498.3193,0.9671,1.0,1.2304,1
MPLAD-FIN-401065,0.8591,36.0681,5.0,2.6313,0.008,0.0463,52.9878,0.2049,0.0,0.3366,0
MPLAD-FIN-401066,0.8798,68.2621,7.0,1.9679,0.1669,0.4605,115.3493,0.2169,1.0,1.834,0
MPLAD-FIN-401067,0.9619,66.1846,6.0,2.9842,0.217,0.2057,18.4473,0.344,1.0,0.3059,0
MPLAD-FIN-401068,0.8502,27.3782,3.0,4.9583,0.2879,0.6584,26.3395,0.0806,0.0,0.1653,0
MPLAD-FIN-401069,0.8408,7.4851,6.0,3.8027,0.0809,0.108,66.0273,0.3197,0.0,0.4212,0
MPLAD-FIN-401070,0.8401,33.7587,2.0,1.608,0.0429,0.5158,50.5803,0.1859,0.0,0.1479,0
MPLAD-FIN-401071,0.9681,82.2264,2.0,6.0056,0.298,0.2307,29.0052,0.3742,0.0,0.1424,0
MPLAD-FIN-401072,0.8185,29.1768,3.0,4.5999,0.1411,0.3911,24.4586,0.6148,0.0,0.5784,0
MPLAD-FIN-401073,0.8401,16.5866,5.0,3.395,0.0623,0.2189,19.8998,0.2509,0.0,0.9278,0
MPLAD-FIN-401074,0.8557,7.1059,4.0,2.5352,0.2718,0.1123,26.2636,0.2569,1.0,0.8483,0
MPLAD-FIN-401075,0.8815,53.3048,8.0,14.116,0.0294,0.1152,32.9989,0.3064,0.0,0.5181,0
MPLAD-FIN-401076,0.9835,24.2648,8.0,2.834,0.0925,0.1972,38.8775,0.0696,0.0,0.2648,0
MPLAD-FIN-401077,0.9697,22.6146,5.0,0.4724,0.1464,0.0405,3.8068,0.1396,0.0,0.4826,0
MPLAD-FIN-401078,0.8949,20.875,8.0,6.0023,0.0268,0.2353,42.2158,0.0841,0.0,0.6078,0
MPLAD-FIN-401079,0.9589,38.0539,3.0,1.7427,0.2629,0.1066,29.3487,0.2651,0.0,0.0257,0
MPLAD-FIN-401080,0.7638,6.7788,5.0,5.623,0.1068,0.2823,45.0941,0.044,0.0,0.6362,0
MPLAD-FIN-401081,1.0005,34.884,3.0,2.9959,0.054,0.3565,64.8834,0.0465,0.0,0.7347,0
MPLAD-FIN-401082,0.8013,71.4792,8.0,0.6828,0.2038,0.1044,55.6961,0.3682,1.0,0.5072,0
MPLAD-FIN-401083,0.8126,17.3597,6.0,17.0989,0.0788,0.439,59.8662,0.1697,1.0,0.4534,0
MPLAD-FIN-401084,1.1699,26.5554,1.0,26.2957,0.8321,0.8781,250.5079,0.7705,3.0,2.1257,1
MPLAD-FIN-401085,0.9211,73.843,7.0,0.5005,0.1707,0.2173,16.9162,0.0287,0.0,0.8104,0
MPLAD-FIN-401086,0.8016,24.855,2.0,7.0324,0.3657,0.0482,41.5351,0.2978,0.0,0.2875,0
MPLAD-FIN-401087,0.9698,9.5867,8.0,0.7923,0.0108,0.2473,26.0415,0.346,1.0,0.2677,0
MPLAD-FIN-401088,0.8581,22.9073,3.0,3.3862,0.1019,0.1585,14.6298,0.2918,0.0,0.0896,0
MPLAD-FIN-401089,1.1778,10.3527,1.0,12.8344,0.3607,0.8638,370.2434,0.8501,1.0,3.3688,1
MPLAD-FIN-401090,1.05,28.957,7.0,6.5693,0.1245,0.1769,14.5098,0.1105,0.0,0.2952,0
MPLAD-FIN-401091,0.7147,12.2645,5.0,3.4568,0.1661,0.2923,29.7056,0.2169,0.0,0.6466,0
MPLAD-FIN-401092,0.9394,8.048,2.0,32.3598,0.9536,0.939,146.8715,0.7077,3.0,3.4552,1
MPLAD-FIN-401093,1.05,38.8485,2.0,0.4809,0.2032,0.1786,29.1062,0.0657,0.0,0.9442,0
MPLAD-FIN-401094,0.6774,7.4924,2.0,3.4646,0.0492,0.1894,78.5037,0.2073,0.0,0.3619,0
MPLAD-FIN-401095,0.8678,41.9645,7.0,0.4089,0.1699,0.0944,75.0472,0.1524,0.0,0.0806,0
MPLAD-FIN-401096,0.8618,27.0507,5.0,2.4118,0.1411,0.2933,8.6404,0.1743,0.0,0.2396,0
MPLAD-FIN-401097,0.8949,9.1344,5.0,5.443,0.1757,0.269,51.418,0.4225,0.0,0.2103,0
MPLAD-FIN-401098,0.8848,48.6307,4.0,0.9637,0.0588,0.3598,105.816,0.725,0.0,0.2742,0
MPLAD-FIN-401099,0.8471,8.1809,6.0,1.8578,0.5523,0.3917,4.8512,0.2109,1.0,0.3516,0
MPLAD-FIN-401100,0.7902,53.6999,8.0,8.2336,0.2494,0.1407,54.2479,0.1235,0.0,0.2254,0
MPLAD-FIN-401101,0.7743,24.7423,8.0,3.1372,0.0786,0.3123,32.3197,0.2032,0.0,0.0859,0
MPLAD-FIN-401102,1.05,76.5963,6.0,0.5913,0.2211,0.2208,12.9606,0.1295,0.0,0.5691,0
MPLAD-FIN-401103,0.9434,12.5287,7.0,3.5885,0.0201,0.3541,28.7228,0.1107,0.0,0.2914,0
MPLAD-FIN-401104,0.8467,30.0608,6.0,13.3043,0.0442,0.2649,66.9688,0.207,1.0,0.308,0
MPLAD-FIN-401105,0.7629,20.4745,8.0,3.0828,0.1009,0.2271,8.4597,0.1448,1.0,0.3359,0
MPLAD-FIN-401106,0.9776,28.2915,7.0,1.1152,0.3113,0.1351,9.3346,0.2627,1.0,0.2437,0
MPLAD-FIN-401107,0.9097,23.3308,5.0,6.145,0.0337,0.2031,6.1391,0.188,0.0,0.3495,0
MPLAD-FIN-401108,0.9265,31.9137,4.0,9.3884,0.1061,0.0863,22.8134,0.0529,0.0,1.2168,0
MPLAD-FIN-401109,0.987,29.1685,3.0,4.8355,0.199,0.1911,13.8138,0.228,1.0,0.5908,0
MPLAD-FIN-401110,0.9693,24.9882,5.0,6.3411,0.1184,0.1924,38.9491,0.3463,0.0,0.1259,0
MPLAD-FIN-401111,0.9042,44.7943,8.0,2.1002,0.0642,0.713,21.0671,0.0752,0.0,0.7652,0
MPLAD-FIN-401112,0.9789,10.2482,3.0,0.8014,0.1917,0.5912,71.7353,0.2145,0.0,0.1159,0
MPLAD-FIN-401113,0.8502,24.6801,8.0,0.3245,0.0339,0.2788,22.7563,0.2214,0.0,0.0712,0
MPLAD-FIN-401114,0.7013,37.7612,4.0,1.4601,0.0068,0.231,48.8316,0.3066,0.0,0.6828,0
MPLAD-FIN-401115,1.0353,23.7045,3.0,4.6862,0.2739,0.1843,27.7389,0.4106,0.0,0.2624,0
MPLAD-FIN-401116,0.7605,29.576,3.0,1.5696,0.121,0.1318,37.6336,0.4571,0.0,1.0878,0
MPLAD-FIN-401117,0.6918,48.4449,2.0,7.0412,0.1565,0.0678,28.5075,0.1163,0.0,0.0242,0
MPLAD-FIN-401118,0.9277,25.7929,8.0,5.1544,0.1642,0.3205,81.079,0.1023,1.0,0.3256,0
MPLAD-FIN-401119,0.8392,31.7139,3.0,3.5859,0.2046,0.3343,44.7399,0.3308,0.0,0.6637,0
MPLAD-FIN-401120,0.8313,35.1791,2.0,2.224,0.1319,0.1914,23.5193,0.1013,0.0,0.331,0
MPLAD-FIN-401121,1.05,118.3199,6.0,7.5612,0.1203,0.3464,35.7952,0.1264,0.0,0.6137,0
MPLAD-FIN-401122,0.8942,17.109,7.0,3.8457,0.1331,0.0516,28.547,0.0359,1.0,0.3378,0
MPLAD-FIN-401123,0.7351,22.6738,3.0,3.7511,0.0256,0.3568,52.7325,0.4037,0.0,0.5623,0
MPLAD-FIN-401124,0.9441,30.6703,4.0,8.0222,0.5431,0.1174,37.103,0.2013,0.0,0.2212,0
MPLAD-FIN-401125,0.9259,40.3296,2.0,7.3015,0.0799,0.6846,60.3588,0.0273,0.0,0.2021,0
MPLAD-FIN-401126,0.6328,8.3371,6.0,5.7689,0.2778,0.1796,22.27,0.2009,0.0,0.2904,0
MPLAD-FIN-401127,0.9033,41.4326,3.0,9.0054,0.1375,0.1108,18.8487,0.3888,0.0,0.2965,0
MPLAD-FIN-401128,0.6853,27.3939,8.0,3.4706,0.1017,0.3936,9.2628,0.1419,1.0,0.7749,0
MPLAD-FIN-401129,0.8309,54.6525,8.0,3.0593,0.0821,0.2726,26.1874,0.0905,0.0,0.0311,0
MPLAD-FIN-401130,1.0397,27.4111,8.0,5.4555,0.2211,0.2585,31.5446,0.232,0.0,0.2353,0
MPLAD-FIN-401131,0.8472,42.5537,4.0,2.0417,0.1416,0.1092,51.6018,0.219,0.0,0.7588,0
MPLAD-FIN-401132,0.8508,32.2379,8.0,6.1005,0.0776,0.2891,20.8087,0.1066,0.0,0.8457,0
MPLAD-FIN-401133,0.8123,9.1334,4.0,2.7213,0.1189,0.0814,48.7226,0.3643,0.0,0.5058,0
MPLAD-FIN-401134,1.2254,2.0952,1.0,42.0103,0.9397,0.6612,154.5973,0.9614,4.0,4.3657,1
MPLAD-FIN-401135,0.6117,35.7231,3.0,1.8202,0.0438,0.5003,28.8789,0.1375,1.0,0.1998,0
MPLAD-FIN-401136,0.875,33.9824,7.0,3.4671,0.1008,0.3022,48.7243,0.247,1.0,1.0693,0
MPLAD-FIN-401137,0.9501,57.6865,6.0,1.7903,0.2772,0.2788,73.3781,0.1353,0.0,0.1209,0
MPLAD-FIN-401138,1.0152,8.7079,2.0,2.1635,0.2023,0.4238,14.5081,0.1831,0.0,0.2842,0
MPLAD-FIN-401139,0.7352,29.1048,6.0,4.9152,0.1319,0.1299,49.5524,0.2145,1.0,0.6073,0
MPLAD-FIN-401140,0.8849,40.1381,5.0,1.9673,0.2258,0.0909,43.8499,0.0658,0.0,0.1028,0
MPLAD-FIN-401141,0.6969,26.1962,4.0,1.6754,0.1912,0.1832,79.2136,0.039,1.0,0.1151,0
MPLAD-FIN-401142,0.8181,6.7524,5.0,2.9119,0.2256,0.356,31.2441,0.2823,1.0,0.2537,0
MPLAD-FIN-401143,0.8735,16.878,5.0,2.2508,0.0712,0.2254,33.2879,0.3672,1.0,0.5301,0
MPLAD-FIN-401144,1.0483,10.3493,6.0,2.521,0.1963,0.0699,82.027,0.3169,0.0,0.2251,0
MPLAD-FIN-401145,0.93,23.7645,2.0,2.3133,0.3738,0.2655,31.0553,0.3897,0.0,0.892,0
MPLAD-FIN-401146,0.8044,49.9176,8.0,1.7866,0.1216,0.3885,50.2164,0.5806,0.0,0.1972,0
MPLAD-FIN-401147,0.8845,10.6447,3.0,3.5465,0.092,0.1106,34.8583,0.4408,0.0,0.1519,0
MPLAD-FIN-401148,1.0152,18.6697,6.0,7.6757,0.1096,0.1731,7.5386,0.2806,1.0,0.21,0
MPLAD-FIN-401149,0.7676,10.4916,3.0,11.9679,0.0248,0.2182,45.3364,0.104,0.0,0.5978,0
MPLAD-FIN-401150,1.0212,17.3175,7.0,1.9913,0.2497,0.2124,20.3013,0.3938,1.0,0.3515,0
MPLAD-FIN-401151,0.6531,61.6743,6.0,0.8772,0.0729,0.0173,58.1249,0.104,0.0,0.1362,0
MPLAD-FIN-401152,0.8757,26.9174,8.0,1.9967,0.374,0.5352,14.6628,0.3516,1.0,0.8287,0
MPLAD-FIN-401153,0.9807,39.4908,2.0,4.1137,0.1723,0.1338,73.8013,0.2376,2.0,0.4207,0
MPLAD-FIN-401154,1.0015,25.6242,7.0,5.5547,0.0542,0.0921,5.6208,0.1734,0.0,0.2429,0
MPLAD-FIN-401155,1.0347,1.1668,2.0,42.2311,0.9034,0.8843,96.8903,0.9727,2.0,1.5307,1
MPLAD-FIN-401156,0.9391,21.1344,2.0,7.4162,0.0997,0.0232,68.826,0.3981,0.0,0.4328,0
MPLAD-FIN-401157,0.9928,8.1245,5.0,4.1976,0.1331,0.3284,74.2653,0.358,0.0,0.3476,0
MPLAD-FIN-401158,0.9116,52.3323,2.0,1.9153,0.1175,0.2047,73.8508,0.2226,1.0,0.9323,0
MPLAD-FIN-401159,0.9175,66.9094,6.0,4.1374,0.318,0.3325,10.2713,0.2039,0.0,0.3533,0
MPLAD-FIN-401160,0.8719,49.9468,5.0,3.9118,0.1279,0.2193,54.7666,0.1482,1.0,0.3382,0
MPLAD-FIN-401161,1.05,35.778,4.0,1.4073,0.1469,0.191,9.8055,0.1212,1.0,0.5609,0
MPLAD-FIN-401162,0.9769,31.2602,5.0,2.7298,0.0523,0.5753,65.9839,0.5875,0.0,0.3914,0
MPLAD-FIN-401163,0.6578,58.0372,3.0,2.9956,0.1654,0.2683,28.0289,0.2179,0.0,0.3625,0
MPLAD-FIN-401164,0.9629,8.3243,8.0,2.0013,0.3968,0.1308,39.0784,0.2143,0.0,0.1652,0
MPLAD-FIN-401165,0.7105,9.4493,4.0,5.978,0.105,0.1482,54.9818,0.4048,0.0,0.1707,0
MPLAD-FIN-401166,0.9271,17.6865,2.0,2.4885,0.1236,0.4661,57.6715,0.1518,1.0,0.2272,0
MPLAD-FIN-401167,0.8866,41.5049,4.0,2.5976,0.0407,0.3005,16.3468,0.3153,0.0,0.2825,0
MPLAD-FIN-401168,1.0587,2.1648,1.0,24.8309,0.8009,0.9768,229.4678,0.8381,4.0,4.2219,1
MPLAD-FIN-401169,0.8375,59.0636,4.0,2.3623,0.0107,0.2727,56.4353,0.03,0.0,0.6894,0
MPLAD-FIN-401170,1.0245,26.8459,4.0,8.0717,0.051,0.1633,135.075,0.0687,0.0,0.0343,0
MPLAD-FIN-401171,0.9372,38.2783,8.0,4.8536,0.0752,0.069,48.2349,0.0384,1.0,0.1927,0
MPLAD-FIN-401172,1.0588,4.3996,2.0,18.7353,0.5997,0.9782,231.555,0.9389,4.0,1.474,1
MPLAD-FIN-401173,1.3208,2.7286,2.0,52.6293,0.8138,0.7657,112.2381,0.8432,6.0,3.2689,1
MPLAD-FIN-401174,0.9934,57.0238,4.0,3.8033,0.1079,0.2325,20.7758,0.2521,2.0,0.3146,0
MPLAD-FIN-401175,0.8907,25.0802,5.0,2.5967,0.1566,0.321,34.6079,0.1951,3.0,0.468,0
MPLAD-FIN-401176,0.8907,35.6728,3.0,3.4856,0.0095,0.0962,19.4361,0.1942,1.0,0.1121,0
MPLAD-FIN-401177,0.9301,66.5241,6.0,6.651,0.1293,0.1029,50.4834,0.2613,0.0,0.3812,0
MPLAD-FIN-401178,0.9957,40.3113,5.0,3.2624,0.1782,0.1004,54.1318,0.0525,0.0,0.7044,0
MPLAD-FIN-401179,0.8848,28.6812,4.0,0.3107,0.3834,0.1594,75.9806,0.092,0.0,0.1917,0
MPLAD-FIN-401180,0.9291,10.3259,7.0,7.4491,0.297,0.3409,44.438,0.0783,0.0,0.2656,0
MPLAD-FIN-401181,0.8093,26.1352,8.0,2.2993,0.0218,0.0674,111.05,0.1781,0.0,0.1821,0
MPLAD-FIN-401182,0.7199,14.4824,2.0,2.6285,0.0725,0.1782,20.9545,0.2653,0.0,0.2665,0
MPLAD-FIN-401183,0.994,18.1772,2.0,3.0408,0.1616,0.5309,63.3703,0.1255,0.0,0.3503,0
MPLAD-FIN-401184,0.7344,19.7772,5.0,4.6519,0.2393,0.2602,32.138,0.4196,0.0,0.3844,0
MPLAD-FIN-401185,0.8069,50.6376,5.0,10.0072,0.0768,0.2473,19.2412,0.2173,0.0,1.1745,0
MPLAD-FIN-401186,0.8427,22.9912,6.0,7.4481,0.2115,0.0641,34.9824,0.4833,0.0,0.2446,0
MPLAD-FIN-401187,0.8315,17.5409,3.0,5.0044,0.2217,0.3888,33.5443,0.4639,2.0,0.8388,0
MPLAD-FIN-401188,0.8889,20.2915,5.0,4.1058,0.3415,0.0618,46.2285,0.2377,0.0,0.2516,0
MPLAD-FIN-401189,0.9508,11.1151,6.0,5.1713,0.1385,0.1087,22.7051,0.3197,1.0,1.1102,0
MPLAD-FIN-401190,0.8237,104.8343,7.0,11.0504,0.1753,0.1337,45.9712,0.2494,0.0,0.1591,0
MPLAD-FIN-401191,0.9584,52.0585,4.0,3.6742,0.0585,0.1732,41.4368,0.0706,2.0,0.3134,0
MPLAD-FIN-401192,0.8515,74.906,8.0,6.0498,0.0297,0.2286,19.0802,0.1779,1.0,0.106,0
MPLAD-FIN-401193,1.0616,4.7153,1.0,5.3444,0.9736,0.8523,160.6611,0.8955,3.0,2.7879,1
MPLAD-FIN-401194,0.7757,34.7674,8.0,4.1209,0.1155,0.1031,13.3155,0.442,0.0,0.7259,0
MPLAD-FIN-401195,1.0161,0.555,2.0,36.7294,0.9743,0.9722,249.1853,0.9776,4.0,2.8809,1
MPLAD-FIN-401196,0.7983,69.3959,3.0,0.3236,0.062,0.0132,63.3921,0.0823,0.0,0.1248,0
MPLAD-FIN-401197,0.9264,55.5306,4.0,8.3878,0.2269,0.2623,24.5614,0.0697,1.0,0.3655,0
MPLAD-FIN-401198,0.9043,19.3327,3.0,2.4508,0.0882,0.0983,51.3983,0.2322,1.0,0.9941,0
MPLAD-FIN-401199,0.938,7.6881,2.0,27.2601,0.39,0.8491,165.7388,0.9885,7.0,1.8306,1
MPLAD-FIN-401200,0.9562,40.0275,8.0,6.6572,0.0171,0.26,19.9054,0.1555,0.0,0.2039,0
MPLAD-FIN-401201,0.8913,29.6315,2.0,3.7059,0.2912,0.1342,25.2629,0.0375,0.0,0.938,0
MPLAD-FIN-401202,0.9642,33.1618,8.0,2.8728,0.0425,0.1241,38.6235,0.1728,0.0,0.729,0
MPLAD-FIN-401203,0.8503,68.389,4.0,4.6008,0.1117,0.0609,65.9873,0.0923,0.0,0.097,0
MPLAD-FIN-401204,0.8967,24.6204,5.0,3.8568,0.2758,0.1959,41.4514,0.5828,0.0,0.3386,0
MPLAD-FIN-401205,0.8549,43.3859,7.0,3.2818,0.1002,0.2765,23.6121,0.0432,0.0,0.1753,0
MPLAD-FIN-401206,0.8558,34.4667,7.0,3.5376,0.0505,0.2707,18.7263,0.3256,0.0,0.1836,0
MPLAD-FIN-401207,0.9987,73.9637,4.0,2.924,0.0295,0.3759,57.7983,0.3669,0.0,0.2047,0
MPLAD-FIN-401208,0.8354,54.5787,3.0,6.8143,0.0165,0.3958,63.4939,0.3337,0.0,0.2601,0
MPLAD-FIN-401209,0.7664,19.1517,6.0,6.4545,0.3246,0.1958,6.4344,0.2277,0.0,0.3473,0
MPLAD-FIN-401210,0.9974,91.1451,3.0,2.1664,0.0804,0.3178,54.0115,0.0944,2.0,0.4375,0
MPLAD-FIN-401211,0.9498,41.2778,3.0,4.0569,0.1308,0.1128,22.1572,0.2763,2.0,0.6178,0
MPLAD-FIN-401212,0.7697,31.9591,8.0,0.6972,0.11,0.2611,25.3358,0.2721,0.0,0.7281,0
MPLAD-FIN-401213,0.8691,13.9192,7.0,0.96,0.2615,0.5169,6.1498,0.3113,1.0,0.3566,0
MPLAD-FIN-401214,0.9051,37.065,2.0,3.308,0.1356,0.0712,40.226,0.2572,1.0,0.2012,0
MPLAD-FIN-401215,0.8961,95.6773,3.0,0.5748,0.0451,0.0879,26.1846,0.3859,0.0,1.0913,0
MPLAD-FIN-401216,0.9798,43.6551,5.0,9.523,0.028,0.3669,54.0126,0.0689,0.0,1.0122,0
MPLAD-FIN-401217,0.7481,59.252,5.0,1.6924,0.0858,0.4102,51.4112,0.3325,0.0,0.3383,0
MPLAD-FIN-401218,0.7593,38.6694,3.0,4.7018,0.1414,0.2111,106.5892,0.0552,0.0,0.3882,0
MPLAD-FIN-401219,0.8619,95.973,2.0,3.9044,0.4601,0.2554,72.7982,0.3186,0.0,0.2513,0
MPLAD-FIN-401220,0.6939,66.6671,3.0,8.3501,0.1671,0.3364,39.1331,0.4461,0.0,0.3549,0
MPLAD-FIN-401221,0.8657,23.9604,6.0,1.97,0.0013,0.1494,75.3977,0.15,0.0,0.2119,0
MPLAD-FIN-401222,0.9196,61.0355,4.0,3.2816,0.2041,0.2389,75.6476,0.2375,0.0,0.5808,0
MPLAD-FIN-401223,0.8011,12.688,7.0,4.1015,0.2104,0.1257,50.3407,0.2747,0.0,0.5201,0
MPLAD-FIN-401224,1.0119,13.0813,2.0,28.2719,0.9556,0.7348,152.6357,0.7114,3.0,2.9385,1
MPLAD-FIN-401225,0.8248,26.6961,7.0,4.8917,0.1654,0.3354,18.6295,0.2018,0.0,0.7763,0
MPLAD-FIN-401226,0.7869,30.9298,6.0,1.4391,0.3416,0.5374,15.7197,0.1226,0.0,0.1523,0
MPLAD-FIN-401227,0.8281,29.1961,8.0,4.3299,0.09,0.0436,74.4667,0.0394,0.0,0.4682,0
MPLAD-FIN-401228,0.9865,18.1548,7.0,1.6897,0.1115,0.362,9.1917,0.2543,0.0,0.5831,0
MPLAD-FIN-401229,0.7769,13.8675,4.0,2.144,0.5866,0.2698,179.8868,0.3614,1.0,0.6437,0
MPLAD-FIN-401230,0.8686,9.3588,3.0,4.5926,0.3564,0.3218,90.9778,0.1686,1.0,0.3642,0
MPLAD-FIN-401231,0.9662,11.6811,7.0,0.3323,0.2667,0.3236,49.8734,0.2794,0.0,0.142,0
MPLAD-FIN-401232,0.7399,29.2048,7.0,2.512,0.1337,0.0191,25.4696,0.0363,1.0,1.1309,0
MPLAD-FIN-401233,0.9666,39.909,4.0,1.5109,0.1667,0.3293,17.2927,0.0594,0.0,0.7359,0
MPLAD-FIN-401234,0.8506,17.5436,8.0,1.9932,0.1601,0.1971,30.3593,0.2547,0.0,0.2449,0
MPLAD-FIN-401235,1.05,21.1986,8.0,2.8078,0.043,0.1757,54.7692,0.1212,0.0,0.6442,0
MPLAD-FIN-401236,0.9354,9.3292,7.0,6.1423,0.2598,0.1327,63.8001,0.25,0.0,0.3491,0
MPLAD-FIN-401237,0.9111,6.1734,3.0,9.3614,0.1606,0.2653,25.6998,0.206,1.0,0.5231,0
MPLAD-FIN-401238,0.7893,45.522,2.0,3.1063,0.2647,0.1212,7.4151,0.3406,0.0,0.5023,0
MPLAD-FIN-401239,0.7772,28.6013,2.0,1.5058,0.3404,0.02,29.9602,0.1197,0.0,0.2449,0
MPLAD-FIN-401240,0.8712,23.351,5.0,1.8042,0.0773,0.1653,11.9323,0.205,0.0,0.7868,0
MPLAD-FIN-401241,0.8499,49.1791,6.0,3.876,0.1008,0.2327,27.4502,0.4234,0.0,0.0762,0
MPLAD-FIN-401242,0.9748,38.7295,3.0,2.1843,0.0799,0.1915,22.0003,0.1971,1.0,0.3921,0
MPLAD-FIN-401243,0.9865,49.8931,6.0,11.6864,0.0527,0.1025,20.9872,0.2066,0.0,0.0256,0
MPLAD-FIN-401244,0.9913,9.1479,4.0,2.2772,0.0648,0.3094,50.3862,0.2488,0.0,0.5499,0
MPLAD-FIN-401245,1.05,91.3994,4.0,1.0824,0.6569,0.167,55.0283,0.4166,0.0,0.4249,0
MPLAD-FIN-401246,1.1437,2.2093,2.0,18.7953,0.7644,0.9616,214.4417,0.8524,5.0,1.3555,1
MPLAD-FIN-401247,1.0178,28.2789,6.0,2.0126,0.0168,0.428,18.7117,0.4718,1.0,0.6978,0
MPLAD-FIN-401248,1.05,39.2692,5.0,0.7897,0.0193,0.1652,69.9107,0.1164,0.0,0.3311,0
MPLAD-FIN-401249,0.5963,10.5843,7.0,0.7286,0.2345,0.0775,67.3686,0.0209,1.0,0.3337,0
MPLAD-FIN-401250,0.8005,19.91,3.0,3.1162,0.0053,0.5188,43.0596,0.4019,0.0,1.0991,0
MPLAD-FIN-401251,0.8506,29.8516,8.0,6.4885,0.2676,0.5242,119.2775,0.2753,0.0,0.0106,0
MPLAD-FIN-401252,1.0215,19.4717,2.0,1.346,0.1303,0.1543,49.6983,0.1033,0.0,0.1123,0
MPLAD-FIN-401253,0.8555,11.3826,6.0,1.0375,0.0472,0.3001,43.2871,0.3155,0.0,0.7115,0
MPLAD-FIN-401254,0.8219,41.8251,8.0,0.9258,0.0096,0.1853,21.7033,0.0832,0.0,0.5884,0
MPLAD-FIN-401255,0.9916,58.0451,4.0,3.3077,0.0539,0.1129,21.3565,0.3299,0.0,0.4795,0
MPLAD-FIN-401256,0.8187,27.8992,8.0,2.5751,0.0762,0.1177,24.6716,0.1776,0.0,0.7578,0
MPLAD-FIN-401257,0.8068,72.8741,3.0,2.0989,0.4385,0.281,90.7035,0.1938,1.0,0.6224,0
MPLAD-FIN-401258,0.9071,20.8721,3.0,3.3204,0.278,0.1627,38.9957,0.1771,0.0,0.6565,0
MPLAD-FIN-401259,0.6807,26.2434,3.0,2.2167,0.0933,0.1536,24.5403,0.2866,1.0,0.6559,0
MPLAD-FIN-401260,0.8623,51.2334,2.0,2.415,0.105,0.0286,59.8685,0.3982,0.0,0.2939,0
MPLAD-FIN-401261,0.7343,32.0635,8.0,5.7499,0.0902,0.1027,23.9918,0.18,0.0,0.4321,0
MPLAD-FIN-401262,0.9559,72.0551,2.0,0.3778,0.0825,0.0792,46.0625,0.2008,0.0,0.3268,0
MPLAD-FIN-401263,1.0253,41.8487,2.0,10.5212,0.1892,0.3209,33.76,0.0072,0.0,0.5157,0
MPLAD-FIN-401264,0.8305,32.1214,5.0,2.5838,0.3085,0.1794,145.8497,0.1046,1.0,0.3418,0
MPLAD-FIN-401265,0.9585,0.4768,1.0,14.1967,0.9161,0.6106,258.5279,0.7536,2.0,3.0885,1
MPLAD-FIN-401266,0.8986,55.7944,4.0,6.9012,0.1237,0.5174,23.5929,0.0335,1.0,0.3308,0
MPLAD-FIN-401267,0.8097,17.975,3.0,4.8359,0.0694,0.3592,20.3059,0.1248,1.0,0.1783,0
MPLAD-FIN-401268,0.8571,20.8245,4.0,1.0327,0.2372,0.1587,27.3604,0.3969,0.0,0.5177,0
MPLAD-FIN-401269,1.2506,0.367,1.0,24.9346,0.8691,0.6528,239.0466,0.8755,3.0,1.6529,1
MPLAD-FIN-401270,0.9998,28.9628,3.0,1.7047,0.2752,0.3667,55.1864,0.0639,0.0,0.3396,0
MPLAD-FIN-401271,0.9526,36.3987,7.0,5.1813,0.2862,0.0547,12.2033,0.2365,1.0,0.6247,0
MPLAD-FIN-401272,0.6164,24.7141,5.0,6.8416,0.1132,0.1579,47.1765,0.1166,1.0,0.3368,0
MPLAD-FIN-401273,1.2787,1.7091,1.0,12.692,0.8714,0.9117,146.0587,0.9584,1.0,1.345,1
MPLAD-FIN-401274,0.8863,28.007,8.0,6.1525,0.0926,0.0755,42.4099,0.147,1.0,0.4273,0
MPLAD-FIN-401275,1.05,48.9445,5.0,3.7527,0.2932,0.2721,81.4517,0.5583,2.0,0.1994,0
MPLAD-FIN-401276,0.8481,33.0421,5.0,6.8643,0.1205,0.3061,65.6909,0.2706,1.0,0.1065,0
MPLAD-FIN-401277,0.8076,32.6898,2.0,3.3063,0.2252,0.1047,63.4066,0.1123,0.0,0.242,0
MPLAD-FIN-401278,0.6916,30.9832,4.0,3.4057,0.0474,0.2552,40.5551,0.4127,0.0,0.5793,0
MPLAD-FIN-401279,0.7826,42.8021,3.0,0.1,0.1204,0.3143,60.4596,0.2569,0.0,0.4462,0
MPLAD-FIN-401280,0.9242,48.0503,2.0,3.5427,0.1531,0.0924,31.7498,0.4131,1.0,0.1792,0
MPLAD-FIN-401281,0.9442,16.598,2.0,2.7284,0.2507,0.4194,54.8979,0.3634,0.0,0.8196,0
MPLAD-FIN-401282,0.8764,54.0316,5.0,5.2345,0.2115,0.1658,46.1404,0.2188,1.0,1.1593,0
MPLAD-FIN-401283,0.8128,37.0988,4.0,1.5403,0.1837,0.3026,35.2673,0.1833,0.0,0.6567,0
MPLAD-FIN-401284,0.8068,11.6403,5.0,0.5602,0.1257,0.1894,31.2661,0.2238,1.0,0.1352,0
MPLAD-FIN-401285,0.7989,79.6063,4.0,3.8252,0.2504,0.0588,34.0565,0.2726,0.0,0.4471,0
MPLAD-FIN-401286,0.8471,61.5844,7.0,1.0895,0.2408,0.1904,64.5517,0.3929,0.0,0.4061,0
MPLAD-FIN-401287,0.8915,4.6636,1.0,18.6424,0.4811,0.8755,295.4973,0.9086,5.0,1.2988,1
MPLAD-FIN-401288,0.8424,22.8036,8.0,1.7507,0.0888,0.1066,14.6676,0.0636,1.0,0.3853,0
MPLAD-FIN-401289,0.8599,26.356,4.0,1.6347,0.2022,0.4689,31.8949,0.2656,1.0,0.9761,0
MPLAD-FIN-401290,0.9782,51.6766,5.0,8.5502,0.17,0.1249,66.4798,0.1793,2.0,0.2501,0
MPLAD-FIN-401291,0.9844,20.2512,8.0,1.8579,0.3556,0.2273,43.6677,0.0761,0.0,0.3979,0
MPLAD-FIN-401292,0.8335,23.7996,2.0,0.3881,0.0194,0.2935,58.3807,0.1209,0.0,0.316,0
MPLAD-FIN-401293,0.9714,49.4926,6.0,7.4981,0.064,0.1783,52.7745,0.1621,0.0,0.3608,0
MPLAD-FIN-401294,0.9089,21.0677,4.0,7.7993,0.109,0.086,61.2492,0.2749,0.0,0.6252,0
MPLAD-FIN-401295,0.9103,51.972,5.0,2.9483,0.0435,0.0571,85.0703,0.1828,1.0,0.22,0
MPLAD-FIN-401296,0.974,71.4736,7.0,1.1327,0.4401,0.3409,58.5603,0.1878,0.0,0.4464,0
MPLAD-FIN-401297,0.7257,14.6854,5.0,2.2447,0.4956,0.2214,6.1369,0.1334,0.0,0.3869,0
MPLAD-FIN-401298,0.6754,11.4091,8.0,12.7599,0.1142,0.501,29.246,0.1838,0.0,0.3771,0
MPLAD-FIN-401299,0.9183,37.3407,3.0,4.1601,0.1769,0.2508,5.0634,0.096,3.0,0.2905,0
MPLAD-FIN-401300,0.8603,27.9524,5.0,2.2618,0.0753,0.1198,25.8907,0.3484,0.0,0.0837,0
MPLAD-FIN-401301,1.0424,13.0859,8.0,1.7075,0.1137,0.1974,66.5464,0.1491,0.0,0.2544,0
MPLAD-FIN-401302,0.9581,10.7802,7.0,6.2505,0.0667,0.0999,15.0076,0.1241,1.0,0.2876,0
MPLAD-FIN-401303,0.8454,5.7915,7.0,7.9714,0.0945,0.1487,51.1649,0.1433,0.0,0.3224,0
MPLAD-FIN-401304,0.9018,107.0191,5.0,5.4789,0.2067,0.1246,102.1451,0.2656,0.0,0.3145,0
MPLAD-FIN-401305,0.7617,38.2422,8.0,3.3582,0.0056,0.0641,10.4176,0.2428,0.0,0.0985,0
MPLAD-FIN-401306,0.8938,37.8356,8.0,1.6243,0.0595,0.0351,61.5609,0.0051,1.0,1.5573,0
MPLAD-FIN-401307,0.9847,39.7954,6.0,3.0922,0.0125,0.1843,13.4094,0.0308,0.0,0.4627,0
MPLAD-FIN-401308,0.8764,40.7433,4.0,0.7647,0.3047,0.2327,9.3275,0.2894,0.0,0.4131,0
MPLAD-FIN-401309,0.8348,57.4179,6.0,5.2911,0.0538,0.4158,15.1138,0.3891,0.0,0.6384,0
MPLAD-FIN-401310,0.8102,24.184,7.0,1.1536,0.1528,0.0966,91.3252,0.1621,0.0,0.2178,0
MPLAD-FIN-401311,0.8986,49.1753,7.0,2.7597,0.0581,0.6737,12.1743,0.0346,1.0,0.6,0
MPLAD-FIN-401312,0.8225,93.9443,8.0,5.776,0.2109,0.2923,103.2538,0.2074,0.0,0.2479,0
MPLAD-FIN-401313,0.8942,36.6705,4.0,2.1588,0.2348,0.3109,56.4064,0.6133,1.0,0.0146,0
MPLAD-FIN-401314,0.9172,14.0476,5.0,3.0297,0.0746,0.452,9.8734,0.1218,0.0,0.748,0
MPLAD-FIN-401315,0.8981,59.3084,7.0,3.0429,0.0843,0.0497,56.2936,0.2211,0.0,0.8736,0
MPLAD-FIN-401316,0.9948,30.6108,4.0,3.1129,0.1501,0.3909,92.2976,0.3099,1.0,0.3932,0
MPLAD-FIN-401317,0.914,33.0018,6.0,3.8253,0.0967,0.1668,35.3423,0.1644,1.0,0.2734,0
MPLAD-FIN-401318,0.9481,56.8557,3.0,7.0812,0.1688,0.4077,166.7011,0.1942,0.0,0.2615,0
MPLAD-FIN-401319,0.857,58.9835,4.0,0.3764,0.0743,0.3109,20.4025,0.437,0.0,0.5663,0
MPLAD-FIN-401320,0.8632,18.5844,2.0,3.2613,0.2758,0.5475,44.4495,0.0722,1.0,0.3622,0
MPLAD-FIN-401321,0.8612,35.6424,8.0,1.2208,0.1817,0.1778,56.2506,0.3257,0.0,0.3728,0
MPLAD-FIN-401322,0.8292,53.7539,6.0,8.3534,0.1605,0.173,63.377,0.2596,0.0,0.1651,0
MPLAD-FIN-401323,0.9369,18.1692,8.0,3.202,0.1807,0.0767,30.3541,0.0751,0.0,0.7281,0
MPLAD-FIN-401324,0.7892,51.2088,4.0,3.4926,0.2165,0.1122,46.8425,0.2521,1.0,0.561,0
MPLAD-FIN-401325,0.9722,24.6795,4.0,3.6122,0.1445,0.0072,65.5578,0.0146,0.0,0.143,0
MPLAD-FIN-401326,1.05,29.3323,6.0,1.8441,0.1842,0.2653,75.9785,0.1067,0.0,0.4303,0
MPLAD-FIN-401327,0.9268,42.9338,6.0,8.5626,0.2427,0.3537,22.277,0.1985,1.0,1.1611,0
MPLAD-FIN-401328,0.9587,77.7425,4.0,4.6926,0.0346,0.0678,5.9512,0.3071,1.0,0.2246,0
MPLAD-FIN-401329,0.6217,38.2333,7.0,3.2618,0.1158,0.1099,81.0005,0.0898,0.0,0.6736,0
MPLAD-FIN-401330,0.8628,17.3156,4.0,5.824,0.0589,0.181,35.8373,0.0594,0.0,0.9748,0
MPLAD-FIN-401331,0.7834,16.9304,5.0,1.4369,0.0139,0.4397,5.5223,0.3255,1.0,0.6772,0
MPLAD-FIN-401332,0.9649,26.518,7.0,1.926,0.1563,0.2551,105.6726,0.1511,0.0,0.3251,0
MPLAD-FIN-401333,0.8744,29.0053,3.0,5.9755,0.1646,0.2073,20.3309,0.0384,1.0,1.603,0
MPLAD-FIN-401334,0.8654,22.3803,7.0,1.4257,0.0409,0.2842,80.9728,0.0984,0.0,0.322,0
MPLAD-FIN-401335,0.7166,25.6459,7.0,4.5586,0.0515,0.1896,20.2163,0.4438,0.0,0.2676,0
MPLAD-FIN-401336,0.907,71.884,5.0,5.9882,0.0267,0.2536,32.0587,0.2721,0.0,0.7907,0
MPLAD-FIN-401337,0.8816,9.5646,6.0,1.3205,0.1135,0.0605,58.8902,0.2489,2.0,0.2147,0
MPLAD-FIN-401338,0.8713,16.4442,8.0,2.1461,0.4341,0.4282,47.0114,0.2431,0.0,0.2062,0
MPLAD-FIN-401339,0.7779,56.4241,6.0,2.6479,0.0329,0.3052,39.8664,0.1548,0.0,0.2275,0
MPLAD-FIN-401340,0.9267,31.8052,3.0,1.3976,0.053,0.4998,16.4073,0.2385,1.0,0.2359,0
MPLAD-FIN-401341,0.7977,41.7898,6.0,5.1009,0.2353,0.3091,19.6201,0.5746,0.0,0.7433,0
MPLAD-FIN-401342,1.0255,57.0289,8.0,3.3717,0.2977,0.1946,105.2927,0.1857,0.0,0.9784,0
MPLAD-FIN-401343,0.906,32.6828,6.0,3.9475,0.2379,0.1296,46.9028,0.3252,1.0,0.3994,0
MPLAD-FIN-401344,1.05,44.4304,7.0,1.3202,0.1543,0.3684,98.9408,0.054,0.0,0.508,0
MPLAD-FIN-401345,0.9531,10.3515,7.0,2.482,0.2168,0.2134,28.6584,0.4073,0.0,0.2159,0
MPLAD-FIN-401346,1.05,33.1938,4.0,2.3703,0.1509,0.4678,38.0875,0.1989,0.0,0.2814,0
MPLAD-FIN-401347,0.964,56.6202,5.0,3.6435,0.0804,0.2835,14.0912,0.0868,0.0,0.7022,0
MPLAD-FIN-401348,0.8162,42.7849,5.0,4.4533,0.1404,0.333,112.8534,0.1715,2.0,0.3611,0
MPLAD-FIN-401349,0.9069,21.2182,8.0,2.174,0.1269,0.4158,61.6774,0.0433,0.0,0.4159,0
MPLAD-FIN-401350,0.7881,58.821,7.0,3.0867,0.1804,0.154,37.4098,0.3198,0.0,0.0397,0
MPLAD-FIN-401351,0.917,25.1569,7.0,3.289,0.1043,0.327,29.695,0.1839,0.0,0.1263,0
MPLAD-FIN-401352,0.8674,31.1377,4.0,6.036,0.0942,0.2374,26.2967,0.2365,1.0,1.0699,0
MPLAD-FIN-401353,1.05,37.9206,2.0,6.7422,0.0424,0.1194,24.2039,0.0591,0.0,0.1787,0
MPLAD-FIN-401354,0.8598,39.9817,6.0,4.2251,0.0522,0.3296,57.112,0.3123,0.0,1.3491,0
MPLAD-FIN-401355,1.0068,0.7202,1.0,18.9362,0.8128,0.9299,233.7409,0.6382,5.0,3.3546,1
MPLAD-FIN-401356,0.8828,21.3894,7.0,3.1011,0.3397,0.3592,83.8087,0.2453,0.0,0.1428,0
MPLAD-FIN-401357,0.8453,57.3613,8.0,2.1113,0.0647,0.3358,16.2134,0.3998,0.0,0.0715,0
MPLAD-FIN-401358,1.05,12.7153,5.0,2.7268,0.2946,0.1511,5.9487,0.3008,0.0,0.7081,0
MPLAD-FIN-401359,0.9684,18.2251,7.0,1.8342,0.2741,0.5941,34.8593,0.2682,0.0,0.5852,0
MPLAD-FIN-401360,0.9306,29.8416,4.0,1.5073,0.0718,0.198,28.058,0.1339,0.0,0.2899,0
MPLAD-FIN-401361,0.9163,10.8234,7.0,3.4466,0.0321,0.111,16.1711,0.1703,1.0,0.8397,0
MPLAD-FIN-401362,0.7591,13.6702,4.0,2.9145,0.1474,0.2841,89.8531,0.2363,0.0,0.1819,0
MPLAD-FIN-401363,0.8007,13.7752,4.0,3.412,0.1486,0.5407,18.3908,0.1086,1.0,0.2897,0
MPLAD-FIN-401364,0.8015,49.6171,6.0,7.8415,0.2783,0.1206,25.9963,0.3021,0.0,0.1051,0
MPLAD-FIN-401365,0.8463,8.5036,2.0,5.7498,0.2191,0.3563,37.4723,0.5587,1.0,0.3249,0
MPLAD-FIN-401366,0.8173,21.0631,4.0,3.6354,0.0847,0.0334,16.8147,0.4755,0.0,0.396,0
MPLAD-FIN-401367,0.7862,28.0805,8.0,7.1167,0.097,0.3107,81.9855,0.2281,1.0,0.9783,0
MPLAD-FIN-401368,0.7937,120.4028,5.0,2.8044,0.1691,0.2519,71.914,0.0748,0.0,0.2917,0
MPLAD-FIN-401369,0.8759,46.4144,2.0,4.3107,0.3378,0.165,14.5445,0.3292,0.0,0.208,0
MPLAD-FIN-401370,1.025,38.2078,7.0,2.5047,0.0267,0.1148,57.2314,0.5126,1.0,0.1,0
MPLAD-FIN-401371,0.7808,29.876,7.0,2.9919,0.2563,0.4025,77.4852,0.1559,0.0,0.8196,0
MPLAD-FIN-401372,0.9487,38.3336,8.0,0.9804,0.252,0.2226,60.8582,0.5547,0.0,0.3355,0
MPLAD-FIN-401373,0.8284,10.8713,3.0,4.1769,0.1281,0.1486,27.6688,0.0032,1.0,0.9286,0
MPLAD-FIN-401374,0.9515,7.573,7.0,3.7532,0.1037,0.423,36.6179,0.1914,0.0,0.2862,0
MPLAD-FIN-401375,0.7882,0.1281,1.0,8.3516,0.83,0.8512,112.445,0.6066,6.0,2.1504,1
MPLAD-FIN-401376,0.8475,28.4457,4.0,4.1911,0.1407,0.1774,82.6562,0.1277,1.0,0.1254,0
MPLAD-FIN-401377,0.9304,27.2636,4.0,4.695,0.1205,0.252,41.6183,0.1016,2.0,0.4397,0
MPLAD-FIN-401378,0.7853,43.891,4.0,2.58,0.167,0.1303,71.8472,0.1274,0.0,0.5223,0
MPLAD-FIN-401379,1.0219,34.5022,2.0,3.6744,0.1854,0.2502,12.2637,0.0247,0.0,0.1835,0
MPLAD-FIN-401380,0.8356,24.8759,4.0,1.4619,0.4491,0.4339,40.0738,0.1763,1.0,0.6279,0
MPLAD-FIN-401381,0.8911,64.7305,2.0,4.7123,0.3045,0.345,5.9842,0.175,0.0,0.757,0
MPLAD-FIN-401382,0.8162,27.5748,5.0,1.9849,0.0885,0.2353,2.2931,0.4612,1.0,0.586,0
MPLAD-FIN-401383,1.05,17.7079,8.0,5.8383,0.1463,0.2064,87.8357,0.2469,0.0,0.0848,0
MPLAD-FIN-401384,1.0068,27.708,6.0,1.8482,0.1424,0.4619,21.2304,0.2303,0.0,0.5806,0
MPLAD-FIN-401385,0.7345,29.0271,8.0,2.0647,0.1156,0.403,31.9781,0.6238,0.0,0.1029,0
MPLAD-FIN-401386,0.9851,8.1509,2.0,2.201,0.0688,0.37,22.4742,0.3088,0.0,0.5149,0
MPLAD-FIN-401387,1.0208,0.1107,2.0,34.0427,0.8966,0.8119,197.9511,0.9155,2.0,2.984,1
MPLAD-FIN-401388,0.7607,12.8691,7.0,2.616,0.1392,0.442,21.9575,0.4153,0.0,0.3809,0
MPLAD-FIN-401389,0.8081,24.4535,4.0,5.4515,0.0461,0.2374,13.3159,0.3181,1.0,0.6683,0
MPLAD-FIN-401390,0.9536,15.8561,3.0,1.6074,0.1748,0.6229,26.5897,0.2885,0.0,0.3554,0
MPLAD-FIN-401391,0.8618,21.5731,5.0,2.3254,0.1735,0.5218,75.1033,0.0138,0.0,0.3269,0
MPLAD-FIN-401392,1.4077,4.7302,2.0,12.2558,0.9744,0.8776,147.1127,0.849,7.0,1.8506,1
MPLAD-FIN-401393,0.8672,24.4806,3.0,4.0085,0.2484,0.2574,72.3194,0.1213,0.0,0.2053,0
MPLAD-FIN-401394,1.3063,1.9614,2.0,16.4606,0.8911,0.9841,162.7849,0.7894,5.0,1.896,1
MPLAD-FIN-401395,0.9807,91.7828,6.0,3.727,0.1411,0.0294,59.1344,0.1474,0.0,0.3962,0
MPLAD-FIN-401396,0.9406,57.0432,3.0,5.0563,0.024,0.3551,16.6758,0.2133,0.0,0.202,0
MPLAD-FIN-401397,0.9041,43.2704,7.0,2.8092,0.0306,0.2889,40.8447,0.5227,0.0,0.2517,0
MPLAD-FIN-401398,0.7918,100.8328,7.0,1.5073,0.4135,0.1418,60.7886,0.2721,0.0,0.5123,0
MPLAD-FIN-401399,0.9594,45.8697,3.0,1.2061,0.2769,0.2457,30.5215,0.3245,1.0,0.5263,0
MPLAD-FIN-401400,0.7476,33.6022,6.0,3.1992,0.1897,0.0171,82.8985,0.2968,0.0,0.814,0
MPLAD-FIN-401401,0.8887,10.9699,4.0,2.6691,0.0216,0.4207,54.1259,0.205,0.0,0.3681,0
MPLAD-FIN-401402,1.0172,1.3403,1.0,11.0348,0.7261,0.9112,215.7131,0.8513,5.0,2.2909,1
MPLAD-FIN-401403,1.05,44.5756,7.0,0.5764,0.0301,0.3265,33.8904,0.1319,1.0,0.3064,0
MPLAD-FIN-401404,0.9891,27.9368,2.0,2.3752,0.1438,0.4002,48.5823,0.1933,0.0,0.4399,0
MPLAD-FIN-401405,0.8751,32.7829,4.0,1.9258,0.1837,0.1051,17.6598,0.4427,0.0,0.5505,0
MPLAD-FIN-401406,0.8952,24.7032,8.0,2.7501,0.0732,0.2312,53.3775,0.2275,0.0,0.2578,0
MPLAD-FIN-401407,0.9747,16.7095,3.0,0.9741,0.0414,0.2926,20.6856,0.0924,1.0,0.4547,0
MPLAD-FIN-401408,0.8198,40.1711,7.0,1.6707,0.1055,0.2457,65.3899,0.2058,0.0,0.8396,0
MPLAD-FIN-401409,0.9593,1.241,2.0,17.8878,0.9025,0.9409,152.7171,0.9273,3.0,0.6943,1
MPLAD-FIN-401410,0.8268,36.6859,8.0,6.1351,0.0583,0.3801,21.637,0.2948,1.0,0.2475,0
MPLAD-FIN-401411,0.8029,9.0975,4.0,1.5735,0.4195,0.2506,24.8308,0.1471,1.0,0.2606,0
MPLAD-FIN-401412,0.8991,59.6319,8.0,2.038,0.1191,0.2259,39.173,0.1392,0.0,0.3109,0
MPLAD-FIN-401413,0.9206,38.5021,8.0,1.7615,0.06,0.2209,53.3951,0.1338,0.0,0.4583,0
MPLAD-FIN-401414,0.8561,16.0036,7.0,10.6486,0.0156,0.2078,32.9535,0.1587,1.0,0.0661,0
MPLAD-FIN-401415,0.8918,25.4793,6.0,2.6122,0.1475,0.2854,34.9933,0.2666,0.0,0.3868,0
MPLAD-FIN-401416,0.758,38.1567,6.0,4.7962,0.0173,0.2329,93.9109,0.1457,0.0,0.0816,0
MPLAD-FIN-401417,0.9849,14.0612,4.0,4.2057,0.3668,0.3345,27.1349,0.1629,2.0,0.5665,0
MPLAD-FIN-401418,0.7578,44.2558,5.0,3.9073,0.0384,0.1686,25.423,0.1058,1.0,0.8294,0
MPLAD-FIN-401419,0.9592,54.2039,2.0,2.6526,0.0706,0.1474,19.0256,0.1423,0.0,0.4233,0
MPLAD-FIN-401420,0.9262,9.2214,7.0,3.9112,0.1032,0.1629,28.2568,0.0495,1.0,0.1484,0
MPLAD-FIN-401421,0.8256,10.6748,6.0,5.4318,0.0868,0.4095,5.2583,0.0708,0.0,0.0371,0
MPLAD-FIN-401422,0.8636,91.7324,8.0,6.04,0.2901,0.0853,18.0184,0.0766,0.0,0.412,0
MPLAD-FIN-401423,1.0417,22.463,7.0,1.0677,0.0461,0.1253,70.3124,0.0574,0.0,0.1864,0
MPLAD-FIN-401424,0.955,30.2831,5.0,2.0039,0.0416,0.1995,26.0318,0.2102,1.0,0.7391,0
MPLAD-FIN-401425,0.787,40.6724,2.0,2.5839,0.3246,0.1718,49.5904,0.3371,0.0,0.1778,0
MPLAD-FIN-401426,0.8342,43.1618,2.0,6.7148,0.0936,0.3854,60.8022,0.2789,0.0,0.7025,0
MPLAD-FIN-401427,0.811,16.9516,5.0,4.8807,0.4218,0.0421,29.8979,0.1414,1.0,0.2794,0
MPLAD-FIN-401428,0.6911,18.8579,2.0,7.4522,0.1125,0.2969,65.1042,0.1243,0.0,0.6623,0
MPLAD-FIN-401429,0.8977,7.8592,3.0,2.538,0.0847,0.1852,26.6345,0.3513,1.0,0.3769,0
MPLAD-FIN-401430,0.9235,10.3483,3.0,2.8568,0.3662,0.1493,56.376,0.4723,0.0,0.4241,0
MPLAD-FIN-401431,0.9896,34.4287,8.0,2.5631,0.1024,0.0133,55.2275,0.158,0.0,0.5427,0
MPLAD-FIN-401432,0.9292,60.9679,5.0,0.6104,0.2772,0.1172,24.5091,0.0914,0.0,1.0343,0
MPLAD-FIN-401433,0.8308,24.3209,4.0,4.3481,0.2323,0.2867,20.766,0.1719,0.0,0.4243,0
MPLAD-FIN-401434,0.8936,26.0863,7.0,3.337,0.0808,0.5022,72.4324,0.317,0.0,0.3996,0
MPLAD-FIN-401435,0.8904,35.3563,4.0,5.0382,0.2247,0.184,8.6661,0.3808,1.0,0.6657,0
MPLAD-FIN-401436,0.843,44.75,5.0,1.6683,0.0074,0.188,10.7796,0.1394,0.0,0.3608,0
MPLAD-FIN-401437,0.8847,25.3682,3.0,8.3837,0.1006,0.1799,33.0901,0.1159,0.0,0.6887,0
MPLAD-FIN-401438,0.8281,42.7032,8.0,2.7935,0.0991,0.0962,46.5761,0.2696,0.0,0.5717,0
MPLAD-FIN-401439,0.9867,50.6501,8.0,3.5158,0.0996,0.1462,49.2182,0.0549,0.0,0.1229,0
MPLAD-FIN-401440,0.9749,28.9445,5.0,4.3713,0.0961,0.089,8.5665,0.1461,0.0,0.0687,0
MPLAD-FIN-401441,0.9277,40.7971,8.0,6.9159,0.1016,0.3247,46.9418,0.5503,1.0,0.2542,0
MPLAD-FIN-401442,0.9748,19.515,7.0,6.2042,0.145,0.5393,58.0886,0.0686,0.0,0.6109,0
MPLAD-FIN-401443,0.9365,11.6707,5.0,7.6261,0.2101,0.0595,13.4493,0.021,0.0,0.1769,0
MPLAD-FIN-401444,1.05,68.4417,5.0,1.5066,0.119,0.1865,73.654,0.1563,1.0,0.2316,0
MPLAD-FIN-401445,0.7797,25.7231,2.0,1.9932,0.0463,0.3471,32.8496,0.1516,2.0,0.1989,0
MPLAD-FIN-401446,0.9483,28.7818,2.0,3.1787,0.32,0.3829,37.6326,0.1605,2.0,0.2506,0
MPLAD-FIN-401447,0.726,52.2784,8.0,6.96,0.0459,0.3164,18.7308,0.185,0.0,0.6746,0
MPLAD-FIN-401448,0.8528,14.6317,5.0,4.3891,0.0379,0.161,12.8329,0.1694,1.0,0.5232,0
MPLAD-FIN-401449,0.8347,32.0125,6.0,1.4037,0.1933,0.1452,7.9073,0.1603,1.0,0.0592,0
MPLAD-FIN-401450,0.6963,19.4936,4.0,1.181,0.1548,0.2427,59.0203,0.4155,0.0,0.1023,0
MPLAD-FIN-401451,0.7664,22.7818,3.0,1.7322,0.2508,0.0928,8.0039,0.1963,0.0,0.4067,0
MPLAD-FIN-401452,0.9672,56.0584,6.0,7.1143,0.4955,0.3632,21.3799,0.1325,0.0,0.3768,0
MPLAD-FIN-401453,1.0273,10.849,6.0,3.3279,0.1712,0.2137,69.5691,0.3229,0.0,0.2636,0
MPLAD-FIN-401454,0.9265,27.5139,7.0,1.3653,0.054,0.0887,19.5954,0.2096,1.0,0.3674,0
MPLAD-FIN-401455,0.8463,34.2162,8.0,5.2801,0.1331,0.1005,11.6829,0.4686,1.0,0.5126,0
MPLAD-FIN-401456,0.7972,70.6901,4.0,1.9429,0.2462,0.0529,4.9191,0.0678,0.0,0.9336,0
MPLAD-FIN-401457,0.7935,23.2071,5.0,4.8452,0.2391,0.1363,131.504,0.2218,1.0,0.1065,0
MPLAD-FIN-401458,0.8321,14.93,4.0,3.3593,0.2839,0.2898,46.4151,0.2196,2.0,0.4337,0
MPLAD-FIN-401459,0.8306,30.8073,5.0,9.9719,0.149,0.1883,13.2565,0.441,3.0,0.4553,0
MPLAD-FIN-401460,0.816,32.3909,4.0,9.7001,0.0675,0.5502,37.175,0.1505,0.0,0.3206,0
MPLAD-FIN-401461,0.9895,19.3165,5.0,3.7975,0.0456,0.396,71.5417,0.3548,1.0,1.464,0
MPLAD-FIN-401462,0.7662,35.0992,2.0,7.4827,0.0398,0.2364,39.764,0.2376,0.0,0.3381,0
MPLAD-FIN-401463,1.1698,5.3784,2.0,19.2137,0.7444,0.9587,192.1247,0.8128,3.0,1.909,1
MPLAD-FIN-401464,0.9301,15.1748,8.0,7.4344,0.0181,0.0797,24.5862,0.1185,0.0,0.3142,0
MPLAD-FIN-401465,0.973,21.0627,4.0,0.8613,0.0459,0.1515,17.5069,0.1704,0.0,0.1433,0
MPLAD-FIN-401466,0.8602,42.2551,4.0,0.7116,0.0174,0.4086,31.4942,0.4159,0.0,0.0844,0
MPLAD-FIN-401467,0.871,4.8877,7.0,10.5252,0.0685,0.1108,42.2973,0.1991,1.0,0.2536,0
MPLAD-FIN-401468,1.0161,13.8423,5.0,2.5764,0.0397,0.1854,47.4482,0.0206,0.0,0.3671,0
MPLAD-FIN-401469,0.9021,15.0315,8.0,2.074,0.0367,0.2273,12.5031,0.2752,1.0,0.2377,0
MPLAD-FIN-401470,0.86,22.253,2.0,1.6281,0.0792,0.0241,44.929,0.3174,0.0,0.032,0
MPLAD-FIN-401471,0.8903,43.4457,4.0,10.0334,0.0881,0.0784,113.3639,0.1272,0.0,1.7457,0
MPLAD-FIN-401472,0.9731,42.3443,6.0,0.6057,0.073,0.2546,35.162,0.0545,0.0,0.1779,0
MPLAD-FIN-401473,0.8329,51.1108,7.0,5.4746,0.1785,0.4922,61.129,0.2882,0.0,0.1395,0
MPLAD-FIN-401474,0.9829,41.3044,7.0,6.9038,0.1095,0.2319,14.7335,0.1763,0.0,0.3343,0
MPLAD-FIN-401475,0.7847,38.9711,3.0,3.1044,0.0246,0.1154,51.7923,0.1205,0.0,0.5833,0
MPLAD-FIN-401476,0.7459,62.9156,6.0,3.8697,0.0113,0.176,43.1433,0.166,1.0,1.081,0
MPLAD-FIN-401477,0.9586,36.32,2.0,4.2568,0.2581,0.5171,11.4676,0.1821,0.0,0.1903,0
MPLAD-FIN-401478,0.9793,37.2658,3.0,4.2142,0.1413,0.1202,50.9648,0.4806,1.0,0.1497,0
MPLAD-FIN-401479,1.0424,46.8609,7.0,8.1501,0.0293,0.2105,41.9952,0.2427,0.0,0.3455,0
MPLAD-FIN-401480,0.8436,21.9132,2.0,2.6531,0.4757,0.2,81.4447,0.2314,0.0,0.4362,0
MPLAD-FIN-401481,0.6486,18.3034,6.0,1.858,0.1004,0.0973,66.3826,0.0922,0.0,0.485,0
MPLAD-FIN-401482,1.05,81.4212,6.0,1.2628,0.3183,0.4499,9.7445,0.3396,0.0,0.3582,0
MPLAD-FIN-401483,0.9615,11.8064,5.0,3.2856,0.27,0.2671,37.4798,0.3025,0.0,0.1633,0
MPLAD-FIN-401484,1.0221,19.0809,6.0,5.5821,0.1745,0.0332,16.7173,0.3294,0.0,0.2746,0
MPLAD-FIN-401485,0.8149,72.2366,7.0,7.2164,0.1586,0.2869,77.8956,0.0806,0.0,0.1972,0
MPLAD-FIN-401486,0.6772,24.4839,3.0,2.1536,0.0116,0.0351,36.8431,0.0912,0.0,0.2047,0
MPLAD-FIN-401487,0.9337,22.0335,3.0,5.4226,0.1017,0.216,71.4454,0.1819,0.0,0.3696,0
MPLAD-FIN-401488,0.8892,8.9326,3.0,3.0637,0.09,0.1101,73.0475,0.3218,0.0,0.5982,0
MPLAD-FIN-401489,0.8633,50.4386,2.0,3.1442,0.1301,0.3685,36.2744,0.2516,1.0,0.0298,0
MPLAD-FIN-401490,0.8112,38.2328,4.0,3.1761,0.1545,0.231,46.7733,0.1993,2.0,0.4311,0
MPLAD-FIN-401491,0.7401,50.2163,4.0,3.7803,0.0541,0.2388,28.0815,0.2453,0.0,1.4339,0
MPLAD-FIN-401492,0.9342,20.0859,6.0,0.528,0.099,0.2926,30.9662,0.0402,0.0,0.2176,0
MPLAD-FIN-401493,0.8524,54.4296,8.0,6.4759,0.0519,0.2539,46.9616,0.0571,1.0,0.422,0
MPLAD-FIN-401494,0.8735,51.7086,2.0,2.1231,0.3455,0.3186,25.4332,0.4184,0.0,0.4179,0
MPLAD-FIN-401495,0.8761,79.2895,7.0,3.7283,0.1379,0.241,26.5871,0.2021,1.0,0.1724,0
MPLAD-FIN-401496,0.7738,37.4048,2.0,1.7323,0.0726,0.1889,24.345,0.3594,0.0,0.9882,0
MPLAD-FIN-401497,0.8478,24.9896,4.0,9.4155,0.0333,0.2524,33.8343,0.1449,1.0,1.4771,0
MPLAD-FIN-401498,0.9192,26.978,3.0,1.9184,0.2614,0.2586,16.8029,0.2325,0.0,0.142,0
MPLAD-FIN-401499,0.8804,22.7989,3.0,4.327,0.0465,0.463,90.7904,0.2322,0.0,0.686,0
MPLAD-FIN-401500,1.05,39.2117,6.0,5.3293,0.2085,0.1304,101.05,0.2599,1.0,0.4883,0
MPLAD-FIN-401501,0.7958,15.0104,4.0,8.5845,0.2405,0.407,42.4017,0.5132,0.0,0.6298,0
MPLAD-FIN-401502,0.9545,73.895,3.0,4.5339,0.0554,0.2132,119.7139,0.2267,0.0,0.2426,0
MPLAD-FIN-401503,0.7185,13.1231,8.0,3.4306,0.2586,0.1814,53.5171,0.3131,1.0,0.4302,0
MPLAD-FIN-401504,0.8763,29.2338,4.0,3.5666,0.0633,0.3064,18.0871,0.4361,1.0,0.104,0
MPLAD-FIN-401505,0.8638,11.5276,7.0,4.6293,0.0201,0.3192,30.5245,0.1369,1.0,0.86,0
MPLAD-FIN-401506,0.962,19.6897,7.0,2.2937,0.0938,0.254,40.65,0.2083,0.0,0.0652,0
MPLAD-FIN-401507,0.8682,38.9983,4.0,4.1082,0.0785,0.1053,28.5259,0.1921,0.0,0.594,0
MPLAD-FIN-401508,0.663,65.7152,7.0,8.7781,0.516,0.2418,33.3531,0.1132,1.0,0.3354,0
MPLAD-FIN-401509,0.7733,15.6595,6.0,3.6374,0.0516,0.1159,78.9067,0.1648,1.0,0.2874,0
MPLAD-FIN-401510,0.9213,7.242,1.0,54.2795,0.8474,0.9077,126.8463,0.9407,3.0,3.706,1
MPLAD-FIN-401511,1.0276,11.3841,3.0,2.88,0.154,0.2857,24.5429,0.3643,0.0,0.2913,0
MPLAD-FIN-401512,0.8164,40.2629,4.0,1.6375,0.1838,0.4734,42.1555,0.3969,0.0,0.1262,0
MPLAD-FIN-401513,1.0391,29.9341,7.0,2.4736,0.1531,0.4098,114.987,0.1918,0.0,0.3207,0
MPLAD-FIN-401514,0.9164,23.0564,2.0,4.9881,0.0327,0.1113,61.8812,0.3122,0.0,0.2467,0
MPLAD-FIN-401515,0.9322,59.2833,2.0,0.9661,0.0485,0.2096,13.8493,0.0687,0.0,1.2887,0
MPLAD-FIN-401516,0.7865,23.5594,3.0,2.1028,0.1496,0.1352,41.9039,0.2286,0.0,0.3723,0
MPLAD-FIN-401517,0.8614,27.6828,2.0,1.844,0.187,0.2419,8.9809,0.2426,1.0,0.6822,0
MPLAD-FIN-401518,1.0909,8.6951,2.0,15.8983,0.7422,0.6714,183.8427,0.716,3.0,2.4699,1
MPLAD-FIN-401519,0.92,17.1095,8.0,3.7397,0.1739,0.3718,40.3006,0.3093,0.0,0.7404,0
MPLAD-FIN-401520,0.8815,10.9726,3.0,3.6943,0.0149,0.0488,49.6801,0.0269,0.0,0.5515,0
MPLAD-FIN-401521,1.0026,18.3552,5.0,4.1889,0.1788,0.1554,88.9089,0.212,0.0,0.3124,0
MPLAD-FIN-401522,0.8527,104.3685,2.0,2.3429,0.1115,0.0526,15.7673,0.17,0.0,0.4158,0
MPLAD-FIN-401523,1.0069,30.0414,7.0,3.993,0.3395,0.3617,26.4083,0.0859,0.0,0.4319,0
MPLAD-FIN-401524,0.8828,22.2347,4.0,1.8902,0.061,0.0952,31.0003,0.1008,0.0,0.6116,0
MPLAD-FIN-401525,0.8705,16.2957,2.0,4.9711,0.1303,0.079,91.2988,0.2884,0.0,0.459,0
MPLAD-FIN-401526,0.8213,26.5171,6.0,4.1576,0.1353,0.2922,61.7763,0.05,0.0,0.2754,0
MPLAD-FIN-401527,0.8452,45.0923,7.0,5.565,0.1321,0.3672,26.9818,0.059,1.0,0.7613,0
MPLAD-FIN-401528,0.9535,34.8199,5.0,17.7834,0.0161,0.2328,90.1615,0.1318,0.0,0.9471,0
MPLAD-FIN-401529,0.7826,17.5699,2.0,3.3596,0.1171,0.1945,48.5224,0.0641,0.0,0.5655,0
MPLAD-FIN-401530,0.8895,34.1974,7.0,7.4311,0.1508,0.1185,38.654,0.1785,0.0,0.1344,0
MPLAD-FIN-401531,0.7665,36.1526,3.0,1.5298,0.0093,0.3789,61.7958,0.0676,0.0,1.3392,0
MPLAD-FIN-401532,0.8798,31.6453,5.0,3.1498,0.0717,0.1034,19.9526,0.4345,0.0,0.2065,0
MPLAD-FIN-401533,0.8909,41.8069,8.0,5.0036,0.0249,0.3904,16.0902,0.0955,0.0,0.3727,0
MPLAD-FIN-401534,0.8898,15.1418,7.0,4.0051,0.0735,0.0534,39.5742,0.2288,0.0,0.2765,0
MPLAD-FIN-401535,0.8473,42.5224,8.0,1.8698,0.1099,0.2439,36.552,0.0408,0.0,0.4606,0
MPLAD-FIN-401536,0.913,42.5116,7.0,5.0869,0.0144,0.1564,8.4422,0.2509,0.0,0.2236,0
MPLAD-FIN-401537,0.8757,46.9013,7.0,1.7076,0.2505,0.1189,24.34,0.2779,1.0,0.2599,0
MPLAD-FIN-401538,0.995,33.1189,2.0,2.6768,0.0752,0.2471,18.7321,0.0951,0.0,0.2337,0
MPLAD-FIN-401539,0.7487,23.4675,4.0,6.8825,0.4059,0.329,68.8422,0.0258,0.0,0.3041,0
MPLAD-FIN-401540,1.0361,14.4612,8.0,5.5805,0.0854,0.0457,84.3776,0.0399,1.0,0.3587,0
MPLAD-FIN-401541,0.8325,74.3022,4.0,0.6244,0.0516,0.0758,33.4465,0.2146,0.0,0.6819,0
MPLAD-FIN-401542,0.8519,26.5788,3.0,1.9749,0.1447,0.1606,12.3635,0.1786,0.0,0.0938,0
MPLAD-FIN-401543,1.0026,27.6444,6.0,5.563,0.1431,0.1672,16.2027,0.115,1.0,0.4038,0
MPLAD-FIN-401544,0.9657,32.2319,5.0,4.3312,0.2572,0.306,12.2969,0.161,0.0,0.1594,0
MPLAD-FIN-401545,0.9689,21.9548,8.0,2.7312,0.0667,0.301,52.9934,0.4091,0.0,0.0948,0
MPLAD-FIN-401546,0.7521,18.7208,7.0,2.2867,0.1206,0.1585,18.4548,0.1041,1.0,1.0034,0
MPLAD-FIN-401547,0.8367,66.1765,2.0,7.0206,0.2476,0.2318,51.9269,0.3907,2.0,0.1626,0
MPLAD-FIN-401548,0.8278,27.5489,7.0,2.8353,0.0785,0.1436,73.1282,0.3383,2.0,0.3275,0
MPLAD-FIN-401549,0.888,33.7475,3.0,0.8974,0.1617,0.2667,67.2386,0.0657,0.0,0.0782,0
MPLAD-FIN-401550,0.7993,18.2043,5.0,1.5621,0.4231,0.0406,35.8179,0.239,0.0,0.8015,0
MPLAD-FIN-401551,0.7471,4.2441,4.0,6.078,0.225,0.2111,38.5607,0.1751,0.0,0.1542,0
MPLAD-FIN-401552,0.9542,11.6002,2.0,4.4348,0.2087,0.0698,35.3617,0.1612,1.0,0.3141,0
MPLAD-FIN-401553,0.7446,43.0356,2.0,6.0368,0.1113,0.184,3.3415,0.2412,0.0,0.5374,0
MPLAD-FIN-401554,1.05,37.5487,3.0,3.8585,0.0458,0.0676,37.303,0.1595,0.0,0.1837,0
MPLAD-FIN-401555,0.9035,18.8421,2.0,0.6922,0.2824,0.2961,63.7647,0.4555,0.0,0.2429,0
MPLAD-FIN-401556,0.9598,44.3531,6.0,2.4711,0.0907,0.2394,33.2569,0.3171,0.0,0.3898,0
MPLAD-FIN-401557,0.6701,18.3013,6.0,3.6299,0.311,0.1071,6.3295,0.258,1.0,0.6074,0
MPLAD-FIN-401558,0.9542,39.8364,2.0,6.5134,0.0072,0.0747,28.6448,0.1038,0.0,0.3509,0
MPLAD-FIN-401559,0.9971,18.3312,6.0,2.4173,0.2015,0.424,56.2093,0.3735,0.0,0.3236,0
MPLAD-FIN-401560,1.05,27.0393,5.0,1.9127,0.2038,0.4673,59.3465,0.1358,0.0,0.2009,0
MPLAD-FIN-401561,0.9587,36.2734,8.0,2.8965,0.2411,0.2409,20.2575,0.3307,1.0,0.65,0
MPLAD-FIN-401562,0.9429,30.1562,2.0,1.185,0.0366,0.0603,55.3492,0.3956,1.0,0.3978,0
MPLAD-FIN-401563,0.8347,7.6217,2.0,2.9265,0.1647,0.3283,44.237,0.0902,1.0,0.6569,0
MPLAD-FIN-401564,1.0488,39.8878,3.0,4.6783,0.1189,0.2422,48.8574,0.3519,0.0,0.6659,0
MPLAD-FIN-401565,0.8694,47.8946,3.0,5.1689,0.1757,0.0791,31.163,0.2432,1.0,0.535,0
MPLAD-FIN-401566,1.05,27.3879,6.0,3.0424,0.3188,0.1966,76.7411,0.0612,0.0,0.135,0
MPLAD-FIN-401567,0.8618,38.4146,3.0,4.9273,0.033,0.1441,68.9571,0.1269,1.0,0.1712,0
MPLAD-FIN-401568,0.9649,42.7529,5.0,4.4799,0.2065,0.1546,12.6901,0.0954,1.0,0.1853,0
MPLAD-FIN-401569,0.9647,38.4745,8.0,2.6378,0.2113,0.0776,24.292,0.2619,0.0,0.5672,0
MPLAD-FIN-401570,0.8108,22.0016,5.0,1.8313,0.1111,0.1286,16.4351,0.4188,1.0,0.7343,0
MPLAD-FIN-401571,0.9968,25.9716,8.0,1.635,0.4342,0.1976,56.6522,0.2035,1.0,0.2379,0
MPLAD-FIN-401572,1.008,29.7918,2.0,3.2168,0.2603,0.1909,50.6229,0.2136,0.0,0.3958,0
MPLAD-FIN-401573,0.9231,22.4572,6.0,2.3858,0.4358,0.2039,39.1358,0.4518,1.0,0.329,0
MPLAD-FIN-401574,0.9906,28.3907,7.0,5.1548,0.0515,0.4516,85.0733,0.0631,0.0,1.0044,0
MPLAD-FIN-401575,0.9796,47.7692,7.0,2.2413,0.1323,0.292,41.8573,0.0153,0.0,0.1342,0
MPLAD-FIN-401576,0.8195,70.7198,3.0,3.5011,0.0415,0.2233,28.0928,0.1289,1.0,0.2607,0
MPLAD-FIN-401577,0.845,64.8174,8.0,2.2958,0.2332,0.1465,50.5796,0.6776,0.0,0.1029,0
MPLAD-FIN-401578,0.8173,41.0964,6.0,2.717,0.1481,0.1641,35.9102,0.2602,0.0,0.4845,0
MPLAD-FIN-401579,0.7767,14.0593,3.0,1.8883,0.0582,0.126,40.6881,0.0664,0.0,0.6111,0
MPLAD-FIN-401580,0.8822,69.9356,2.0,2.8975,0.1393,0.0732,83.9346,0.3044,0.0,0.1661,0
MPLAD-FIN-401581,0.8517,15.0574,4.0,1.4109,0.131,0.5061,97.9565,0.4142,1.0,0.4743,0
MPLAD-FIN-401582,0.9728,23.798,6.0,15.2099,0.1018,0.0988,31.3346,0.3099,0.0,0.1063,0
MPLAD-FIN-401583,0.8015,93.8722,8.0,0.7214,0.364,0.4503,50.5837,0.1642,0.0,0.149,0
MPLAD-FIN-401584,0.9614,24.6952,5.0,2.7576,0.2355,0.3609,39.4652,0.445,1.0,0.0651,0
MPLAD-FIN-401585,0.8628,78.084,3.0,4.466,0.0481,0.3946,31.3696,0.5142,0.0,0.9984,0
MPLAD-FIN-401586,0.8037,61.2431,8.0,9.8782,0.1413,0.081,52.3158,0.2202,0.0,0.5286,0
MPLAD-FIN-401587,0.9885,41.869,6.0,9.7835,0.0463,0.3817,24.1278,0.0495,0.0,0.1795,0
MPLAD-FIN-401588,0.9529,35.8718,3.0,3.0285,0.1691,0.0757,16.9587,0.4986,0.0,0.4752,0
MPLAD-FIN-401589,0.8084,16.3561,7.0,0.8594,0.0583,0.0899,113.2141,0.2857,0.0,0.3016,0
MPLAD-FIN-401590,0.9094,73.5111,8.0,3.5163,0.3446,0.4715,19.6084,0.4873,0.0,1.4803,0
MPLAD-FIN-401591,0.9956,11.77,3.0,2.3333,0.0259,0.0472,108.6665,0.152,1.0,0.5502,0
MPLAD-FIN-401592,0.9639,20.4866,8.0,1.9151,0.0928,0.3437,10.6346,0.0778,1.0,0.824,0
MPLAD-FIN-401593,0.9638,25.627,6.0,6.7814,0.1246,0.2486,71.8191,0.3927,0.0,0.2134,0
MPLAD-FIN-401594,0.9743,46.0701,2.0,9.5688,0.2215,0.3217,92.0134,0.1294,0.0,0.7373,0
MPLAD-FIN-401595,0.7622,8.8595,8.0,2.8196,0.2235,0.4344,7.6522,0.2064,0.0,0.3554,0
MPLAD-FIN-401596,0.9199,77.6925,3.0,4.7287,0.0191,0.7298,61.4784,0.3195,0.0,0.1069,0
MPLAD-FIN-401597,0.8692,84.2946,8.0,3.1462,0.0716,0.1422,9.4931,0.3729,0.0,0.3643,0
MPLAD-FIN-401598,0.9375,9.0801,7.0,0.8672,0.0435,0.1161,8.5506,0.6188,1.0,0.2074,0
MPLAD-FIN-401599,0.8447,42.8388,6.0,1.5385,0.2667,0.4361,34.5419,0.0177,0.0,0.61,0
MPLAD-FIN-401600,0.8208,65.0094,3.0,1.1904,0.1837,0.3858,35.2014,0.0437,1.0,0.2327,0
MPLAD-FIN-401601,0.9738,14.3324,3.0,1.1998,0.3616,0.1862,55.9075,0.177,0.0,0.3502,0
MPLAD-FIN-401602,0.9813,4.9984,2.0,10.9069,0.457,0.398,75.1294,0.2765,1.0,0.1394,0
MPLAD-FIN-401603,0.6924,30.14,6.0,7.7107,0.0201,0.1845,29.8858,0.2796,0.0,0.7473,0
MPLAD-FIN-401604,0.8614,35.8884,7.0,3.405,0.0644,0.276,40.957,0.0571,0.0,0.349,0
MPLAD-FIN-401605,0.9182,41.2116,4.0,8.3954,0.3149,0.1613,39.0625,0.1586,1.0,0.8262,0
MPLAD-FIN-401606,0.9472,71.8857,5.0,3.3417,0.1824,0.2831,83.0889,0.3042,0.0,0.1738,0
MPLAD-FIN-401607,0.9827,48.2515,6.0,2.9893,0.1285,0.0393,43.4562,0.2808,0.0,0.2772,0
MPLAD-FIN-401608,0.8426,49.5958,6.0,7.8378,0.2597,0.4686,40.9936,0.0983,0.0,0.2417,0
MPLAD-FIN-401609,0.9912,44.5751,7.0,4.7696,0.0394,0.2311,64.7695,0.2166,0.0,0.2263,0
MPLAD-FIN-401610,0.8394,15.1159,6.0,3.6263,0.0549,0.3279,23.1065,0.3944,0.0,0.1344,0
MPLAD-FIN-401611,0.9118,26.4594,4.0,1.3995,0.1514,0.2458,57.2757,0.1445,0.0,0.0936,0
MPLAD-FIN-401612,0.9254,2.4395,1.0,24.4037,0.6989,0.7561,366.5687,0.9701,3.0,1.442,1
MPLAD-FIN-401613,0.9135,50.5987,3.0,7.5572,0.2248,0.0833,6.0678,0.2525,1.0,0.3429,0
MPLAD-FIN-401614,1.1006,15.3925,2.0,20.8089,0.8157,0.8734,204.0776,0.8748,2.0,3.4295,1
MPLAD-FIN-401615,0.8301,28.7872,5.0,2.8331,0.0251,0.4223,42.1639,0.0915,1.0,0.3706,0
MPLAD-FIN-401616,1.0264,67.3382,7.0,5.0166,0.0738,0.1573,24.315,0.0325,0.0,0.2031,0
MPLAD-FIN-401617,0.7643,73.9475,3.0,4.1965,0.0074,0.5655,105.5762,0.2322,0.0,1.1062,0
MPLAD-FIN-401618,0.8204,31.193,6.0,2.0287,0.144,0.1401,55.6322,0.2572,0.0,0.1788,0
MPLAD-FIN-401619,0.9406,17.2794,4.0,16.346,0.0572,0.1783,41.4236,0.177,0.0,0.1458,0
MPLAD-FIN-401620,1.0673,4.2016,1.0,5.2125,0.8974,0.9962,452.4499,0.6383,2.0,1.6007,1
MPLAD-FIN-401621,1.0404,48.8952,7.0,6.9832,0.1896,0.0742,43.7527,0.3714,0.0,0.4339,0
MPLAD-FIN-401622,0.7631,29.8567,8.0,5.9025,0.054,0.0941,59.5305,0.2697,3.0,0.9021,0
MPLAD-FIN-401623,0.9374,24.7686,5.0,6.5159,0.1472,0.1765,66.6715,0.4707,0.0,1.1203,0
MPLAD-FIN-401624,0.8315,62.0852,7.0,2.7377,0.2443,0.2667,12.8991,0.3373,0.0,0.2505,0
MPLAD-FIN-401625,1.05,33.3369,6.0,4.9673,0.1949,0.24,16.5898,0.1474,1.0,0.2966,0
MPLAD-FIN-401626,0.8273,56.6141,7.0,6.3362,0.0656,0.3626,24.7877,0.2884,0.0,0.3872,0
MPLAD-FIN-401627,1.0085,34.0211,5.0,4.638,0.1839,0.1003,100.5261,0.0963,0.0,0.1914,0
MPLAD-FIN-401628,0.9823,41.5599,7.0,5.7215,0.0559,0.0518,99.1826,0.1768,0.0,0.8501,0
MPLAD-FIN-401629,0.9893,21.6013,7.0,3.4057,0.1103,0.2576,49.276,0.2628,0.0,0.6518,0
MPLAD-FIN-401630,0.8521,14.4133,7.0,1.2838,0.2659,0.3165,58.3866,0.1054,0.0,0.5443,0
MPLAD-FIN-401631,0.7133,17.0357,2.0,1.9599,0.242,0.2731,38.478,0.2989,0.0,0.3104,0
MPLAD-FIN-401632,0.9196,54.6547,3.0,5.7472,0.1744,0.1231,21.3034,0.3063,0.0,0.0978,0
MPLAD-FIN-401633,0.9777,18.4017,3.0,4.2692,0.125,0.1477,30.3715,0.2056,1.0,0.5456,0
MPLAD-FIN-401634,0.8036,62.2814,5.0,1.9665,0.3041,0.2393,96.517,0.2833,1.0,0.0996,0
MPLAD-FIN-401635,0.7425,37.2154,3.0,4.2771,0.1595,0.1303,60.6026,0.1638,0.0,0.9117,0
MPLAD-FIN-401636,0.8318,21.3078,3.0,2.991,0.156,0.1604,43.0913,0.4605,1.0,0.4117,0
MPLAD-FIN-401637,1.05,30.2555,8.0,5.8434,0.4886,0.2545,67.6601,0.121,0.0,0.526,0
MPLAD-FIN-401638,1.0017,96.0032,4.0,3.9177,0.2213,0.2277,32.0931,0.1256,0.0,0.4654,0
MPLAD-FIN-401639,0.9468,54.1406,8.0,1.2778,0.3997,0.2356,23.849,0.2345,0.0,0.3756,0
MPLAD-FIN-401640,0.8851,70.9262,2.0,1.7487,0.205,0.3025,24.1193,0.1495,0.0,0.6015,0
MPLAD-FIN-401641,0.8797,32.9575,2.0,2.2109,0.2924,0.2366,15.8031,0.2041,0.0,0.0818,0
MPLAD-FIN-401642,0.7172,45.9447,3.0,1.0983,0.1316,0.1359,91.5336,0.1997,0.0,0.8545,0
MPLAD-FIN-401643,0.8493,59.0949,7.0,2.5274,0.0836,0.2642,40.3276,0.2097,1.0,0.3537,0
MPLAD-FIN-401644,0.8732,54.5997,2.0,3.9618,0.4186,0.1518,62.508,0.1271,0.0,0.6889,0
MPLAD-FIN-401645,0.9389,66.7631,4.0,4.6309,0.2272,0.4026,38.6592,0.0804,1.0,0.8648,0
MPLAD-FIN-401646,0.9692,29.4314,8.0,2.3584,0.2289,0.3,29.1761,0.0468,0.0,0.2634,0
MPLAD-FIN-401647,1.0016,55.9875,2.0,2.5264,0.2005,0.5546,34.1254,0.24,1.0,0.5148,0
MPLAD-FIN-401648,0.7678,30.4477,4.0,2.4595,0.0602,0.1771,6.5677,0.2005,1.0,0.0808,0
MPLAD-FIN-401649,0.7444,18.6791,8.0,2.3457,0.0927,0.233,47.8438,0.0972,0.0,0.195,0
MPLAD-FIN-401650,0.9725,14.1549,7.0,2.9034,0.0225,0.3318,26.6847,0.0703,0.0,0.1682,0
MPLAD-FIN-401651,0.7858,21.3603,2.0,3.6763,0.0065,0.3877,84.5817,0.118,0.0,1.2091,0
MPLAD-FIN-401652,0.8312,25.1294,2.0,3.8513,0.2252,0.2935,34.166,0.2288,1.0,0.2863,0
MPLAD-FIN-401653,0.6917,68.3517,8.0,5.3639,0.1551,0.0338,40.4136,0.1924,0.0,0.1537,0
MPLAD-FIN-401654,0.7576,34.0254,6.0,4.7097,0.108,0.3435,66.1868,0.4874,0.0,1.3059,0
MPLAD-FIN-401655,0.8249,27.7719,6.0,3.5541,0.1672,0.4351,51.4812,0.2386,1.0,0.2063,0
MPLAD-FIN-401656,0.9178,2.2228,1.0,39.4104,0.9705,0.7833,66.6044,0.8412,2.0,2.3826,1
MPLAD-FIN-401657,1.05,24.0587,4.0,5.367,0.2115,0.0943,120.6051,0.4823,0.0,0.7681,0
MPLAD-FIN-401658,1.05,15.788,3.0,6.4739,0.2798,0.1361,58.9209,0.2028,2.0,0.2778,0
MPLAD-FIN-401659,0.923,5.799,2.0,1.3133,0.199,0.1697,5.9405,0.2428,0.0,0.194,0
MPLAD-FIN-401660,0.8565,53.7768,5.0,3.603,0.0532,0.2432,44.8948,0.3216,1.0,0.6025,0
MPLAD-FIN-401661,0.9192,81.4726,6.0,1.5671,0.1808,0.3244,13.651,0.0665,0.0,0.2394,0
MPLAD-FIN-401662,0.9515,31.2512,6.0,10.4827,0.036,0.4129,8.0527,0.0521,0.0,0.2225,0
MPLAD-FIN-401663,0.8458,49.2333,8.0,1.5769,0.4727,0.3684,8.0423,0.3304,0.0,0.1307,0
MPLAD-FIN-401664,0.9644,27.7948,2.0,3.7047,0.064,0.2896,20.8089,0.0443,0.0,0.2123,0
MPLAD-FIN-401665,0.8949,56.9791,6.0,2.7845,0.082,0.1292,71.2018,0.1228,0.0,0.1659,0
MPLAD-FIN-401666,1.0187,9.6816,4.0,3.5938,0.0365,0.4632,48.1037,0.1163,0.0,0.4017,0
MPLAD-FIN-401667,1.2066,12.4179,2.0,12.5498,0.9063,0.8613,299.048,0.8877,2.0,1.552,1
MPLAD-FIN-401668,0.8899,40.5123,4.0,2.4608,0.1419,0.2971,25.7075,0.3652,0.0,0.4224,0
MPLAD-FIN-401669,1.2249,5.6435,1.0,6.5932,0.8148,0.7787,214.1943,0.92,4.0,2.3949,1
MPLAD-FIN-401670,0.8368,29.9537,6.0,3.3353,0.0489,0.6181,20.127,0.1354,0.0,0.3348,0
MPLAD-FIN-401671,0.9278,39.7668,4.0,2.9607,0.0615,0.3137,53.6861,0.2123,0.0,0.2091,0
MPLAD-FIN-401672,0.9087,96.9644,6.0,1.9151,0.0303,0.3436,142.2673,0.4307,2.0,0.701,0
MPLAD-FIN-401673,0.8124,24.7869,3.0,3.3322,0.1377,0.2196,9.5362,0.0707,1.0,0.8247,0
MPLAD-FIN-401674,0.8136,33.8124,6.0,12.9166,0.182,0.2606,44.6109,0.1978,0.0,0.6231,0
MPLAD-FIN-401675,0.8624,76.4702,8.0,0.5268,0.1111,0.1352,30.206,0.1633,0.0,0.4785,0
MPLAD-FIN-401676,0.9091,10.7774,7.0,6.8042,0.1234,0.1246,177.9927,0.1759,0.0,0.3749,0
MPLAD-FIN-401677,0.8688,22.9635,8.0,1.2705,0.1313,0.2947,34.3668,0.7226,0.0,0.133,0
MPLAD-FIN-401678,0.8773,43.3193,6.0,1.7236,0.1054,0.2164,4.2948,0.3824,0.0,0.5128,0
MPLAD-FIN-401679,0.8065,16.2472,3.0,0.986,0.159,0.615,8.5489,0.0537,2.0,0.7268,0
MPLAD-FIN-401680,0.9582,6.8369,5.0,6.4888,0.0842,0.477,99.5121,0.1461,0.0,0.6337,0
MPLAD-FIN-401681,0.8532,47.9935,5.0,5.7705,0.0314,0.2257,17.8792,0.424,0.0,0.4001,0
MPLAD-FIN-401682,0.7957,41.5143,7.0,8.3223,0.0415,0.2154,87.6155,0.1015,1.0,0.6888,0
MPLAD-FIN-401683,0.8075,70.1229,2.0,3.8528,0.1631,0.4708,57.2689,0.3046,0.0,0.1223,0
MPLAD-FIN-401684,0.7138,55.4672,5.0,7.2311,0.1445,0.0381,26.9774,0.5124,1.0,0.3245,0
MPLAD-FIN-401685,0.7845,14.6274,2.0,1.2877,0.209,0.0546,70.1167,0.1782,0.0,0.3946,0
MPLAD-FIN-401686,0.9538,42.1733,7.0,1.6075,0.1004,0.1588,42.8484,0.4016,0.0,0.3154,0
MPLAD-FIN-401687,0.9561,28.5315,2.0,10.7006,0.1988,0.1117,82.2011,0.2889,2.0,0.1356,0
MPLAD-FIN-401688,0.7194,28.2822,5.0,3.1424,0.1537,0.3128,33.4723,0.147,0.0,0.5964,0
MPLAD-FIN-401689,0.8291,24.1659,7.0,3.6036,0.0927,0.0243,7.4678,0.1984,0.0,0.2094,0
MPLAD-FIN-401690,1.05,4.5464,8.0,2.5302,0.089,0.4323,13.654,0.3366,0.0,0.5962,0
MPLAD-FIN-401691,0.9192,19.8532,6.0,10.7828,0.0589,0.3733,95.3213,0.1034,0.0,0.0534,0
MPLAD-FIN-401692,0.9508,19.397,6.0,1.717,0.2564,0.4825,34.6519,0.2593,1.0,0.3828,0
MPLAD-FIN-401693,0.7659,54.3304,6.0,0.7679,0.1181,0.0677,14.4161,0.1747,0.0,0.1519,0
MPLAD-FIN-401694,0.8748,25.8876,7.0,1.3365,0.2006,0.1696,17.496,0.1479,0.0,0.3884,0
MPLAD-FIN-401695,0.713,42.634,8.0,1.6259,0.0697,0.1289,43.6074,0.1707,0.0,0.4454,0
MPLAD-FIN-401696,1.0179,42.6051,4.0,1.0169,0.482,0.0198,33.6008,0.3889,0.0,0.8281,0
MPLAD-FIN-401697,0.8535,13.3057,7.0,5.1563,0.1,0.3169,138.3176,0.1139,0.0,0.2495,0
MPLAD-FIN-401698,0.6607,7.0546,7.0,5.178,0.2778,0.1014,59.9151,0.2506,1.0,0.5407,0
MPLAD-FIN-401699,1.05,62.3535,6.0,4.5099,0.3395,0.1784,36.9215,0.2903,0.0,0.8708,0
MPLAD-FIN-401700,1.0027,19.9416,7.0,2.6256,0.0066,0.1061,18.6102,0.2318,0.0,0.1085,0
MPLAD-FIN-401701,0.8229,32.0333,8.0,0.878,0.0183,0.6971,25.0682,0.3005,0.0,0.3176,0
MPLAD-FIN-401702,0.8944,15.0007,8.0,1.9701,0.0654,0.0971,66.9987,0.0851,0.0,0.4487,0
MPLAD-FIN-401703,0.8079,29.9506,2.0,1.7302,0.1423,0.2363,13.1991,0.0737,0.0,0.6371,0
MPLAD-FIN-401704,0.9549,24.9346,4.0,0.8948,0.4232,0.6858,26.5648,0.042,0.0,0.9084,0
MPLAD-FIN-401705,0.9245,26.837,6.0,2.0106,0.2614,0.3134,20.7971,0.1549,1.0,0.8059,0
MPLAD-FIN-401706,0.8539,62.2904,6.0,2.4779,0.1339,0.0197,29.7346,0.1308,0.0,0.2442,0
MPLAD-FIN-401707,0.7565,29.2363,2.0,4.8097,0.1241,0.1248,34.0284,0.3353,0.0,0.4652,0
MPLAD-FIN-401708,0.9189,17.8613,7.0,3.7226,0.0326,0.1468,10.9911,0.4926,1.0,0.1451,0
MPLAD-FIN-401709,0.6814,7.5788,2.0,3.1488,0.2037,0.1561,45.9299,0.0767,0.0,1.5227,0
MPLAD-FIN-401710,0.9501,21.257,3.0,1.7511,0.6666,0.0146,3.3797,0.1221,1.0,0.1278,0
MPLAD-FIN-401711,1.029,29.527,6.0,6.6211,0.0618,0.3508,62.1257,0.4278,0.0,0.6079,0
MPLAD-FIN-401712,0.8213,56.148,2.0,0.4832,0.2498,0.3979,14.8906,0.345,0.0,0.4413,0
MPLAD-FIN-401713,0.8131,32.0489,4.0,1.36,0.1537,0.43,22.6611,0.4081,0.0,0.4036,0
MPLAD-FIN-401714,0.8532,40.1587,6.0,4.8723,0.2928,0.0967,10.5662,0.3451,0.0,0.0549,0
MPLAD-FIN-401715,0.9629,12.2122,5.0,2.368,0.0815,0.0306,20.92,0.2638,1.0,0.7543,0
MPLAD-FIN-401716,0.7874,104.925,4.0,4.7919,0.1342,0.2507,9.056,0.1627,0.0,0.1339,0
MPLAD-FIN-401717,1.0273,42.3603,7.0,2.5286,0.027,0.1004,26.6141,0.1754,0.0,0.3874,0
MPLAD-FIN-401718,0.8746,37.2647,7.0,3.1293,0.1883,0.0834,46.1145,0.7233,0.0,0.4604,0
MPLAD-FIN-401719,0.8982,21.6597,3.0,3.9372,0.1048,0.2794,27.8006,0.0367,1.0,1.2522,0
MPLAD-FIN-401720,0.9244,27.5344,4.0,3.5337,0.1614,0.1284,36.1847,0.1404,0.0,0.1967,0
MPLAD-FIN-401721,0.8247,16.6646,2.0,2.3759,0.0676,0.0848,121.999,0.4321,0.0,0.0885,0
MPLAD-FIN-401722,0.9225,9.898,5.0,3.844,0.1204,0.2467,22.8531,0.2137,0.0,0.5752,0
MPLAD-FIN-401723,0.8899,47.6433,3.0,3.5284,0.1631,0.0678,7.9004,0.5114,0.0,1.2415,0
MPLAD-FIN-401724,0.8673,7.6446,3.0,1.9943,0.0766,0.1933,30.3022,0.2865,2.0,0.1654,0
MPLAD-FIN-401725,0.8594,55.9268,3.0,4.0806,0.1407,0.1358,55.1567,0.1269,0.0,0.3074,0
MPLAD-FIN-401726,1.0322,40.4494,8.0,8.1506,0.0104,0.0234,22.386,0.1462,0.0,0.6834,0
MPLAD-FIN-401727,0.8519,32.5299,5.0,1.8847,0.1608,0.3858,41.2917,0.5257,0.0,0.7049,0
MPLAD-FIN-401728,1.0186,5.3993,2.0,1.4178,0.2171,0.2057,21.8917,0.3074,1.0,0.3091,0
MPLAD-FIN-401729,1.05,77.3455,4.0,2.9634,0.0268,0.3231,24.6684,0.2935,0.0,0.596,0
MPLAD-FIN-401730,0.8998,62.9538,7.0,1.712,0.1132,0.3771,16.2817,0.0308,0.0,1.3102,0
MPLAD-FIN-401731,0.6821,27.1396,2.0,5.0353,0.0786,0.2599,45.4843,0.1307,0.0,0.6156,0
MPLAD-FIN-401732,0.681,10.9257,8.0,6.6289,0.3145,0.0188,50.1729,0.0797,0.0,0.1788,0
MPLAD-FIN-401733,0.8218,31.4627,7.0,5.1617,0.0884,0.0673,80.537,0.253,0.0,0.3482,0
MPLAD-FIN-401734,0.7378,8.3295,7.0,1.3316,0.1847,0.2887,23.0682,0.3412,0.0,0.3247,0
MPLAD-FIN-401735,0.9692,47.2721,5.0,4.1254,0.1847,0.1867,74.2701,0.1085,0.0,0.4285,0
MPLAD-FIN-401736,1.026,36.6339,4.0,1.7048,0.0622,0.0974,36.5884,0.6464,1.0,0.4502,0
MPLAD-FIN-401737,0.8543,81.1744,5.0,0.6995,0.0743,0.0883,52.3436,0.1516,1.0,0.414,0
MPLAD-FIN-401738,1.05,35.8021,8.0,6.2976,0.0776,0.2077,19.2213,0.1471,0.0,0.1051,0
MPLAD-FIN-401739,0.8347,58.7824,3.0,6.6685,0.1324,0.0328,33.8251,0.1676,0.0,0.3761,0
MPLAD-FIN-401740,0.9688,35.1303,6.0,2.0764,0.0802,0.2596,32.9895,0.4462,0.0,0.0593,0
MPLAD-FIN-401741,1.1794,1.6872,2.0,30.7514,0.7176,0.6229,196.7029,0.8933,2.0,2.9318,1
MPLAD-FIN-401742,0.8918,33.4682,4.0,2.7002,0.1962,0.119,10.6851,0.278,0.0,0.1549,0
MPLAD-FIN-401743,0.8274,20.4111,6.0,4.8913,0.2461,0.4944,49.1018,0.5027,0.0,0.2083,0
MPLAD-FIN-401744,0.7489,24.8693,4.0,2.9276,0.0638,0.1947,15.6624,0.0599,1.0,0.4101,0
MPLAD-FIN-401745,1.05,55.1003,3.0,2.009,0.1815,0.0815,34.1758,0.353,1.0,0.5398,0
MPLAD-FIN-401746,0.9638,25.4139,7.0,2.0687,0.1395,0.2075,88.0785,0.0785,2.0,0.6015,0
MPLAD-FIN-401747,0.8894,39.6267,3.0,4.0786,0.0274,0.4549,41.9627,0.14,0.0,0.8488,0
MPLAD-FIN-401748,0.8921,11.5112,8.0,2.5528,0.0098,0.3234,25.7114,0.4889,1.0,0.3736,0
MPLAD-FIN-401749,0.9139,9.6511,5.0,8.4727,0.3036,0.3664,15.2178,0.2139,1.0,0.3741,0
MPLAD-FIN-401750,1.0074,12.3045,4.0,6.6035,0.0258,0.1103,11.2357,0.2446,1.0,0.8232,0
MPLAD-FIN-401751,1.0031,21.7273,5.0,1.3419,0.6941,0.0845,11.1707,0.5073,1.0,0.4863,0
MPLAD-FIN-401752,0.8172,63.9541,4.0,0.9529,0.1753,0.228,55.2237,0.4543,0.0,0.3044,0
MPLAD-FIN-401753,0.8184,6.4981,2.0,2.8797,0.2291,0.0768,11.5142,0.1951,1.0,0.39,0
MPLAD-FIN-401754,0.8354,66.1073,7.0,13.3332,0.202,0.1572,66.4486,0.304,0.0,0.5514,0
MPLAD-FIN-401755,0.7633,18.516,5.0,3.9777,0.0561,0.0644,30.5521,0.0981,0.0,0.3774,0
MPLAD-FIN-401756,0.9404,88.3266,4.0,5.2157,0.1307,0.2567,24.3313,0.1989,2.0,0.1021,0
MPLAD-FIN-401757,1.0656,1.2251,1.0,22.1147,0.7061,0.8391,202.6478,0.9478,4.0,1.836,1
MPLAD-FIN-401758,0.6498,39.5806,4.0,2.4637,0.281,0.2286,55.7312,0.2562,0.0,0.3018,0
MPLAD-FIN-401759,0.867,12.3694,4.0,11.6616,0.0859,0.1631,49.3751,0.0973,2.0,0.1673,0
MPLAD-FIN-401760,1.05,13.2503,2.0,2.8343,0.2092,0.5745,41.726,0.2029,0.0,0.7051,0
MPLAD-FIN-401761,0.8326,51.8858,2.0,3.9427,0.0794,0.3684,51.3217,0.244,0.0,0.3475,0
MPLAD-FIN-401762,0.6989,10.7663,4.0,1.0071,0.1259,0.2078,42.5753,0.374,0.0,0.2598,0
MPLAD-FIN-401763,0.8891,29.7673,8.0,1.3293,0.1441,0.5745,50.96,0.2022,0.0,0.7663,0
MPLAD-FIN-401764,0.883,28.6484,3.0,3.8376,0.0928,0.1844,28.5768,0.1308,2.0,0.1523,0
MPLAD-FIN-401765,0.9346,31.2097,8.0,6.7195,0.1613,0.0652,27.7373,0.0262,1.0,0.6077,0
MPLAD-FIN-401766,0.8175,35.6241,3.0,8.9438,0.3216,0.478,28.9439,0.0162,0.0,0.3693,0
MPLAD-FIN-401767,1.033,9.7203,2.0,5.8901,0.0117,0.2195,113.3946,0.1606,0.0,0.1727,0
MPLAD-FIN-401768,0.9475,53.4517,5.0,0.1606,0.2087,0.365,68.3723,0.1997,0.0,0.3037,0
MPLAD-FIN-401769,1.0125,50.017,4.0,6.6996,0.0193,0.0856,70.7759,0.1376,0.0,0.1012,0
MPLAD-FIN-401770,0.8137,42.4692,5.0,7.3644,0.0679,0.404,83.3825,0.1793,2.0,0.4361,0
MPLAD-FIN-401771,0.9686,52.6824,2.0,2.0216,0.1927,0.1617,50.1229,0.2083,0.0,0.4078,0
MPLAD-FIN-401772,0.8178,25.0192,7.0,7.5146,0.2747,0.0807,28.1238,0.594,0.0,0.0502,0
MPLAD-FIN-401773,1.0478,48.5996,3.0,2.9668,0.1623,0.1086,24.0161,0.2184,1.0,0.7926,0
MPLAD-FIN-401774,1.0067,61.6175,7.0,1.6056,0.0509,0.4582,52.93,0.6426,1.0,0.0506,0
MPLAD-FIN-401775,0.8038,4.3338,3.0,2.4366,0.0286,0.1662,45.2731,0.2449,2.0,0.3202,0
MPLAD-FIN-401776,0.9304,67.1433,3.0,2.2535,0.0386,0.214,28.1355,0.3572,0.0,0.2171,0
MPLAD-FIN-401777,0.7892,65.8415,5.0,0.4569,0.1858,0.2345,39.6042,0.2707,0.0,0.4659,0
MPLAD-FIN-401778,0.9848,32.3159,5.0,10.3058,0.2781,0.5423,19.9678,0.2125,0.0,0.4483,0
MPLAD-FIN-401779,0.8789,40.9899,3.0,2.1958,0.1353,0.1357,11.9108,0.135,0.0,0.8816,0
MPLAD-FIN-401780,1.0191,32.09,2.0,4.8797,0.0146,0.3472,17.8856,0.0269,1.0,0.1995,0
MPLAD-FIN-401781,0.9747,38.4757,3.0,1.4673,0.0763,0.4523,53.128,0.1795,0.0,0.3639,0
MPLAD-FIN-401782,0.8266,29.9951,4.0,3.8031,0.2908,0.0552,52.3528,0.3525,0.0,0.5535,0
MPLAD-FIN-401783,1.0403,8.8027,5.0,8.592,0.1286,0.2388,61.3087,0.3327,0.0,0.4046,0
MPLAD-FIN-401784,0.9623,80.5139,8.0,3.7375,0.067,0.7696,36.8487,0.1045,0.0,0.3821,0
MPLAD-FIN-401785,0.8993,65.9237,7.0,2.5441,0.2017,0.3319,36.3415,0.0306,0.0,0.2652,0
MPLAD-FIN-401786,1.1973,0.5193,2.0,29.3073,0.7973,0.7385,164.6017,0.9432,2.0,1.638,1
MPLAD-FIN-401787,0.7265,57.8713,2.0,4.0034,0.1035,0.2395,44.3747,0.2308,0.0,0.1367,0
MPLAD-FIN-401788,0.7061,46.6064,5.0,2.4907,0.1568,0.2561,59.9186,0.1132,0.0,0.3879,0
MPLAD-FIN-401789,1.2168,0.4131,2.0,18.6875,0.3605,0.834,142.7382,0.9824,2.0,2.6478,1
MPLAD-FIN-401790,0.9705,39.2008,8.0,4.5298,0.1781,0.071,93.5324,0.4194,1.0,0.6889,0
MPLAD-FIN-401791,0.8811,40.448,4.0,0.7191,0.2159,0.2071,50.543,0.0634,0.0,0.4123,0
MPLAD-FIN-401792,0.8222,24.0624,4.0,1.46,0.211,0.1841,34.9547,0.4605,1.0,0.3147,0
MPLAD-FIN-401793,0.8243,18.7834,2.0,2.4704,0.0947,0.3558,14.8067,0.153,0.0,0.4921,0
MPLAD-FIN-401794,0.627,4.7597,8.0,0.8985,0.0372,0.0997,56.9742,0.2783,0.0,0.5412,0
MPLAD-FIN-401795,0.813,76.5746,5.0,2.1131,0.1664,0.2589,116.9027,0.2495,0.0,0.5704,0
MPLAD-FIN-401796,0.7591,31.7015,4.0,2.6373,0.0999,0.3132,14.4823,0.2319,0.0,0.6129,0
MPLAD-FIN-401797,0.8967,84.6941,2.0,0.7413,0.1198,0.1965,30.4508,0.2443,0.0,0.1873,0
MPLAD-FIN-401798,0.7342,29.1316,5.0,4.124,0.0425,0.2934,33.2599,0.1024,0.0,0.666,0
MPLAD-FIN-401799,1.0468,8.8621,8.0,1.5801,0.2561,0.4186,25.3127,0.1352,0.0,0.2657,0
MPLAD-FIN-401800,0.9549,10.8797,7.0,1.358,0.0918,0.3989,23.6841,0.063,0.0,0.5081,0
MPLAD-FIN-401801,0.9916,35.6409,4.0,3.1516,0.4525,0.246,33.9109,0.0267,1.0,0.2499,0
MPLAD-FIN-401802,0.9528,53.4946,7.0,1.6904,0.034,0.3034,14.119,0.284,0.0,0.3702,0
MPLAD-FIN-401803,0.8221,43.8832,7.0,1.0855,0.1241,0.1585,34.4122,0.0806,0.0,0.4145,0
MPLAD-FIN-401804,0.8552,16.3126,5.0,2.3618,0.0063,0.3932,41.884,0.1227,1.0,0.6014,0
MPLAD-FIN-401805,1.0166,45.727,3.0,2.106,0.1841,0.3921,18.806,0.1681,1.0,0.6582,0
MPLAD-FIN-401806,0.8582,10.3678,8.0,6.8109,0.0261,0.3525,46.4535,0.0666,2.0,0.4631,0
MPLAD-FIN-401807,0.6781,58.5665,3.0,0.4358,0.0179,0.3262,35.1564,0.0873,0.0,0.5099,0
MPLAD-FIN-401808,1.05,36.7082,8.0,4.285,0.0435,0.275,65.9922,0.0982,0.0,0.402,0
MPLAD-FIN-401809,0.8756,32.7032,6.0,4.2374,0.2109,0.1552,31.4432,0.4566,1.0,0.4161,0
MPLAD-FIN-401810,0.878,24.8797,7.0,5.0672,0.144,0.268,41.7996,0.1923,1.0,0.6159,0
MPLAD-FIN-401811,0.7571,57.4705,3.0,0.5709,0.0293,0.2115,21.9154,0.0758,0.0,1.0231,0
MPLAD-FIN-401812,0.8725,15.1462,7.0,8.2525,0.129,0.3037,18.4166,0.2998,0.0,0.4326,0
MPLAD-FIN-401813,0.9139,67.83,7.0,2.8046,0.1773,0.4125,139.3473,0.0513,0.0,0.2117,0
MPLAD-FIN-401814,0.7403,21.9521,2.0,2.3036,0.219,0.3712,56.0804,0.4265,1.0,0.3972,0
MPLAD-FIN-401815,0.9983,15.3639,4.0,6.6396,0.0036,0.4574,6.3234,0.0178,0.0,0.3907,0
MPLAD-FIN-401816,0.8661,37.7525,5.0,0.5935,0.1935,0.3927,70.5971,0.3824,1.0,1.0399,0
MPLAD-FIN-401817,1.0374,44.6491,2.0,3.9356,0.2958,0.5202,31.0179,0.4042,2.0,0.2227,0
MPLAD-FIN-401818,1.012,35.3314,4.0,3.5518,0.0213,0.2455,34.494,0.2957,0.0,0.1253,0
MPLAD-FIN-401819,0.9605,21.2259,4.0,2.7683,0.0666,0.3344,48.8061,0.149,1.0,0.4313,0
MPLAD-FIN-401820,0.8989,45.59,2.0,3.8992,0.0086,0.3081,76.3044,0.1105,1.0,0.4114,0
MPLAD-FIN-401821,0.9724,58.3315,4.0,3.0114,0.082,0.1201,75.5535,0.2088,0.0,0.387,0
MPLAD-FIN-401822,0.8446,43.1505,8.0,4.69,0.0773,0.1613,7.904,0.5629,0.0,0.6236,0
MPLAD-FIN-401823,0.8002,63.3923,7.0,0.8631,0.3061,0.1686,15.108,0.535,1.0,0.69,0
MPLAD-FIN-401824,0.6924,26.2278,5.0,1.0554,0.0486,0.4849,26.2755,0.2317,1.0,0.7105,0
MPLAD-FIN-401825,0.798,8.5827,6.0,5.9859,0.1931,0.1356,31.0165,0.0736,1.0,0.4498,0
MPLAD-FIN-401826,0.7119,48.3002,3.0,2.298,0.0792,0.3716,43.7438,0.1647,1.0,0.2025,0
MPLAD-FIN-401827,0.9108,65.6851,5.0,3.6093,0.2198,0.4977,17.7905,0.1455,0.0,0.1289,0
MPLAD-FIN-401828,0.8335,36.7481,7.0,14.2948,0.1977,0.3047,177.7076,0.22,0.0,0.3234,0
MPLAD-FIN-401829,0.7884,42.963,8.0,8.0622,0.2755,0.4044,17.2082,0.2353,0.0,0.3557,0
MPLAD-FIN-401830,0.925,21.8583,8.0,2.3703,0.1838,0.4362,47.5256,0.465,0.0,0.1375,0
MPLAD-FIN-401831,0.9098,3.18,1.0,30.9301,0.7359,0.7485,163.0334,0.9804,3.0,4.5412,1
MPLAD-FIN-401832,0.7179,19.6004,3.0,6.4682,0.0727,0.2433,38.0686,0.0462,0.0,0.2235,0
MPLAD-FIN-401833,0.7956,21.9354,5.0,3.7935,0.0371,0.1212,24.047,0.2025,2.0,0.4881,0
MPLAD-FIN-401834,0.8817,24.5333,3.0,5.2654,0.0579,0.2116,21.6495,0.1757,0.0,0.25,0
MPLAD-FIN-401835,0.8673,11.8776,6.0,6.3894,0.068,0.507,35.075,0.3549,0.0,0.1472,0
MPLAD-FIN-401836,1.0318,24.4778,8.0,0.7601,0.3166,0.1514,54.4735,0.4201,0.0,0.7979,0
MPLAD-FIN-401837,1.0404,28.7912,5.0,0.2284,0.2299,0.1623,43.7605,0.5923,0.0,0.0433,0
MPLAD-FIN-401838,0.8869,12.0216,3.0,4.881,0.0729,0.2072,53.8066,0.1333,0.0,0.9634,0
MPLAD-FIN-401839,1.05,8.8475,4.0,1.286,0.0548,0.5203,30.5052,0.2285,1.0,0.3074,0
MPLAD-FIN-401840,0.8153,59.4212,4.0,1.8841,0.0176,0.0397,18.1731,0.1411,0.0,0.1808,0
MPLAD-FIN-401841,0.7777,14.4974,5.0,0.7212,0.0635,0.6992,109.0305,0.0045,1.0,0.2753,0
MPLAD-FIN-401842,0.7461,31.5482,4.0,3.9217,0.1025,0.1479,72.1484,0.093,0.0,0.6259,0
MPLAD-FIN-401843,0.9517,40.2143,3.0,2.4696,0.0518,0.363,16.595,0.0956,0.0,0.7494,0
MPLAD-FIN-401844,0.7616,15.5575,2.0,3.9974,0.0488,0.2413,27.5793,0.1,0.0,0.496,0
MPLAD-FIN-401845,1.0059,19.5619,7.0,4.5961,0.0834,0.3425,40.722,0.2122,0.0,0.3618,0
MPLAD-FIN-401846,0.682,28.3571,2.0,1.9373,0.1713,0.292,47.2284,0.1904,0.0,0.351,0
MPLAD-FIN-401847,0.8254,29.1339,7.0,2.8816,0.0606,0.1268,9.6733,0.314,1.0,0.225,0
MPLAD-FIN-401848,0.8507,24.1034,6.0,3.9159,0.0471,0.2911,60.3254,0.2463,0.0,0.254,0
MPLAD-FIN-401849,1.0425,31.5829,7.0,0.5391,0.2471,0.3287,43.5028,0.1484,0.0,0.4254,0
MPLAD-FIN-401850,0.8579,39.0615,5.0,9.7432,0.024,0.432,34.7499,0.3042,1.0,0.7245,0
MPLAD-FIN-401851,0.8357,38.4671,4.0,4.7844,0.3381,0.4578,69.6606,0.2087,1.0,0.0878,0
MPLAD-FIN-401852,0.7537,51.8163,5.0,8.9164,0.1265,0.1135,96.3157,0.0257,0.0,0.5078,0
MPLAD-FIN-401853,1.0306,53.5398,6.0,6.1476,0.0157,0.2839,34.3956,0.2625,0.0,0.2113,0
MPLAD-FIN-401854,1.1604,5.4904,1.0,30.8579,0.621,0.9041,227.9324,0.6939,6.0,2.41,1
MPLAD-FIN-401855,0.9494,24.4393,6.0,3.3479,0.2755,0.2183,62.3375,0.3999,0.0,0.1713,0
MPLAD-FIN-401856,0.8987,21.3085,3.0,8.1527,0.2712,0.0841,21.7633,0.5491,0.0,0.7098,0
MPLAD-FIN-401857,0.8297,68.3268,2.0,6.119,0.0717,0.4942,118.3384,0.1197,0.0,0.6287,0
MPLAD-FIN-401858,0.9092,56.1207,2.0,2.6791,0.1771,0.3061,28.9145,0.3068,0.0,0.2295,0
MPLAD-FIN-401859,0.9045,67.8269,8.0,8.8341,0.1129,0.1232,48.2919,0.0684,0.0,0.1237,0
MPLAD-FIN-401860,0.7125,69.1524,5.0,1.8547,0.1736,0.2027,35.6145,0.3266,0.0,0.4758,0
MPLAD-FIN-401861,0.7503,44.1355,7.0,2.4409,0.173,0.0432,7.7757,0.1985,0.0,0.3527,0
MPLAD-FIN-401862,0.721,20.2202,7.0,1.8064,0.0145,0.4696,45.2202,0.0603,0.0,0.5787,0
MPLAD-FIN-401863,0.7679,9.493,2.0,4.2018,0.0559,0.0643,19.182,0.1373,0.0,0.1406,0
MPLAD-FIN-401864,0.7536,34.3275,5.0,3.7996,0.188,0.2933,20.6875,0.1712,1.0,0.415,0
MPLAD-FIN-401865,0.7903,8.7635,6.0,1.6738,0.2823,0.3098,53.1063,0.283,0.0,1.0513,0
MPLAD-FIN-401866,1.0032,8.0899,8.0,1.0654,0.3408,0.1072,19.0866,0.3811,0.0,0.8285,0
MPLAD-FIN-401867,1.05,64.4107,8.0,1.3288,0.5739,0.3449,14.7397,0.1627,0.0,0.1465,0
MPLAD-FIN-401868,0.9377,5.96,7.0,6.3995,0.2502,0.0381,20.9383,0.3007,0.0,0.5128,0
MPLAD-FIN-401869,0.7027,91.4936,3.0,4.8564,0.0715,0.2241,21.6178,0.5475,1.0,0.6565,0
MPLAD-FIN-401870,0.8819,50.1364,8.0,2.5637,0.1689,0.4723,40.1958,0.3534,0.0,0.0477,0
MPLAD-FIN-401871,0.7392,48.1338,5.0,3.5675,0.2472,0.2768,48.7442,0.2017,0.0,0.7242,0
MPLAD-FIN-401872,0.6778,58.8773,2.0,2.0643,0.3634,0.6922,45.5395,0.2577,1.0,0.3428,0
MPLAD-FIN-401873,1.05,10.6645,5.0,4.2233,0.2435,0.1588,22.3742,0.2777,0.0,0.6717,0
MPLAD-FIN-401874,0.8226,64.3351,4.0,6.1522,0.0872,0.5311,63.2642,0.3778,0.0,0.2401,0
MPLAD-FIN-401875,0.8764,9.272,3.0,5.8173,0.0907,0.022,59.7669,0.196,0.0,0.2478,0
MPLAD-FIN-401876,1.05,79.7008,3.0,1.7483,0.0849,0.1573,31.1248,0.024,0.0,0.3396,0
MPLAD-FIN-401877,0.8864,53.2866,2.0,1.5278,0.2378,0.2494,29.9211,0.1118,0.0,0.3369,0
MPLAD-FIN-401878,0.7929,38.1508,3.0,1.5412,0.1065,0.1571,33.2039,0.5132,1.0,0.8008,0
MPLAD-FIN-401879,0.7345,98.6966,4.0,11.2247,0.1517,0.1575,28.3282,0.2557,0.0,0.454,0
MPLAD-FIN-401880,0.9562,42.3096,5.0,1.8863,0.1929,0.0272,28.207,0.1646,0.0,0.7869,0
MPLAD-FIN-401881,0.8787,8.0796,5.0,1.6242,0.3035,0.0633,5.7536,0.1362,2.0,0.0652,0
MPLAD-FIN-401882,0.8168,14.6356,5.0,5.1174,0.3885,0.4063,41.2802,0.4091,0.0,0.3426,0
MPLAD-FIN-401883,0.832,22.8658,7.0,1.3029,0.0234,0.2303,40.7853,0.5493,1.0,0.3405,0
MPLAD-FIN-401884,1.0038,84.5445,2.0,7.8358,0.2924,0.3203,35.7085,0.3968,0.0,0.917,0
MPLAD-FIN-401885,0.7025,100.7501,4.0,13.0279,0.3424,0.356,55.6042,0.2357,0.0,0.1809,0
MPLAD-FIN-401886,0.997,34.6384,4.0,0.8487,0.2088,0.0981,68.9038,0.4457,0.0,0.213,0
MPLAD-FIN-401887,0.8897,28.8829,8.0,3.3568,0.0077,0.3069,21.0891,0.1152,1.0,0.6099,0
MPLAD-FIN-401888,0.8935,16.6606,2.0,8.4323,0.2914,0.0171,114.5343,0.2325,0.0,0.2253,0
MPLAD-FIN-401889,0.8905,32.6485,5.0,4.005,0.3662,0.2428,43.7758,0.2618,0.0,0.8853,0
MPLAD-FIN-401890,0.9699,35.1793,8.0,4.9642,0.2273,0.422,19.6398,0.2667,0.0,0.3718,0
MPLAD-FIN-401891,0.8507,9.6918,8.0,1.8216,0.1163,0.2911,56.1643,0.1824,1.0,0.2604,0
MPLAD-FIN-401892,0.6766,76.7328,4.0,6.7327,0.3394,0.402,11.2375,0.4949,1.0,0.3121,0
MPLAD-FIN-401893,1.05,70.8706,3.0,3.3061,0.0339,0.1267,26.4046,0.114,1.0,0.7019,0
MPLAD-FIN-401894,0.8466,36.3717,5.0,3.1007,0.4415,0.0031,40.402,0.304,0.0,0.6446,0
MPLAD-FIN-401895,0.9521,88.5729,6.0,3.9628,0.1348,0.3236,21.4579,0.1869,1.0,0.5268,0
MPLAD-FIN-401896,1.0482,21.1817,2.0,6.9575,0.1485,0.0555,53.4832,0.2705,0.0,0.239,0
MPLAD-FIN-401897,0.8696,6.9256,5.0,1.1949,0.1262,0.2971,91.5926,0.2344,0.0,0.3425,0
MPLAD-FIN-401898,0.8172,30.5322,2.0,1.5652,0.0551,0.2379,33.9252,0.4083,1.0,0.4023,0
MPLAD-FIN-401899,0.9458,31.8225,7.0,1.1455,0.2198,0.2105,26.9178,0.0867,0.0,0.15,0
MPLAD-FIN-401900,0.8535,49.6746,8.0,9.8169,0.0513,0.1842,46.2423,0.1956,1.0,0.1513,0
MPLAD-FIN-401901,0.9603,40.3408,2.0,4.5036,0.0422,0.1627,51.2893,0.1902,0.0,0.1869,0
MPLAD-FIN-401902,0.9882,8.996,2.0,22.4435,0.7905,0.942,300.9099,0.9235,5.0,3.2609,1
MPLAD-FIN-401903,0.8723,27.0123,4.0,3.1054,0.1538,0.2882,38.5759,0.0341,2.0,0.628,0
MPLAD-FIN-401904,0.8821,58.6446,3.0,2.6992,0.0541,0.257,76.0657,0.1391,0.0,0.0871,0
MPLAD-FIN-401905,0.9964,4.7402,6.0,0.8038,0.1519,0.2418,43.0687,0.2975,0.0,0.1888,0
MPLAD-FIN-401906,0.8787,11.6839,8.0,4.7781,0.1109,0.2364,4.3895,0.4203,0.0,0.9015,0
MPLAD-FIN-401907,1.05,20.0837,3.0,2.0813,0.1325,0.1552,44.5636,0.3245,0.0,0.0535,0
MPLAD-FIN-401908,1.0285,22.468,2.0,10.3089,0.3256,0.5698,40.1609,0.2808,1.0,0.7359,0
MPLAD-FIN-401909,0.8653,19.3143,5.0,3.6974,0.2461,0.1416,11.3834,0.2995,0.0,0.7655,0
MPLAD-FIN-401910,0.9188,42.4397,6.0,1.1659,0.0621,0.2566,29.2899,0.1998,0.0,0.2659,0
MPLAD-FIN-401911,0.7462,47.6462,4.0,4.9908,0.0093,0.3306,34.7367,0.2572,0.0,0.295,0
MPLAD-FIN-401912,0.9413,29.3969,6.0,3.8188,0.1264,0.2751,90.0164,0.4523,0.0,0.7244,0
MPLAD-FIN-401913,1.05,35.8494,5.0,5.9604,0.2377,0.259,131.8762,0.1889,0.0,1.0152,0
MPLAD-FIN-401914,0.6533,30.9534,2.0,2.6443,0.0702,0.2259,25.1518,0.3395,1.0,0.3153,0
MPLAD-FIN-401915,1.0441,14.4848,6.0,9.0649,0.4711,0.6619,35.1384,0.0406,1.0,0.4618,0
MPLAD-FIN-401916,0.8584,25.2872,7.0,1.7265,0.1159,0.1223,56.0265,0.1185,0.0,0.4,0
MPLAD-FIN-401917,0.799,12.1903,6.0,3.1704,0.3333,0.3696,91.02,0.1801,0.0,0.5481,0
MPLAD-FIN-401918,0.7641,23.9331,4.0,8.4684,0.0148,0.1015,39.8764,0.3187,0.0,1.0642,0
MPLAD-FIN-401919,0.8123,18.6853,4.0,2.6672,0.0319,0.1349,29.5908,0.295,0.0,0.5066,0
MPLAD-FIN-401920,0.7904,16.1852,4.0,1.9612,0.0624,0.2354,93.3401,0.1485,0.0,0.2721,0
MPLAD-FIN-401921,0.7426,14.6302,8.0,1.1789,0.1646,0.0385,50.2036,0.2966,1.0,0.5081,0
MPLAD-FIN-401922,0.7374,23.3089,3.0,5.4477,0.0498,0.4721,52.1443,0.0234,1.0,0.1361,0
MPLAD-FIN-401923,1.3213,1.6799,2.0,32.0644,0.9341,0.8923,261.682,0.6575,2.0,2.4271,1
MPLAD-FIN-401924,0.7819,50.285,2.0,6.2715,0.1447,0.1692,19.5752,0.335,0.0,0.6883,0
MPLAD-FIN-401925,1.05,39.8718,3.0,1.0733,0.1518,0.5914,16.4824,0.3026,0.0,0.2664,0
MPLAD-FIN-401926,0.8121,68.383,7.0,1.4056,0.1472,0.2192,69.2372,0.137,0.0,0.2989,0
MPLAD-FIN-401927,0.782,52.4064,2.0,5.8494,0.0393,0.1383,22.1424,0.3335,0.0,0.819,0
MPLAD-FIN-401928,0.7362,32.7528,4.0,7.6145,0.0745,0.5263,77.0437,0.4186,0.0,0.3848,0
MPLAD-FIN-401929,0.8036,43.879,3.0,2.8105,0.0056,0.2535,13.8523,0.283,0.0,0.58,0
MPLAD-FIN-401930,1.05,25.0499,6.0,4.9483,0.1515,0.5071,39.604,0.2773,0.0,0.6974,0
MPLAD-FIN-401931,0.8932,40.5597,8.0,6.2872,0.2034,0.347,58.7955,0.468,0.0,0.32,0
MPLAD-FIN-401932,0.8745,19.9632,2.0,0.8138,0.0536,0.3873,23.7091,0.3642,0.0,0.0827,0
MPLAD-FIN-401933,0.9963,27.6106,6.0,2.8775,0.0194,0.3541,125.6991,0.0567,1.0,0.4575,0
MPLAD-FIN-401934,0.8604,26.8087,8.0,4.432,0.022,0.5531,29.3915,0.3315,2.0,0.5072,0
MPLAD-FIN-401935,0.8106,54.8995,8.0,3.266,0.0571,0.0862,26.8195,0.2822,0.0,0.0472,0
MPLAD-FIN-401936,0.894,20.0581,4.0,4.3038,0.1889,0.0934,43.3186,0.1793,2.0,1.2081,0
MPLAD-FIN-401937,0.8731,50.4314,6.0,7.0213,0.0988,0.2848,100.9552,0.0372,0.0,0.3802,0
MPLAD-FIN-401938,0.8781,39.221,2.0,3.4386,0.1451,0.092,62.9144,0.2346,0.0,0.3407,0
MPLAD-FIN-401939,0.8618,17.4626,8.0,2.5576,0.1002,0.3243,12.564,0.3522,0.0,0.8577,0
MPLAD-FIN-401940,0.8657,16.7746,7.0,11.7761,0.1145,0.1876,23.4258,0.0535,0.0,0.5019,0
MPLAD-FIN-401941,0.8865,3.9784,4.0,2.7057,0.0667,0.2131,34.4688,0.3749,1.0,0.5065,0
MPLAD-FIN-401942,0.7815,16.4015,2.0,2.8325,0.1633,0.3602,71.3239,0.1446,1.0,0.218,0
MPLAD-FIN-401943,0.7426,13.4037,7.0,0.9648,0.2656,0.3311,50.4303,0.3177,0.0,0.2027,0
MPLAD-FIN-401944,0.8057,8.8849,6.0,7.9153,0.0477,0.2267,51.2612,0.3976,0.0,0.6096,0
MPLAD-FIN-401945,1.05,59.3261,8.0,3.5151,0.3448,0.0736,105.2553,0.2372,1.0,0.846,0
MPLAD-FIN-401946,0.8237,88.1953,4.0,2.1156,0.1891,0.423,26.5043,0.0774,0.0,0.4975,0
MPLAD-FIN-401947,0.7243,55.6062,8.0,3.7691,0.1326,0.3431,59.7098,0.1257,0.0,0.4899,0
MPLAD-FIN-401948,0.8204,8.7883,6.0,1.4115,0.1703,0.1274,30.4897,0.1363,0.0,0.3643,0
MPLAD-FIN-401949,0.8354,85.9557,7.0,0.8909,0.0345,0.5038,25.2717,0.1385,0.0,0.0091,0
MPLAD-FIN-401950,0.8612,40.7674,3.0,12.5569,0.1443,0.32,60.3956,0.1616,0.0,0.9468,0
MPLAD-FIN-401951,0.789,15.75,2.0,6.2696,0.0609,0.0867,38.503,0.2256,0.0,0.4047,0
MPLAD-FIN-401952,0.9875,22.598,4.0,2.9321,0.2306,0.1737,21.9907,0.1993,0.0,0.5827,0
MPLAD-FIN-401953,0.8159,50.3226,6.0,4.7711,0.0185,0.1707,24.8575,0.1048,0.0,1.0518,0
MPLAD-FIN-401954,0.8381,15.6747,8.0,3.0109,0.2953,0.1495,90.0676,0.6234,0.0,0.7419,0
MPLAD-FIN-401955,0.9073,32.2239,3.0,1.544,0.2482,0.2375,24.8147,0.0505,0.0,0.1527,0
MPLAD-FIN-401956,0.7671,11.9548,7.0,5.5161,0.1457,0.3829,63.6698,0.222,0.0,0.1342,0
MPLAD-FIN-401957,0.8535,51.8154,4.0,0.4891,0.1567,0.1115,4.1871,0.8261,0.0,0.3702,0
MPLAD-FIN-401958,0.7914,31.6088,6.0,6.1458,0.0601,0.5592,76.3099,0.1066,0.0,1.0445,0
MPLAD-FIN-401959,0.9168,9.0351,8.0,3.4411,0.0477,0.3336,69.1659,0.0157,0.0,1.0403,0
MPLAD-FIN-401960,0.8021,7.5712,8.0,3.5331,0.0375,0.3428,19.4929,0.3802,0.0,0.605,0
MPLAD-FIN-401961,0.8501,50.9131,2.0,6.2382,0.1193,0.1374,23.1174,0.1649,0.0,0.3594,0
MPLAD-FIN-401962,1.083,12.7932,1.0,8.2004,0.7996,0.984,273.979,0.6416,5.0,1.6143,1
MPLAD-FIN-401963,0.7085,5.2553,8.0,6.1622,0.1924,0.1692,61.7846,0.0728,2.0,0.7886,0
MPLAD-FIN-401964,0.9333,38.231,3.0,7.832,0.0626,0.3468,14.2785,0.4526,0.0,0.8652,0
MPLAD-FIN-401965,1.2836,18.8799,1.0,8.42,0.545,0.9708,284.2677,0.8445,5.0,2.9877,1
MPLAD-FIN-401966,1.05,27.4935,2.0,3.702,0.101,0.4896,32.48,0.5499,0.0,1.0119,0
MPLAD-FIN-401967,0.9315,17.7697,6.0,2.8391,0.0356,0.2731,59.1864,0.0278,2.0,1.824,0
MPLAD-FIN-401968,0.7507,36.5737,4.0,4.7648,0.1221,0.7389,37.9015,0.1901,1.0,0.4521,0
MPLAD-FIN-401969,0.846,58.5991,3.0,5.6554,0.3085,0.0542,38.9194,0.6514,0.0,1.4443,0
MPLAD-FIN-401970,0.9941,10.073,7.0,2.2002,0.1412,0.3137,65.1509,0.3205,1.0,0.1988,0
MPLAD-FIN-401971,0.8208,27.4839,7.0,2.9841,0.1336,0.2682,14.138,0.2,0.0,0.2612,0
MPLAD-FIN-401972,0.8825,40.409,3.0,1.6441,0.04,0.0802,78.2759,0.1445,0.0,0.1829,0
MPLAD-FIN-401973,1.2543,2.0859,1.0,17.2019,0.7798,0.9022,125.7997,0.871,3.0,1.1013,1
MPLAD-FIN-401974,1.042,118.5246,5.0,9.7229,0.1211,0.4173,40.3302,0.3463,1.0,0.7688,0
MPLAD-FIN-401975,0.9099,6.6918,6.0,5.1518,0.1123,0.0143,8.357,0.2301,0.0,0.4044,0
MPLAD-FIN-401976,1.05,45.8656,5.0,2.4006,0.2556,0.0879,17.867,0.1238,0.0,0.224,0
MPLAD-FIN-401977,0.8385,40.8188,2.0,3.1441,0.0548,0.2313,46.7789,0.2511,0.0,0.4509,0
MPLAD-FIN-401978,0.9393,16.4463,8.0,4.3799,0.1194,0.4526,7.092,0.0809,0.0,0.199,0
MPLAD-FIN-401979,0.9125,13.4407,4.0,6.1299,0.1878,0.2128,78.729,0.0166,0.0,0.1442,0
MPLAD-FIN-401980,0.866,47.2658,4.0,4.5022,0.0872,0.2435,60.5951,0.3308,0.0,0.853,0
MPLAD-FIN-401981,1.1555,9.4659,2.0,22.7287,0.4968,0.5903,146.3162,0.9577,3.0,2.4737,1
MPLAD-FIN-401982,0.8228,24.5398,5.0,0.4639,0.0202,0.2377,15.7777,0.197,1.0,1.3529,0
MPLAD-FIN-401983,0.9045,35.4379,8.0,2.4878,0.0986,0.3027,29.6148,0.1228,1.0,0.3129,0
MPLAD-FIN-401984,1.0034,9.7856,4.0,4.16,0.0241,0.1422,44.4756,0.0753,0.0,0.2346,0
MPLAD-FIN-401985,0.8577,41.7583,4.0,5.2834,0.1186,0.3812,70.1833,0.1418,0.0,0.6046,0
MPLAD-FIN-401986,0.9702,51.5299,3.0,0.2408,0.0617,0.0653,33.6085,0.012,0.0,0.2119,0
MPLAD-FIN-401987,0.8399,6.6463,2.0,37.6645,0.7992,0.7607,124.9658,0.87,6.0,2.3879,1
MPLAD-FIN-401988,0.6898,40.3685,5.0,5.5322,0.066,0.1086,104.4808,0.3944,0.0,0.8019,0
MPLAD-FIN-401989,0.7962,38.7142,5.0,4.393,0.0798,0.3305,20.2175,0.2591,0.0,0.5989,0
MPLAD-FIN-401990,0.8323,7.2814,7.0,3.7738,0.3251,0.178,48.25,0.071,0.0,0.0659,0
MPLAD-FIN-401991,0.9268,58.0169,3.0,3.0715,0.0461,0.092,21.3535,0.099,1.0,0.2975,0
MPLAD-FIN-401992,0.8685,22.0817,4.0,1.5069,0.0181,0.108,24.5997,0.1615,0.0,0.6739,0
MPLAD-FIN-401993,0.8941,113.2942,7.0,10.9697,0.1128,0.0482,57.6094,0.2672,0.0,0.158,0
MPLAD-FIN-401994,0.8498,49.2618,5.0,2.2238,0.3315,0.636,54.2208,0.4322,0.0,0.6338,0
MPLAD-FIN-401995,0.7552,69.6353,2.0,7.1681,0.0451,0.0455,9.7257,0.1202,0.0,0.7361,0
MPLAD-FIN-401996,0.7951,78.7194,2.0,3.4956,0.1857,0.2716,60.3783,0.1892,2.0,0.6247,0
MPLAD-FIN-401997,0.7778,8.3911,6.0,0.6252,0.2341,0.4607,53.4493,0.0989,1.0,0.7822,0
MPLAD-FIN-401998,0.9805,64.34,3.0,9.5702,0.0516,0.097,33.5474,0.2822,0.0,0.6373,0
MPLAD-FIN-401999,0.9392,29.8097,8.0,1.7647,0.1677,0.3611,36.6403,0.2236,0.0,0.1246,0
MPLAD-FIN-402000,0.7978,56.9904,2.0,2.3603,0.3,0.2126,59.3287,0.1178,0.0,0.3569,0
MPLAD-FIN-402001,0.9717,19.6911,8.0,0.686,0.2428,0.127,31.8967,0.1847,0.0,0.069,0
MPLAD-FIN-402002,1.0192,57.7144,4.0,5.9884,0.0957,0.0567,29.8641,0.1968,0.0,0.1815,0
MPLAD-FIN-402003,0.7076,34.0241,3.0,1.0701,0.1791,0.1449,40.9262,0.3248,0.0,0.2281,0
MPLAD-FIN-402004,0.9126,51.7555,2.0,5.2293,0.1801,0.144,59.2693,0.2432,0.0,1.8803,0
MPLAD-FIN-402005,0.9436,11.6978,4.0,1.126,0.0516,0.0839,15.5079,0.3687,0.0,0.9685,0
MPLAD-FIN-402006,0.9303,19.1342,4.0,4.0669,0.0784,0.155,109.2366,0.2044,0.0,0.2828,0
MPLAD-FIN-402007,0.7697,14.0557,5.0,5.9577,0.3819,0.0291,16.5803,0.092,0.0,0.5497,0
MPLAD-FIN-402008,1.0261,35.0848,3.0,15.6775,0.1125,0.2583,20.8917,0.245,0.0,0.3536,0
MPLAD-FIN-402009,0.7309,93.5994,6.0,1.1182,0.1017,0.1553,36.6245,0.1186,0.0,0.2124,0
MPLAD-FIN-402010,0.9121,41.4095,2.0,8.1845,0.0915,0.0744,57.4763,0.1451,1.0,0.624,0
MPLAD-FIN-402011,0.7331,29.4581,2.0,0.7767,0.0649,0.2664,57.6417,0.0771,1.0,0.8925,0
MPLAD-FIN-402012,0.8914,71.7556,7.0,5.533,0.2993,0.1969,18.6245,0.2829,0.0,0.3534,0
MPLAD-FIN-402013,0.9249,37.5004,3.0,2.5184,0.0494,0.122,59.032,0.1577,0.0,0.2344,0
MPLAD-FIN-402014,0.9631,57.8445,3.0,8.2498,0.1156,0.1645,46.2552,0.3283,0.0,1.0214,0
MPLAD-FIN-402015,0.8207,79.5785,8.0,5.9468,0.0126,0.0725,34.6061,0.2332,0.0,0.5749,0
MPLAD-FIN-402016,1.05,35.0325,5.0,5.1779,0.0217,0.6132,16.2401,0.1216,0.0,0.5374,0
MPLAD-FIN-402017,0.6487,50.6484,2.0,4.6373,0.2359,0.0283,49.6266,0.2014,0.0,0.3011,0
MPLAD-FIN-402018,0.9145,16.8952,8.0,3.494,0.1098,0.2127,104.4706,0.0483,0.0,0.2069,0
MPLAD-FIN-402019,0.8984,14.5867,3.0,2.0292,0.197,0.3468,35.8384,0.2172,0.0,0.3385,0
MPLAD-FIN-402020,0.9651,56.9943,7.0,2.8314,0.0927,0.2692,21.4085,0.3273,0.0,0.5983,0
MPLAD-FIN-402021,0.8731,50.0671,3.0,4.6497,0.1192,0.3442,14.9496,0.1143,0.0,0.5878,0
MPLAD-FIN-402022,0.8503,42.021,6.0,2.9294,0.1998,0.2622,16.8985,0.2095,0.0,1.1748,0
MPLAD-FIN-402023,0.7502,10.3318,6.0,2.8433,0.1336,0.3304,128.3113,0.2661,1.0,0.292,0
MPLAD-FIN-402024,0.8107,31.1007,4.0,3.5878,0.2276,0.073,20.352,0.1714,0.0,0.2297,0
MPLAD-FIN-402025,0.9929,20.9394,8.0,5.4184,0.3799,0.4173,10.864,0.122,1.0,0.337,0
MPLAD-FIN-402026,0.7903,24.2062,5.0,7.3723,0.4449,0.1712,104.4511,0.2918,1.0,0.1279,0
MPLAD-FIN-402027,0.9293,29.8353,3.0,1.3614,0.0569,0.4581,61.4617,0.0833,0.0,0.2329,0
MPLAD-FIN-402028,0.9266,25.8979,8.0,0.5608,0.1367,0.0778,40.8059,0.2817,0.0,0.2377,0
MPLAD-FIN-402029,1.0238,33.0568,2.0,5.3421,0.0247,0.1455,54.1927,0.4002,0.0,0.3136,0
MPLAD-FIN-402030,0.824,61.98,7.0,2.075,0.0279,0.3306,73.6128,0.5117,1.0,0.2581,0
MPLAD-FIN-402031,0.7879,37.7866,3.0,5.6898,0.0299,0.122,50.4993,0.0901,0.0,0.4347,0
MPLAD-FIN-402032,0.7747,23.6853,4.0,3.976,0.1286,0.2475,51.6617,0.2364,2.0,0.5652,0
MPLAD-FIN-402033,0.8848,52.274,5.0,1.5117,0.0643,0.1149,14.9774,0.2281,0.0,0.0512,0
MPLAD-FIN-402034,1.05,79.5356,5.0,1.9377,0.0686,0.1404,42.2749,0.1319,0.0,0.5454,0
MPLAD-FIN-402035,1.0021,50.252,6.0,6.9751,0.1557,0.1843,6.9158,0.3147,1.0,0.1717,0
MPLAD-FIN-402036,0.967,65.5466,8.0,3.3924,0.1827,0.4019,28.4884,0.0649,0.0,0.1963,0
MPLAD-FIN-402037,0.7673,25.2154,5.0,6.9805,0.0355,0.0544,42.9838,0.117,0.0,0.4982,0
MPLAD-FIN-402038,1.05,19.8921,6.0,1.8241,0.1135,0.1735,215.9978,0.1537,1.0,0.5123,0
MPLAD-FIN-402039,0.8617,58.2025,3.0,3.5113,0.1415,0.5755,59.1774,0.1702,0.0,1.1404,0
MPLAD-FIN-402040,0.9297,8.3462,4.0,3.9025,0.1436,0.3456,83.274,0.1987,0.0,0.3359,0
MPLAD-FIN-402041,0.7084,18.3749,4.0,1.5745,0.313,0.1264,42.7667,0.2684,0.0,0.0058,0
MPLAD-FIN-402042,0.8673,16.6607,7.0,4.7724,0.1105,0.305,65.3184,0.2865,0.0,0.2877,0
MPLAD-FIN-402043,0.7752,55.8086,7.0,5.2436,0.1716,0.0886,103.6032,0.5348,0.0,0.3791,0
MPLAD-FIN-402044,1.0024,21.4753,4.0,0.4534,0.1615,0.2059,3.2319,0.1168,1.0,0.0858,0
MPLAD-FIN-402045,0.7996,49.7295,8.0,1.6086,0.1793,0.0906,32.2798,0.1295,0.0,0.0878,0
MPLAD-FIN-402046,0.8999,30.206,3.0,1.6258,0.0514,0.2198,65.0608,0.2325,0.0,0.1575,0
MPLAD-FIN-402047,0.9839,20.9598,3.0,1.7227,0.1171,0.2408,47.5118,0.1685,0.0,1.0735,0
MPLAD-FIN-402048,1.05,22.5242,8.0,1.7551,0.0458,0.1508,54.2769,0.0954,0.0,0.0996,0
MPLAD-FIN-402049,0.9121,55.7144,3.0,1.7017,0.0888,0.3374,56.0639,0.0504,0.0,0.1057,0
MPLAD-FIN-402050,0.7521,16.0026,4.0,4.456,0.12,0.0551,18.3579,0.1898,0.0,0.569,0
MPLAD-FIN-402051,0.8689,17.0629,6.0,1.0034,0.2351,0.1124,15.0551,0.2406,2.0,0.1026,0
MPLAD-FIN-402052,1.05,39.1798,4.0,4.3406,0.0609,0.4005,44.0747,0.1692,0.0,0.4532,0
MPLAD-FIN-402053,0.8026,17.4423,2.0,6.1096,0.0885,0.0713,58.513,0.3258,0.0,0.241,0
MPLAD-FIN-402054,0.986,39.0365,5.0,7.4188,0.1426,0.0656,7.5565,0.1786,0.0,0.5966,0
MPLAD-FIN-402055,0.907,30.6101,7.0,2.0765,0.0795,0.3869,118.8439,0.1778,0.0,0.4247,0
MPLAD-FIN-402056,0.9262,9.6896,3.0,2.278,0.4451,0.046,25.9183,0.2387,0.0,0.365,0
MPLAD-FIN-402057,1.05,33.3682,4.0,3.2998,0.1278,0.0932,50.0263,0.2278,0.0,0.4152,0
MPLAD-FIN-402058,0.8636,34.3158,8.0,3.4874,0.2555,0.117,36.1142,0.3783,0.0,0.3884,0
MPLAD-FIN-402059,0.731,43.1971,8.0,0.6967,0.0336,0.1914,48.3856,0.259,0.0,0.2757,0
MPLAD-FIN-402060,0.8161,24.1858,8.0,6.3143,0.4477,0.1868,70.9745,0.3457,0.0,0.4674,0
MPLAD-FIN-402061,0.951,92.2089,5.0,2.4032,0.2263,0.0166,17.8173,0.2624,0.0,0.084,0
MPLAD-FIN-402062,0.8233,19.3649,7.0,5.1443,0.0981,0.2189,29.6687,0.2722,2.0,0.0473,0
MPLAD-FIN-402063,0.7672,25.3228,2.0,6.9285,0.0573,0.3197,16.9821,0.2602,1.0,0.4726,0
MPLAD-FIN-402064,0.8476,1.7309,2.0,28.7948,0.8017,0.8116,148.5333,0.9192,3.0,2.2934,1
MPLAD-FIN-402065,0.9443,15.777,2.0,2.9827,0.0388,0.4817,8.1338,0.2064,1.0,0.2336,0
MPLAD-FIN-402066,1.0003,23.1511,6.0,7.7767,0.2599,0.0587,90.4234,0.3695,1.0,0.2926,0
MPLAD-FIN-402067,0.7935,39.8865,5.0,5.3404,0.1243,0.0503,14.6892,0.1583,0.0,0.2486,0
MPLAD-FIN-402068,0.9086,8.826,4.0,2.3293,0.0534,0.1284,52.15,0.1655,0.0,0.4626,0
MPLAD-FIN-402069,0.7718,69.654,5.0,0.6947,0.101,0.2351,57.3797,0.3867,0.0,0.1727,0
MPLAD-FIN-402070,1.05,18.7118,2.0,1.5838,0.2677,0.2113,14.7332,0.4405,0.0,0.3184,0
MPLAD-FIN-402071,0.6823,32.302,6.0,1.231,0.1038,0.0577,39.5076,0.4978,1.0,0.5854,0
MPLAD-FIN-402072,0.8296,11.1151,8.0,3.3146,0.0425,0.2626,54.2259,0.082,0.0,1.0844,0
MPLAD-FIN-402073,0.8677,24.0677,8.0,3.0932,0.0683,0.1234,19.7159,0.1384,0.0,0.3719,0
MPLAD-FIN-402074,0.8855,26.4484,4.0,1.8099,0.0959,0.1878,44.1384,0.1612,0.0,0.8663,0
MPLAD-FIN-402075,0.8091,24.0876,8.0,1.5357,0.2741,0.3564,57.032,0.0954,0.0,0.1663,0
MPLAD-FIN-402076,0.868,31.4021,2.0,2.7046,0.0229,0.3343,30.0913,0.2845,0.0,0.036,0
MPLAD-FIN-402077,0.9725,33.8131,4.0,3.3313,0.1119,0.5295,17.1401,0.4487,0.0,0.0858,0
MPLAD-FIN-402078,1.1528,4.8097,2.0,60.8511,0.8061,0.9778,313.8421,0.8608,3.0,1.836,1
MPLAD-FIN-402079,0.8971,26.9442,7.0,8.1668,0.1333,0.1409,114.9098,0.3838,1.0,0.5637,0
MPLAD-FIN-402080,0.8978,22.1514,6.0,5.1969,0.1985,0.1571,4.7456,0.4023,0.0,0.4029,0
MPLAD-FIN-402081,1.2558,0.572,1.0,27.0972,0.9053,0.945,385.4502,0.8676,2.0,1.7491,1
MPLAD-FIN-402082,0.9626,12.253,6.0,1.538,0.0742,0.1267,40.3154,0.0992,1.0,1.4101,0
MPLAD-FIN-402083,0.9575,37.9999,4.0,10.7108,0.3302,0.0349,52.6942,0.4713,0.0,0.7034,0
MPLAD-FIN-402084,0.734,31.394,3.0,2.4603,0.0363,0.1402,36.1835,0.5239,0.0,0.5271,0
MPLAD-FIN-402085,0.977,13.9837,4.0,11.5477,0.0546,0.2494,110.6194,0.4589,2.0,0.6037,0
MPLAD-FIN-402086,0.7924,59.0751,8.0,2.2729,0.2337,0.1015,68.1384,0.189,0.0,1.1418,0
MPLAD-FIN-402087,1.007,32.7429,2.0,5.0152,0.0177,0.1717,54.7642,0.1709,0.0,0.3029,0
MPLAD-FIN-402088,0.7845,23.5241,3.0,3.6981,0.1972,0.2804,33.1623,0.0651,0.0,0.3723,0
MPLAD-FIN-402089,0.856,29.4828,3.0,6.7265,0.104,0.512,36.2495,0.2083,0.0,0.4238,0
MPLAD-FIN-402090,1.05,30.1154,2.0,4.3156,0.0259,0.2337,7.5587,0.2281,0.0,0.671,0
MPLAD-FIN-402091,0.7487,29.4151,6.0,5.6663,0.1182,0.1343,4.6601,0.1385,0.0,0.7671,0
MPLAD-FIN-402092,0.9047,28.8864,2.0,4.3048,0.1631,0.2517,21.6516,0.1285,0.0,0.4582,0
MPLAD-FIN-402093,0.8859,40.7468,5.0,1.2576,0.1326,0.1127,41.909,0.1623,0.0,0.0622,0
MPLAD-FIN-402094,0.9599,26.9066,5.0,6.8977,0.1366,0.2477,24.4588,0.272,0.0,0.1602,0
MPLAD-FIN-402095,0.9895,48.8097,6.0,5.7395,0.0971,0.1804,52.0475,0.2492,1.0,0.5121,0
MPLAD-FIN-402096,0.9551,47.3424,2.0,3.4502,0.1566,0.6006,42.3436,0.1917,0.0,0.4018,0
MPLAD-FIN-402097,0.978,59.3088,6.0,2.4761,0.3626,0.3693,12.9561,0.0158,0.0,0.1956,0
MPLAD-FIN-402098,1.0109,27.6183,6.0,5.6347,0.3139,0.2134,12.4387,0.1141,0.0,0.0958,0
MPLAD-FIN-402099,0.8666,82.2327,7.0,1.869,0.2595,0.1249,30.256,0.4404,0.0,0.0352,0
MPLAD-FIN-402100,0.8283,14.8347,2.0,3.0313,0.195,0.5062,1.1072,0.3589,0.0,0.1353,0
MPLAD-FIN-402101,0.7944,93.1808,3.0,1.3417,0.2485,0.2924,41.0772,0.3359,0.0,0.1676,0
MPLAD-FIN-402102,0.8866,56.7691,2.0,8.7028,0.022,0.3858,26.3158,0.2467,1.0,0.1164,0
MPLAD-FIN-402103,1.05,95.5731,8.0,6.6977,0.0632,0.3706,52.0514,0.3056,0.0,1.0151,0
MPLAD-FIN-402104,0.9146,29.3556,5.0,2.378,0.1823,0.1508,33.6016,0.2351,0.0,0.1501,0
MPLAD-FIN-402105,0.8489,25.0863,4.0,6.5926,0.1948,0.0437,88.6069,0.1273,0.0,0.7117,0
MPLAD-FIN-402106,0.883,45.9817,8.0,2.3975,0.0484,0.2653,15.7072,0.2766,0.0,0.0425,0
MPLAD-FIN-402107,1.022,23.319,6.0,9.5465,0.0714,0.1968,35.0536,0.0854,1.0,0.1959,0
MPLAD-FIN-402108,0.7391,70.6042,2.0,1.2329,0.0961,0.2422,12.327,0.0076,0.0,0.3607,0
MPLAD-FIN-402109,0.8635,20.9697,5.0,2.0857,0.2672,0.3031,37.1088,0.077,0.0,0.3193,0
MPLAD-FIN-402110,0.9108,4.979,2.0,1.1518,0.1306,0.1702,30.3318,0.1325,0.0,0.9935,0
MPLAD-FIN-402111,0.7803,20.1085,5.0,7.2135,0.1281,0.1861,53.3639,0.4427,1.0,0.6732,0
MPLAD-FIN-402112,0.9694,71.9518,4.0,0.8497,0.1704,0.2158,19.3963,0.512,0.0,0.4016,0
MPLAD-FIN-402113,0.9314,42.9904,5.0,2.7422,0.108,0.3173,22.2556,0.2789,2.0,0.3916,0
MPLAD-FIN-402114,0.9095,74.0759,7.0,6.5117,0.315,0.0785,60.0638,0.0903,1.0,0.4669,0
MPLAD-FIN-402115,0.8966,35.6289,3.0,1.2037,0.0502,0.3128,41.314,0.0662,0.0,1.0136,0
MPLAD-FIN-402116,0.9678,17.8047,5.0,6.1423,0.0825,0.2739,23.9405,0.2615,1.0,0.0678,0
MPLAD-FIN-402117,0.8426,83.61,6.0,5.073,0.3813,0.5327,9.9415,0.1096,1.0,0.5355,0
MPLAD-FIN-402118,0.8526,77.2434,4.0,7.2301,0.1317,0.2861,41.5868,0.2269,1.0,0.1203,0
MPLAD-FIN-402119,0.8896,39.4462,8.0,3.9991,0.0784,0.4731,98.6731,0.4209,1.0,0.2791,0
MPLAD-FIN-402120,0.8771,19.0253,2.0,8.395,0.2309,0.4839,50.4618,0.2291,0.0,0.3959,0
MPLAD-FIN-402121,0.7171,23.2513,4.0,0.9551,0.0157,0.2591,19.9159,0.2229,0.0,0.4671,0
MPLAD-FIN-402122,0.8965,54.4441,8.0,6.4305,0.0311,0.2468,42.2709,0.0949,0.0,0.3392,0
MPLAD-FIN-402123,0.6873,6.967,2.0,3.7036,0.0486,0.4269,50.0395,0.1796,0.0,0.2173,0
MPLAD-FIN-402124,0.8532,12.9416,3.0,2.8105,0.0331,0.2445,60.6225,0.0249,0.0,0.672,0
MPLAD-FIN-402125,0.8834,43.9484,2.0,2.2038,0.4272,0.2723,46.4014,0.1181,0.0,0.248,0
MPLAD-FIN-402126,0.7745,26.4252,4.0,3.806,0.0965,0.2648,28.7631,0.3822,0.0,0.3758,0
MPLAD-FIN-402127,0.7753,44.9124,7.0,4.3591,0.0325,0.1968,46.7486,0.1283,0.0,0.7688,0
MPLAD-FIN-402128,1.05,33.2674,6.0,8.472,0.0702,0.1751,20.1229,0.2917,0.0,0.1267,0
MPLAD-FIN-402129,0.9644,92.1206,8.0,3.3231,0.3834,0.285,30.3859,0.2172,0.0,0.3809,0
MPLAD-FIN-402130,0.9034,31.6216,2.0,0.5403,0.1094,0.0358,54.3986,0.3449,0.0,0.2874,0
MPLAD-FIN-402131,0.7741,33.5352,5.0,5.1867,0.3905,0.2502,61.5047,0.2297,1.0,0.1193,0
MPLAD-FIN-402132,0.9377,24.8688,2.0,4.8424,0.2953,0.0606,12.802,0.224,1.0,0.291,0
MPLAD-FIN-402133,0.8185,34.383,5.0,9.1072,0.0871,0.1693,62.6263,0.0999,1.0,0.6694,0
MPLAD-FIN-402134,0.6406,10.5337,6.0,2.1959,0.0572,0.1995,11.162,0.4105,0.0,0.3092,0
MPLAD-FIN-402135,0.911,46.0971,7.0,4.5593,0.1397,0.1627,11.8672,0.2495,1.0,0.6636,0
MPLAD-FIN-402136,0.9047,10.2994,2.0,29.8054,0.7333,0.8501,244.5091,0.94,6.0,1.8999,1
MPLAD-FIN-402137,0.7464,24.6912,3.0,1.1556,0.1266,0.2357,96.3194,0.1321,1.0,0.1623,0
MPLAD-FIN-402138,0.9663,36.5019,4.0,1.1999,0.0328,0.126,28.9361,0.0182,0.0,0.4815,0
MPLAD-FIN-402139,0.8188,56.1626,8.0,3.7103,0.1163,0.1835,65.5601,0.5578,0.0,0.5408,0
MPLAD-FIN-402140,0.8238,121.2752,6.0,3.6343,0.0875,0.1163,31.2051,0.142,0.0,0.3834,0
MPLAD-FIN-402141,0.926,65.0362,8.0,5.2389,0.1104,0.3061,42.6368,0.1043,0.0,0.2832,0
MPLAD-FIN-402142,0.9498,31.6893,4.0,2.4752,0.2063,0.1325,25.9657,0.1517,1.0,0.303,0
MPLAD-FIN-402143,0.9843,39.3459,7.0,3.7221,0.085,0.2462,33.7553,0.0663,1.0,0.6087,0
MPLAD-FIN-402144,0.7382,15.5182,6.0,4.597,0.2176,0.2599,6.0649,0.0624,0.0,0.1589,0
MPLAD-FIN-402145,1.05,13.295,8.0,8.6344,0.1417,0.4249,44.0732,0.054,0.0,0.3716,0
MPLAD-FIN-402146,0.6945,23.9582,5.0,2.2226,0.2456,0.1756,22.3705,0.2159,0.0,0.2046,0
MPLAD-FIN-402147,0.7162,23.8729,4.0,5.7838,0.2357,0.1413,54.4709,0.383,1.0,0.1981,0
MPLAD-FIN-402148,1.0281,28.4393,8.0,1.7238,0.0278,0.103,47.7339,0.1857,1.0,0.4047,0
MPLAD-FIN-402149,0.989,51.8564,3.0,0.5572,0.0674,0.2452,20.9441,0.0452,0.0,0.3778,0
MPLAD-FIN-402150,0.8924,22.5819,5.0,2.6156,0.1593,0.6676,32.7097,0.3083,1.0,0.115,0
MPLAD-FIN-402151,0.7847,23.4892,7.0,6.7218,0.0835,0.0529,64.3709,0.1624,1.0,0.2493,0
MPLAD-FIN-402152,0.8823,10.5104,5.0,3.382,0.0338,0.0911,114.7283,0.3073,0.0,1.2284,0
MPLAD-FIN-402153,0.9042,64.6195,8.0,5.5889,0.0276,0.301,44.1051,0.1466,0.0,1.0736,0
MPLAD-FIN-402154,0.9027,41.0798,6.0,4.3958,0.096,0.0954,26.9216,0.377,0.0,0.4429,0
MPLAD-FIN-402155,0.8781,8.8313,7.0,1.2007,0.1067,0.2684,17.9944,0.2407,1.0,0.232,0
MPLAD-FIN-402156,0.9037,45.8156,6.0,4.3369,0.1519,0.1103,40.7922,0.032,0.0,1.027,0
MPLAD-FIN-402157,1.05,13.673,6.0,4.7694,0.2849,0.0808,37.7376,0.1018,1.0,0.5819,0
MPLAD-FIN-402158,0.9889,8.8885,2.0,2.29,0.0647,0.1576,32.7196,0.1448,0.0,0.1692,0
MPLAD-FIN-402159,0.8036,15.0878,8.0,3.9406,0.1006,0.0998,41.2384,0.3415,0.0,0.3508,0
MPLAD-FIN-402160,1.0126,48.0762,6.0,2.6315,0.0255,0.1001,38.2776,0.3637,1.0,0.7732,0
MPLAD-FIN-402161,0.9536,23.1293,6.0,4.2207,0.1693,0.2726,43.6652,0.4487,0.0,0.3576,0
MPLAD-FIN-402162,0.8561,83.971,6.0,2.7237,0.1253,0.7172,16.9279,0.1589,0.0,0.2433,0
MPLAD-FIN-402163,0.9014,24.7544,2.0,5.7458,0.2151,0.5862,55.007,0.3127,2.0,0.272,0
MPLAD-FIN-402164,0.8922,22.7167,8.0,1.4705,0.0942,0.1875,63.7791,0.0766,1.0,1.0188,0
MPLAD-FIN-402165,0.853,23.3128,3.0,4.8393,0.1589,0.0743,41.9402,0.1401,2.0,0.2299,0
MPLAD-FIN-402166,0.8301,35.6676,6.0,5.5177,0.0495,0.116,71.171,0.1225,1.0,0.3296,0
MPLAD-FIN-402167,0.9367,2.4014,2.0,6.5368,0.7871,0.8448,190.5414,0.9348,4.0,1.8597,1
MPLAD-FIN-402168,1.05,17.66,5.0,1.1546,0.1975,0.1138,28.5628,0.0697,0.0,0.1125,0
MPLAD-FIN-402169,1.0069,4.4127,1.0,15.4034,0.8584,0.8695,198.0359,0.9328,6.0,2.4819,1
MPLAD-FIN-402170,0.9312,15.7412,7.0,2.5367,0.1301,0.1449,117.4866,0.0928,0.0,0.4309,0
MPLAD-FIN-402171,0.8807,66.9816,8.0,4.961,0.2897,0.7351,12.6148,0.0968,0.0,0.3954,0
MPLAD-FIN-402172,0.9317,42.2787,8.0,2.8035,0.0347,0.3914,42.2636,0.1078,0.0,1.161,0
MPLAD-FIN-402173,0.8901,59.0644,5.0,2.0429,0.053,0.0586,16.6425,0.1681,1.0,0.3051,0
MPLAD-FIN-402174,0.8981,24.2896,2.0,6.4349,0.1331,0.1111,40.6376,0.2862,1.0,0.455,0
MPLAD-FIN-402175,0.7876,81.6324,5.0,7.4333,0.1573,0.2364,53.1722,0.0967,0.0,0.0556,0
MPLAD-FIN-402176,1.001,37.1605,6.0,4.1548,0.1255,0.4018,33.8514,0.6434,0.0,0.7139,0
MPLAD-FIN-402177,0.899,51.8746,3.0,4.3191,0.2149,0.3682,53.937,0.062,3.0,0.1401,0
MPLAD-FIN-402178,0.7735,3.8714,7.0,3.5172,0.0991,0.3904,7.5083,0.3612,0.0,0.2017,0
MPLAD-FIN-402179,0.9941,82.9091,3.0,3.4577,0.123,0.4441,31.8334,0.2224,1.0,0.5039,0
MPLAD-FIN-402180,0.8545,19.2073,7.0,3.663,0.0791,0.4457,55.4725,0.1688,0.0,1.3831,0
MPLAD-FIN-402181,0.8985,34.4267,8.0,4.3155,0.11,0.1722,137.7765,0.0609,1.0,0.319,0
MPLAD-FIN-402182,0.886,21.4736,5.0,4.5691,0.1729,0.2773,52.0484,0.233,0.0,0.4931,0
MPLAD-FIN-402183,1.0344,38.1115,8.0,6.9898,0.1225,0.3132,13.1545,0.1195,0.0,1.0609,0
MPLAD-FIN-402184,0.7935,34.7254,8.0,3.3079,0.0716,0.2706,71.4981,0.7449,1.0,0.1295,0
MPLAD-FIN-402185,1.01,52.9827,5.0,2.7004,0.1379,0.1906,33.7129,0.1967,1.0,0.1428,0
MPLAD-FIN-402186,0.7501,22.3716,3.0,5.6754,0.1069,0.0977,34.2456,0.0953,0.0,0.2447,0
MPLAD-FIN-402187,0.9286,57.6949,2.0,1.1715,0.1157,0.3993,22.198,0.1699,0.0,0.0895,0
MPLAD-FIN-402188,0.7933,40.5676,3.0,0.9419,0.0791,0.2663,74.325,0.4439,0.0,0.4584,0
MPLAD-FIN-402189,0.8912,4.5202,4.0,2.5757,0.2927,0.2222,45.3472,0.1141,0.0,0.9956,0
MPLAD-FIN-402190,0.9105,46.9206,7.0,2.4658,0.0769,0.3004,26.0995,0.1985,1.0,0.2137,0
MPLAD-FIN-402191,0.9828,7.1786,2.0,5.791,0.0415,0.3248,91.8858,0.1953,0.0,0.1275,0
MPLAD-FIN-402192,1.324,4.6559,2.0,14.2565,0.8349,0.912,191.7153,0.8489,6.0,1.6926,1
MPLAD-FIN-402193,0.8574,35.0597,2.0,2.5079,0.1165,0.2216,47.5226,0.2639,1.0,0.1936,0
MPLAD-FIN-402194,1.066,1.1622,2.0,21.2686,0.8823,0.8872,203.5586,0.9891,3.0,1.5706,1
MPLAD-FIN-402195,0.8173,59.4353,3.0,6.1493,0.1157,0.0649,107.9886,0.5861,1.0,0.2983,0
MPLAD-FIN-402196,1.2334,0.8916,1.0,20.0824,0.8576,0.8696,280.062,0.9339,4.0,2.1446,1
MPLAD-FIN-402197,0.8883,29.587,2.0,0.5823,0.3366,0.2623,69.5902,0.0591,0.0,0.1709,0
MPLAD-FIN-402198,0.7735,34.8766,2.0,3.4046,0.2356,0.1342,96.3138,0.4114,1.0,0.5404,0
MPLAD-FIN-402199,0.8724,5.3004,7.0,8.0842,0.2302,0.3051,29.0237,0.2457,1.0,0.8862,0
MPLAD-FIN-402200,0.9994,57.396,3.0,2.82,0.1382,0.0541,20.2006,0.3687,1.0,0.2724,0
MPLAD-FIN-402201,0.8261,64.5919,6.0,1.0019,0.1331,0.2887,123.2018,0.1373,0.0,0.5661,0
MPLAD-FIN-402202,1.0091,30.0703,7.0,3.5905,0.2004,0.2768,24.6603,0.2614,0.0,0.349,0
MPLAD-FIN-402203,0.7734,9.8619,2.0,8.765,0.2688,0.4161,30.6446,0.0654,0.0,0.1722,0
MPLAD-FIN-402204,0.8636,6.9861,7.0,1.5325,0.0585,0.1015,60.9793,0.3096,1.0,0.0393,0
MPLAD-FIN-402205,0.9461,79.2611,4.0,1.0101,0.0422,0.3162,53.3027,0.0744,1.0,0.4546,0
MPLAD-FIN-402206,1.0198,14.8296,8.0,1.9369,0.0132,0.2444,22.5851,0.2566,0.0,0.6673,0
MPLAD-FIN-402207,0.9704,56.9868,5.0,2.2527,0.2404,0.2192,4.3631,0.2047,0.0,0.299,0
MPLAD-FIN-402208,0.8796,7.6195,6.0,2.1925,0.0216,0.1326,27.2455,0.0949,1.0,0.194,0
MPLAD-FIN-402209,0.9145,44.5479,5.0,2.1765,0.1088,0.3621,21.8094,0.3488,0.0,0.9165,0
MPLAD-FIN-402210,0.8329,14.5418,7.0,1.9546,0.0807,0.3003,9.9003,0.5528,1.0,0.2705,0
MPLAD-FIN-402211,0.9183,27.3199,3.0,9.7122,0.1534,0.0812,48.8463,0.4765,1.0,0.2797,0
MPLAD-FIN-402212,1.0098,56.9429,7.0,4.059,0.3593,0.1437,16.5533,0.1795,0.0,0.2242,0
MPLAD-FIN-402213,0.8402,59.5717,4.0,8.5619,0.271,0.1337,93.9971,0.4828,0.0,0.5036,0
MPLAD-FIN-402214,0.7259,48.089,8.0,8.7232,0.1168,0.5336,95.8067,0.1364,1.0,1.0393,0
MPLAD-FIN-402215,0.8421,45.4162,3.0,2.9855,0.0879,0.0315,103.8812,0.1324,1.0,0.208,0
MPLAD-FIN-402216,0.9621,8.977,5.0,3.3148,0.0801,0.4306,14.6331,0.253,1.0,0.6818,0
MPLAD-FIN-402217,0.8271,7.1094,6.0,5.7113,0.3429,0.1159,40.1045,0.1939,0.0,0.2835,0
MPLAD-FIN-402218,0.8799,30.4634,3.0,4.0937,0.095,0.1247,53.7743,0.4055,0.0,1.0197,0
MPLAD-FIN-402219,0.9553,30.3071,8.0,5.495,0.1216,0.1074,23.3967,0.1378,0.0,0.1075,0
MPLAD-FIN-402220,0.8493,26.6133,5.0,4.5208,0.0395,0.1277,59.611,0.397,1.0,0.5871,0
MPLAD-FIN-402221,1.0107,1.8932,3.0,4.454,0.194,0.2559,28.2089,0.3354,0.0,0.4414,0
MPLAD-FIN-402222,0.7842,41.4508,4.0,2.4056,0.0753,0.1927,36.5685,0.1924,1.0,0.266,0
MPLAD-FIN-402223,0.8481,9.5568,3.0,4.109,0.3174,0.1636,58.4161,0.5221,0.0,0.8668,0
MPLAD-FIN-402224,1.05,24.5577,2.0,11.7234,0.4047,0.163,14.8697,0.1932,0.0,0.3003,0
MPLAD-FIN-402225,0.7864,67.0187,8.0,6.3255,0.3103,0.3397,63.8766,0.2217,0.0,0.6956,0
MPLAD-FIN-402226,0.8332,24.9118,2.0,2.1823,0.0458,0.0404,20.2378,0.1001,0.0,0.4411,0
MPLAD-FIN-402227,0.9894,44.2747,3.0,1.825,0.2769,0.1338,6.9799,0.3164,0.0,0.6638,0
MPLAD-FIN-402228,0.9632,20.2861,2.0,1.4525,0.1457,0.2392,38.8001,0.3446,1.0,0.1703,0
MPLAD-FIN-402229,0.8659,22.2404,6.0,2.4163,0.117,0.3447,45.0136,0.0546,0.0,0.0842,0
MPLAD-FIN-402230,0.7775,29.1559,4.0,1.9059,0.0845,0.3973,48.1122,0.4434,0.0,0.3323,0
MPLAD-FIN-402231,0.8055,29.5274,8.0,3.5896,0.1053,0.0514,54.0467,0.362,1.0,0.8591,0
MPLAD-FIN-402232,0.9641,19.1461,8.0,2.1411,0.1061,0.0448,161.1784,0.2386,0.0,0.4566,0
MPLAD-FIN-402233,0.9803,66.7609,6.0,2.0259,0.1511,0.0571,63.2517,0.2897,0.0,0.4172,0
MPLAD-FIN-402234,1.2994,5.5617,1.0,13.3169,0.9623,0.832,161.1176,0.9336,3.0,1.2,1
MPLAD-FIN-402235,0.9834,110.8188,3.0,0.9987,0.0178,0.1909,35.418,0.4572,0.0,0.1774,0
MPLAD-FIN-402236,1.05,123.7422,8.0,3.9337,0.2173,0.1883,33.8359,0.508,0.0,0.2574,0
MPLAD-FIN-402237,0.8423,13.0536,8.0,6.8579,0.0428,0.1458,78.2024,0.2,0.0,0.5301,0
MPLAD-FIN-402238,0.9754,17.089,5.0,3.7168,0.0083,0.243,21.3372,0.2434,0.0,1.7699,0
MPLAD-FIN-402239,0.9647,20.7649,6.0,1.3602,0.0384,0.0549,4.0292,0.4213,0.0,0.5087,0
MPLAD-FIN-402240,0.8543,48.4894,7.0,6.1571,0.0703,0.2287,18.7866,0.2006,1.0,0.4384,0
MPLAD-FIN-402241,0.924,19.9105,8.0,1.0574,0.2409,0.1424,49.8545,0.1138,0.0,0.4918,0
MPLAD-FIN-402242,0.9141,22.514,2.0,2.1045,0.1318,0.0663,47.4409,0.0615,0.0,0.8813,0
MPLAD-FIN-402243,0.893,76.4315,4.0,6.143,0.0329,0.2854,19.0157,0.4666,1.0,0.6195,0
MPLAD-FIN-402244,0.8393,46.8112,6.0,1.2253,0.0425,0.1406,55.6021,0.1521,0.0,0.8858,0
MPLAD-FIN-402245,0.8108,13.5094,5.0,13.9627,0.1368,0.1703,20.4144,0.1573,0.0,0.1177,0
MPLAD-FIN-402246,0.8936,14.2074,8.0,5.073,0.2017,0.2498,113.9141,0.0819,0.0,0.111,0
MPLAD-FIN-402247,0.9994,33.3471,7.0,8.2037,0.2114,0.2724,77.3626,0.215,1.0,0.3186,0
MPLAD-FIN-402248,1.0084,34.0461,4.0,2.3272,0.1465,0.1127,102.096,0.1016,0.0,0.063,0
MPLAD-FIN-402249,0.9728,52.8237,8.0,9.0807,0.0081,0.7566,45.2024,0.2571,2.0,0.0975,0
MPLAD-FIN-402250,0.7458,95.2807,7.0,1.6851,0.2347,0.1598,20.6872,0.3035,0.0,0.505,0
MPLAD-FIN-402251,1.05,68.3834,3.0,1.1669,0.0457,0.0666,107.1177,0.2358,0.0,0.3562,0
MPLAD-FIN-402252,0.6961,68.1984,2.0,1.8057,0.18,0.0992,45.2721,0.2951,0.0,0.3845,0
MPLAD-FIN-402253,0.7739,41.998,6.0,0.5522,0.0207,0.008,34.8379,0.4467,1.0,0.0642,0
MPLAD-FIN-402254,0.9771,28.5853,2.0,5.4396,0.0136,0.2475,41.3342,0.19,0.0,0.2099,0
MPLAD-FIN-402255,0.828,39.1782,8.0,2.9095,0.2917,0.1514,31.5354,0.3222,1.0,0.6636,0
MPLAD-FIN-402256,0.8503,12.8288,2.0,4.6779,0.0902,0.2217,42.1126,0.1419,0.0,0.7536,0
MPLAD-FIN-402257,1.1105,10.3232,2.0,14.6585,0.8904,0.9796,499.0288,0.7922,3.0,3.1416,1
MPLAD-FIN-402258,1.0288,27.535,8.0,2.4314,0.0466,0.1331,21.4256,0.2391,0.0,0.4668,0
MPLAD-FIN-402259,0.8941,6.1959,5.0,0.7534,0.2468,0.1081,10.0905,0.3856,1.0,0.7429,0
MPLAD-FIN-402260,0.7616,99.1196,5.0,1.3243,0.1144,0.1979,23.6252,0.0528,0.0,0.1089,0
MPLAD-FIN-402261,0.9266,34.7478,6.0,2.8277,0.4609,0.0393,123.6093,0.3616,1.0,0.4112,0
MPLAD-FIN-402262,0.9632,74.5895,8.0,2.5822,0.0969,0.4285,64.299,0.0858,0.0,0.8838,0
MPLAD-FIN-402263,0.7935,52.2273,7.0,3.5363,0.2875,0.1647,46.6886,0.1917,0.0,0.2427,0
MPLAD-FIN-402264,0.7865,55.0935,2.0,10.9958,0.0884,0.4175,17.7916,0.4037,1.0,0.4724,0
MPLAD-FIN-402265,0.8726,24.5329,2.0,2.2387,0.1402,0.2162,66.3093,0.2054,0.0,0.0265,0
MPLAD-FIN-402266,0.8578,11.5883,8.0,0.9738,0.1411,0.4022,3.3914,0.441,0.0,0.3061,0
MPLAD-FIN-402267,0.8129,25.5465,3.0,1.0788,0.1347,0.4242,28.4833,0.3357,1.0,0.3769,0
MPLAD-FIN-402268,0.7627,62.791,6.0,7.6402,0.1479,0.0539,57.0657,0.4913,1.0,0.2391,0
MPLAD-FIN-402269,0.8272,39.6165,7.0,3.2142,0.1052,0.0795,44.5747,0.3358,0.0,0.404,0
MPLAD-FIN-402270,0.8518,23.3882,3.0,2.6283,0.0323,0.2965,41.1207,0.0434,0.0,0.215,0
MPLAD-FIN-402271,0.9102,65.5873,8.0,6.5769,0.1321,0.1695,83.4854,0.0959,1.0,0.7156,0
MPLAD-FIN-402272,0.7633,37.2118,8.0,6.0237,0.2867,0.2431,51.8594,0.1715,0.0,0.5286,0
MPLAD-FIN-402273,0.8972,36.9828,8.0,5.1803,0.072,0.4324,26.4616,0.1001,0.0,0.2189,0
MPLAD-FIN-402274,0.9994,34.4277,7.0,7.765,0.0755,0.2292,76.6754,0.2558,1.0,0.4988,0
MPLAD-FIN-402275,0.8892,39.6538,4.0,3.4779,0.2051,0.4497,20.8563,0.2054,0.0,0.6057,0
MPLAD-FIN-402276,0.8516,98.9996,5.0,3.4863,0.1514,0.1106,7.8499,0.1212,0.0,0.2497,0
MPLAD-FIN-402277,0.781,41.3697,4.0,3.6668,0.0523,0.3518,10.6644,0.3985,1.0,0.4837,0
MPLAD-FIN-402278,1.0206,15.3772,2.0,3.2986,0.1196,0.4542,19.2911,0.2169,1.0,0.5422,0
MPLAD-FIN-402279,0.9107,48.345,8.0,3.9875,0.4282,0.2173,61.9089,0.368,0.0,0.7138,0
MPLAD-FIN-402280,0.864,68.4527,3.0,2.7992,0.0251,0.2292,26.2969,0.1314,0.0,0.4484,0
MPLAD-FIN-402281,0.7108,30.5145,8.0,2.0009,0.1656,0.1857,107.862,0.3538,0.0,0.5293,0
MPLAD-FIN-402282,0.7813,13.874,4.0,4.2642,0.1907,0.4967,18.3181,0.0726,0.0,0.515,0
MPLAD-FIN-402283,0.9073,28.3677,2.0,2.483,0.1087,0.4643,31.4445,0.353,0.0,0.4245,0
MPLAD-FIN-402284,0.8136,38.7642,5.0,0.4999,0.2342,0.4727,30.7781,0.3125,0.0,0.4729,0
MPLAD-FIN-402285,0.934,3.0863,1.0,9.3553,0.7383,0.9033,174.9047,0.6514,4.0,1.4171,1
MPLAD-FIN-402286,0.7819,32.95,4.0,1.9667,0.2541,0.3331,63.9277,0.4642,0.0,1.479,0
MPLAD-FIN-402287,0.9636,11.8287,5.0,2.6507,0.2017,0.172,31.5611,0.1102,0.0,0.5265,0
MPLAD-FIN-402288,0.9116,43.8043,7.0,1.3757,0.1281,0.2293,67.9182,0.6026,2.0,0.3524,0
MPLAD-FIN-402289,0.8323,41.783,2.0,6.6389,0.0672,0.4156,30.1173,0.237,0.0,0.1369,0
MPLAD-FIN-402290,0.8555,11.5217,2.0,6.7253,0.3595,0.3165,22.3386,0.1066,0.0,0.327,0
MPLAD-FIN-402291,0.8147,28.25,2.0,3.6902,0.0737,0.1053,44.5494,0.1671,0.0,0.1721,0
MPLAD-FIN-402292,0.8193,9.8579,5.0,2.0456,0.0976,0.4006,33.2554,0.7368,0.0,0.1811,0
MPLAD-FIN-402293,0.8985,41.6751,8.0,8.1251,0.2363,0.2443,124.5554,0.3374,0.0,0.0639,0
MPLAD-FIN-402294,1.05,19.938,3.0,7.2604,0.1253,0.1784,21.7221,0.2223,0.0,0.2013,0
MPLAD-FIN-402295,0.9394,46.4442,4.0,3.0787,0.1617,0.3155,44.7433,0.2929,0.0,0.272,0
MPLAD-FIN-402296,0.7706,37.2767,6.0,5.4482,0.3727,0.2737,16.2037,0.1076,0.0,1.905,0
MPLAD-FIN-402297,0.7403,30.247,2.0,2.2568,0.0738,0.074,36.013,0.5379,0.0,0.6341,0
MPLAD-FIN-402298,0.8621,55.097,3.0,4.6255,0.0147,0.3528,59.8996,0.2582,1.0,0.5644,0
MPLAD-FIN-402299,0.8643,29.4771,3.0,1.4699,0.2773,0.4193,20.9756,0.1976,0.0,0.8607,0
MPLAD-FIN-402300,0.9241,15.5222,8.0,1.9426,0.0321,0.4698,33.4272,0.4973,2.0,0.8841,0
MPLAD-FIN-402301,0.8077,39.0394,5.0,2.7241,0.101,0.2256,12.8851,0.1702,0.0,0.1608,0
MPLAD-FIN-402302,0.8027,60.9655,6.0,9.7878,0.2073,0.4662,12.7099,0.1366,1.0,0.5777,0
MPLAD-FIN-402303,1.0281,53.1483,2.0,9.6053,0.1707,0.5986,88.2724,0.2595,0.0,0.9823,0
MPLAD-FIN-402304,0.7848,28.8017,5.0,3.6528,0.0498,0.2342,34.1886,0.5509,2.0,0.1591,0
MPLAD-FIN-402305,0.8834,55.1961,6.0,0.7345,0.3236,0.252,65.2376,0.2179,0.0,0.8577,0
MPLAD-FIN-402306,0.8251,22.5915,8.0,2.6887,0.1303,0.0624,21.3316,0.2685,1.0,0.2197,0
MPLAD-FIN-402307,0.9353,89.9895,2.0,4.4055,0.2697,0.5559,35.6423,0.2695,0.0,0.6233,0
MPLAD-FIN-402308,0.8754,21.3494,6.0,8.0792,0.5258,0.1749,23.7513,0.265,0.0,0.8075,0
MPLAD-FIN-402309,0.7784,62.9858,7.0,8.4545,0.1153,0.301,6.8272,0.2885,1.0,0.1481,0
MPLAD-FIN-402310,1.0028,26.6653,2.0,3.1199,0.3006,0.1571,28.3355,0.1765,2.0,0.1138,0
MPLAD-FIN-402311,0.7604,68.8816,6.0,2.2815,0.164,0.3268,32.7099,0.1036,0.0,0.2536,0
MPLAD-FIN-402312,0.8481,23.3002,8.0,3.7958,0.0238,0.1793,23.0154,0.1196,1.0,0.4355,0
MPLAD-FIN-402313,0.9479,15.2211,6.0,4.8784,0.1705,0.5632,51.8556,0.2578,0.0,0.358,0
MPLAD-FIN-402314,0.8174,69.7872,4.0,1.6978,0.1753,0.0549,62.1964,0.1722,0.0,0.1845,0
MPLAD-FIN-402315,0.901,24.0607,8.0,4.2671,0.3624,0.1067,27.1552,0.1722,0.0,0.2479,0
MPLAD-FIN-402316,0.952,48.8539,6.0,2.7432,0.1321,0.3213,9.9469,0.155,0.0,1.2189,0
MPLAD-FIN-402317,0.9444,30.606,2.0,7.1809,0.2512,0.2669,82.1975,0.5192,0.0,0.8751,0
MPLAD-FIN-402318,0.9041,24.419,5.0,3.1867,0.3347,0.265,47.6898,0.2563,0.0,0.1863,0
MPLAD-FIN-402319,1.05,2.9549,8.0,2.7957,0.116,0.2354,3.2495,0.2425,0.0,0.0983,0
MPLAD-FIN-402320,0.914,20.9155,7.0,7.0677,0.1397,0.0846,61.0376,0.3475,0.0,0.4736,0
MPLAD-FIN-402321,0.848,78.8277,5.0,0.1899,0.1282,0.1348,68.3177,0.2759,0.0,0.3422,0
MPLAD-FIN-402322,0.7143,27.6915,5.0,1.5526,0.1696,0.1262,37.1463,0.1837,0.0,0.1425,0
MPLAD-FIN-402323,0.8383,34.7961,4.0,1.6782,0.1586,0.0889,29.7689,0.3589,1.0,0.1773,0
MPLAD-FIN-402324,1.05,37.2107,5.0,1.4865,0.0789,0.216,49.2154,0.1205,1.0,0.2768,0
MPLAD-FIN-402325,1.0365,36.2442,4.0,4.5025,0.1142,0.1569,16.2988,0.271,1.0,0.351,0
MPLAD-FIN-402326,0.8989,25.428,7.0,5.2329,0.2584,0.3635,48.2974,0.3172,2.0,1.0769,0
MPLAD-FIN-402327,0.6991,40.9841,8.0,3.2718,0.0103,0.3426,53.4199,0.0645,1.0,0.2367,0
MPLAD-FIN-402328,0.8408,3.8488,4.0,6.383,0.032,0.047,21.7148,0.3327,0.0,0.3108,0
MPLAD-FIN-402329,1.05,62.4501,8.0,3.7899,0.0116,0.3999,63.3638,0.1248,2.0,0.0871,0
MPLAD-FIN-402330,0.9288,42.2088,3.0,2.7609,0.145,0.1887,51.8977,0.1316,0.0,0.2994,0
MPLAD-FIN-402331,0.8917,20.6434,4.0,8.2569,0.4358,0.57,94.8285,0.0766,0.0,0.3504,0
MPLAD-FIN-402332,0.9564,92.0751,8.0,2.1843,0.0867,0.1568,51.8833,0.0854,0.0,0.2877,0
MPLAD-FIN-402333,0.8759,9.8616,4.0,5.1074,0.1073,0.2044,50.7451,0.3629,1.0,0.0946,0
MPLAD-FIN-402334,0.9039,39.8262,4.0,4.2856,0.2355,0.2518,15.8582,0.3717,0.0,0.693,0
MPLAD-FIN-402335,0.9564,16.463,3.0,2.5047,0.2296,0.1126,48.03,0.1252,0.0,0.6297,0
MPLAD-FIN-402336,1.0254,39.3478,6.0,6.4099,0.2067,0.1377,23.5535,0.3281,2.0,0.1194,0
MPLAD-FIN-402337,0.8326,47.2994,2.0,7.8182,0.0412,0.2904,42.2918,0.22,0.0,0.6628,0
MPLAD-FIN-402338,0.7637,36.5312,4.0,1.5721,0.179,0.4563,71.6084,0.2787,2.0,0.1668,0
MPLAD-FIN-402339,0.7146,19.9434,4.0,1.9499,0.358,0.123,9.6069,0.3542,0.0,0.6473,0
MPLAD-FIN-402340,0.9734,40.441,4.0,8.2563,0.1327,0.288,27.0201,0.1142,1.0,0.0997,0
MPLAD-FIN-402341,1.0367,33.7689,2.0,8.9179,0.0376,0.1832,20.8341,0.2649,1.0,0.9019,0
MPLAD-FIN-402342,0.583,43.2739,4.0,6.8686,0.0266,0.2494,61.6568,0.03,0.0,1.1913,0
MPLAD-FIN-402343,0.9284,7.5271,2.0,3.6867,0.1026,0.2062,20.6136,0.438,0.0,0.8341,0
MPLAD-FIN-402344,0.8352,53.9477,4.0,6.4274,0.0466,0.2307,27.8056,0.3389,1.0,0.3431,0
MPLAD-FIN-402345,0.7299,37.1543,2.0,4.8846,0.0543,0.2613,36.461,0.1548,1.0,0.2346,0
MPLAD-FIN-402346,0.9747,0.2191,2.0,14.9072,0.7589,0.8766,337.9296,0.892,2.0,2.2322,1
MPLAD-FIN-402347,0.9024,6.648,2.0,3.6514,0.1767,0.3652,46.894,0.1599,1.0,0.0812,0
MPLAD-FIN-402348,0.8572,26.8122,3.0,2.8396,0.1318,0.0276,32.6203,0.1,0.0,0.1148,0
MPLAD-FIN-402349,0.9966,83.2626,2.0,2.9977,0.0663,0.4653,22.6728,0.3518,2.0,0.2179,0
MPLAD-FIN-402350,0.9146,46.8389,3.0,7.2741,0.118,0.3097,72.6513,0.0507,1.0,0.3695,0
MPLAD-FIN-402351,0.8297,36.49,2.0,1.8984,0.2289,0.2839,32.8327,0.3711,0.0,0.2874,0
MPLAD-FIN-402352,0.9443,65.378,6.0,1.0353,0.1479,0.0386,7.9909,0.1241,1.0,0.1928,0
MPLAD-FIN-402353,0.9555,21.6638,2.0,1.1418,0.0644,0.2019,51.75,0.4796,0.0,0.151,0
MPLAD-FIN-402354,0.8429,25.8104,2.0,3.5203,0.0474,0.3336,46.4889,0.2762,0.0,1.0593,0
MPLAD-FIN-402355,1.05,31.7513,5.0,4.0159,0.0828,0.152,38.5017,0.1597,0.0,0.4336,0
MPLAD-FIN-402356,0.6946,58.3767,5.0,2.3834,0.3641,0.2487,37.0759,0.1994,0.0,0.4262,0
MPLAD-FIN-402357,0.8965,34.3332,5.0,3.3394,0.0773,0.1498,72.3787,0.0232,1.0,0.2854,0
MPLAD-FIN-402358,0.8308,19.4571,5.0,6.7785,0.0946,0.202,114.9664,0.1528,0.0,0.2644,0
MPLAD-FIN-402359,0.8927,17.6828,4.0,3.2482,0.0215,0.2515,95.3215,0.199,1.0,0.2309,0
MPLAD-FIN-402360,0.7471,13.5953,8.0,4.3222,0.0164,0.2798,27.2326,0.2185,2.0,0.1029,0
MPLAD-FIN-402361,0.7768,23.4347,4.0,4.0933,0.0558,0.2252,65.1218,0.3855,0.0,0.5322,0
MPLAD-FIN-402362,0.9047,22.0671,2.0,5.5852,0.3178,0.3154,21.8541,0.3533,1.0,0.0714,0
MPLAD-FIN-402363,0.8799,51.8684,3.0,0.7338,0.1961,0.0511,46.6261,0.0232,1.0,0.1792,0
MPLAD-FIN-402364,0.883,98.813,6.0,3.7351,0.1372,0.2641,24.0893,0.09,1.0,0.2323,0
MPLAD-FIN-402365,0.924,17.033,5.0,0.2509,0.2087,0.3015,75.7985,0.3669,0.0,0.3614,0
MPLAD-FIN-402366,0.758,27.7477,3.0,0.6142,0.2024,0.2903,11.2228,0.1956,0.0,0.5174,0
MPLAD-FIN-402367,0.8197,18.4851,5.0,12.1343,0.0636,0.2165,47.9211,0.0493,0.0,0.9185,0
MPLAD-FIN-402368,1.05,25.8382,4.0,2.9696,0.0425,0.2859,29.5506,0.2337,0.0,0.3545,0
MPLAD-FIN-402369,0.8974,38.4494,8.0,1.8685,0.0978,0.095,49.4368,0.1758,0.0,0.07,0
MPLAD-FIN-402370,0.8933,11.0917,1.0,19.3845,0.7623,0.9419,259.0185,0.6394,3.0,1.9484,1
MPLAD-FIN-402371,0.8399,15.0002,4.0,0.7486,0.1135,0.3174,23.4966,0.1601,0.0,0.7099,0
MPLAD-FIN-402372,0.8204,68.8217,7.0,1.2659,0.1284,0.1286,73.5364,0.6309,2.0,0.4021,0
MPLAD-FIN-402373,0.8794,35.3925,7.0,0.4988,0.1768,0.63,53.0986,0.104,1.0,0.4236,0
MPLAD-FIN-402374,0.6898,44.072,2.0,0.4553,0.32,0.1849,99.2769,0.1256,0.0,0.4114,0
MPLAD-FIN-402375,0.8486,28.9442,3.0,3.4139,0.2469,0.21,13.687,0.1409,1.0,0.3978,0
MPLAD-FIN-402376,0.8242,29.6095,3.0,6.4444,0.0537,0.1576,30.1991,0.3133,0.0,0.4771,0
MPLAD-FIN-402377,0.7695,25.3643,6.0,5.2661,0.0509,0.358,33.358,0.4264,1.0,0.3418,0
MPLAD-FIN-402378,0.9278,27.5114,2.0,1.2665,0.0643,0.4988,35.4391,0.025,1.0,0.5125,0
MPLAD-FIN-402379,0.872,41.1624,4.0,6.1636,0.2164,0.2158,32.0078,0.0418,0.0,0.3724,0
MPLAD-FIN-402380,0.9878,76.5703,3.0,8.1178,0.2244,0.2694,51.6677,0.3438,0.0,1.4103,0
MPLAD-FIN-402381,0.826,2.1879,5.0,5.4295,0.2434,0.1744,55.6356,0.4667,1.0,0.7419,0
MPLAD-FIN-402382,0.8794,16.6464,7.0,2.8142,0.1128,0.0871,83.4733,0.4192,0.0,0.356,0
MPLAD-FIN-402383,0.8299,41.1359,3.0,1.7836,0.1656,0.2851,96.5122,0.4011,1.0,0.3381,0
MPLAD-FIN-402384,0.8564,37.6344,5.0,1.0859,0.2392,0.1183,80.2245,0.3932,0.0,1.0751,0
MPLAD-FIN-402385,0.899,20.2837,6.0,1.7965,0.0046,0.3083,18.9114,0.3945,0.0,0.2757,0
MPLAD-FIN-402386,0.8509,46.012,4.0,1.4493,0.0047,0.1053,25.001,0.4075,1.0,0.4057,0
MPLAD-FIN-402387,0.949,10.0819,7.0,4.3276,0.1138,0.0504,20.1659,0.2426,0.0,0.1277,0
MPLAD-FIN-402388,1.05,10.7986,3.0,3.4851,0.0419,0.3575,9.8826,0.0216,0.0,0.6589,0
MPLAD-FIN-402389,0.6884,18.1205,5.0,3.1894,0.2734,0.2017,35.0197,0.1448,0.0,0.4319,0
MPLAD-FIN-402390,0.7755,46.5428,5.0,11.0455,0.1202,0.218,26.9961,0.0618,1.0,0.1723,0
MPLAD-FIN-402391,0.9971,42.6537,7.0,4.6343,0.1645,0.2357,21.0233,0.1564,0.0,0.1278,0
MPLAD-FIN-402392,0.8633,57.5946,7.0,3.6958,0.052,0.3552,66.4463,0.1786,0.0,0.7765,0
MPLAD-FIN-402393,0.9327,1.1115,1.0,26.2409,0.8117,0.9019,254.9776,0.7313,7.0,3.2147,1
MPLAD-FIN-402394,0.9538,40.3538,4.0,4.3918,0.0829,0.3472,20.7184,0.4259,1.0,0.6538,0
MPLAD-FIN-402395,0.9538,42.1563,6.0,3.3413,0.2167,0.2222,48.3401,0.167,0.0,0.396,0
MPLAD-FIN-402396,0.9266,33.2594,4.0,6.1385,0.2894,0.1744,31.72,0.1777,1.0,0.5888,0
MPLAD-FIN-402397,0.787,53.2573,3.0,1.3586,0.2522,0.0998,140.0977,0.1042,0.0,0.3992,0
MPLAD-FIN-402398,0.9912,15.605,7.0,7.4893,0.1548,0.1875,33.9784,0.1173,0.0,0.3085,0
MPLAD-FIN-402399,0.9355,31.9969,3.0,1.9444,0.0763,0.3696,55.0842,0.3195,0.0,0.4588,0
MPLAD-FIN-402400,0.9845,59.2868,5.0,3.9991,0.0406,0.0899,47.8621,0.1023,2.0,0.3327,0
MPLAD-FIN-402401,0.9832,16.4716,3.0,2.014,0.2447,0.0993,62.6719,0.3643,0.0,0.3724,0
MPLAD-FIN-402402,0.9568,23.3769,6.0,2.8428,0.2057,0.0978,47.215,0.1604,1.0,0.4176,0
MPLAD-FIN-402403,0.9714,1.2492,1.0,28.0314,0.8805,0.9474,211.7487,0.7516,6.0,1.6668,1
MPLAD-FIN-402404,0.8156,18.2074,5.0,1.1578,0.4061,0.2557,7.6471,0.1839,0.0,0.5348,0
MPLAD-FIN-402405,0.7886,69.2477,5.0,0.6232,0.1892,0.4329,15.5622,0.1071,0.0,0.2812,0
MPLAD-FIN-402406,0.8725,18.6286,4.0,1.8944,0.2878,0.0584,19.0088,0.056,0.0,0.2823,0
MPLAD-FIN-402407,0.9431,43.0358,3.0,3.9962,0.3292,0.1474,12.4028,0.5252,1.0,0.5525,0
MPLAD-FIN-402408,0.7286,33.5841,7.0,2.4471,0.1134,0.2456,65.1686,0.1031,1.0,0.4822,0
MPLAD-FIN-402409,0.8147,24.1336,4.0,13.0699,0.1104,0.3866,22.6044,0.1589,0.0,0.6002,0
MPLAD-FIN-402410,0.8959,44.6945,6.0,0.5086,0.0719,0.2982,51.3632,0.1977,0.0,0.769,0
MPLAD-FIN-402411,0.8768,11.6825,6.0,4.1578,0.2174,0.2508,53.9715,0.1452,0.0,0.7314,0
MPLAD-FIN-402412,1.0456,0.9488,2.0,27.5136,0.7838,0.8819,77.7728,0.9738,2.0,1.7079,1
MPLAD-FIN-402413,0.9302,36.2213,7.0,2.2499,0.1773,0.5969,16.3651,0.1322,0.0,1.0436,0
MPLAD-FIN-402414,0.9525,27.6002,8.0,4.9951,0.2096,0.0763,13.5712,0.0706,1.0,0.2643,0
MPLAD-FIN-402415,0.8922,16.0583,3.0,2.3866,0.0896,0.1458,38.2195,0.059,0.0,0.2298,0
MPLAD-FIN-402416,0.8267,57.6262,6.0,2.6451,0.2745,0.1,32.6171,0.3749,0.0,0.2791,0
MPLAD-FIN-402417,0.9569,16.4991,5.0,5.831,0.1992,0.1834,106.0952,0.2303,0.0,0.1571,0
MPLAD-FIN-402418,0.9472,36.6979,7.0,1.6734,0.2465,0.0092,37.5102,0.1149,0.0,0.5071,0
MPLAD-FIN-402419,0.9129,34.4059,5.0,3.7781,0.1761,0.148,30.0005,0.1371,0.0,0.4594,0
MPLAD-FIN-402420,0.8505,107.7423,2.0,1.528,0.045,0.4755,34.3936,0.0771,0.0,0.4942,0
MPLAD-FIN-402421,0.8657,24.7196,7.0,3.4369,0.2581,0.4325,63.9866,0.1472,0.0,0.3556,0
MPLAD-FIN-402422,0.8547,1.2172,1.0,20.4623,0.9615,0.6712,276.7598,0.7073,1.0,0.7809,1
MPLAD-FIN-402423,0.9342,18.2577,8.0,1.504,0.2732,0.2423,46.7054,0.3915,0.0,0.528,0
MPLAD-FIN-402424,0.984,27.1584,5.0,7.3878,0.144,0.2908,46.0062,0.2291,0.0,0.4379,0
MPLAD-FIN-402425,0.8629,28.5117,4.0,2.3428,0.159,0.5135,18.5504,0.3647,0.0,0.1735,0
MPLAD-FIN-402426,0.9268,30.0077,8.0,3.4356,0.0666,0.022,41.9716,0.3589,0.0,0.2889,0
MPLAD-FIN-402427,0.8247,77.1711,3.0,2.998,0.1346,0.3066,29.632,0.112,0.0,0.5254,0
MPLAD-FIN-402428,1.0157,81.2729,2.0,0.7706,0.0777,0.1958,36.8806,0.2574,1.0,0.3691,0
MPLAD-FIN-402429,0.668,86.9686,5.0,2.5186,0.1561,0.0813,19.1282,0.1774,1.0,0.3482,0
MPLAD-FIN-402430,0.9048,24.4127,6.0,3.3052,0.1455,0.199,101.4171,0.5036,0.0,0.3414,0
MPLAD-FIN-402431,1.0133,26.445,7.0,0.8124,0.0325,0.1743,38.7447,0.1227,0.0,0.0986,0
MPLAD-FIN-402432,1.0278,42.557,7.0,1.6303,0.0333,0.1939,15.2234,0.2833,1.0,0.4062,0
MPLAD-FIN-402433,0.7982,52.977,8.0,1.4552,0.1738,0.2092,29.3738,0.3621,0.0,0.0734,0
MPLAD-FIN-402434,0.8136,34.5774,7.0,15.0518,0.1664,0.0814,61.3843,0.0983,1.0,0.5814,0
MPLAD-FIN-402435,0.9424,32.2829,6.0,5.0867,0.1193,0.2222,45.4367,0.2694,0.0,0.5091,0
MPLAD-FIN-402436,0.748,41.924,6.0,5.3012,0.269,0.23,41.2189,0.06,0.0,0.0364,0
MPLAD-FIN-402437,0.8027,46.3338,7.0,1.1815,0.0765,0.1484,13.8822,0.0552,1.0,0.253,0
MPLAD-FIN-402438,0.8327,24.4278,2.0,4.2958,0.356,0.1154,52.2678,0.3231,0.0,0.3899,0
MPLAD-FIN-402439,0.992,24.1057,4.0,5.5777,0.1035,0.1454,21.8796,0.4297,1.0,0.2057,0
MPLAD-FIN-402440,0.8755,19.6007,3.0,8.133,0.1871,0.0615,123.343,0.1655,0.0,0.9081,0
MPLAD-FIN-402441,0.8331,51.4992,7.0,1.682,0.0801,0.2031,60.5303,0.012,0.0,0.9606,0
MPLAD-FIN-402442,1.05,20.4691,4.0,3.0185,0.3731,0.1803,31.3691,0.1321,0.0,0.3083,0
MPLAD-FIN-402443,0.8242,87.2059,2.0,3.374,0.2337,0.2163,17.7464,0.284,0.0,0.2437,0
MPLAD-FIN-402444,0.9362,70.3268,5.0,5.1228,0.0228,0.1007,53.2923,0.3052,0.0,0.3572,0
MPLAD-FIN-402445,0.9955,76.2416,4.0,2.8792,0.168,0.0708,27.2151,0.1945,0.0,0.6641,0
MPLAD-FIN-402446,0.8607,25.9124,6.0,6.8339,0.0586,0.3246,14.1389,0.0947,0.0,0.6125,0
MPLAD-FIN-402447,0.8831,57.1685,6.0,9.0251,0.1331,0.2898,93.7594,0.3273,0.0,0.3858,0
MPLAD-FIN-402448,0.8325,33.2491,2.0,7.9536,0.0614,0.165,29.1352,0.207,0.0,0.1827,0
MPLAD-FIN-402449,0.9638,15.6611,2.0,12.7775,0.3448,0.3715,13.9645,0.164,0.0,0.097,0
MPLAD-FIN-402450,0.9773,20.4232,4.0,3.4491,0.2537,0.1719,27.2674,0.088,0.0,0.3673,0
MPLAD-FIN-402451,1.0237,9.4571,6.0,1.5448,0.14,0.1788,34.2732,0.5022,0.0,0.7612,0
MPLAD-FIN-402452,0.9068,10.8153,7.0,2.4147,0.0215,0.0874,59.3196,0.075,1.0,0.0376,0
MPLAD-FIN-402453,0.7336,46.7986,7.0,0.8873,0.2742,0.2826,32.7533,0.0617,1.0,0.5626,0
MPLAD-FIN-402454,0.7786,42.3447,2.0,4.0263,0.0683,0.3223,72.0414,0.196,0.0,0.3052,0
MPLAD-FIN-402455,0.9613,22.8222,4.0,3.7029,0.2502,0.4746,67.2553,0.2907,2.0,0.9124,0
MPLAD-FIN-402456,0.7657,9.8985,2.0,1.8469,0.2497,0.4749,60.8851,0.0616,0.0,0.7068,0
MPLAD-FIN-402457,0.9039,55.4457,5.0,3.2357,0.151,0.2274,31.9746,0.3591,0.0,0.1858,0
MPLAD-FIN-402458,0.8778,26.8525,8.0,4.0816,0.1782,0.3737,32.2131,0.0948,1.0,0.3318,0
MPLAD-FIN-402459,0.7905,60.7012,2.0,3.5999,0.1022,0.1646,45.8882,0.3161,0.0,0.7045,0
MPLAD-FIN-402460,0.9808,38.5532,8.0,6.0303,0.253,0.3367,51.9459,0.091,0.0,0.4048,0
MPLAD-FIN-402461,0.8811,34.9302,5.0,3.5301,0.1222,0.1915,34.7587,0.2097,1.0,0.1552,0
MPLAD-FIN-402462,0.8666,18.1117,4.0,4.3114,0.1374,0.2329,42.4488,0.2658,2.0,0.1207,0
MPLAD-FIN-402463,0.5785,38.4732,8.0,0.835,0.261,0.1173,73.7281,0.1446,1.0,0.6525,0
MPLAD-FIN-402464,0.9751,16.2633,4.0,3.0496,0.0882,0.2615,21.5161,0.4307,0.0,0.4779,0
MPLAD-FIN-402465,1.0225,48.5932,6.0,4.9204,0.2029,0.1735,45.2312,0.4802,0.0,0.8607,0
MPLAD-FIN-402466,0.8405,19.1204,2.0,4.9516,0.04,0.2917,21.0132,0.1751,1.0,0.3103,0
MPLAD-FIN-402467,0.8064,15.7189,2.0,8.9671,0.1085,0.2087,10.5604,0.0808,0.0,0.4017,0
MPLAD-FIN-402468,0.7723,30.8858,7.0,1.9813,0.069,0.4651,22.3795,0.085,0.0,0.1743,0
MPLAD-FIN-402469,0.9643,43.375,7.0,8.1834,0.0395,0.0988,24.7026,0.1904,1.0,0.2173,0
MPLAD-FIN-402470,0.8481,1.4097,1.0,28.0578,0.8683,0.4564,108.8337,0.9621,3.0,0.7315,1
MPLAD-FIN-402471,0.8358,36.7427,8.0,5.2588,0.1088,0.2588,46.8429,0.1213,0.0,0.6569,0
MPLAD-FIN-402472,0.9644,57.3484,4.0,2.0621,0.0737,0.3778,34.829,0.2999,0.0,0.1341,0
MPLAD-FIN-402473,0.8799,52.6027,8.0,4.3417,0.1231,0.5241,12.5594,0.0291,1.0,0.2018,0
MPLAD-FIN-402474,0.7707,33.4972,8.0,1.9787,0.025,0.1554,32.3372,0.1621,0.0,0.3775,0
MPLAD-FIN-402475,0.7577,26.2302,8.0,3.5503,0.1027,0.1077,86.7382,0.0832,0.0,0.3929,0
MPLAD-FIN-402476,0.9827,42.9343,5.0,3.2125,0.0507,0.2543,9.1003,0.0798,1.0,0.4644,0
MPLAD-FIN-402477,0.8031,89.313,2.0,8.3345,0.1956,0.149,51.1317,0.15,0.0,0.5094,0
MPLAD-FIN-402478,0.8317,25.6259,4.0,1.3593,0.0987,0.1774,19.0011,0.1249,0.0,0.0966,0
MPLAD-FIN-402479,0.9371,34.709,8.0,4.4104,0.1635,0.0959,51.4107,0.2119,0.0,0.137,0
MPLAD-FIN-402480,0.9799,3.5381,1.0,38.042,0.8894,0.8789,163.5879,0.9597,1.0,2.5961,1
MPLAD-FIN-402481,0.9386,25.8174,8.0,1.8769,0.2063,0.1751,34.6323,0.3181,0.0,0.4336,0
MPLAD-FIN-402482,0.8567,54.4085,7.0,3.8884,0.1285,0.3935,80.4767,0.0344,0.0,0.0924,0
MPLAD-FIN-402483,0.848,50.1545,7.0,1.9751,0.0422,0.2848,83.0342,0.443,0.0,0.4107,0
MPLAD-FIN-402484,0.7747,8.7966,5.0,1.8656,0.2024,0.1151,3.869,0.1762,0.0,0.2116,0
MPLAD-FIN-402485,1.0245,55.6106,6.0,9.196,0.1425,0.5035,32.6379,0.3618,0.0,0.4161,0
MPLAD-FIN-402486,0.7621,23.8859,4.0,2.8033,0.1407,0.0833,27.5975,0.1528,0.0,0.7923,0
MPLAD-FIN-402487,1.05,21.6034,8.0,1.1453,0.1661,0.1677,63.699,0.0319,1.0,1.3141,0
MPLAD-FIN-402488,0.9338,43.3509,6.0,2.0825,0.5945,0.2477,58.3871,0.4002,0.0,0.2641,0
MPLAD-FIN-402489,0.8799,42.3449,5.0,2.3849,0.3758,0.2191,61.2919,0.2358,0.0,0.0409,0
MPLAD-FIN-402490,0.9404,38.6251,6.0,3.375,0.0749,0.2827,5.2439,0.1152,1.0,0.1442,0
MPLAD-FIN-402491,0.8279,20.4107,8.0,2.5783,0.0158,0.2916,16.7064,0.3404,1.0,0.3029,0
MPLAD-FIN-402492,0.989,21.1983,2.0,3.6599,0.5254,0.2192,36.0011,0.0625,1.0,0.3765,0
MPLAD-FIN-402493,0.9958,19.8863,2.0,6.5038,0.0594,0.3739,94.9523,0.1552,0.0,0.4572,0
MPLAD-FIN-402494,0.7932,10.5562,7.0,1.4279,0.2415,0.2729,22.0339,0.2489,0.0,0.2803,0
MPLAD-FIN-402495,0.9936,23.2354,2.0,4.1785,0.0376,0.1736,56.1241,0.0916,2.0,0.5091,0
MPLAD-FIN-402496,0.817,42.4873,2.0,9.205,0.0925,0.4273,64.9304,0.5316,2.0,0.3705,0
MPLAD-FIN-402497,0.7783,82.553,4.0,3.0312,0.0263,0.251,13.7795,0.2211,1.0,0.3971,0
MPLAD-FIN-402498,0.987,59.0765,5.0,2.6447,0.0125,0.2614,52.0708,0.1325,0.0,0.343,0
MPLAD-FIN-402499,1.0077,48.6565,3.0,4.2344,0.0108,0.1476,9.7449,0.0772,0.0,0.2783,0
MPLAD-FIN-402500,0.9863,39.7337,3.0,3.0265,0.1839,0.4808,83.0935,0.4,0.0,0.0828,0
MPLAD-FIN-402501,0.8078,33.9297,2.0,1.2938,0.1068,0.3758,13.1226,0.0883,0.0,0.0632,0
MPLAD-FIN-402502,0.8635,28.0352,5.0,3.6423,0.225,0.2581,20.516,0.4242,1.0,0.7997,0
MPLAD-FIN-402503,0.7521,83.2001,7.0,3.1093,0.0646,0.2631,40.3713,0.0845,0.0,0.4186,0
MPLAD-FIN-402504,0.9586,22.4574,3.0,3.125,0.031,0.1321,19.9317,0.0477,0.0,0.4524,0
MPLAD-FIN-402505,1.0398,51.6298,8.0,4.14,0.0061,0.0342,29.971,0.1491,0.0,0.2964,0
MPLAD-FIN-402506,0.8073,19.1057,6.0,1.463,0.3654,0.0815,64.3836,0.4392,0.0,0.4516,0
MPLAD-FIN-402507,0.7587,96.4642,5.0,4.0574,0.2365,0.1344,26.9946,0.1598,1.0,0.4571,0
MPLAD-FIN-402508,0.8512,26.7122,7.0,1.8462,0.0111,0.2144,80.5053,0.3538,0.0,0.39,0
MPLAD-FIN-402509,0.9092,17.6394,6.0,0.7693,0.1765,0.2657,23.0828,0.4295,0.0,0.2756,0
MPLAD-FIN-402510,1.0305,7.0812,7.0,1.9822,0.1036,0.2075,116.0485,0.2955,2.0,0.3158,0
MPLAD-FIN-402511,0.6766,34.7591,3.0,3.2675,0.2528,0.2925,82.9913,0.2072,0.0,0.454,0
MPLAD-FIN-402512,0.9478,16.7844,5.0,1.5392,0.0751,0.4069,75.5722,0.1131,0.0,0.2882,0
MPLAD-FIN-402513,0.8869,83.6581,6.0,12.1156,0.2978,0.0428,18.0513,0.1048,0.0,0.811,0
MPLAD-FIN-402514,0.8905,17.6213,6.0,4.4331,0.3336,0.4573,26.3826,0.0312,1.0,0.1378,0
MPLAD-FIN-402515,0.9809,27.4471,7.0,2.8667,0.0749,0.2781,39.4485,0.4344,0.0,0.2174,0
MPLAD-FIN-402516,0.7927,6.1092,6.0,2.0911,0.1342,0.6282,70.6637,0.2775,1.0,0.33,0
MPLAD-FIN-402517,0.8892,11.1528,2.0,8.5065,0.2784,0.4794,65.5698,0.1482,0.0,0.605,0
MPLAD-FIN-402518,0.9635,44.8245,7.0,3.8811,0.1607,0.2284,41.9621,0.1042,2.0,0.6694,0
MPLAD-FIN-402519,0.8556,22.2837,2.0,8.5468,0.1021,0.2528,19.9237,0.2628,2.0,0.5393,0
MPLAD-FIN-402520,0.7228,43.9173,8.0,2.0654,0.0657,0.1328,37.0694,0.298,0.0,0.153,0
MPLAD-FIN-402521,0.8518,82.8759,2.0,3.7805,0.0689,0.3919,31.1983,0.1123,1.0,0.1454,0
MPLAD-FIN-402522,0.8387,34.6402,3.0,2.6401,0.5617,0.0468,58.5448,0.1519,0.0,0.2287,0
MPLAD-FIN-402523,0.9316,19.7444,3.0,3.4283,0.2059,0.3768,30.6718,0.1629,0.0,0.1777,0
MPLAD-FIN-402524,0.7464,18.6899,8.0,11.0512,0.1192,0.2597,8.4737,0.1967,0.0,0.5072,0
MPLAD-FIN-402525,1.0006,38.6848,8.0,3.7939,0.1469,0.3805,18.3177,0.4545,1.0,0.5978,0
MPLAD-FIN-402526,0.9953,34.7036,4.0,3.7595,0.0587,0.3506,13.3935,0.3103,0.0,0.5147,0
MPLAD-FIN-402527,1.0477,30.6463,8.0,1.2474,0.1247,0.3226,13.8116,0.2511,0.0,0.4761,0
MPLAD-FIN-402528,1.0004,32.4224,2.0,0.3008,0.118,0.1186,48.4145,0.0539,0.0,0.2604,0
MPLAD-FIN-402529,0.9343,28.5758,2.0,4.3816,0.0719,0.214,40.8779,0.2632,1.0,0.3744,0
MPLAD-FIN-402530,1.0159,31.8596,7.0,1.7975,0.0486,0.1658,110.0222,0.0389,1.0,0.4436,0
MPLAD-FIN-402531,0.9743,29.4549,2.0,7.2157,0.0123,0.0393,49.3089,0.1257,0.0,1.2448,0
MPLAD-FIN-402532,0.9275,14.9926,5.0,1.1503,0.2084,0.3014,18.6804,0.3727,1.0,0.4365,0
MPLAD-FIN-402533,0.8152,6.4261,2.0,6.3935,0.1765,0.2521,17.4563,0.047,0.0,0.4627,0
MPLAD-FIN-402534,0.9745,6.0404,2.0,16.6294,0.7982,0.7654,377.8504,0.7644,2.0,2.9271,1
MPLAD-FIN-402535,1.0114,63.2678,8.0,3.4528,0.1581,0.2766,17.5799,0.0424,0.0,0.7571,0
MPLAD-FIN-402536,0.8164,47.6114,5.0,2.8212,0.0356,0.0786,22.4957,0.1907,0.0,0.313,0
MPLAD-FIN-402537,0.9875,60.9371,4.0,5.1144,0.2072,0.6034,11.9246,0.2537,0.0,0.6861,0
MPLAD-FIN-402538,0.8168,38.2287,4.0,9.0625,0.0731,0.2258,13.5187,0.1065,0.0,0.1296,0
MPLAD-FIN-402539,0.7915,21.4069,8.0,13.0783,0.2364,0.1024,52.4693,0.2166,1.0,0.2066,0
MPLAD-FIN-402540,0.9568,22.431,2.0,3.1938,0.1997,0.2063,24.9507,0.0899,0.0,0.6186,0
MPLAD-FIN-402541,0.8781,32.4336,4.0,8.3146,0.0476,0.4576,106.7731,0.2922,0.0,0.7326,0
MPLAD-FIN-402542,0.8897,80.8153,2.0,5.8149,0.5006,0.2019,28.0992,0.0161,0.0,0.3114,0
MPLAD-FIN-402543,0.8641,104.4779,4.0,2.5495,0.113,0.0882,5.2479,0.0829,1.0,0.3379,0
MPLAD-FIN-402544,0.8123,23.2212,8.0,4.7104,0.0373,0.0888,45.6593,0.3889,0.0,1.3985,0
MPLAD-FIN-402545,0.8689,22.2671,3.0,11.4977,0.1968,0.4074,45.0909,0.1732,1.0,0.1837,0
MPLAD-FIN-402546,0.7994,17.6587,4.0,2.5853,0.1054,0.1624,66.4103,0.36,0.0,0.5363,0
MPLAD-FIN-402547,0.8202,28.6254,3.0,5.9543,0.1693,0.0821,114.0876,0.0805,1.0,0.1916,0
MPLAD-FIN-402548,0.9876,56.0532,8.0,1.6383,0.0935,0.3764,44.9812,0.344,0.0,0.5233,0
MPLAD-FIN-402549,0.81,32.336,5.0,3.0581,0.4382,0.0801,35.1556,0.1083,0.0,0.3519,0
MPLAD-FIN-402550,0.9321,101.4299,4.0,0.645,0.006,0.5163,76.386,0.1179,0.0,0.1244,0
MPLAD-FIN-402551,0.95,27.5795,5.0,1.7791,0.2011,0.0405,14.672,0.2579,0.0,0.1987,0
MPLAD-FIN-402552,0.9936,13.5704,8.0,5.7355,0.1435,0.0998,39.4476,0.1587,0.0,0.4305,0
MPLAD-FIN-402553,0.9409,22.1688,3.0,1.2535,0.3402,0.253,22.5733,0.1474,0.0,0.5368,0
MPLAD-FIN-402554,1.05,44.71,2.0,1.72,0.0461,0.1507,44.8838,0.1725,1.0,0.3702,0
MPLAD-FIN-402555,0.9619,4.7737,7.0,2.9508,0.2238,0.4479,62.0721,0.4128,0.0,0.154,0
MPLAD-FIN-402556,1.1352,5.0829,1.0,5.0715,0.9433,0.7211,283.6585,0.8551,5.0,2.4494,1
MPLAD-FIN-402557,1.0393,7.7246,8.0,3.0533,0.1471,0.153,6.3148,0.177,0.0,0.4044,0
MPLAD-FIN-402558,0.7879,9.4625,6.0,6.7459,0.1314,0.473,31.525,0.3935,0.0,0.4872,0
MPLAD-FIN-402559,0.9678,32.2028,7.0,2.0937,0.0325,0.0785,22.3866,0.068,0.0,0.1123,0
MPLAD-FIN-402560,0.8588,9.7141,5.0,15.6483,0.0589,0.1171,53.9537,0.166,0.0,0.1183,0
MPLAD-FIN-402561,0.8886,10.0964,8.0,1.7197,0.1308,0.326,16.6545,0.237,0.0,0.2235,0
MPLAD-FIN-402562,0.7679,20.3332,2.0,1.783,0.0312,0.3138,47.0846,0.2861,1.0,0.2186,0
MPLAD-FIN-402563,0.9122,17.7427,6.0,2.3762,0.0756,0.2732,14.2309,0.0777,0.0,0.634,0
MPLAD-FIN-402564,0.8652,45.5959,2.0,1.0,0.1696,0.113,47.0027,0.487,0.0,0.0929,0
MPLAD-FIN-402565,0.7603,28.2608,6.0,2.2586,0.0686,0.0892,97.3866,0.0934,1.0,0.4658,0
MPLAD-FIN-402566,1.016,38.444,3.0,1.8403,0.1658,0.5821,94.699,0.2484,0.0,0.5089,0
MPLAD-FIN-402567,0.8549,26.225,2.0,3.388,0.0805,0.2111,54.6567,0.5501,0.0,0.3341,0
MPLAD-FIN-402568,0.7872,14.3565,3.0,2.415,0.1105,0.027,34.5219,0.1316,2.0,0.302,0
MPLAD-FIN-402569,0.7959,18.6776,7.0,6.2197,0.1987,0.2403,78.9467,0.2828,0.0,0.2876,0
MPLAD-FIN-402570,0.8552,37.1909,3.0,13.9815,0.0375,0.1219,67.7919,0.0898,0.0,0.4089,0
MPLAD-FIN-402571,0.8113,54.9645,5.0,3.4534,0.236,0.1985,22.2431,0.2207,0.0,0.7548,0
MPLAD-FIN-402572,0.9325,13.549,5.0,0.657,0.0293,0.4351,18.3531,0.3318,0.0,0.6213,0
MPLAD-FIN-402573,0.9325,36.3466,6.0,3.9071,0.1424,0.0453,39.3919,0.1642,0.0,0.3713,0
MPLAD-FIN-402574,1.05,11.7089,3.0,3.6332,0.0831,0.433,33.0404,0.151,0.0,0.9587,0
MPLAD-FIN-402575,0.6939,11.7619,5.0,0.6823,0.2215,0.1189,26.4611,0.1273,0.0,0.551,0
MPLAD-FIN-402576,0.7616,68.9247,5.0,3.7882,0.1167,0.1952,94.3267,0.0872,0.0,0.1785,0
MPLAD-FIN-402577,1.0495,28.4388,7.0,9.8276,0.122,0.1913,52.0025,0.2672,0.0,0.7185,0
MPLAD-FIN-402578,1.0125,37.883,4.0,9.0441,0.0702,0.546,48.9588,0.3234,0.0,0.1697,0
MPLAD-FIN-402579,1.05,31.3161,5.0,3.7277,0.1547,0.0469,60.8037,0.0759,0.0,0.1793,0
MPLAD-FIN-402580,0.8655,46.7809,5.0,1.9577,0.2258,0.0145,36.3993,0.3985,1.0,0.3117,0
MPLAD-FIN-402581,0.973,32.4798,4.0,6.0292,0.0952,0.1868,21.1947,0.0691,1.0,0.3084,0
MPLAD-FIN-402582,0.8573,54.2756,8.0,2.1608,0.2169,0.4299,33.521,0.3329,0.0,0.0753,0
MPLAD-FIN-402583,0.7799,61.8412,8.0,0.8521,0.023,0.3874,15.8126,0.1006,0.0,0.3413,0
MPLAD-FIN-402584,1.0103,36.3457,5.0,6.2219,0.1313,0.3537,22.7075,0.1955,0.0,0.0686,0
MPLAD-FIN-402585,0.8296,68.147,2.0,8.2105,0.1965,0.1197,16.1661,0.1872,0.0,0.2741,0
MPLAD-FIN-402586,0.818,62.801,5.0,3.7019,0.1186,0.1598,31.4762,0.4249,0.0,0.0729,0
MPLAD-FIN-402587,0.7824,20.776,7.0,0.6732,0.2335,0.1502,70.8136,0.3957,0.0,0.6099,0
MPLAD-FIN-402588,0.9106,63.3561,2.0,2.9949,0.2273,0.1752,17.3385,0.3167,0.0,0.5804,0
MPLAD-FIN-402589,0.8482,57.9949,8.0,1.6183,0.249,0.3084,28.1785,0.0716,0.0,0.3809,0
MPLAD-FIN-402590,1.0018,41.7963,5.0,2.4611,0.293,0.1972,18.509,0.1075,0.0,0.3122,0
MPLAD-FIN-402591,0.7972,26.0242,6.0,10.0712,0.3123,0.2287,29.5353,0.2489,0.0,0.3599,0
MPLAD-FIN-402592,0.6308,9.6049,6.0,5.0882,0.1942,0.0458,7.9718,0.409,0.0,0.1963,0
MPLAD-FIN-402593,0.7758,15.1746,2.0,1.8182,0.2751,0.2911,38.3041,0.1214,1.0,0.1069,0
MPLAD-FIN-402594,0.9065,27.6182,2.0,6.6348,0.3081,0.5125,66.0772,0.3056,1.0,0.1453,0
MPLAD-FIN-402595,0.6498,36.0083,5.0,2.9409,0.1327,0.1694,47.3235,0.2039,0.0,0.4188,0
MPLAD-FIN-402596,0.9469,38.812,4.0,5.5915,0.2612,0.0936,48.1163,0.142,0.0,0.255,0
MPLAD-FIN-402597,0.9663,16.9891,7.0,3.6891,0.0232,0.2739,59.3275,0.1739,0.0,0.3136,0
MPLAD-FIN-402598,0.9267,19.9661,2.0,2.2591,0.0541,0.4993,45.0534,0.2503,1.0,1.0942,0
MPLAD-FIN-402599,0.6851,29.7364,6.0,0.65,0.1864,0.1054,34.5414,0.3702,0.0,0.1708,0
MPLAD-FIN-402600,0.8245,39.5419,4.0,3.7873,0.2479,0.7144,28.6322,0.1256,0.0,0.3625,0
MPLAD-FIN-402601,0.7945,15.5672,5.0,0.5438,0.1642,0.2983,56.5224,0.4213,1.0,0.3645,0
MPLAD-FIN-402602,0.8362,41.3613,3.0,6.3671,0.1337,0.1291,21.6982,0.189,0.0,0.2798,0
MPLAD-FIN-402603,1.009,9.4011,2.0,19.7619,0.935,0.9415,243.7079,0.8758,3.0,1.7875,1
MPLAD-FIN-402604,0.6461,26.4113,5.0,0.7387,0.1316,0.1094,51.6157,0.1144,0.0,0.5701,0
MPLAD-FIN-402605,0.788,55.9634,4.0,3.6666,0.1867,0.3907,6.0497,0.536,0.0,1.1135,0
MPLAD-FIN-402606,0.9455,29.5989,2.0,1.4184,0.1464,0.5733,68.5001,0.473,1.0,0.317,0
MPLAD-FIN-402607,0.8549,42.2831,8.0,1.6838,0.1193,0.3252,93.6201,0.0553,2.0,0.622,0
MPLAD-FIN-402608,0.7048,15.8911,6.0,2.991,0.0931,0.3503,32.13,0.0045,1.0,0.4431,0
MPLAD-FIN-402609,0.8334,60.4922,4.0,8.0486,0.1664,0.0447,8.2737,0.3224,0.0,0.6365,0
MPLAD-FIN-402610,0.9706,53.5746,8.0,4.6942,0.1109,0.1764,39.1159,0.2975,0.0,0.0909,0
MPLAD-FIN-402611,1.05,20.4539,4.0,1.3741,0.294,0.5833,11.051,0.2091,2.0,1.2017,0
MPLAD-FIN-402612,0.6979,27.683,6.0,3.9863,0.35,0.134,46.5018,0.1495,0.0,0.4522,0
MPLAD-FIN-402613,0.8485,122.3854,8.0,7.7634,0.1348,0.2639,44.1216,0.3475,0.0,0.2185,0
MPLAD-FIN-402614,0.9734,48.4137,7.0,6.1054,0.1975,0.1011,20.7124,0.1384,0.0,0.0262,0
MPLAD-FIN-402615,0.998,15.9057,5.0,1.2171,0.1379,0.2676,57.7818,0.0751,0.0,0.8666,0
MPLAD-FIN-402616,0.8857,26.7441,2.0,2.7514,0.1706,0.2955,106.6142,0.3106,1.0,0.8149,0
MPLAD-FIN-402617,0.9279,61.91,3.0,7.3046,0.3397,0.3424,76.6424,0.2434,0.0,0.3148,0
MPLAD-FIN-402618,0.8029,55.0642,2.0,1.2821,0.3019,0.0679,26.4042,0.2527,0.0,0.3678,0
MPLAD-FIN-402619,0.8405,10.6784,2.0,5.4485,0.3737,0.2584,38.7099,0.4301,0.0,0.2422,0
MPLAD-FIN-402620,0.9704,17.9012,6.0,5.7097,0.1761,0.2801,34.1375,0.1018,0.0,0.642,0
MPLAD-FIN-402621,1.0495,1.1308,2.0,13.2209,0.959,0.9277,182.8463,0.9581,3.0,4.188,1
MPLAD-FIN-402622,0.9271,26.3873,4.0,6.6084,0.2328,0.5401,43.5592,0.2176,1.0,0.5047,0
MPLAD-FIN-402623,0.7015,36.2445,4.0,1.2702,0.0734,0.2435,42.7847,0.193,0.0,1.3821,0
MPLAD-FIN-402624,1.05,54.0333,3.0,0.5816,0.0437,0.1057,10.4906,0.712,1.0,0.1591,0
MPLAD-FIN-402625,1.0184,37.2039,5.0,4.0852,0.0163,0.4625,80.3265,0.7123,0.0,0.057,0
MPLAD-FIN-402626,0.7361,22.6842,3.0,1.7375,0.1339,0.0529,49.6103,0.2193,0.0,0.2194,0
MPLAD-FIN-402627,0.6843,91.3067,5.0,6.2751,0.0641,0.0592,18.5354,0.0434,1.0,0.1978,0
MPLAD-FIN-402628,0.775,61.037,5.0,3.2233,0.1077,0.2394,25.5687,0.4211,0.0,1.3265,0
MPLAD-FIN-402629,0.7832,41.6498,7.0,1.5179,0.2727,0.6143,6.6558,0.1104,0.0,0.4609,0
MPLAD-FIN-402630,0.7672,28.9031,8.0,3.2824,0.033,0.1598,139.8675,0.0625,0.0,0.3416,0
MPLAD-FIN-402631,0.8952,121.8146,8.0,1.6742,0.0506,0.1316,17.7709,0.259,0.0,0.7039,0
MPLAD-FIN-402632,0.9649,36.0582,3.0,3.041,0.0447,0.0602,83.6259,0.2145,0.0,0.2067,0
MPLAD-FIN-402633,0.7659,18.1332,4.0,4.5008,0.102,0.552,3.9845,0.0559,0.0,0.3564,0
MPLAD-FIN-402634,0.826,22.1055,5.0,3.625,0.1442,0.1427,64.6829,0.2362,0.0,1.1603,0
MPLAD-FIN-402635,0.9439,53.6729,3.0,7.8006,0.1757,0.3554,33.8705,0.1764,0.0,0.5743,0
MPLAD-FIN-402636,0.9189,30.6645,4.0,2.5307,0.0293,0.2902,30.3436,0.2986,0.0,0.1514,0
MPLAD-FIN-402637,0.8668,45.2035,3.0,2.826,0.2014,0.106,21.2078,0.1265,0.0,0.7639,0
MPLAD-FIN-402638,1.05,26.1228,8.0,6.3973,0.081,0.2889,62.5224,0.3083,1.0,1.0299,0
MPLAD-FIN-402639,0.8377,37.3536,7.0,1.9891,0.0475,0.081,18.8717,0.1289,1.0,1.1769,0
MPLAD-FIN-402640,0.8292,75.8209,5.0,3.0686,0.1463,0.1413,72.3756,0.1142,1.0,0.2995,0
MPLAD-FIN-402641,0.7868,15.1518,7.0,9.9038,0.1249,0.107,57.8031,0.1858,1.0,0.6228,0
MPLAD-FIN-402642,0.9222,38.8838,4.0,11.6073,0.1334,0.0949,36.1718,0.3482,0.0,0.3145,0
MPLAD-FIN-402643,0.946,8.6521,2.0,1.2906,0.2741,0.5634,42.5814,0.4193,0.0,0.2207,0
MPLAD-FIN-402644,0.8652,11.1311,8.0,9.7966,0.2047,0.2145,24.3798,0.1707,1.0,0.5754,0
MPLAD-FIN-402645,0.7856,29.7442,3.0,1.7026,0.2176,0.4185,50.8416,0.3404,2.0,0.65,0
MPLAD-FIN-402646,0.8955,62.5778,3.0,2.286,0.1251,0.4258,23.1685,0.0039,0.0,0.2426,0
MPLAD-FIN-402647,0.7989,26.4,2.0,2.699,0.1805,0.064,53.9452,0.0502,2.0,0.0965,0
MPLAD-FIN-402648,0.9825,3.3107,2.0,13.0628,0.9662,0.6178,401.3702,0.9698,4.0,2.193,1
MPLAD-FIN-402649,0.9095,21.6037,2.0,2.7066,0.3406,0.2552,47.6099,0.103,0.0,0.222,0
MPLAD-FIN-402650,0.875,73.2234,8.0,5.671,0.0637,0.202,57.2525,0.1568,0.0,0.9971,0
MPLAD-FIN-402651,0.9923,1.9197,2.0,29.88,0.9959,0.9184,274.6092,0.826,4.0,1.835,1
MPLAD-FIN-402652,0.9531,19.4323,4.0,1.8112,0.0402,0.3784,3.6824,0.2687,0.0,0.1769,0
MPLAD-FIN-402653,0.8478,9.3025,4.0,3.1518,0.1512,0.5126,6.5026,0.1312,2.0,0.3915,0
MPLAD-FIN-402654,0.9495,22.9059,2.0,7.7596,0.2231,0.2389,9.0867,0.3188,1.0,0.2306,0
MPLAD-FIN-402655,0.9349,39.2026,4.0,2.6843,0.0612,0.1989,9.3285,0.3351,0.0,0.1666,0
MPLAD-FIN-402656,1.0257,37.9898,8.0,5.3831,0.0447,0.2674,83.9059,0.3475,0.0,0.7677,0
MPLAD-FIN-402657,0.8572,28.792,7.0,1.0506,0.178,0.1122,11.8302,0.2254,0.0,0.4475,0
MPLAD-FIN-402658,0.9415,16.5023,5.0,6.8482,0.0514,0.1291,42.2036,0.206,0.0,0.1958,0
MPLAD-FIN-402659,0.7417,34.0858,6.0,6.3443,0.0357,0.1476,98.6932,0.0069,0.0,0.0914,0
MPLAD-FIN-402660,0.7494,30.6899,6.0,6.7349,0.0285,0.4826,82.3244,0.2077,0.0,0.2342,0
MPLAD-FIN-402661,0.9484,3.9837,5.0,6.4191,0.0568,0.3942,53.1277,0.1606,0.0,0.342,0
MPLAD-FIN-402662,1.05,13.1799,3.0,0.5807,0.2457,0.5532,21.8564,0.2729,0.0,0.7177,0
MPLAD-FIN-402663,0.9252,77.9725,5.0,6.4884,0.1059,0.1918,37.8608,0.1272,0.0,0.9024,0
MPLAD-FIN-402664,0.8252,9.3034,4.0,5.8178,0.3281,0.2353,13.2876,0.5787,1.0,0.8451,0
MPLAD-FIN-402665,0.75,56.7162,7.0,2.6454,0.082,0.2216,63.3383,0.1535,0.0,0.4621,0
MPLAD-FIN-402666,1.0238,12.1115,2.0,28.83,0.7617,0.7646,318.1723,0.9666,3.0,1.548,1
MPLAD-FIN-402667,1.0475,51.9896,5.0,2.4557,0.138,0.5754,3.5813,0.0493,1.0,0.1764,0
MPLAD-FIN-402668,0.9697,35.1944,8.0,6.9884,0.1282,0.6303,70.1018,0.0832,0.0,0.2091,0
MPLAD-FIN-402669,0.8814,31.2745,7.0,8.0895,0.2442,0.4624,34.1175,0.2085,0.0,0.1504,0
MPLAD-FIN-402670,0.8848,41.7745,8.0,1.9392,0.2368,0.3022,30.1415,0.2188,0.0,0.7068,0
MPLAD-FIN-402671,1.0486,45.3156,7.0,3.5357,0.2554,0.1904,35.6831,0.1893,0.0,0.5948,0
MPLAD-FIN-402672,0.803,16.4331,4.0,2.6012,0.1302,0.2521,34.2575,0.0992,0.0,0.398,0
MPLAD-FIN-402673,0.8021,13.9368,8.0,1.4758,0.0252,0.5312,92.8483,0.1876,0.0,0.2819,0
MPLAD-FIN-402674,0.8604,47.5538,7.0,2.8951,0.1967,0.4377,14.5059,0.1085,0.0,0.6411,0
MPLAD-FIN-402675,0.8646,35.7816,3.0,5.6392,0.2231,0.1976,37.5257,0.417,0.0,0.1116,0
MPLAD-FIN-402676,0.9488,5.0712,1.0,17.415,0.9559,0.8588,274.7791,0.8019,1.0,1.165,1
MPLAD-FIN-402677,0.9054,30.707,4.0,1.5738,0.3503,0.1315,116.2842,0.1636,2.0,0.4973,0
MPLAD-FIN-402678,0.9863,10.4124,5.0,6.0004,0.0739,0.2077,30.891,0.3461,0.0,0.2469,0
MPLAD-FIN-402679,0.8932,42.1024,8.0,4.7731,0.4641,0.1711,17.611,0.0914,2.0,0.16,0
MPLAD-FIN-402680,0.8648,61.6426,7.0,1.0073,0.0496,0.2649,118.8694,0.4794,0.0,0.7619,0
MPLAD-FIN-402681,1.007,4.0598,3.0,1.797,0.3891,0.3046,77.4201,0.0714,0.0,0.2636,0
MPLAD-FIN-402682,0.9283,42.7439,8.0,2.9543,0.0781,0.1415,27.8525,0.2652,0.0,0.0683,0
MPLAD-FIN-402683,0.8148,66.8662,8.0,3.6918,0.2614,0.1477,44.5704,0.2095,0.0,0.1226,0
MPLAD-FIN-402684,0.9982,29.5839,8.0,8.9239,0.0316,0.1971,95.1552,0.2612,0.0,0.8189,0
MPLAD-FIN-402685,0.954,35.4839,5.0,1.663,0.2086,0.1405,30.0933,0.0974,0.0,0.9565,0
MPLAD-FIN-402686,0.8665,70.5809,2.0,4.1781,0.2112,0.1007,18.4463,0.1143,0.0,0.2699,0
MPLAD-FIN-402687,0.713,20.4095,8.0,5.0155,0.0393,0.184,142.1016,0.1628,0.0,0.3432,0
MPLAD-FIN-402688,0.8026,9.6189,4.0,8.9265,0.025,0.1252,101.1586,0.1501,0.0,0.9677,0
MPLAD-FIN-402689,0.877,29.3583,7.0,4.137,0.0138,0.314,26.2833,0.1377,1.0,0.1917,0
MPLAD-FIN-402690,0.9056,18.0933,8.0,5.1786,0.1913,0.2959,68.5705,0.173,0.0,0.0494,0
MPLAD-FIN-402691,0.8537,21.8027,2.0,2.8706,0.0196,0.3392,68.2694,0.117,2.0,0.3982,0
MPLAD-FIN-402692,0.7439,39.6862,5.0,2.1956,0.1606,0.1916,85.7691,0.274,0.0,0.6675,0
MPLAD-FIN-402693,0.8704,53.7275,2.0,8.3366,0.062,0.3304,28.4557,0.1426,0.0,1.3749,0
MPLAD-FIN-402694,0.8472,36.4404,3.0,2.5041,0.1695,0.5177,11.5408,0.3927,0.0,0.8043,0
MPLAD-FIN-402695,0.8166,11.3704,2.0,1.1271,0.1165,0.4462,44.7149,0.3873,0.0,0.2394,0
MPLAD-FIN-402696,0.749,24.8847,5.0,2.7988,0.0465,0.2164,109.6423,0.0881,1.0,0.499,0
MPLAD-FIN-402697,0.7844,33.5185,2.0,1.8158,0.3192,0.0423,31.5858,0.1815,1.0,0.306,0
MPLAD-FIN-402698,0.9799,13.7544,2.0,5.0803,0.1613,0.3184,71.3037,0.062,0.0,0.2233,0
MPLAD-FIN-402699,0.7872,90.0789,6.0,5.2941,0.1834,0.3752,45.2174,0.2231,0.0,0.3505,0
MPLAD-FIN-402700,0.9256,23.5582,5.0,3.8309,0.1056,0.3338,33.8323,0.2777,0.0,0.6304,0
MPLAD-FIN-402701,0.8177,42.3779,5.0,2.3756,0.2321,0.3283,71.261,0.1364,0.0,0.0781,0
MPLAD-FIN-402702,0.7521,23.1389,5.0,6.6225,0.1726,0.2551,50.9994,0.1718,0.0,0.5659,0
MPLAD-FIN-402703,1.0165,25.4379,6.0,2.6072,0.0153,0.2264,22.0123,0.089,1.0,0.7601,0
MPLAD-FIN-402704,1.0002,9.5231,7.0,4.5189,0.1395,0.1253,42.0039,0.2719,1.0,0.0548,0
MPLAD-FIN-402705,0.9765,9.5626,4.0,4.233,0.0342,0.2885,44.2713,0.1315,0.0,0.438,0
MPLAD-FIN-402706,0.792,16.1648,2.0,2.1406,0.2465,0.0628,22.4807,0.4291,0.0,0.8633,0
MPLAD-FIN-402707,0.649,19.0977,3.0,4.0506,0.3831,0.2155,33.3435,0.467,1.0,0.5921,0
MPLAD-FIN-402708,0.975,9.1556,4.0,7.2787,0.0581,0.4338,25.9752,0.1811,1.0,0.6155,0
MPLAD-FIN-402709,0.7802,70.0541,6.0,0.7005,0.3298,0.2867,26.4365,0.427,0.0,0.1148,0
MPLAD-FIN-402710,0.9909,31.2354,5.0,8.5978,0.126,0.1393,14.7091,0.1985,1.0,0.2772,0
MPLAD-FIN-402711,0.8632,41.1803,6.0,0.7573,0.291,0.1025,57.5208,0.0837,0.0,0.5611,0
MPLAD-FIN-402712,1.0084,18.9097,4.0,2.0894,0.3042,0.3942,74.9366,0.1896,0.0,0.283,0
MPLAD-FIN-402713,0.7949,19.8073,6.0,2.3819,0.0488,0.1916,50.4588,0.191,0.0,0.5201,0
MPLAD-FIN-402714,0.9673,47.431,7.0,3.757,0.0384,0.2833,12.4811,0.2157,0.0,0.7439,0
MPLAD-FIN-402715,0.8387,34.0794,8.0,2.4004,0.1045,0.3858,48.4895,0.0739,0.0,0.1453,0
MPLAD-FIN-402716,0.8277,4.526,6.0,2.7512,0.1857,0.3718,26.0128,0.4083,0.0,0.9122,0
MPLAD-FIN-402717,0.7916,11.0789,8.0,4.4797,0.0953,0.4517,31.0997,0.5109,2.0,0.2294,0
MPLAD-FIN-402718,1.0158,6.9159,2.0,7.9154,0.045,0.2896,64.3128,0.077,0.0,0.3486,0
MPLAD-FIN-402719,0.8452,27.2714,7.0,0.9982,0.1146,0.3424,22.1881,0.1713,2.0,0.1762,0
MPLAD-FIN-402720,0.944,24.8659,4.0,2.7971,0.2621,0.4557,26.1777,0.3197,3.0,0.3774,0
MPLAD-FIN-402721,0.6723,7.3313,6.0,4.8512,0.1355,0.2108,53.1057,0.1181,1.0,0.5806,0
MPLAD-FIN-402722,1.0452,1.1931,2.0,10.0429,0.9108,0.6715,99.1951,0.8584,1.0,3.0434,1
MPLAD-FIN-402723,0.9406,7.1192,7.0,2.1667,0.0875,0.1013,29.656,0.3864,0.0,0.6516,0
MPLAD-FIN-402724,0.7114,33.4684,4.0,5.7782,0.24,0.1004,24.8546,0.1625,1.0,0.1057,0
MPLAD-FIN-402725,0.8647,33.0476,3.0,1.8194,0.1837,0.691,19.1224,0.1253,0.0,0.1667,0
MPLAD-FIN-402726,0.746,21.9562,8.0,6.5132,0.4104,0.2495,88.6945,0.2684,0.0,0.2319,0
MPLAD-FIN-402727,0.8069,77.4723,6.0,7.6962,0.1392,0.4526,85.9118,0.2541,0.0,0.3302,0
MPLAD-FIN-402728,0.9186,64.9107,3.0,5.7617,0.0548,0.0907,130.0993,0.4412,0.0,0.3035,0
MPLAD-FIN-402729,0.8214,40.4915,7.0,4.1193,0.1654,0.4365,70.4311,0.5508,0.0,0.9536,0
MPLAD-FIN-402730,0.874,28.7729,8.0,0.7076,0.2745,0.3834,82.365,0.3063,0.0,0.4157,0
MPLAD-FIN-402731,0.9849,97.2694,7.0,2.0144,0.0255,0.2279,69.5918,0.0492,0.0,0.4124,0
MPLAD-FIN-402732,1.0077,43.037,8.0,3.3734,0.1463,0.2884,46.0808,0.2913,0.0,0.9379,0
MPLAD-FIN-402733,0.9489,26.0934,8.0,6.6998,0.2351,0.1767,96.0666,0.2036,0.0,0.1827,0
MPLAD-FIN-402734,0.9231,27.1223,7.0,2.6551,0.1186,0.0348,36.2115,0.1276,2.0,0.1267,0
MPLAD-FIN-402735,0.9228,16.4514,5.0,7.565,0.1415,0.1963,66.1906,0.0405,0.0,0.8166,0
MPLAD-FIN-402736,0.8827,2.9301,2.0,19.6573,0.3344,0.7863,113.903,0.9242,2.0,2.7007,1
MPLAD-FIN-402737,0.9766,21.4799,5.0,3.0383,0.2009,0.1972,36.8707,0.4711,0.0,0.811,0
MPLAD-FIN-402738,0.9699,34.2694,4.0,4.6238,0.2811,0.1383,64.1075,0.4457,0.0,0.6084,0
MPLAD-FIN-402739,0.9878,7.5506,4.0,1.4606,0.0943,0.2805,39.9217,0.5154,0.0,1.4687,0
MPLAD-FIN-402740,0.832,21.748,4.0,5.4205,0.1156,0.2706,134.1986,0.1504,0.0,0.0469,0
MPLAD-FIN-402741,0.8631,39.2721,2.0,0.5097,0.1764,0.0579,29.7395,0.0557,1.0,0.5053,0
MPLAD-FIN-402742,0.9432,21.8538,6.0,1.93,0.1443,0.0968,59.4023,0.3011,0.0,0.327,0
MPLAD-FIN-402743,0.7852,56.0641,3.0,0.8993,0.369,0.1489,70.9827,0.2178,0.0,0.2192,0
MPLAD-FIN-402744,0.9311,55.9383,6.0,6.0002,0.1904,0.4326,34.4543,0.3876,0.0,0.4618,0
MPLAD-FIN-402745,0.9578,29.3128,3.0,3.5101,0.0809,0.1708,102.5475,0.6245,0.0,0.3298,0
MPLAD-FIN-402746,0.9371,35.2232,7.0,4.7883,0.1883,0.5459,15.2472,0.351,0.0,0.0397,0
MPLAD-FIN-402747,0.9349,14.0049,7.0,4.8273,0.0233,0.527,40.6998,0.2657,0.0,0.5096,0
MPLAD-FIN-402748,1.0703,1.5215,1.0,31.8103,0.7493,0.901,182.7305,0.7934,2.0,3.2406,1
MPLAD-FIN-402749,1.0411,19.9966,8.0,2.9721,0.1517,0.2273,58.8142,0.1209,0.0,0.0829,0
MPLAD-FIN-402750,0.8232,36.165,4.0,5.297,0.1185,0.1412,40.1556,0.2214,1.0,0.3359,0
MPLAD-FIN-402751,0.8436,62.8451,5.0,9.3009,0.2028,0.0365,29.6099,0.0766,0.0,0.0554,0
MPLAD-FIN-402752,0.9091,53.0906,7.0,5.8151,0.1304,0.2302,18.8145,0.3435,1.0,1.0609,0
MPLAD-FIN-402753,0.7558,35.3864,2.0,3.7435,0.4628,0.1901,43.0026,0.0971,0.0,0.3044,0
MPLAD-FIN-402754,0.6275,34.0696,5.0,3.1715,0.1565,0.1235,68.7915,0.5444,2.0,0.1749,0
MPLAD-FIN-402755,0.9558,24.267,3.0,2.0874,0.0187,0.1695,24.6236,0.321,1.0,0.0696,0
MPLAD-FIN-402756,0.8143,22.2566,5.0,2.128,0.0414,0.2553,15.907,0.3872,0.0,0.1182,0
MPLAD-FIN-402757,0.9244,21.5824,8.0,3.8217,0.0193,0.3578,18.0043,0.2938,0.0,0.2922,0
MPLAD-FIN-402758,0.8624,1.843,6.0,2.1861,0.158,0.1349,2.0985,0.2478,0.0,0.0362,0
MPLAD-FIN-402759,0.8604,89.8164,5.0,3.0251,0.1551,0.3156,35.2362,0.1623,0.0,0.5247,0
MPLAD-FIN-402760,1.171,2.9639,1.0,20.9742,0.8491,0.7929,177.7964,0.9374,3.0,3.5944,1
MPLAD-FIN-402761,0.8663,48.076,3.0,6.8995,0.2126,0.1732,46.4642,0.1796,1.0,0.5591,0
MPLAD-FIN-402762,0.8334,52.0214,8.0,3.8654,0.2115,0.1418,39.7962,0.0669,0.0,0.3889,0
MPLAD-FIN-402763,1.0008,24.3586,3.0,1.8625,0.1848,0.3226,19.3862,0.3302,1.0,0.4768,0
MPLAD-FIN-402764,0.9921,19.8641,3.0,9.3201,0.1512,0.2189,95.5388,0.2002,0.0,0.529,0
MPLAD-FIN-402765,0.8659,48.0714,5.0,0.4358,0.0899,0.2598,26.8587,0.1621,0.0,0.4924,0
MPLAD-FIN-402766,1.05,14.8332,5.0,7.6401,0.1946,0.1027,69.9468,0.2401,1.0,2.1325,0
MPLAD-FIN-402767,0.7858,14.5719,5.0,3.9648,0.0365,0.13,75.1754,0.2015,0.0,0.2716,0
MPLAD-FIN-402768,0.8363,15.3834,5.0,1.6479,0.1359,0.4725,72.4694,0.4001,0.0,1.1798,0
MPLAD-FIN-402769,1.0209,53.5009,4.0,3.7567,0.0281,0.211,13.2615,0.4384,0.0,0.5601,0
MPLAD-FIN-402770,0.9473,33.3578,7.0,6.3873,0.2169,0.4708,2.871,0.3359,0.0,0.4102,0
MPLAD-FIN-402771,0.9007,22.8875,5.0,6.1867,0.2662,0.2898,13.3669,0.1752,0.0,0.6984,0
MPLAD-FIN-402772,0.9047,4.0606,1.0,13.5159,0.9075,0.9287,136.5958,0.9147,2.0,3.6493,1
MPLAD-FIN-402773,0.9994,0.5711,1.0,18.3735,0.8913,0.9377,243.7054,0.7293,2.0,1.0497,1
MPLAD-FIN-402774,0.8538,7.8,1.0,25.013,0.5832,0.9326,144.0022,0.7502,3.0,1.4947,1
MPLAD-FIN-402775,0.9421,57.1812,3.0,7.3922,0.1798,0.5578,20.7469,0.1769,0.0,0.64,0
MPLAD-FIN-402776,0.9375,134.4277,2.0,6.7704,0.2132,0.6292,17.8085,0.0326,0.0,0.6112,0
MPLAD-FIN-402777,1.05,16.2898,7.0,2.0776,0.0349,0.1945,37.3605,0.0403,0.0,0.2714,0
MPLAD-FIN-402778,1.0227,15.8113,1.0,10.8659,0.6334,0.9323,157.2547,0.7967,1.0,1.9416,1
MPLAD-FIN-402779,0.7345,23.1756,3.0,2.0132,0.2647,0.1731,23.9831,0.1081,0.0,0.6,0
MPLAD-FIN-402780,0.841,29.0559,8.0,3.8736,0.1246,0.485,56.7333,0.7683,1.0,1.0706,0
MPLAD-FIN-402781,0.9748,74.7864,3.0,8.8643,0.0264,0.1865,31.5325,0.0382,1.0,0.3692,0
MPLAD-FIN-402782,0.7693,18.345,2.0,4.8571,0.1727,0.213,43.1761,0.4012,0.0,1.041,0
MPLAD-FIN-402783,0.9235,26.4083,8.0,2.8721,0.2047,0.2261,105.8795,0.3803,1.0,0.336,0
MPLAD-FIN-402784,0.9175,94.804,5.0,1.6516,0.5281,0.5983,76.9357,0.3711,2.0,0.5434,0
MPLAD-FIN-402785,0.7556,25.4781,7.0,3.4189,0.0559,0.1872,16.5156,0.1841,0.0,0.4351,0
MPLAD-FIN-402786,1.0245,6.6322,2.0,23.7783,0.7711,0.9524,126.0377,0.6463,2.0,1.5001,1
MPLAD-FIN-402787,0.6371,11.0617,8.0,2.2058,0.0816,0.5515,34.6344,0.1713,0.0,0.2718,0
MPLAD-FIN-402788,0.8043,18.3349,2.0,3.7595,0.0273,0.17,65.4672,0.0551,1.0,0.3073,0
MPLAD-FIN-402789,0.6801,39.3431,6.0,0.3478,0.2798,0.12,25.334,0.3963,1.0,1.1956,0
MPLAD-FIN-402790,0.9425,10.5856,3.0,5.8603,0.0846,0.2532,42.3223,0.0989,0.0,0.3136,0
MPLAD-FIN-402791,0.8101,20.5523,5.0,0.7693,0.0804,0.304,34.6614,0.0549,0.0,2.0512,0
MPLAD-FIN-402792,0.8269,15.1028,7.0,0.7641,0.1476,0.0163,62.8018,0.1828,0.0,0.424,0
MPLAD-FIN-402793,0.9926,6.7881,2.0,28.3009,0.8873,0.9857,296.8735,0.957,3.0,1.623,1
MPLAD-FIN-402794,1.0313,16.8697,4.0,10.2798,0.0622,0.4168,41.2003,0.3387,0.0,0.8178,0
MPLAD-FIN-402795,1.034,4.1266,1.0,26.8857,0.8324,0.907,291.8129,0.8378,4.0,2.8882,1
MPLAD-FIN-402796,0.9848,47.0019,6.0,2.4868,0.264,0.11,35.0434,0.1513,0.0,0.5301,0
MPLAD-FIN-402797,0.9922,35.9906,5.0,10.0038,0.2411,0.2988,20.8221,0.309,0.0,0.8208,0
MPLAD-FIN-402798,1.0429,36.1127,4.0,4.1714,0.241,0.1486,28.9463,0.2282,0.0,0.0333,0
MPLAD-FIN-402799,0.9395,54.1913,6.0,1.6792,0.2898,0.1458,32.6034,0.0963,0.0,0.217,0
MPLAD-FIN-402800,0.8267,61.2256,2.0,10.9045,0.0712,0.1026,26.3805,0.0803,0.0,0.4178,0
MPLAD-FIN-402801,0.8813,38.574,4.0,9.8344,0.2017,0.1827,97.7154,0.0109,1.0,0.1341,0
MPLAD-FIN-402802,0.9016,37.6707,3.0,3.8806,0.2696,0.0876,40.7425,0.3694,0.0,0.0869,0
MPLAD-FIN-402803,0.8283,13.8547,7.0,2.4422,0.0588,0.3686,53.0598,0.1679,0.0,0.7585,0
MPLAD-FIN-402804,0.9498,36.0377,8.0,2.4576,0.2004,0.2439,22.914,0.2027,0.0,1.9152,0
MPLAD-FIN-402805,0.949,74.3245,5.0,9.9759,0.0462,0.0636,7.3329,0.2112,0.0,0.3141,0
MPLAD-FIN-402806,0.8548,32.1839,8.0,0.5792,0.0766,0.3485,17.9007,0.1345,0.0,0.0254,0
MPLAD-FIN-402807,0.7683,36.7218,2.0,1.8993,0.1271,0.1554,19.8373,0.5344,0.0,0.186,0
MPLAD-FIN-402808,0.9079,69.8931,4.0,3.213,0.1224,0.2947,16.3272,0.0616,2.0,0.1805,0
MPLAD-FIN-402809,0.742,32.8284,8.0,0.7633,0.1593,0.101,60.2078,0.281,0.0,0.3539,0
MPLAD-FIN-402810,0.9396,69.4415,7.0,4.2752,0.3543,0.3946,12.0994,0.4009,0.0,0.8619,0
MPLAD-FIN-402811,0.8908,8.3665,6.0,2.0204,0.3559,0.4599,91.7087,0.0485,0.0,0.2024,0
MPLAD-FIN-402812,0.9205,46.9873,2.0,6.379,0.1014,0.102,29.6619,0.0789,0.0,0.4716,0
MPLAD-FIN-402813,0.8792,33.4088,3.0,4.4296,0.0015,0.5499,66.6395,0.5655,1.0,0.6095,0
MPLAD-FIN-402814,0.9444,14.9362,6.0,3.6865,0.0662,0.2406,26.4543,0.111,0.0,0.3497,0
MPLAD-FIN-402815,0.811,42.1861,8.0,1.81,0.1758,0.0136,36.2915,0.1104,0.0,0.3722,0
MPLAD-FIN-402816,1.05,47.9035,6.0,10.1386,0.2499,0.128,72.9445,0.2656,0.0,0.2624,0
MPLAD-FIN-402817,0.948,128.8212,8.0,9.3578,0.0202,0.2085,58.0295,0.0825,0.0,0.246,0
MPLAD-FIN-402818,0.832,30.8642,8.0,0.1704,0.2402,0.328,50.6853,0.1332,1.0,1.0078,0
MPLAD-FIN-402819,0.7353,31.0832,7.0,2.7881,0.3379,0.118,108.121,0.2183,0.0,1.0479,0
MPLAD-FIN-402820,0.8232,29.3111,5.0,1.1791,0.2921,0.2189,78.4754,0.0828,1.0,0.4707,0
MPLAD-FIN-402821,1.05,75.3952,5.0,1.4404,0.0436,0.0568,31.2777,0.0379,0.0,0.2543,0
MPLAD-FIN-402822,0.8904,44.7152,3.0,2.2057,0.174,0.0623,9.6646,0.1342,0.0,0.5403,0
MPLAD-FIN-402823,0.8855,40.1742,8.0,5.4192,0.2201,0.264,27.851,0.1542,0.0,0.3636,0
MPLAD-FIN-402824,0.8439,10.5696,6.0,2.0235,0.022,0.3131,33.6922,0.1242,0.0,0.4745,0
MPLAD-FIN-402825,0.8691,41.0734,6.0,2.1162,0.13,0.2513,1.4333,0.1622,1.0,0.3949,0
MPLAD-FIN-402826,0.855,14.0886,3.0,2.1771,0.1736,0.1004,14.7854,0.0487,0.0,0.0581,0
MPLAD-FIN-402827,0.9247,37.3539,5.0,1.6347,0.4247,0.1912,22.9916,0.1597,0.0,0.3526,0
MPLAD-FIN-402828,0.9126,36.2336,2.0,4.7561,0.1024,0.4779,38.6596,0.1696,0.0,0.2307,0
MPLAD-FIN-402829,0.7876,29.8432,3.0,2.6714,0.2037,0.4193,98.2297,0.1274,0.0,0.42,0
MPLAD-FIN-402830,0.8187,70.1612,5.0,0.7372,0.0459,0.212,18.0699,0.2555,1.0,0.0942,0
MPLAD-FIN-402831,0.8583,17.5458,5.0,8.283,0.3731,0.0587,59.7398,0.2196,0.0,0.4674,0
MPLAD-FIN-402832,0.8501,30.809,8.0,2.5048,0.3261,0.1827,58.7518,0.0732,0.0,0.7762,0
MPLAD-FIN-402833,0.8336,55.1788,3.0,2.5068,0.1766,0.0761,37.9264,0.0684,1.0,0.235,0
MPLAD-FIN-402834,0.8059,5.2021,5.0,1.6375,0.25,0.2069,59.8546,0.1183,0.0,0.5935,0
MPLAD-FIN-402835,0.9972,60.5548,2.0,5.5516,0.0432,0.1527,9.7736,0.12,0.0,0.2052,0
MPLAD-FIN-402836,1.05,77.4237,7.0,3.712,0.1339,0.2639,34.6912,0.1578,0.0,0.3405,0
MPLAD-FIN-402837,0.8655,22.7792,4.0,7.8399,0.3723,0.1478,64.4727,0.0501,0.0,0.3471,0
MPLAD-FIN-402838,0.8722,77.5848,3.0,6.166,0.1208,0.0486,48.0849,0.1451,1.0,0.346,0
MPLAD-FIN-402839,0.8846,5.1489,1.0,28.6207,0.8515,0.9338,233.7637,0.8353,2.0,2.9481,1
MPLAD-FIN-402840,0.8648,33.7909,2.0,7.4827,0.2815,0.1212,64.333,0.3583,0.0,0.3543,0
MPLAD-FIN-402841,0.9418,66.7204,3.0,6.0982,0.3745,0.2882,74.2126,0.1541,0.0,0.6084,0
MPLAD-FIN-402842,0.8279,24.2994,6.0,13.7976,0.105,0.2746,21.4382,0.6529,0.0,0.3391,0
MPLAD-FIN-402843,1.2471,1.7824,2.0,6.8335,0.6987,0.7145,206.0562,0.9639,2.0,1.3804,1
MPLAD-FIN-402844,0.9676,67.6128,5.0,1.8784,0.1172,0.2205,68.5704,0.343,0.0,1.0476,0
MPLAD-FIN-402845,0.6551,17.7115,3.0,2.7578,0.3021,0.527,27.8001,0.2421,0.0,0.4385,0
MPLAD-FIN-402846,0.9859,54.9373,2.0,4.4073,0.1782,0.6646,39.4731,0.5881,0.0,0.06,0
MPLAD-FIN-402847,0.8656,16.8638,5.0,4.0063,0.21,0.1914,41.9829,0.6718,1.0,0.1917,0
MPLAD-FIN-402848,0.9771,51.6379,7.0,1.8725,0.0191,0.4812,48.1348,0.6338,1.0,0.6003,0
MPLAD-FIN-402849,0.6703,18.9772,6.0,2.5902,0.0168,0.0916,40.2981,0.1715,0.0,0.5254,0
MPLAD-FIN-402850,0.816,28.3762,2.0,7.2571,0.0562,0.1855,29.0924,0.3741,0.0,0.7652,0
MPLAD-FIN-402851,1.0169,16.9759,6.0,0.852,0.0589,0.2445,16.5337,0.0812,0.0,0.8191,0
MPLAD-FIN-402852,0.7489,65.6845,8.0,4.0107,0.1606,0.138,19.2392,0.4062,0.0,0.7354,0
MPLAD-FIN-402853,0.9268,88.8548,7.0,4.3568,0.1873,0.1745,50.787,0.2555,0.0,0.1997,0
MPLAD-FIN-402854,0.8361,29.7951,4.0,5.3367,0.1628,0.0805,18.7173,0.1825,0.0,0.7666,0
MPLAD-FIN-402855,0.8806,27.8632,8.0,3.0877,0.0795,0.2768,23.7238,0.3044,0.0,0.398,0
MPLAD-FIN-402856,0.7568,80.4604,3.0,4.6779,0.0275,0.1287,28.3028,0.2198,1.0,0.429,0
MPLAD-FIN-402857,1.0242,20.6891,4.0,2.4114,0.1289,0.3464,11.5489,0.4204,1.0,0.6133,0
MPLAD-FIN-402858,0.7281,2.5034,4.0,6.0505,0.0924,0.2986,17.9393,0.2515,0.0,0.5224,0
MPLAD-FIN-402859,0.9588,26.6145,3.0,2.8075,0.3491,0.4584,25.1165,0.0496,0.0,0.2055,0
MPLAD-FIN-402860,0.8793,9.5138,3.0,4.5095,0.1757,0.3395,48.0059,0.3064,1.0,0.5992,0
MPLAD-FIN-402861,0.8679,63.1813,2.0,1.0839,0.276,0.1848,31.719,0.1689,0.0,0.6395,0
MPLAD-FIN-402862,0.8909,16.2793,2.0,2.0994,0.0963,0.3186,50.4342,0.1242,0.0,0.8845,0
MPLAD-FIN-402863,0.9862,14.3597,7.0,3.7412,0.0098,0.0545,17.1989,0.2525,0.0,0.4397,0
MPLAD-FIN-402864,0.8472,27.5436,5.0,5.5428,0.0354,0.2513,44.3387,0.2419,0.0,0.7244,0
MPLAD-FIN-402865,0.9566,119.4198,6.0,2.3031,0.0223,0.1632,77.4975,0.2537,1.0,0.3047,0
MPLAD-FIN-402866,0.8762,34.7039,5.0,3.2569,0.2569,0.1653,7.4047,0.1412,1.0,1.0621,0
MPLAD-FIN-402867,0.8161,118.255,8.0,5.4329,0.0316,0.3751,37.1257,0.2478,0.0,0.356,0
MPLAD-FIN-402868,0.8,26.8848,8.0,4.031,0.2621,0.3204,8.9594,0.3156,0.0,0.487,0
MPLAD-FIN-402869,0.9009,40.4718,4.0,0.856,0.0784,0.5717,40.3147,0.2762,0.0,0.2399,0
MPLAD-FIN-402870,1.05,64.0093,5.0,5.4527,0.0099,0.4514,72.7928,0.1375,0.0,0.1305,0
MPLAD-FIN-402871,0.9949,36.8785,7.0,5.5066,0.2395,0.0513,80.351,0.2866,0.0,0.0086,0
MPLAD-FIN-402872,0.8937,18.0614,5.0,0.7635,0.1537,0.331,13.9426,0.3138,2.0,0.1531,0
MPLAD-FIN-402873,0.9778,61.1795,7.0,5.2008,0.1948,0.1613,7.6053,0.1292,0.0,0.307,0
MPLAD-FIN-402874,0.8522,34.2694,4.0,2.3066,0.0385,0.1355,56.5025,0.1447,1.0,0.1526,0
MPLAD-FIN-402875,0.7813,18.6946,6.0,5.4855,0.0409,0.0689,62.1057,0.2481,0.0,0.0933,0
MPLAD-FIN-402876,0.7598,22.9066,7.0,7.8603,0.0844,0.4499,21.4984,0.3998,0.0,0.1044,0
MPLAD-FIN-402877,0.8017,31.9108,4.0,0.8506,0.3763,0.1049,2.9847,0.3897,2.0,0.2831,0
MPLAD-FIN-402878,1.0009,23.1642,5.0,0.5399,0.0497,0.4005,20.2592,0.2005,0.0,0.6522,0
MPLAD-FIN-402879,1.0035,36.9448,4.0,1.2243,0.2384,0.1612,18.6846,0.2359,2.0,0.9198,0
MPLAD-FIN-402880,1.0168,0.061,1.0,63.7502,0.8194,0.9707,192.6474,0.9325,3.0,3.4139,1
MPLAD-FIN-402881,0.8997,53.739,5.0,1.2047,0.1179,0.2862,13.4822,0.1558,1.0,0.1571,0
MPLAD-FIN-402882,0.7952,30.5074,2.0,1.3676,0.3047,0.5048,41.4281,0.2056,0.0,0.2513,0
MPLAD-FIN-402883,1.6,1.7443,2.0,31.5651,0.9048,0.6969,331.5591,0.9567,3.0,1.4598,1
MPLAD-FIN-402884,0.6395,42.3682,5.0,3.3558,0.0938,0.231,10.8378,0.1331,0.0,0.7297,0
MPLAD-FIN-402885,0.9165,64.8772,5.0,3.5135,0.0716,0.407,40.8125,0.0846,0.0,0.3553,0
MPLAD-FIN-402886,0.9894,6.4874,6.0,4.7198,0.0527,0.1184,62.4736,0.1226,0.0,0.4101,0
MPLAD-FIN-402887,1.05,15.8889,8.0,2.434,0.1598,0.2676,80.5016,0.0727,0.0,0.1538,0
MPLAD-FIN-402888,0.8353,24.1487,8.0,5.8714,0.1338,0.124,36.6621,0.1029,0.0,0.6965,0
MPLAD-FIN-402889,0.8223,12.9103,8.0,3.0109,0.3151,0.3949,15.32,0.3124,0.0,2.0814,0
MPLAD-FIN-402890,0.9059,27.3697,7.0,4.6129,0.1009,0.1315,28.1932,0.4611,1.0,0.2425,0
MPLAD-FIN-402891,0.746,37.0825,7.0,3.1216,0.2283,0.6162,55.1492,0.4041,1.0,0.2503,0
MPLAD-FIN-402892,0.9942,23.9687,2.0,4.5162,0.0127,0.1911,39.0824,0.0908,1.0,0.3238,0
MPLAD-FIN-402893,0.8281,27.6075,5.0,6.3104,0.0872,0.2774,17.9595,0.2104,1.0,0.3939,0
MPLAD-FIN-402894,0.9056,41.8584,4.0,3.9642,0.1591,0.1041,7.3225,0.0477,0.0,0.1841,0
MPLAD-FIN-402895,0.9672,50.4397,2.0,1.4963,0.0178,0.2284,20.456,0.3066,0.0,0.8016,0
MPLAD-FIN-402896,0.7029,30.1046,2.0,3.5852,0.3188,0.3567,9.0825,0.0917,2.0,0.2873,0
MPLAD-FIN-402897,0.9307,30.7219,2.0,3.1007,0.1475,0.1005,48.4614,0.1091,1.0,0.7445,0
MPLAD-FIN-402898,0.9299,70.9123,8.0,1.0865,0.0113,0.1284,60.5965,0.1134,2.0,0.6375,0
MPLAD-FIN-402899,0.8469,55.2466,4.0,4.9008,0.0721,0.1256,35.5418,0.2985,0.0,0.1789,0
MPLAD-FIN-402900,0.7743,27.7692,2.0,7.8656,0.0933,0.3939,25.2781,0.0791,0.0,0.1481,0
MPLAD-FIN-402901,1.05,25.7876,5.0,1.0569,0.0408,0.3006,123.3007,0.2908,0.0,0.6396,0
MPLAD-FIN-402902,0.8321,45.0235,7.0,5.881,0.0676,0.2634,69.1363,0.1864,2.0,0.2919,0
MPLAD-FIN-402903,0.8545,80.4034,4.0,2.4522,0.0874,0.2545,29.8013,0.2542,1.0,0.0795,0
MPLAD-FIN-402904,0.7957,12.9351,6.0,2.7031,0.1448,0.2368,23.8423,0.2463,0.0,0.1372,0
MPLAD-FIN-402905,0.8783,29.2683,5.0,2.6466,0.076,0.2015,46.4073,0.1086,0.0,0.0906,0
MPLAD-FIN-402906,0.8932,6.943,2.0,10.3817,0.2003,0.1545,61.0657,0.0738,1.0,0.1207,0
MPLAD-FIN-402907,0.9267,81.2402,5.0,2.0577,0.251,0.153,51.152,0.1182,0.0,0.4485,0
MPLAD-FIN-402908,0.9218,37.3972,4.0,5.5584,0.0394,0.4321,61.319,0.0024,0.0,0.3066,0
MPLAD-FIN-402909,0.7013,52.2566,7.0,4.5174,0.2356,0.212,47.9753,0.3059,0.0,0.8196,0
MPLAD-FIN-402910,0.882,48.7157,6.0,1.7182,0.0662,0.4137,27.2179,0.2904,0.0,0.1171,0
MPLAD-FIN-402911,1.05,18.528,3.0,8.1333,0.1198,0.2103,51.1667,0.2487,0.0,0.1056,0
MPLAD-FIN-402912,1.05,20.0188,2.0,0.3355,0.3266,0.1983,22.2252,0.0749,0.0,0.2724,0
MPLAD-FIN-402913,0.9502,65.9356,5.0,2.9463,0.0369,0.5206,36.3047,0.1545,1.0,0.1712,0
MPLAD-FIN-402914,0.8183,40.868,6.0,3.8982,0.0992,0.4312,32.6962,0.3469,0.0,0.2128,0
MPLAD-FIN-402915,0.7278,57.3162,2.0,3.5139,0.1035,0.2097,43.6872,0.0064,0.0,0.1127,0
MPLAD-FIN-402916,1.0234,16.7061,5.0,1.7714,0.0209,0.3251,27.8262,0.2793,0.0,0.7836,0
MPLAD-FIN-402917,0.7746,14.2768,2.0,3.0147,0.0089,0.0933,38.9487,0.1971,0.0,0.7537,0
MPLAD-FIN-402918,0.9268,24.4232,6.0,5.8678,0.3549,0.1798,43.2602,0.1163,0.0,0.6095,0
MPLAD-FIN-402919,0.8501,41.9703,6.0,1.559,0.0658,0.2317,57.2802,0.4617,0.0,0.1471,0
MPLAD-FIN-402920,1.0236,23.9508,8.0,3.1559,0.1081,0.1503,51.528,0.2019,0.0,0.2134,0
MPLAD-FIN-402921,1.0747,5.4807,1.0,16.9923,0.8976,0.924,132.3849,0.9071,2.0,2.4349,1
MPLAD-FIN-402922,0.8275,59.4107,2.0,2.3152,0.124,0.2341,58.9992,0.2294,0.0,0.0839,0
MPLAD-FIN-402923,0.9096,47.9137,5.0,7.8079,0.1082,0.1772,13.7045,0.3426,0.0,1.4668,0
MPLAD-FIN-402924,0.7498,45.0413,5.0,3.1376,0.0133,0.293,41.7161,0.1616,1.0,0.1275,0
MPLAD-FIN-402925,0.8357,58.8611,3.0,5.0987,0.3523,0.4457,24.4069,0.1095,0.0,1.1298,0
MPLAD-FIN-402926,0.9185,31.1739,5.0,3.4868,0.0321,0.143,93.1335,0.4566,0.0,0.2336,0
MPLAD-FIN-402927,0.954,75.097,4.0,4.9009,0.1841,0.1299,48.7979,0.2965,0.0,0.4868,0
MPLAD-FIN-402928,0.742,38.9698,4.0,4.8746,0.2189,0.203,38.6059,0.4707,0.0,1.035,0
MPLAD-FIN-402929,0.7568,23.0,8.0,6.7505,0.3218,0.03,67.6719,0.1333,0.0,0.131,0
MPLAD-FIN-402930,0.8554,54.4668,4.0,3.4856,0.1528,0.0589,51.5859,0.0432,0.0,0.6142,0
MPLAD-FIN-402931,0.8498,82.0717,6.0,7.1375,0.5705,0.1608,71.0731,0.0395,2.0,1.0288,0
MPLAD-FIN-402932,0.8797,25.0348,6.0,2.1467,0.2244,0.1599,14.9969,0.3068,1.0,1.2216,0
MPLAD-FIN-402933,0.9977,33.0727,8.0,6.9713,0.0312,0.121,41.3969,0.2179,1.0,0.3865,0
MPLAD-FIN-402934,0.8805,7.2523,4.0,0.8076,0.0982,0.2679,38.9219,0.2367,0.0,1.0556,0
MPLAD-FIN-402935,0.8131,28.4732,6.0,2.9553,0.0503,0.1811,43.2281,0.2732,1.0,0.342,0
MPLAD-FIN-402936,0.9686,62.7334,5.0,11.5931,0.1717,0.3864,36.3958,0.1971,1.0,0.2957,0
MPLAD-FIN-402937,0.9643,12.3277,8.0,1.9257,0.2904,0.5335,46.2714,0.5705,1.0,0.9194,0
MPLAD-FIN-402938,0.7912,24.4433,7.0,3.7243,0.0315,0.2731,11.0801,0.2955,1.0,0.123,0
MPLAD-FIN-402939,0.9405,28.3382,8.0,1.5466,0.2762,0.0725,63.0888,0.1434,0.0,0.3472,0
MPLAD-FIN-402940,0.9526,29.8112,5.0,1.9027,0.1686,0.2246,26.4744,0.0606,0.0,0.3343,0
MPLAD-FIN-402941,0.8021,34.6426,7.0,0.9136,0.0293,0.2114,106.2064,0.4687,0.0,0.9258,0
MPLAD-FIN-402942,0.8718,72.0114,3.0,9.2831,0.1341,0.2815,49.8761,0.1036,0.0,0.1953,0
MPLAD-FIN-402943,1.05,31.4209,2.0,3.2737,0.3736,0.3176,16.0695,0.142,1.0,0.2566,0
MPLAD-FIN-402944,0.9748,16.1904,6.0,3.1875,0.3071,0.508,4.0651,0.3142,0.0,1.2135,0
MPLAD-FIN-402945,0.844,54.2261,6.0,1.711,0.0124,0.1106,65.4606,0.2943,0.0,0.1116,0
MPLAD-FIN-402946,0.8379,12.4814,4.0,7.1587,0.2601,0.2543,50.0511,0.0688,0.0,0.2132,0
MPLAD-FIN-402947,0.8764,42.0051,2.0,1.1033,0.2867,0.2409,19.5655,0.1254,0.0,0.5247,0
MPLAD-FIN-402948,0.7984,32.857,4.0,1.6256,0.0508,0.4484,64.2231,0.2511,1.0,0.3837,0
MPLAD-FIN-402949,0.9429,35.5989,6.0,5.8107,0.054,0.1953,60.0256,0.3034,1.0,1.1335,0
MPLAD-FIN-402950,0.8757,59.3628,6.0,1.9623,0.0391,0.4674,11.2874,0.2771,0.0,0.9615,0
MPLAD-FIN-402951,0.9314,10.8782,7.0,0.4547,0.0784,0.2046,21.2625,0.3786,0.0,0.1363,0
MPLAD-FIN-402952,0.7896,11.2567,3.0,3.0741,0.125,0.1002,36.1659,0.1266,1.0,0.7071,0
MPLAD-FIN-402953,0.672,33.6868,2.0,4.9958,0.0936,0.5825,69.7396,0.1273,0.0,0.3744,0
MPLAD-FIN-402954,0.8359,38.9473,3.0,3.514,0.0286,0.1924,90.1495,0.1511,1.0,0.4187,0
MPLAD-FIN-402955,0.8069,59.647,7.0,0.7741,0.0557,0.2784,69.1623,0.337,1.0,0.0766,0
MPLAD-FIN-402956,0.8514,28.1029,2.0,3.4268,0.0718,0.2409,28.8774,0.1901,0.0,0.063,0
MPLAD-FIN-402957,0.9872,27.4557,3.0,6.508,0.2744,0.2351,57.9586,0.1121,0.0,0.8028,0
MPLAD-FIN-402958,0.7688,25.7452,4.0,2.8214,0.2228,0.3501,67.2001,0.209,1.0,0.1625,0
MPLAD-FIN-402959,0.9967,37.6947,6.0,0.5004,0.1114,0.1041,67.6007,0.0887,0.0,0.0816,0
MPLAD-FIN-402960,0.9486,8.348,3.0,2.6288,0.0616,0.2141,47.9009,0.2153,1.0,1.1299,0
MPLAD-FIN-402961,0.7801,8.7648,8.0,11.2192,0.0404,0.4097,70.6918,0.3505,1.0,0.376,0
MPLAD-FIN-402962,0.8446,36.2802,3.0,4.1239,0.1951,0.1743,56.6496,0.1383,3.0,0.8894,0
MPLAD-FIN-402963,0.9089,71.3889,8.0,6.8001,0.3659,0.0159,58.109,0.539,0.0,0.0725,0
MPLAD-FIN-402964,0.9659,33.2818,3.0,4.1238,0.243,0.5269,32.7,0.1299,0.0,1.7347,0
MPLAD-FIN-402965,0.7938,51.2325,2.0,0.7309,0.2324,0.5839,29.0423,0.1083,0.0,0.9893,0
MPLAD-FIN-402966,0.8985,17.9599,2.0,5.0663,0.1068,0.4352,116.1304,0.1523,1.0,0.5251,0
MPLAD-FIN-402967,0.8296,4.7995,3.0,4.7297,0.097,0.3126,32.0532,0.0412,0.0,0.4271,0
MPLAD-FIN-402968,0.8684,80.8308,8.0,1.9714,0.108,0.1815,8.7627,0.0959,0.0,0.496,0
MPLAD-FIN-402969,0.8758,75.5825,8.0,4.264,0.2087,0.3174,51.6186,0.3058,0.0,0.1866,0
MPLAD-FIN-402970,0.8925,33.7469,4.0,7.6887,0.0469,0.0862,19.7326,0.3017,1.0,0.3472,0
MPLAD-FIN-402971,0.8735,25.9637,2.0,3.5126,0.3,0.3868,27.5947,0.0692,0.0,0.1376,0
MPLAD-FIN-402972,1.05,18.9171,4.0,7.5237,0.2342,0.3132,31.9667,0.2632,0.0,0.8027,0
MPLAD-FIN-402973,0.9045,22.9858,7.0,2.4048,0.3385,0.3812,26.435,0.1509,1.0,0.7498,0
MPLAD-FIN-402974,0.9642,38.4929,2.0,2.2385,0.3047,0.3955,25.0338,0.1531,0.0,0.3132,0
MPLAD-FIN-402975,0.8886,40.9742,6.0,10.9694,0.0384,0.1134,40.7941,0.0787,0.0,0.0296,0
MPLAD-FIN-402976,0.7161,32.9521,3.0,4.7098,0.0131,0.1145,12.1731,0.5737,0.0,0.2033,0
MPLAD-FIN-402977,0.8283,30.0364,5.0,4.2863,0.1332,0.3651,101.8075,0.3383,0.0,0.6566,0
MPLAD-FIN-402978,0.8955,14.441,8.0,2.7684,0.0665,0.1723,32.3375,0.1305,1.0,0.1784,0
MPLAD-FIN-402979,1.0191,15.7319,2.0,4.9139,0.0582,0.3393,49.0719,0.3613,1.0,0.3301,0
MPLAD-FIN-402980,0.9473,24.223,8.0,4.1979,0.1262,0.2629,45.148,0.1882,0.0,0.0467,0
MPLAD-FIN-402981,1.0498,39.2384,8.0,2.6461,0.03,0.4188,6.3201,0.4365,0.0,0.3582,0
MPLAD-FIN-402982,0.9071,59.1424,5.0,1.9507,0.1556,0.3854,15.0349,0.0901,1.0,0.1238,0
MPLAD-FIN-402983,0.7969,20.0754,2.0,4.6092,0.2285,0.5535,75.7581,0.2005,0.0,0.4243,0
MPLAD-FIN-402984,0.7946,6.4809,8.0,3.2729,0.1194,0.5177,32.6196,0.0632,0.0,0.3359,0
MPLAD-FIN-402985,0.8534,39.8707,6.0,2.554,0.0674,0.1607,158.8281,0.4371,0.0,0.7337,0
MPLAD-FIN-402986,0.7868,33.2914,7.0,3.5602,0.4789,0.0615,39.704,0.0706,0.0,0.5337,0
MPLAD-FIN-402987,0.9509,27.3014,4.0,4.7313,0.2047,0.3452,24.8495,0.2629,0.0,0.7097,0
MPLAD-FIN-402988,0.9569,56.7698,8.0,10.2137,0.3146,0.217,60.9303,0.2249,0.0,1.463,0
MPLAD-FIN-402989,0.9646,51.5861,2.0,2.2047,0.0928,0.3517,18.4569,0.3248,0.0,0.1539,0
MPLAD-FIN-402990,0.78,46.2984,4.0,5.9389,0.1888,0.2865,47.5055,0.3107,0.0,0.2086,0
MPLAD-FIN-402991,0.8905,33.5781,6.0,3.4776,0.2181,0.0506,36.5041,0.1476,0.0,0.1798,0
MPLAD-FIN-402992,0.8222,45.2897,7.0,7.605,0.2362,0.4769,48.5619,0.2631,0.0,0.1779,0
MPLAD-FIN-402993,0.8106,42.531,2.0,2.8785,0.0823,0.2622,38.5625,0.3685,0.0,0.0625,0
MPLAD-FIN-402994,0.8865,35.5126,2.0,3.8934,0.233,0.2194,21.8441,0.2165,1.0,0.4036,0
MPLAD-FIN-402995,0.9962,23.4381,7.0,3.5352,0.1021,0.228,21.9441,0.1586,1.0,0.136,0
MPLAD-FIN-402996,0.8479,33.6822,2.0,3.4111,0.2143,0.2851,12.0017,0.1005,0.0,0.4734,0
MPLAD-FIN-402997,1.0055,26.1807,8.0,1.0491,0.0762,0.3995,27.1708,0.1894,0.0,0.4675,0
MPLAD-FIN-402998,0.9288,0.3207,2.0,12.7445,0.7949,0.7988,298.2371,0.7984,3.0,0.9629,1
MPLAD-FIN-402999,0.9002,50.7244,5.0,2.3721,0.2284,0.0298,40.4131,0.2378,0.0,0.2852,0
MPLAD-FIN-403000,1.0301,27.8625,4.0,5.4503,0.1901,0.3171,139.2545,0.1657,0.0,0.3311,0
MPLAD-FIN-403001,0.9078,41.2514,5.0,11.1617,0.2009,0.1722,36.2161,0.7164,1.0,0.5036,0
MPLAD-FIN-403002,0.9737,38.402,7.0,3.5023,0.0894,0.0547,72.388,0.2948,0.0,0.1532,0
MPLAD-FIN-403003,1.0071,12.6662,5.0,1.0769,0.2368,0.4673,38.4992,0.0801,0.0,0.187,0
MPLAD-FIN-403004,1.0123,63.5736,4.0,2.4922,0.2338,0.2935,22.3159,0.0781,0.0,0.3176,0
MPLAD-FIN-403005,0.8082,39.612,8.0,4.8493,0.0781,0.4376,23.3546,0.3487,0.0,0.1512,0
MPLAD-FIN-403006,0.905,31.5827,8.0,2.8333,0.0397,0.3594,49.7954,0.3975,1.0,0.5858,0
MPLAD-FIN-403007,1.05,37.1722,3.0,2.3935,0.1652,0.0517,70.271,0.4159,0.0,0.0403,0
MPLAD-FIN-403008,0.9674,3.3724,7.0,3.947,0.1409,0.1073,36.4271,0.4288,2.0,0.4561,0
MPLAD-FIN-403009,0.996,5.0905,3.0,4.5637,0.1458,0.02,68.5114,0.3784,0.0,1.3074,0
MPLAD-FIN-403010,0.7603,49.6572,8.0,4.1682,0.0607,0.2288,42.7112,0.1337,0.0,0.504,0
MPLAD-FIN-403011,0.9362,19.8086,7.0,6.78,0.0241,0.0887,29.3074,0.2091,0.0,0.4981,0
MPLAD-FIN-403012,1.05,84.6775,4.0,4.0579,0.3626,0.2349,8.0313,0.1514,1.0,0.2777,0
MPLAD-FIN-403013,0.8616,66.0634,7.0,4.1485,0.2641,0.177,56.8306,0.1969,0.0,0.1894,0
MPLAD-FIN-403014,0.7272,82.9714,3.0,1.434,0.3733,0.0918,44.8102,0.2787,0.0,0.1636,0
MPLAD-FIN-403015,0.9261,35.3442,5.0,4.3786,0.0771,0.4289,49.5149,0.1898,0.0,0.5729,0
MPLAD-FIN-403016,0.9433,73.4189,7.0,0.5888,0.1475,0.3285,15.9995,0.2179,0.0,0.1756,0
MPLAD-FIN-403017,0.9354,10.4891,2.0,2.4371,0.1477,0.1966,36.6321,0.0396,1.0,0.2212,0
MPLAD-FIN-403018,0.984,21.9266,8.0,4.7876,0.1947,0.126,10.5318,0.3443,0.0,0.458,0
MPLAD-FIN-403019,0.8292,11.8203,4.0,4.2045,0.1287,0.1152,8.344,0.1147,0.0,0.4895,0
MPLAD-FIN-403020,0.911,6.5846,7.0,3.6002,0.107,0.4571,26.7729,0.34,0.0,0.2429,0
MPLAD-FIN-403021,0.9306,7.1248,3.0,14.581,0.2377,0.2025,20.0441,0.3512,0.0,0.1796,0
MPLAD-FIN-403022,0.7719,18.3338,7.0,3.5665,0.2418,0.2514,83.89,0.3668,1.0,0.5517,0
MPLAD-FIN-403023,0.6926,54.5071,5.0,3.2736,0.0648,0.0315,40.5319,0.1025,0.0,0.8821,0
MPLAD-FIN-403024,0.7553,84.2699,2.0,3.0248,0.0787,0.135,59.6587,0.612,0.0,0.5945,0
MPLAD-FIN-403025,0.941,9.9471,8.0,3.6939,0.2436,0.2243,4.1562,0.3002,0.0,0.2984,0
MPLAD-FIN-403026,1.0291,49.3474,4.0,3.3479,0.3239,0.3521,41.4355,0.036,0.0,0.6797,0
MPLAD-FIN-403027,0.8938,50.2729,8.0,2.6922,0.0967,0.5132,15.6638,0.1864,0.0,0.7181,0
MPLAD-FIN-403028,0.8771,47.3854,5.0,1.9399,0.1926,0.2446,49.7968,0.2487,0.0,0.2419,0
MPLAD-FIN-403029,0.7023,14.8464,4.0,5.6928,0.2792,0.2794,56.3514,0.2778,1.0,0.4244,0
MPLAD-FIN-403030,0.9218,45.8812,4.0,1.3812,0.1692,0.158,31.3767,0.2473,0.0,0.9182,0
MPLAD-FIN-403031,0.9054,19.5451,8.0,5.4751,0.2292,0.3072,10.1315,0.1897,0.0,0.325,0
MPLAD-FIN-403032,0.8636,25.7,7.0,3.7315,0.1432,0.3321,68.8193,0.0101,0.0,1.4512,0
MPLAD-FIN-403033,0.9116,54.7027,4.0,5.1602,0.1264,0.4582,32.008,0.238,0.0,0.3579,0
MPLAD-FIN-403034,1.222,15.6084,2.0,11.7628,0.8539,0.5832,107.2187,0.9585,3.0,2.2179,1
MPLAD-FIN-403035,0.8733,65.3902,5.0,3.8619,0.1135,0.1611,44.0546,0.3323,2.0,0.2282,0
MPLAD-FIN-403036,0.8922,12.6162,1.0,41.6289,0.9146,0.8927,153.0818,0.9326,4.0,3.1923,1
MPLAD-FIN-403037,1.05,33.5705,3.0,4.3272,0.2331,0.2933,66.0591,0.0953,0.0,0.1877,0
MPLAD-FIN-403038,0.7934,18.458,3.0,5.9952,0.2123,0.259,113.7023,0.0522,0.0,0.0866,0
MPLAD-FIN-403039,0.9433,35.0101,8.0,1.7568,0.1164,0.3543,88.2092,0.3479,0.0,0.6446,0
MPLAD-FIN-403040,1.05,10.5923,5.0,4.2581,0.0672,0.4439,15.0374,0.3687,0.0,0.4304,0
MPLAD-FIN-403041,0.8544,35.8924,3.0,0.6391,0.1126,0.3201,28.1392,0.2017,0.0,0.4301,0
MPLAD-FIN-403042,0.9069,8.4215,2.0,4.4691,0.3079,0.3828,31.3428,0.4175,0.0,0.8385,0
MPLAD-FIN-403043,0.9357,37.2566,6.0,1.5287,0.3118,0.3066,31.0736,0.2794,0.0,0.2512,0
MPLAD-FIN-403044,1.176,1.7038,2.0,30.2851,0.9085,0.8008,368.0219,0.9812,2.0,1.7057,1
MPLAD-FIN-403045,0.8022,23.4532,4.0,1.2739,0.1477,0.1752,47.008,0.4187,0.0,0.5938,0
MPLAD-FIN-403046,0.7397,20.5939,3.0,2.3622,0.1943,0.2745,32.0469,0.0693,1.0,0.0109,0
MPLAD-FIN-403047,0.8899,16.3096,3.0,3.2962,0.2391,0.3068,30.0068,0.1496,0.0,1.0749,0
MPLAD-FIN-403048,0.7792,26.8237,4.0,0.5647,0.1718,0.342,15.4673,0.1428,0.0,0.8631,0
MPLAD-FIN-403049,0.7273,132.2697,3.0,2.3303,0.0592,0.3815,14.5187,0.3259,0.0,0.1098,0
MPLAD-FIN-403050,0.9534,32.9361,2.0,3.8711,0.2554,0.0775,50.2624,0.4072,0.0,0.1004,0
MPLAD-FIN-403051,0.8194,74.7429,4.0,4.0076,0.0553,0.2552,35.521,0.5104,1.0,0.2675,0
MPLAD-FIN-403052,0.8326,26.878,7.0,7.5339,0.1634,0.1845,52.2437,0.5054,1.0,0.2565,0
MPLAD-FIN-403053,0.6563,65.2313,3.0,3.2942,0.0797,0.3453,55.5368,0.1675,0.0,0.5347,0
MPLAD-FIN-403054,0.9067,23.1155,8.0,2.7855,0.4635,0.5203,29.5755,0.0985,0.0,0.2339,0
MPLAD-FIN-403055,0.8159,19.4393,8.0,4.9207,0.2382,0.1417,68.6632,0.2878,0.0,0.5483,0
MPLAD-FIN-403056,0.7606,83.3523,6.0,2.9012,0.2357,0.1164,13.16,0.5859,0.0,0.6047,0
MPLAD-FIN-403057,0.9198,32.7525,5.0,0.4118,0.053,0.2518,91.5561,0.2938,0.0,0.1991,0
MPLAD-FIN-403058,0.7094,26.7442,7.0,2.0317,0.2584,0.338,13.057,0.187,0.0,0.3845,0
MPLAD-FIN-403059,0.8978,108.8201,5.0,5.6567,0.1723,0.1745,52.9721,0.3293,0.0,0.2963,0
MPLAD-FIN-403060,0.9039,63.0727,8.0,3.8491,0.2729,0.2635,38.1767,0.354,0.0,0.3048,0
MPLAD-FIN-403061,0.777,27.1647,4.0,8.2033,0.3277,0.429,47.2003,0.4465,1.0,0.2058,0
MPLAD-FIN-403062,1.006,30.8174,7.0,4.446,0.1565,0.4164,28.499,0.1711,0.0,0.2975,0
MPLAD-FIN-403063,0.8584,9.4931,7.0,6.1214,0.0121,0.4656,26.7225,0.2843,0.0,1.1167,0
MPLAD-FIN-403064,0.8169,13.7445,6.0,2.5258,0.1318,0.3759,114.8407,0.0466,1.0,0.4887,0
MPLAD-FIN-403065,1.0253,36.9799,6.0,2.3821,0.191,0.1923,13.4463,0.1072,0.0,0.2503,0
MPLAD-FIN-403066,1.2661,7.4857,1.0,16.6406,0.6373,0.86,300.4703,0.7915,3.0,4.4322,1
MPLAD-FIN-403067,0.9146,34.0689,8.0,3.7315,0.1641,0.2661,29.451,0.3573,1.0,0.2695,0
MPLAD-FIN-403068,0.8832,48.575,8.0,12.3149,0.208,0.2343,33.0623,0.2185,1.0,0.297,0
MPLAD-FIN-403069,0.8168,29.2382,5.0,3.4205,0.1034,0.1466,63.2475,0.4084,1.0,0.2712,0
MPLAD-FIN-403070,0.9322,23.8799,3.0,1.3551,0.1667,0.4321,57.4117,0.1432,0.0,0.1074,0
MPLAD-FIN-403071,0.8828,62.4311,6.0,1.4592,0.2453,0.5013,26.8276,0.5607,0.0,0.043,0
MPLAD-FIN-403072,0.8792,49.8216,2.0,9.7158,0.1073,0.345,9.414,0.3735,0.0,0.6645,0
MPLAD-FIN-403073,0.7505,52.2141,3.0,4.3783,0.2082,0.4308,50.9977,0.0269,0.0,0.7752,0
MPLAD-FIN-403074,0.9347,34.789,8.0,1.8414,0.0853,0.1846,113.704,0.0942,0.0,0.2394,0
MPLAD-FIN-403075,1.0029,10.1342,7.0,5.6428,0.3731,0.0849,43.3815,0.1108,0.0,0.6219,0
MPLAD-FIN-403076,0.8634,29.0573,2.0,4.0513,0.1118,0.2435,12.2094,0.1397,0.0,0.0633,0
MPLAD-FIN-403077,0.7766,4.6032,8.0,6.3155,0.2148,0.0328,17.9251,0.0244,0.0,0.1034,0
MPLAD-FIN-403078,0.8973,55.3095,4.0,4.3501,0.5716,0.227,43.6854,0.1192,0.0,1.2588,0
MPLAD-FIN-403079,0.8942,57.2705,4.0,0.5221,0.1467,0.0589,21.9323,0.2343,0.0,1.3713,0
MPLAD-FIN-403080,1.024,31.0767,6.0,1.0986,0.2084,0.4434,9.0748,0.4554,0.0,1.201,0
MPLAD-FIN-403081,0.82,10.858,5.0,3.9921,0.0142,0.4922,60.3144,0.4155,0.0,0.4742,0
MPLAD-FIN-403082,0.9093,62.6261,2.0,2.8851,0.0646,0.0896,98.7086,0.2876,1.0,0.3901,0
MPLAD-FIN-403083,0.6468,25.3598,2.0,4.5316,0.0452,0.0982,137.3251,0.0928,0.0,0.2493,0
MPLAD-FIN-403084,0.8622,39.3962,5.0,4.4335,0.2061,0.4152,50.1323,0.3491,0.0,1.0512,0
MPLAD-FIN-403085,1.0304,64.3901,3.0,18.8024,0.0632,0.0365,72.5328,0.4749,0.0,0.3907,0
MPLAD-FIN-403086,0.9177,32.2469,4.0,1.1901,0.2913,0.0847,36.1475,0.2801,0.0,0.454,0
MPLAD-FIN-403087,0.9647,26.5142,2.0,6.624,0.1196,0.0798,80.8687,0.0798,0.0,1.0132,0
MPLAD-FIN-403088,1.05,47.28,7.0,0.6798,0.1785,0.0848,18.2107,0.1414,0.0,0.4394,0
MPLAD-FIN-403089,1.0118,42.9488,2.0,4.2094,0.1888,0.3261,62.0107,0.2781,0.0,0.1483,0
MPLAD-FIN-403090,0.8405,81.6388,3.0,2.5321,0.2006,0.3275,22.9887,0.2172,0.0,1.0908,0
MPLAD-FIN-403091,0.8686,62.0939,7.0,4.1309,0.2135,0.6509,66.2686,0.3239,0.0,0.1985,0
MPLAD-FIN-403092,1.05,48.9189,5.0,3.2146,0.1178,0.2179,28.0071,0.1599,0.0,0.5143,0
MPLAD-FIN-403093,0.8926,50.1459,5.0,1.7806,0.2393,0.2172,9.2278,0.1811,0.0,0.1238,0
MPLAD-FIN-403094,1.1567,6.8108,1.0,8.0438,0.9323,0.9492,451.5447,0.9355,3.0,2.5597,1
MPLAD-FIN-403095,0.787,7.1302,8.0,6.2926,0.1007,0.142,34.4885,0.09,1.0,0.4366,0
MPLAD-FIN-403096,0.6951,38.2113,6.0,2.3671,0.3036,0.4341,9.9182,0.2293,0.0,0.1762,0
MPLAD-FIN-403097,0.8612,48.4064,6.0,6.4257,0.1083,0.2259,4.5275,0.052,3.0,0.984,0
MPLAD-FIN-403098,0.8657,37.4141,7.0,1.7438,0.1075,0.3634,193.5714,0.172,0.0,0.1864,0
MPLAD-FIN-403099,0.7395,34.4739,5.0,2.3822,0.2565,0.2323,33.7989,0.2363,0.0,0.6101,0
MPLAD-FIN-403100,0.915,27.3322,2.0,0.842,0.3458,0.4306,84.0304,0.2904,0.0,1.3169,0
MPLAD-FIN-403101,0.9993,45.3032,2.0,4.9638,0.0749,0.1581,62.9756,0.236,1.0,0.5306,0
MPLAD-FIN-403102,0.7716,9.2333,2.0,3.3971,0.3618,0.4025,20.4206,0.07,0.0,0.447,0
MPLAD-FIN-403103,0.8671,7.1298,3.0,2.1055,0.069,0.1333,40.4977,0.062,0.0,0.6206,0
MPLAD-FIN-403104,0.8785,42.445,7.0,6.6797,0.2221,0.6974,17.5753,0.3684,0.0,0.1428,0
MPLAD-FIN-403105,0.8418,12.8655,6.0,11.2492,0.1213,0.1365,15.2864,0.1063,0.0,0.1984,0
MPLAD-FIN-403106,1.0304,2.0158,8.0,1.8576,0.164,0.2854,76.5623,0.1239,0.0,0.2078,0
MPLAD-FIN-403107,1.05,56.8124,7.0,1.5664,0.0457,0.3296,50.0898,0.2822,0.0,0.4185,0
MPLAD-FIN-403108,1.05,9.1579,4.0,5.2847,0.0818,0.297,60.2394,0.2794,0.0,0.5371,0
MPLAD-FIN-403109,1.0043,10.1378,1.0,18.8415,0.89,0.8716,256.9702,0.7445,2.0,4.2897,1
MPLAD-FIN-403110,0.991,13.8093,8.0,1.0072,0.0758,0.0929,19.6725,0.0228,0.0,0.1823,0
MPLAD-FIN-403111,0.7579,14.3818,3.0,2.5028,0.0656,0.7075,37.4288,0.3804,0.0,0.5294,0
MPLAD-FIN-403112,0.7453,39.4814,4.0,6.274,0.1909,0.0502,105.378,0.2125,2.0,0.156,0
MPLAD-FIN-403113,0.6884,46.7892,2.0,0.6917,0.0771,0.2896,34.6653,0.3634,0.0,0.3556,0
MPLAD-FIN-403114,0.8632,38.2178,4.0,7.4053,0.1885,0.1624,44.4297,0.2004,1.0,0.6491,0
MPLAD-FIN-403115,0.9817,19.3186,2.0,0.5727,0.0402,0.1424,61.3505,0.0515,1.0,0.7282,0
MPLAD-FIN-403116,0.9993,39.5008,2.0,7.9779,0.088,0.1354,77.6754,0.117,0.0,0.2433,0
MPLAD-FIN-403117,0.7479,16.8118,5.0,7.3781,0.1515,0.4608,31.0518,0.2957,0.0,2.2418,0
MPLAD-FIN-403118,0.9012,55.5903,2.0,2.3964,0.0745,0.309,4.9358,0.1916,1.0,0.1762,0
MPLAD-FIN-403119,0.8965,63.2826,3.0,10.0505,0.1441,0.318,66.2918,0.0664,0.0,0.57,0
MPLAD-FIN-403120,0.9528,6.6891,8.0,9.238,0.1477,0.5402,14.6743,0.3448,1.0,0.1424,0
MPLAD-FIN-403121,0.8956,8.0058,5.0,2.4767,0.1084,0.2616,11.8549,0.1011,0.0,0.1178,0
MPLAD-FIN-403122,1.0382,62.5366,5.0,5.9278,0.1904,0.1638,57.0502,0.0474,1.0,0.1239,0
MPLAD-FIN-403123,0.9353,21.5263,8.0,7.6476,0.1921,0.0912,98.9138,0.0576,0.0,0.8486,0
MPLAD-FIN-403124,0.9489,61.6078,3.0,8.8682,0.0021,0.0852,57.7279,0.0588,0.0,0.3204,0
MPLAD-FIN-403125,0.831,12.4093,3.0,2.045,0.0173,0.2743,25.4249,0.1925,0.0,0.5328,0
MPLAD-FIN-403126,0.8492,8.0554,5.0,7.9804,0.0755,0.2467,51.8909,0.5095,0.0,0.1431,0
MPLAD-FIN-403127,0.8594,27.4376,2.0,0.6589,0.0297,0.2763,70.6515,0.1686,0.0,0.81,0
MPLAD-FIN-403128,0.9579,13.4789,2.0,1.7745,0.1007,0.2394,18.629,0.1109,0.0,0.3203,0
MPLAD-FIN-403129,0.9468,63.7299,8.0,0.7428,0.1015,0.1652,11.1891,0.0752,0.0,0.8906,0
MPLAD-FIN-403130,1.0433,27.8243,3.0,5.2934,0.3767,0.0636,119.2592,0.2803,0.0,0.3898,0
MPLAD-FIN-403131,0.8749,12.2346,5.0,7.9426,0.2175,0.1692,52.1723,0.5179,0.0,0.3615,0
MPLAD-FIN-403132,0.8715,47.3117,5.0,1.5141,0.2542,0.2361,31.9772,0.4406,1.0,0.477,0
MPLAD-FIN-403133,1.05,27.4644,8.0,2.3195,0.1494,0.1655,26.7927,0.0935,0.0,0.0556,0
MPLAD-FIN-403134,0.8129,67.1408,5.0,7.3334,0.0736,0.3246,8.2901,0.1096,0.0,0.8527,0
MPLAD-FIN-403135,0.803,44.5125,8.0,3.2687,0.1811,0.3306,36.4128,0.1101,0.0,0.4418,0
MPLAD-FIN-403136,0.9383,18.4856,3.0,1.7957,0.1874,0.531,39.2424,0.2255,0.0,0.409,0
MPLAD-FIN-403137,0.8138,14.2946,4.0,3.0459,0.0906,0.0934,21.3912,0.2346,0.0,0.2016,0
MPLAD-FIN-403138,0.8402,21.2359,5.0,1.3577,0.5224,0.1574,57.0731,0.2494,0.0,0.4996,0
MPLAD-FIN-403139,1.0293,19.0324,6.0,3.2537,0.4591,0.1274,5.4825,0.2464,0.0,0.2569,0
MPLAD-FIN-403140,0.8313,42.8357,4.0,1.7554,0.0849,0.2202,62.679,0.2028,0.0,0.5397,0
MPLAD-FIN-403141,0.9061,26.8658,8.0,3.9172,0.4961,0.3257,31.9019,0.269,1.0,0.3547,0
MPLAD-FIN-403142,0.7435,48.1761,5.0,4.0135,0.3633,0.3543,58.274,0.328,0.0,0.1367,0
MPLAD-FIN-403143,0.7764,51.3149,6.0,4.6582,0.1067,0.2974,25.0695,0.0761,1.0,0.4645,0
MPLAD-FIN-403144,0.8694,28.3878,4.0,1.4241,0.0449,0.187,40.39,0.283,0.0,0.4689,0
MPLAD-FIN-403145,0.7715,27.6056,8.0,4.3002,0.0444,0.0791,70.7782,0.2403,1.0,0.266,0
MPLAD-FIN-403146,0.917,46.557,2.0,0.9569,0.0107,0.2581,11.4556,0.1944,0.0,0.3104,0
MPLAD-FIN-403147,0.8558,106.3362,7.0,5.5208,0.3093,0.2754,36.5768,0.3975,1.0,0.2038,0
MPLAD-FIN-403148,0.7385,20.675,3.0,1.5071,0.3468,0.3563,3.6362,0.2891,0.0,0.372,0
MPLAD-FIN-403149,0.9114,58.0769,2.0,2.8741,0.3835,0.155,20.9196,0.3594,1.0,0.0775,0
MPLAD-FIN-403150,1.0378,40.9168,6.0,0.8679,0.0316,0.2839,38.2149,0.0961,0.0,0.7674,0
MPLAD-FIN-403151,0.8795,7.1993,6.0,2.7578,0.0688,0.3779,79.9258,0.1987,0.0,0.3417,0
MPLAD-FIN-403152,0.8402,19.875,6.0,11.275,0.1604,0.217,26.8161,0.3496,0.0,0.9926,0
MPLAD-FIN-403153,0.9693,11.2451,5.0,2.997,0.3607,0.2179,44.5041,0.1835,1.0,0.3983,0
MPLAD-FIN-403154,0.7839,22.0219,5.0,2.2214,0.1614,0.0825,40.5963,0.2135,0.0,0.4265,0
MPLAD-FIN-403155,1.0101,37.055,6.0,2.437,0.1309,0.0718,20.9939,0.1885,0.0,0.0622,0
MPLAD-FIN-403156,1.05,13.6142,2.0,4.8239,0.1353,0.1216,40.0007,0.0953,0.0,0.3776,0
MPLAD-FIN-403157,0.8471,57.4845,7.0,0.89,0.2062,0.1129,10.6848,0.1567,0.0,0.4188,0
MPLAD-FIN-403158,1.1609,1.2419,1.0,10.6637,0.9521,0.8569,279.5493,0.9762,3.0,2.4189,1
MPLAD-FIN-403159,0.6737,50.7781,8.0,1.751,0.1126,0.1609,36.8356,0.0648,0.0,0.2203,0
MPLAD-FIN-403160,0.7706,41.5961,2.0,8.0006,0.1251,0.1402,54.0163,0.2031,0.0,0.2075,0
MPLAD-FIN-403161,0.955,20.4075,8.0,1.7623,0.0868,0.3613,24.0005,0.1992,1.0,0.4714,0
MPLAD-FIN-403162,0.972,26.3561,8.0,0.9309,0.0515,0.384,27.9959,0.4106,0.0,0.4906,0
MPLAD-FIN-403163,0.9202,16.9121,5.0,1.0914,0.0688,0.2068,56.0362,0.1274,0.0,0.0721,0
MPLAD-FIN-403164,0.8295,39.5461,7.0,1.3279,0.167,0.2912,62.0737,0.326,0.0,0.4484,0
MPLAD-FIN-403165,0.9635,34.5479,4.0,2.3985,0.1427,0.3173,61.7359,0.4027,1.0,0.2195,0
MPLAD-FIN-403166,0.8261,17.6288,8.0,2.1342,0.4017,0.2356,50.974,0.3475,0.0,0.2166,0
MPLAD-FIN-403167,0.8516,34.3271,6.0,5.3806,0.2917,0.1912,41.1127,0.173,2.0,0.1782,0
MPLAD-FIN-403168,0.7311,21.4451,3.0,8.7923,0.4211,0.2984,70.3689,0.3085,1.0,0.1998,0
MPLAD-FIN-403169,0.8179,63.067,6.0,6.2722,0.2719,0.0188,25.1975,0.0587,0.0,0.462,0
MPLAD-FIN-403170,1.05,13.8177,6.0,3.2478,0.1999,0.2528,11.4017,0.1966,0.0,1.0376,0
MPLAD-FIN-403171,0.7938,29.956,7.0,3.1272,0.1403,0.4479,37.1157,0.1438,1.0,0.2439,0
MPLAD-FIN-403172,0.8368,57.8946,2.0,5.5999,0.0693,0.5825,50.451,0.1758,0.0,0.3882,0
MPLAD-FIN-403173,0.8921,36.6604,2.0,2.8576,0.0207,0.189,45.7997,0.2394,0.0,0.9076,0
MPLAD-FIN-403174,0.882,36.579,7.0,3.8914,0.2867,0.3222,35.9868,0.2654,0.0,0.9401,0
MPLAD-FIN-403175,0.9446,21.0421,8.0,4.3148,0.1712,0.3409,57.4556,0.5362,0.0,0.2272,0
MPLAD-FIN-403176,0.8065,15.5501,6.0,5.5638,0.1144,0.3799,28.4297,0.3696,1.0,0.149,0
MPLAD-FIN-403177,0.982,23.0561,2.0,1.814,0.186,0.2977,72.4979,0.0455,4.0,0.0892,0
MPLAD-FIN-403178,1.05,12.1134,7.0,11.1935,0.0994,0.2931,22.0305,0.2802,0.0,0.089,0
MPLAD-FIN-403179,0.8474,19.183,6.0,3.5442,0.0537,0.2992,17.9855,0.3942,0.0,0.5262,0
MPLAD-FIN-403180,0.9875,51.6588,7.0,0.7006,0.3455,0.5971,31.4589,0.1992,0.0,0.7307,0
MPLAD-FIN-403181,0.9741,88.3302,6.0,5.8425,0.3562,0.119,16.9564,0.4159,0.0,0.1477,0
MPLAD-FIN-403182,0.8668,48.0083,8.0,2.1062,0.3641,0.7019,61.0277,0.3338,2.0,0.1154,0
MPLAD-FIN-403183,1.0398,47.6951,4.0,3.6195,0.1799,0.3418,61.3939,0.4052,0.0,0.6736,0
MPLAD-FIN-403184,0.8309,29.565,8.0,9.1487,0.0504,0.2822,35.0391,0.1435,0.0,0.7424,0
MPLAD-FIN-403185,0.7721,20.3463,3.0,2.7925,0.3518,0.5207,34.4634,0.3394,0.0,0.3721,0
MPLAD-FIN-403186,1.2409,6.2056,2.0,26.2386,0.9617,0.9222,173.8601,0.8244,5.0,1.4692,1
MPLAD-FIN-403187,0.8805,38.3908,5.0,2.6375,0.2821,0.0921,44.8026,0.3518,0.0,0.6399,0
MPLAD-FIN-403188,0.7042,7.86,4.0,7.4313,0.0097,0.3846,30.4623,0.3241,3.0,0.5305,0
MPLAD-FIN-403189,0.8696,18.7701,8.0,4.2813,0.2502,0.255,43.8544,0.3653,0.0,0.0516,0
MPLAD-FIN-403190,1.0023,43.1822,2.0,10.488,0.1154,0.1408,58.4503,0.3168,0.0,0.4687,0
MPLAD-FIN-403191,0.8486,52.8702,5.0,1.0925,0.464,0.2424,27.2392,0.3507,0.0,0.4129,0
MPLAD-FIN-403192,0.7759,72.2388,8.0,0.7245,0.0825,0.273,19.1792,0.2355,0.0,0.4223,0
MPLAD-FIN-403193,0.8723,6.5292,7.0,5.0867,0.0403,0.2959,55.0509,0.2054,0.0,0.461,0
MPLAD-FIN-403194,1.05,11.862,6.0,6.9111,0.2051,0.6012,78.4282,0.2859,0.0,0.2784,0
MPLAD-FIN-403195,0.9551,0.039,1.0,12.9983,0.9053,0.9282,203.2991,0.8839,2.0,1.6049,1
MPLAD-FIN-403196,0.7952,65.7556,7.0,0.6889,0.086,0.2744,37.4854,0.2033,0.0,0.6798,0
MPLAD-FIN-403197,0.9816,22.4159,6.0,9.6879,0.03,0.1973,44.0479,0.3211,1.0,0.1575,0
MPLAD-FIN-403198,0.7505,47.8393,3.0,5.3047,0.1024,0.0284,81.6228,0.0841,0.0,0.1669,0
MPLAD-FIN-403199,0.9207,43.4575,4.0,4.8811,0.1546,0.1127,38.5781,0.2285,1.0,0.7201,0
MPLAD-FIN-403200,0.827,21.6062,3.0,8.6959,0.0607,0.2008,78.3947,0.4078,0.0,0.4162,0
MPLAD-FIN-403201,0.8673,46.8651,2.0,8.7768,0.0374,0.0208,39.1906,0.062,0.0,0.6381,0
MPLAD-FIN-403202,0.9749,46.4281,5.0,1.8527,0.3212,0.0237,15.2796,0.3921,0.0,0.4483,0
MPLAD-FIN-403203,0.8669,36.2702,4.0,13.7997,0.0347,0.1308,59.9426,0.1387,0.0,0.2418,0
MPLAD-FIN-403204,0.9535,11.8686,7.0,1.5199,0.0667,0.0266,89.8238,0.1155,1.0,0.7315,0
MPLAD-FIN-403205,0.7897,4.9794,1.0,12.4355,0.8146,0.8921,125.4133,0.7702,4.0,2.2651,1
MPLAD-FIN-403206,0.988,21.9529,4.0,5.4883,0.1048,0.5737,9.5344,0.0624,2.0,0.261,0
MPLAD-FIN-403207,0.9133,125.0589,5.0,1.1304,0.3439,0.4371,9.3539,0.126,0.0,0.1225,0
MPLAD-FIN-403208,1.0047,1.876,1.0,18.7226,0.9585,0.9035,202.1649,0.9656,3.0,3.0232,1
MPLAD-FIN-403209,0.8716,46.098,8.0,5.0429,0.142,0.0872,33.0392,0.1924,0.0,0.0397,0
MPLAD-FIN-403210,1.0184,25.1106,3.0,1.7483,0.2422,0.1537,49.3435,0.1106,0.0,0.63,0
MPLAD-FIN-403211,0.9524,32.2759,5.0,1.6974,0.0132,0.2388,59.1619,0.2724,0.0,0.239,0
MPLAD-FIN-403212,0.9215,41.5576,4.0,3.4631,0.3191,0.5239,50.4621,0.2958,1.0,1.3189,0
MPLAD-FIN-403213,0.7686,43.3146,4.0,5.2287,0.247,0.2807,15.744,0.1292,0.0,0.6927,0
MPLAD-FIN-403214,0.8868,41.4149,7.0,2.2117,0.4125,0.3271,22.4158,0.3159,0.0,0.392,0
MPLAD-FIN-403215,1.0094,17.5955,2.0,1.4795,0.1301,0.247,16.1548,0.313,0.0,0.4605,0
MPLAD-FIN-403216,0.8754,33.507,5.0,2.1234,0.0489,0.168,30.4663,0.2505,0.0,0.1809,0
MPLAD-FIN-403217,1.048,11.6634,8.0,3.6827,0.0481,0.363,123.7475,0.5718,1.0,0.3734,0
MPLAD-FIN-403218,0.9552,33.917,7.0,0.4191,0.092,0.4257,24.1161,0.4055,0.0,0.5848,0
MPLAD-FIN-403219,0.8899,19.1807,6.0,1.5574,0.1382,0.3606,20.0199,0.0602,1.0,0.1136,0
MPLAD-FIN-403220,0.807,71.2919,3.0,2.3944,0.1132,0.2505,56.1071,0.387,0.0,0.3449,0
MPLAD-FIN-403221,0.7031,16.3247,5.0,5.7428,0.1199,0.3504,47.1378,0.2591,0.0,0.205,0
MPLAD-FIN-403222,1.05,68.1991,2.0,5.7425,0.2495,0.0201,11.2927,0.1497,0.0,0.323,0
MPLAD-FIN-403223,0.9465,56.5007,5.0,2.2677,0.0312,0.4637,18.0611,0.2114,0.0,0.5967,0
MPLAD-FIN-403224,0.9208,21.5263,8.0,3.3141,0.0089,0.138,68.5911,0.0939,0.0,0.7256,0
MPLAD-FIN-403225,0.7669,42.912,7.0,6.0316,0.1011,0.1699,45.316,0.3117,0.0,0.3508,0
MPLAD-FIN-403226,0.7041,18.8434,8.0,9.1971,0.2746,0.1565,48.5214,0.3296,0.0,0.7073,0
MPLAD-FIN-403227,0.7528,43.9464,8.0,5.7209,0.0503,0.1515,88.839,0.1883,0.0,0.3227,0
MPLAD-FIN-403228,0.9583,19.1439,5.0,3.1703,0.1441,0.035,93.173,0.0179,0.0,0.3882,0
MPLAD-FIN-403229,0.966,15.3629,6.0,5.7111,0.0716,0.2611,74.4891,0.1761,2.0,1.9351,0
MPLAD-FIN-403230,0.7563,40.2846,5.0,6.6878,0.0934,0.1082,26.7401,0.2906,2.0,0.2847,0
MPLAD-FIN-403231,1.1294,4.6676,1.0,31.1801,0.9351,0.6668,348.9156,0.7912,4.0,2.024,1
MPLAD-FIN-403232,0.7788,44.0195,4.0,1.8214,0.2521,0.3682,14.1464,0.1085,0.0,0.1196,0
MPLAD-FIN-403233,0.8516,5.0111,5.0,4.9657,0.5036,0.2606,40.7539,0.0811,1.0,0.457,0
MPLAD-FIN-403234,0.9105,40.3899,6.0,4.4468,0.0687,0.2852,38.3802,0.184,0.0,0.3218,0
MPLAD-FIN-403235,1.0254,0.9861,2.0,33.6866,0.7004,0.8311,339.3287,0.7067,6.0,1.7757,1
MPLAD-FIN-403236,0.8677,45.5262,2.0,4.4387,0.0776,0.0554,20.1536,0.3699,0.0,0.1627,0
MPLAD-FIN-403237,1.0487,83.3783,5.0,3.0729,0.273,0.13,62.5838,0.2209,1.0,0.0485,0
MPLAD-FIN-403238,0.8627,56.1782,5.0,5.1597,0.036,0.4667,83.0333,0.1522,0.0,0.2402,0
MPLAD-FIN-403239,0.8084,49.0056,8.0,4.0071,0.3395,0.0419,13.1422,0.3854,1.0,0.1405,0
MPLAD-FIN-403240,0.8471,16.0872,6.0,3.7654,0.3461,0.5413,47.4495,0.5006,0.0,0.6704,0
MPLAD-FIN-403241,0.6926,9.2304,3.0,5.0736,0.0957,0.1708,10.0578,0.1701,2.0,0.2554,0
MPLAD-FIN-403242,0.9042,25.8837,7.0,3.1295,0.02,0.1733,24.3419,0.2038,0.0,0.6561,0
MPLAD-FIN-403243,0.9571,29.8138,4.0,4.3175,0.0356,0.133,18.9126,0.1819,1.0,0.3468,0
MPLAD-FIN-403244,0.7638,29.5395,5.0,3.7743,0.1405,0.1073,55.4599,0.3175,1.0,0.0677,0
MPLAD-FIN-403245,0.7889,50.0826,4.0,6.0418,0.0134,0.1758,41.5387,0.1485,0.0,0.5675,0
MPLAD-FIN-403246,0.8911,15.5781,7.0,5.177,0.1665,0.3886,36.3175,0.2609,0.0,0.2905,0
MPLAD-FIN-403247,0.8574,27.8749,8.0,3.2799,0.1699,0.6684,45.2639,0.6271,0.0,0.3643,0
MPLAD-FIN-403248,0.9809,27.933,6.0,4.6875,0.1939,0.4585,12.9249,0.5031,0.0,0.3001,0
MPLAD-FIN-403249,1.2814,2.3869,1.0,15.2632,0.8154,0.964,276.3908,0.997,2.0,2.1315,1
MPLAD-FIN-403250,0.8466,36.1909,6.0,9.0086,0.0523,0.341,21.7146,0.1906,0.0,0.6737,0
MPLAD-FIN-403251,0.865,44.3009,4.0,2.5224,0.194,0.1231,98.2279,0.0594,1.0,0.0944,0
MPLAD-FIN-403252,1.0083,29.0322,3.0,2.1632,0.0582,0.2069,23.6336,0.235,0.0,0.1421,0
MPLAD-FIN-403253,1.05,32.2272,2.0,8.3694,0.1041,0.2622,14.2364,0.0525,1.0,0.056,0
MPLAD-FIN-403254,0.8357,24.2482,7.0,2.3681,0.3333,0.3735,15.8582,0.2868,1.0,0.7189,0
MPLAD-FIN-403255,0.9452,49.4222,6.0,1.1553,0.0062,0.4414,22.1072,0.2008,0.0,0.0889,0
MPLAD-FIN-403256,0.9777,72.9058,8.0,2.0246,0.0726,0.2275,50.7238,0.1641,0.0,0.0761,0
MPLAD-FIN-403257,0.7483,20.7402,7.0,1.757,0.1044,0.2518,50.8228,0.1675,0.0,0.4133,0
MPLAD-FIN-403258,0.9282,25.2868,4.0,6.5896,0.1314,0.4092,67.5389,0.12,0.0,0.4382,0
MPLAD-FIN-403259,0.9207,11.8103,2.0,6.7475,0.1657,0.3866,57.3489,0.1855,0.0,0.071,0
MPLAD-FIN-403260,0.894,13.0634,8.0,7.645,0.0803,0.1572,24.8343,0.0387,0.0,0.3244,0
MPLAD-FIN-403261,0.8539,32.1405,8.0,2.3689,0.4403,0.1116,4.2681,0.1233,1.0,0.7214,0
MPLAD-FIN-403262,0.7746,21.4895,3.0,2.7964,0.0334,0.0964,55.061,0.3588,0.0,0.3956,0
MPLAD-FIN-403263,0.9142,15.579,3.0,2.841,0.1766,0.3552,26.9675,0.2093,0.0,0.4567,0
MPLAD-FIN-403264,1.0013,34.7312,6.0,5.1898,0.2417,0.1978,65.5632,0.2668,1.0,0.2397,0
MPLAD-FIN-403265,0.8542,36.9824,3.0,6.3628,0.3616,0.7453,55.7818,0.1311,0.0,0.4758,0
MPLAD-FIN-403266,0.7952,26.0043,3.0,1.8853,0.0366,0.1261,15.54,0.3703,0.0,0.8654,0
MPLAD-FIN-403267,0.7275,30.651,7.0,5.0025,0.1675,0.0681,47.8103,0.2234,0.0,0.0969,0
MPLAD-FIN-403268,0.951,42.2948,3.0,4.5999,0.0418,0.1859,49.5622,0.2782,2.0,0.044,0
MPLAD-FIN-403269,0.7544,24.9171,3.0,3.5544,0.1779,0.1319,111.1987,0.1052,1.0,0.2527,0
MPLAD-FIN-403270,0.8567,13.8014,8.0,1.6424,0.3154,0.2179,24.5548,0.2088,0.0,0.5526,0
MPLAD-FIN-403271,1.2184,1.9538,1.0,11.291,0.6829,0.7842,435.3834,0.9046,3.0,1.877,1
MPLAD-FIN-403272,0.8539,28.0326,2.0,5.9548,0.1942,0.1261,39.6286,0.3254,0.0,0.9763,0
MPLAD-FIN-403273,0.6528,33.6785,7.0,4.1127,0.1698,0.2606,43.6061,0.1565,1.0,0.07,0
MPLAD-FIN-403274,0.8727,9.5016,7.0,5.839,0.0033,0.1844,45.426,0.2937,0.0,0.5319,0
MPLAD-FIN-403275,0.9061,26.7507,8.0,5.3315,0.2136,0.1539,20.5558,0.3587,0.0,0.0395,0
MPLAD-FIN-403276,0.7345,90.6224,7.0,4.8316,0.0612,0.0717,109.0156,0.0586,2.0,0.4773,0
MPLAD-FIN-403277,0.8798,24.7585,8.0,1.7394,0.1194,0.5409,13.3025,0.3225,1.0,0.8067,0
MPLAD-FIN-403278,0.8407,101.7555,4.0,4.3281,0.0227,0.3828,15.7561,0.2435,0.0,0.4252,0
MPLAD-FIN-403279,1.0042,24.5855,4.0,5.7889,0.1483,0.1987,31.4836,0.4094,0.0,0.3884,0
MPLAD-FIN-403280,0.8848,54.6131,3.0,3.8894,0.2351,0.4603,39.0516,0.2468,1.0,0.2494,0
MPLAD-FIN-403281,0.789,69.7797,6.0,3.208,0.1655,0.2145,22.2908,0.3596,0.0,0.8062,0
MPLAD-FIN-403282,0.7157,61.0232,6.0,7.9665,0.0469,0.2808,32.1749,0.5086,0.0,0.5755,0
MPLAD-FIN-403283,0.8762,73.7342,2.0,0.725,0.1279,0.3146,27.1686,0.2261,0.0,0.2818,0
MPLAD-FIN-403284,0.7232,25.8027,7.0,3.4434,0.1818,0.3111,56.7477,0.1081,0.0,0.6085,0
MPLAD-FIN-403285,0.8946,7.9122,8.0,1.1665,0.3448,0.2201,56.9787,0.2116,0.0,1.6469,0
MPLAD-FIN-403286,0.7229,16.5078,6.0,5.5015,0.0521,0.0345,75.2487,0.2017,2.0,0.1986,0
MPLAD-FIN-403287,0.9282,93.55,8.0,5.513,0.1156,0.3918,26.6954,0.3895,0.0,0.3441,0
MPLAD-FIN-403288,0.9671,20.2427,6.0,2.2406,0.2866,0.2996,113.5205,0.5352,2.0,1.047,0
MPLAD-FIN-403289,0.8808,21.9178,8.0,3.5045,0.0344,0.2022,20.661,0.2029,1.0,0.58,0
MPLAD-FIN-403290,0.895,61.4995,3.0,6.4884,0.2304,0.2938,33.4451,0.3534,1.0,0.3126,0
MPLAD-FIN-403291,0.8858,36.1693,5.0,0.4891,0.0888,0.1828,38.6361,0.2097,0.0,0.145,0
MPLAD-FIN-403292,0.8945,76.0982,6.0,9.0964,0.274,0.1053,19.9203,0.1497,1.0,0.1337,0
MPLAD-FIN-403293,0.808,22.7176,6.0,2.4239,0.1482,0.3944,76.8899,0.1234,0.0,0.287,0
MPLAD-FIN-403294,0.8431,11.4873,5.0,1.9052,0.0964,0.2155,41.68,0.1933,0.0,0.9775,0
MPLAD-FIN-403295,0.8766,2.2869,2.0,33.3761,0.8598,0.9668,147.6424,0.9784,5.0,3.225,1
MPLAD-FIN-403296,0.6379,34.0656,3.0,3.6554,0.1052,0.1028,27.4087,0.1006,0.0,0.3053,0
MPLAD-FIN-403297,0.8441,11.5724,4.0,2.1036,0.0859,0.4346,11.894,0.1978,1.0,0.2759,0
MPLAD-FIN-403298,0.8209,42.5112,4.0,2.262,0.1531,0.1636,38.0272,0.1328,1.0,0.2038,0
MPLAD-FIN-403299,0.6586,12.8132,5.0,5.2774,0.0763,0.1913,26.2114,0.1653,0.0,0.2861,0
MPLAD-FIN-403300,0.9462,34.3239,8.0,1.2185,0.1309,0.3893,28.805,0.0681,1.0,0.1667,0
MPLAD-FIN-403301,0.8396,58.7588,3.0,1.4215,0.0032,0.2096,23.9461,0.1404,0.0,0.8634,0
MPLAD-FIN-403302,0.6963,4.995,8.0,3.419,0.4604,0.094,39.3706,0.1935,1.0,0.3006,0
MPLAD-FIN-403303,0.9662,15.5049,5.0,1.3868,0.0621,0.3212,20.2635,0.0422,1.0,0.2855,0
MPLAD-FIN-403304,0.9335,58.1473,4.0,3.8274,0.2909,0.2089,37.6507,0.2034,0.0,0.3762,0
MPLAD-FIN-403305,0.8183,53.4135,2.0,2.9662,0.235,0.3442,30.6719,0.3466,1.0,0.2368,0
MPLAD-FIN-403306,0.8078,31.0618,7.0,4.165,0.056,0.077,12.9942,0.1967,0.0,0.4822,0
MPLAD-FIN-403307,1.0438,41.597,4.0,4.6123,0.1138,0.1862,61.719,0.2097,1.0,0.753,0
MPLAD-FIN-403308,1.0059,80.3577,4.0,7.917,0.2389,0.1363,40.1886,0.2341,0.0,0.8419,0
MPLAD-FIN-403309,0.9573,16.2022,5.0,0.2098,0.1122,0.2406,56.0592,0.0604,0.0,0.042,0
MPLAD-FIN-403310,0.8722,47.2993,5.0,3.0204,0.107,0.4884,52.032,0.1788,0.0,0.4345,0
MPLAD-FIN-403311,0.8008,48.502,6.0,3.8482,0.071,0.3714,80.3755,0.0888,1.0,0.1144,0
MPLAD-FIN-403312,0.8187,35.3953,2.0,2.7915,0.1573,0.0547,47.0937,0.154,0.0,0.4192,0
MPLAD-FIN-403313,1.0173,32.924,3.0,5.8438,0.1144,0.406,21.2309,0.1066,0.0,0.8195,0
MPLAD-FIN-403314,0.8136,37.6692,7.0,4.5015,0.2103,0.2091,10.0929,0.0566,0.0,0.9634,0
MPLAD-FIN-403315,0.7846,26.1613,5.0,1.074,0.1374,0.5158,18.7,0.1453,0.0,0.5886,0
MPLAD-FIN-403316,0.8775,25.3219,6.0,2.026,0.1169,0.1245,26.8421,0.2265,0.0,0.1681,0
MPLAD-FIN-403317,0.714,43.3576,6.0,1.8404,0.3806,0.418,131.391,0.1453,0.0,0.2253,0
MPLAD-FIN-403318,0.8232,46.4743,3.0,1.1656,0.0998,0.29,20.9429,0.4213,3.0,0.2926,0
MPLAD-FIN-403319,0.9816,32.0754,6.0,4.0598,0.3796,0.2688,24.6463,0.2165,0.0,0.3798,0
MPLAD-FIN-403320,0.8693,13.3132,5.0,1.3314,0.2663,0.1927,167.3205,0.321,0.0,0.9838,0
MPLAD-FIN-403321,0.7983,25.9207,5.0,5.6271,0.1539,0.2076,19.9947,0.0289,0.0,0.2179,0
MPLAD-FIN-403322,0.8918,5.7607,2.0,1.1949,0.1772,0.2458,32.0207,0.1787,1.0,0.8423,0
MPLAD-FIN-403323,0.9193,5.5998,3.0,3.4929,0.0759,0.3039,15.6232,0.1361,0.0,0.8267,0
MPLAD-FIN-403324,0.8959,15.3723,5.0,4.6982,0.0431,0.1503,18.736,0.2344,0.0,0.2364,0
MPLAD-FIN-403325,0.8665,11.6265,6.0,0.4713,0.1419,0.1419,50.1798,0.3587,0.0,0.5227,0
MPLAD-FIN-403326,0.7982,13.9182,8.0,0.69,0.1854,0.1823,11.6797,0.4681,1.0,0.2871,0
MPLAD-FIN-403327,0.911,17.9684,2.0,1.1743,0.3077,0.2329,71.7599,0.3782,0.0,0.7394,0
MPLAD-FIN-403328,0.8521,8.9895,4.0,4.8242,0.0629,0.1527,93.5997,0.3807,0.0,0.3505,0
MPLAD-FIN-403329,1.0662,1.3784,2.0,55.7141,0.8102,0.8666,233.666,0.9316,4.0,2.0349,1
MPLAD-FIN-403330,0.922,41.3382,7.0,1.5583,0.0756,0.3219,46.9242,0.0498,0.0,0.5139,0
MPLAD-FIN-403331,1.018,46.7015,5.0,2.6454,0.1613,0.8208,167.259,0.1363,2.0,1.1628,0
MPLAD-FIN-403332,1.05,23.3916,7.0,4.356,0.149,0.2426,28.5745,0.3716,1.0,0.7282,0
MPLAD-FIN-403333,1.0362,125.4803,2.0,5.0764,0.1125,0.3861,33.8559,0.272,1.0,0.4035,0
MPLAD-FIN-403334,0.9809,37.6072,6.0,1.6519,0.3468,0.2167,27.6463,0.2974,0.0,0.3418,0
MPLAD-FIN-403335,0.8909,31.0755,8.0,3.931,0.1607,0.3952,19.4345,0.0682,0.0,0.4884,0
MPLAD-FIN-403336,0.9459,60.35,8.0,1.141,0.0488,0.1336,14.9839,0.2522,0.0,0.5325,0
MPLAD-FIN-403337,0.876,43.5788,7.0,3.507,0.1749,0.3403,86.3776,0.4139,0.0,0.3702,0
MPLAD-FIN-403338,0.8784,44.0145,6.0,7.6187,0.1001,0.1852,58.1652,0.1114,0.0,0.4568,0
MPLAD-FIN-403339,0.8419,14.8344,6.0,3.103,0.1981,0.307,38.3046,0.1218,0.0,1.0235,0
MPLAD-FIN-403340,1.0445,41.6896,4.0,4.8443,0.1695,0.1995,8.2415,0.3634,1.0,0.4248,0
MPLAD-FIN-403341,0.8875,11.5107,2.0,1.7912,0.2663,0.1198,42.618,0.3719,0.0,0.2963,0
MPLAD-FIN-403342,0.9553,29.7426,3.0,4.2106,0.1524,0.0862,22.7143,0.2664,0.0,0.2575,0
MPLAD-FIN-403343,0.8348,20.615,6.0,2.3302,0.2492,0.2078,30.3081,0.3802,0.0,0.7382,0
MPLAD-FIN-403344,1.1158,13.333,2.0,20.0825,0.8577,0.936,209.3769,0.6322,5.0,2.5535,1
MPLAD-FIN-403345,0.8099,18.494,3.0,2.3778,0.392,0.4565,20.5198,0.2645,0.0,0.7448,0
MPLAD-FIN-403346,0.9552,23.093,7.0,6.0675,0.1256,0.1776,21.6792,0.073,1.0,0.2863,0
MPLAD-FIN-403347,0.9145,59.0996,2.0,1.0921,0.0316,0.2938,36.5274,0.2491,0.0,1.3239,0
MPLAD-FIN-403348,0.8535,27.2773,3.0,4.1507,0.2692,0.2229,37.2615,0.0236,1.0,0.6369,0
MPLAD-FIN-403349,0.924,39.5579,7.0,4.2228,0.1641,0.0965,84.6161,0.0886,1.0,0.4385,0
MPLAD-FIN-403350,0.7256,94.144,4.0,5.6204,0.0171,0.2282,69.018,0.2724,1.0,0.2671,0
MPLAD-FIN-403351,0.9434,20.5293,3.0,2.9229,0.3083,0.1137,97.0694,0.1789,1.0,0.3977,0
MPLAD-FIN-403352,0.9849,13.8121,2.0,4.5419,0.1662,0.1284,32.4358,0.1115,2.0,0.3901,0
MPLAD-FIN-403353,0.8525,18.9825,4.0,6.1079,0.177,0.2326,58.145,0.3951,0.0,0.3745,0
MPLAD-FIN-403354,0.884,48.5553,7.0,7.4157,0.1008,0.1217,45.3743,0.2944,1.0,0.1379,0
MPLAD-FIN-403355,0.9147,29.1713,4.0,2.7902,0.0237,0.085,28.5288,0.1889,0.0,0.704,0
MPLAD-FIN-403356,0.8796,51.5207,4.0,3.5824,0.1259,0.0519,42.8815,0.1885,1.0,0.4727,0
MPLAD-FIN-403357,0.6768,52.6979,3.0,6.9607,0.1665,0.3914,25.8824,0.0353,0.0,1.3943,0
MPLAD-FIN-403358,0.7784,10.6388,5.0,1.6473,0.2299,0.1732,42.1189,0.3011,1.0,1.0454,0
MPLAD-FIN-403359,0.7745,15.6985,3.0,1.851,0.2559,0.1621,43.2743,0.498,1.0,0.8385,0
MPLAD-FIN-403360,0.8999,78.604,2.0,3.6115,0.2203,0.2196,25.1698,0.2898,0.0,0.2404,0
MPLAD-FIN-403361,0.8518,43.4497,8.0,7.6199,0.0461,0.0952,37.6083,0.1411,0.0,0.5644,0
MPLAD-FIN-403362,0.8613,6.0206,2.0,11.6196,0.0882,0.3148,38.4424,0.2926,0.0,0.2722,0
MPLAD-FIN-403363,0.9607,63.1666,6.0,4.1967,0.0662,0.2692,26.2239,0.4479,0.0,0.3142,0
MPLAD-FIN-403364,0.862,24.8082,8.0,1.4732,0.2143,0.3306,31.4312,0.189,1.0,0.5053,0
MPLAD-FIN-403365,0.923,23.8556,7.0,3.7902,0.3259,0.3697,50.2185,0.2417,1.0,0.4131,0
MPLAD-FIN-403366,0.9537,6.4292,3.0,1.5483,0.1491,0.142,16.3031,0.2163,0.0,0.3355,0
MPLAD-FIN-403367,0.9219,18.65,5.0,4.1674,0.1021,0.1225,22.1095,0.5357,0.0,0.2189,0
MPLAD-FIN-403368,0.823,21.8978,6.0,3.0382,0.0946,0.3117,19.0342,0.2606,0.0,0.186,0
MPLAD-FIN-403369,0.7214,50.4737,5.0,0.7378,0.1389,0.1291,21.0449,0.1381,0.0,0.2166,0
MPLAD-FIN-403370,0.7421,28.3189,3.0,6.7966,0.3241,0.1777,63.5975,0.4395,0.0,0.7822,0
MPLAD-FIN-403371,0.9492,11.7552,2.0,4.702,0.0132,0.2278,54.1939,0.3846,1.0,1.0239,0
MPLAD-FIN-403372,1.3259,7.3731,2.0,27.1863,0.6904,0.7758,308.104,0.9344,2.0,1.7504,1
MPLAD-FIN-403373,0.9551,74.6475,5.0,2.8074,0.1165,0.4386,49.385,0.3578,0.0,0.1698,0
MPLAD-FIN-403374,0.9894,4.3442,7.0,3.5739,0.091,0.1957,46.2228,0.2023,1.0,0.4623,0
MPLAD-FIN-403375,0.9694,14.0481,3.0,8.0736,0.2032,0.225,9.6989,0.312,0.0,0.0916,0
MPLAD-FIN-403376,0.8479,28.7783,7.0,3.8906,0.0205,0.2252,30.7985,0.2231,0.0,1.1068,0
MPLAD-FIN-403377,0.9868,47.337,5.0,4.1999,0.2042,0.1315,30.4154,0.3902,1.0,0.2231,0
MPLAD-FIN-403378,1.0373,7.4855,2.0,5.6251,0.9047,0.8191,153.1526,0.86,5.0,1.3225,1
MPLAD-FIN-403379,0.7105,22.5833,8.0,5.6575,0.1195,0.2021,40.4395,0.2384,1.0,0.205,0
MPLAD-FIN-403380,0.831,21.4607,2.0,1.9887,0.1416,0.1723,63.6628,0.1098,0.0,0.4038,0
MPLAD-FIN-403381,0.97,26.2838,4.0,9.2051,0.1473,0.4535,18.0794,0.0102,0.0,0.1132,0
MPLAD-FIN-403382,0.9593,31.2682,7.0,3.2856,0.0879,0.1763,19.6375,0.2026,1.0,0.1757,0
MPLAD-FIN-403383,0.9774,41.4309,8.0,0.3012,0.1915,0.4879,14.6599,0.2664,0.0,0.0524,0
MPLAD-FIN-403384,0.878,19.7753,4.0,2.6499,0.3163,0.2304,76.4251,0.1969,0.0,0.2446,0
MPLAD-FIN-403385,0.953,33.9868,8.0,5.547,0.0867,0.188,37.4197,0.2491,0.0,0.1701,0
MPLAD-FIN-403386,0.8398,32.2397,7.0,2.1709,0.0963,0.323,8.1435,0.4693,0.0,0.1247,0
MPLAD-FIN-403387,0.9435,38.1881,8.0,5.2181,0.1841,0.6609,36.0489,0.1004,0.0,0.5135,0
MPLAD-FIN-403388,0.8225,38.86,7.0,3.0638,0.4188,0.2997,69.7659,0.1345,0.0,0.346,0
MPLAD-FIN-403389,0.8643,47.498,5.0,0.9255,0.2245,0.2104,35.4045,0.2337,0.0,0.8957,0
MPLAD-FIN-403390,0.9484,79.3819,6.0,3.9932,0.2209,0.3098,60.084,0.2846,0.0,0.1373,0
MPLAD-FIN-403391,0.8343,8.5321,5.0,1.7936,0.1199,0.2528,29.6962,0.0554,0.0,0.1901,0
MPLAD-FIN-403392,0.7544,15.1536,8.0,1.5969,0.2188,0.1002,2.9622,0.5305,1.0,0.4965,0
MPLAD-FIN-403393,0.6455,52.9405,5.0,2.2888,0.0199,0.394,76.1511,0.1434,0.0,0.5259,0
MPLAD-FIN-403394,0.909,78.9053,2.0,4.4754,0.1465,0.5178,11.0871,0.3414,0.0,0.4332,0
MPLAD-FIN-403395,0.9324,41.7025,5.0,4.8137,0.0791,0.2693,13.0568,0.1835,1.0,0.4819,0
MPLAD-FIN-403396,0.7304,14.9291,4.0,2.3123,0.2399,0.1576,9.7887,0.2706,1.0,0.3459,0
MPLAD-FIN-403397,0.9029,39.2711,4.0,6.326,0.0215,0.2462,7.9452,0.3467,0.0,0.2861,0
MPLAD-FIN-403398,0.8009,55.6172,7.0,1.6913,0.0953,0.0598,19.9172,0.3611,2.0,0.3891,0
MPLAD-FIN-403399,0.7276,36.6215,4.0,4.2791,0.2846,0.2109,62.1846,0.3448,0.0,1.3204,0
MPLAD-FIN-403400,0.6686,13.6403,4.0,5.9565,0.2403,0.134,101.8715,0.1453,0.0,0.067,0
MPLAD-FIN-403401,0.8587,23.8304,4.0,2.0691,0.0869,0.1645,63.5522,0.1312,0.0,1.0181,0
MPLAD-FIN-403402,0.8032,16.4059,7.0,6.4768,0.1629,0.1045,7.1333,0.2521,0.0,0.3111,0
MPLAD-FIN-403403,0.7566,98.4122,2.0,6.8062,0.2904,0.4367,101.123,0.3032,0.0,0.4992,0
MPLAD-FIN-403404,1.05,44.5342,3.0,3.0723,0.1877,0.3869,32.4261,0.43,0.0,0.1424,0
MPLAD-FIN-403405,0.8551,79.275,6.0,2.3902,0.0054,0.2983,33.7003,0.0166,0.0,0.4789,0
MPLAD-FIN-403406,0.6506,16.8475,3.0,2.1888,0.1715,0.0365,120.7245,0.0439,1.0,0.5061,0
MPLAD-FIN-403407,0.8501,18.1778,6.0,5.6496,0.0268,0.3065,84.8509,0.5304,1.0,0.3819,0
MPLAD-FIN-403408,0.8115,13.9135,3.0,0.5986,0.0565,0.3166,57.3041,0.0665,0.0,0.3176,0
MPLAD-FIN-403409,0.8467,34.3421,2.0,0.1341,0.1166,0.4149,36.9365,0.0971,1.0,0.2307,0
MPLAD-FIN-403410,0.9128,54.9778,8.0,2.8998,0.0811,0.2214,49.7357,0.1383,1.0,0.4362,0
MPLAD-FIN-403411,0.8257,58.567,7.0,3.0226,0.1103,0.0744,65.7836,0.3272,0.0,0.586,0
MPLAD-FIN-403412,0.9422,19.2863,4.0,2.8298,0.0601,0.3972,20.9809,0.191,1.0,1.1382,0
MPLAD-FIN-403413,0.7932,25.9689,5.0,2.3,0.0725,0.4056,31.3829,0.1253,0.0,0.5657,0
MPLAD-FIN-403414,1.0327,43.0459,4.0,4.41,0.0842,0.2593,22.0637,0.0397,1.0,0.2264,0
MPLAD-FIN-403415,0.9416,47.5184,7.0,1.2956,0.1192,0.2796,21.5736,0.2729,1.0,0.0567,0
MPLAD-FIN-403416,0.8611,10.6496,5.0,5.6438,0.0543,0.3205,35.5293,0.4006,0.0,1.0969,0
MPLAD-FIN-403417,0.9065,72.4032,7.0,1.5689,0.1392,0.4024,64.6628,0.3004,0.0,0.8154,0
MPLAD-FIN-403418,0.9165,52.549,4.0,4.3806,0.0757,0.0229,32.6768,0.0909,0.0,0.3897,0
MPLAD-FIN-403419,0.9532,44.6124,7.0,5.6473,0.116,0.2854,22.3509,0.0766,0.0,0.1374,0
MPLAD-FIN-403420,0.8976,53.6004,2.0,1.8945,0.1103,0.3455,9.4759,0.2642,0.0,0.2215,0
MPLAD-FIN-403421,0.8488,8.5824,2.0,3.0198,0.1492,0.1103,40.8467,0.1316,0.0,1.0048,0
MPLAD-FIN-403422,0.7387,6.1544,6.0,8.4125,0.101,0.3232,24.097,0.1631,0.0,0.1383,0
MPLAD-FIN-403423,0.9075,37.6507,5.0,5.0097,0.0185,0.0847,59.3441,0.0313,0.0,0.3307,0
MPLAD-FIN-403424,0.7834,28.121,2.0,7.6797,0.1391,0.0999,93.4545,0.1498,0.0,0.2202,0
MPLAD-FIN-403425,0.837,49.2731,5.0,5.668,0.0998,0.0899,129.744,0.0941,1.0,0.3527,0
MPLAD-FIN-403426,0.8229,54.9891,8.0,2.1357,0.0952,0.1038,51.7748,0.5264,0.0,0.4821,0
MPLAD-FIN-403427,0.8515,53.5241,7.0,6.2694,0.5527,0.4584,31.0693,0.1517,0.0,0.94,0
MPLAD-FIN-403428,0.9663,54.0537,5.0,1.9818,0.1743,0.3972,25.1221,0.126,0.0,0.3436,0
MPLAD-FIN-403429,0.9549,20.535,7.0,2.1797,0.0782,0.1246,43.0002,0.5208,1.0,0.6685,0
MPLAD-FIN-403430,0.6974,16.6109,6.0,5.9036,0.2298,0.3667,26.1349,0.0879,0.0,0.4482,0
MPLAD-FIN-403431,1.0097,67.709,3.0,4.7123,0.0544,0.2037,23.4595,0.2234,0.0,0.3186,0
MPLAD-FIN-403432,0.9524,94.0918,7.0,7.5995,0.4306,0.2901,17.7737,0.1964,0.0,0.1422,0
MPLAD-FIN-403433,0.9704,49.4857,8.0,0.9337,0.0827,0.2758,33.6516,0.2775,0.0,0.8905,0
MPLAD-FIN-403434,0.9926,9.7611,3.0,2.069,0.3546,0.2291,16.7566,0.0305,0.0,0.4877,0
MPLAD-FIN-403435,0.9001,67.4086,3.0,3.0442,0.14,0.4448,22.4169,0.0265,0.0,0.8949,0
MPLAD-FIN-403436,0.9153,59.9092,3.0,2.6872,0.135,0.4391,43.3117,0.0614,1.0,0.239,0
MPLAD-FIN-403437,0.8473,44.2879,4.0,3.2109,0.3026,0.2546,40.2644,0.5043,2.0,0.5544,0
MPLAD-FIN-403438,0.9631,26.2979,7.0,3.1315,0.111,0.1403,26.6098,0.0624,1.0,0.3319,0
MPLAD-FIN-403439,1.05,50.1122,3.0,1.9878,0.0151,0.2756,42.7099,0.3517,0.0,0.5632,0
MPLAD-FIN-403440,0.761,27.768,1.0,13.9604,0.9054,0.7094,206.1597,0.8369,3.0,1.708,1
MPLAD-FIN-403441,0.9483,18.0766,2.0,2.8863,0.2213,0.2467,47.505,0.2544,1.0,0.0554,0
MPLAD-FIN-403442,0.9567,43.4409,6.0,4.4365,0.1242,0.3695,26.8568,0.0501,0.0,0.4555,0
MPLAD-FIN-403443,0.7336,70.1751,7.0,1.8055,0.1182,0.1403,5.1038,0.0835,2.0,0.3076,0
MPLAD-FIN-403444,0.8398,19.1439,4.0,9.0796,0.1513,0.248,17.3771,0.0618,0.0,0.9274,0
MPLAD-FIN-403445,0.8725,35.203,2.0,3.496,0.0332,0.2502,5.1636,0.2673,0.0,0.6074,0
MPLAD-FIN-403446,0.9213,32.1657,7.0,0.7211,0.0376,0.3311,52.678,0.1119,0.0,0.2094,0
MPLAD-FIN-403447,0.8311,15.5273,5.0,1.5688,0.0211,0.5579,67.1212,0.4888,0.0,0.3588,0
MPLAD-FIN-403448,0.9688,58.0672,6.0,9.6422,0.0218,0.1163,30.4037,0.3221,0.0,0.313,0
MPLAD-FIN-403449,1.0393,59.0518,7.0,4.385,0.2387,0.0975,88.9795,0.4427,0.0,0.8621,0
MPLAD-FIN-403450,0.9668,3.136,6.0,4.5808,0.052,0.3126,46.0001,0.2319,0.0,0.6495,0
MPLAD-FIN-403451,0.7503,28.5064,6.0,1.2694,0.0988,0.4305,87.5437,0.1908,0.0,0.3123,0
MPLAD-FIN-403452,0.8901,14.6925,3.0,1.8137,0.1166,0.4278,26.6445,0.3575,0.0,0.2459,0
MPLAD-FIN-403453,1.0295,53.7444,5.0,11.792,0.0265,0.1681,18.6267,0.0416,0.0,0.8934,0
MPLAD-FIN-403454,1.05,51.4619,8.0,0.8695,0.0866,0.2559,65.01,0.2079,0.0,0.2499,0
MPLAD-FIN-403455,0.8388,50.0685,5.0,10.881,0.1064,0.2349,37.5027,0.0873,1.0,0.2364,0
MPLAD-FIN-403456,0.892,27.4212,7.0,1.1459,0.1241,0.1618,101.561,0.246,0.0,1.1433,0
MPLAD-FIN-403457,0.9273,26.5994,4.0,3.668,0.2909,0.5646,63.3213,0.3088,0.0,0.2573,0
MPLAD-FIN-403458,0.843,50.7231,4.0,3.8551,0.2579,0.0736,17.2421,0.2589,0.0,0.4913,0
MPLAD-FIN-403459,0.8677,11.9736,3.0,3.3184,0.1393,0.3808,29.1126,0.1701,0.0,0.8258,0
MPLAD-FIN-403460,0.8125,16.3931,5.0,4.283,0.142,0.1404,38.8237,0.0327,0.0,0.3374,0
MPLAD-FIN-403461,0.8869,18.2785,2.0,4.0017,0.3178,0.2704,58.5327,0.1111,2.0,0.3827,0
MPLAD-FIN-403462,1.1145,4.7269,2.0,21.3538,0.9472,0.9394,322.2414,0.8517,2.0,0.7193,1
MPLAD-FIN-403463,0.9342,6.139,6.0,1.3376,0.0326,0.3737,28.194,0.478,1.0,0.535,0
MPLAD-FIN-403464,0.5468,31.6558,7.0,5.7897,0.2328,0.0409,94.0973,0.2371,0.0,0.5192,0
MPLAD-FIN-403465,0.7891,32.2205,3.0,8.961,0.0065,0.2703,16.3358,0.2976,0.0,0.2682,0
MPLAD-FIN-403466,0.8422,67.2379,5.0,2.9695,0.0839,0.154,26.8928,0.1105,0.0,0.0681,0
MPLAD-FIN-403467,0.7864,22.35,8.0,5.1365,0.1314,0.1712,16.7291,0.1266,1.0,0.2029,0
MPLAD-FIN-403468,1.0116,40.4168,5.0,6.9291,0.3542,0.2097,36.754,0.4719,0.0,0.364,0
MPLAD-FIN-403469,0.8473,30.1453,3.0,2.1501,0.0626,0.1794,58.1352,0.3182,0.0,0.7005,0
MPLAD-FIN-403470,0.9955,6.9926,4.0,8.5201,0.1253,0.1377,63.4727,0.0728,0.0,0.1123,0
MPLAD-FIN-403471,0.9323,29.6884,5.0,1.7634,0.3477,0.2363,18.1728,0.3173,0.0,0.1484,0
MPLAD-FIN-403472,0.6363,32.1583,8.0,10.9711,0.1116,0.2537,47.5492,0.0367,0.0,0.3218,0
MPLAD-FIN-403473,0.9258,47.6286,7.0,11.9166,0.0195,0.3738,28.8979,0.2573,0.0,1.1122,0
MPLAD-FIN-403474,0.8008,8.7711,7.0,1.4754,0.2329,0.1403,69.4549,0.2446,0.0,1.1224,0
MPLAD-FIN-403475,0.7826,18.9116,8.0,1.4642,0.337,0.2793,51.3826,0.1193,0.0,0.3337,0
MPLAD-FIN-403476,0.801,9.5717,3.0,2.6136,0.2497,0.2251,21.5994,0.1213,1.0,0.4544,0
MPLAD-FIN-403477,0.9371,26.9229,7.0,2.9214,0.0413,0.0258,49.4354,0.163,0.0,0.1879,0
MPLAD-FIN-403478,0.8311,32.114,4.0,9.4093,0.0417,0.2611,28.5593,0.1498,0.0,0.222,0
MPLAD-FIN-403479,0.8714,46.8076,2.0,6.0005,0.0672,0.1138,34.0148,0.2216,1.0,0.2657,0
MPLAD-FIN-403480,0.8504,20.8904,8.0,2.7619,0.062,0.2463,89.1502,0.1448,0.0,0.4253,0
MPLAD-FIN-403481,0.9879,13.863,6.0,7.4163,0.3298,0.1901,41.2901,0.5751,1.0,0.1509,0
MPLAD-FIN-403482,0.9865,38.9204,7.0,6.4067,0.0225,0.2891,47.2461,0.0618,1.0,0.439,0
MPLAD-FIN-403483,0.8221,53.8403,4.0,3.1978,0.2474,0.1377,125.2099,0.3459,2.0,0.2808,0
MPLAD-FIN-403484,0.8946,4.0184,7.0,3.0895,0.2644,0.1086,44.4587,0.1723,0.0,0.6495,0
MPLAD-FIN-403485,0.893,5.2883,3.0,1.8904,0.1435,0.2752,16.822,0.1542,0.0,0.6673,0
MPLAD-FIN-403486,0.8507,59.4904,2.0,6.211,0.1265,0.341,33.4024,0.0843,1.0,0.4309,0
MPLAD-FIN-403487,0.8474,25.2475,2.0,6.9236,0.2086,0.4837,67.8272,0.1782,0.0,0.125,0
MPLAD-FIN-403488,0.6988,25.5338,4.0,3.0971,0.0942,0.2137,44.1306,0.1382,0.0,0.2296,0
MPLAD-FIN-403489,0.8684,31.7155,4.0,3.1743,0.1679,0.1281,76.8853,0.2613,0.0,0.2277,0
MPLAD-FIN-403490,0.902,15.6982,4.0,4.7361,0.0768,0.3375,37.4782,0.5819,0.0,0.7284,0
MPLAD-FIN-403491,0.7516,36.5572,7.0,12.065,0.0547,0.2754,63.253,0.3932,0.0,0.0771,0
MPLAD-FIN-403492,0.7486,13.3934,4.0,3.8888,0.3076,0.2302,7.9116,0.291,0.0,0.3462,0
MPLAD-FIN-403493,0.9616,29.1535,4.0,5.4018,0.1402,0.1072,49.0181,0.0295,0.0,0.0442,0
MPLAD-FIN-403494,0.8938,16.4986,4.0,3.8932,0.0448,0.2793,24.1895,0.5672,0.0,0.2344,0
MPLAD-FIN-403495,0.8883,16.2861,6.0,12.7253,0.0353,0.1067,25.4811,0.1571,0.0,0.257,0
MPLAD-FIN-403496,0.9314,126.1668,4.0,7.6035,0.026,0.3222,14.2924,0.3355,0.0,0.1504,0
MPLAD-FIN-403497,1.1486,1.2103,2.0,33.9933,0.8462,0.8778,170.7936,0.6763,5.0,1.5446,1
MPLAD-FIN-403498,0.9628,63.5371,3.0,6.5271,0.075,0.1866,81.2176,0.0185,1.0,0.422,0
MPLAD-FIN-403499,1.0304,20.8949,4.0,5.4637,0.2797,0.1423,47.6943,0.3072,0.0,0.501,0
MPLAD-FIN-403500,0.9395,29.9027,8.0,7.666,0.2016,0.1473,50.1726,0.3759,0.0,0.5848,0
MPLAD-FIN-403501,0.8601,33.3663,7.0,1.8706,0.2575,0.1433,18.2238,0.1879,0.0,0.6882,0
MPLAD-FIN-403502,0.8996,28.1556,8.0,2.43,0.0323,0.1399,15.9437,0.1023,0.0,0.2614,0
MPLAD-FIN-403503,1.0402,35.614,6.0,2.2066,0.0672,0.4593,14.2229,0.1981,0.0,0.0928,0
MPLAD-FIN-403504,0.9955,43.2814,4.0,0.5238,0.0368,0.1712,59.4126,0.2319,2.0,0.902,0
MPLAD-FIN-403505,0.8969,16.788,3.0,1.1678,0.0331,0.2371,36.5973,0.3476,0.0,0.5949,0
MPLAD-FIN-403506,0.844,48.7676,3.0,2.982,0.2023,0.1392,19.761,0.0738,0.0,0.2699,0
MPLAD-FIN-403507,0.7543,15.4204,2.0,17.0642,0.7268,0.9919,163.4654,0.9247,3.0,2.5106,1
MPLAD-FIN-403508,0.8253,14.9578,3.0,7.4415,0.2065,0.4455,20.7004,0.0764,0.0,0.2865,0
MPLAD-FIN-403509,0.9112,25.8816,6.0,1.5005,0.044,0.2253,31.9193,0.4261,1.0,0.5686,0
MPLAD-FIN-403510,0.7665,64.2546,8.0,6.4224,0.2608,0.5897,47.8743,0.0308,1.0,0.3573,0
MPLAD-FIN-403511,0.9531,45.3419,5.0,1.6511,0.1893,0.1097,31.3808,0.1241,0.0,0.0394,0
MPLAD-FIN-403512,0.7202,25.0921,2.0,7.6458,0.0362,0.0952,39.1837,0.3796,0.0,0.4278,0
MPLAD-FIN-403513,1.0464,82.0262,7.0,2.0894,0.0996,0.2779,9.905,0.2166,0.0,0.1111,0
MPLAD-FIN-403514,0.9173,14.2277,7.0,0.3816,0.1905,0.3617,39.9478,0.186,0.0,0.282,0
MPLAD-FIN-403515,0.9245,104.6243,8.0,2.9397,0.0799,0.5629,13.886,0.2217,0.0,0.0473,0
MPLAD-FIN-403516,0.744,16.1124,5.0,4.9993,0.1271,0.2362,22.3678,0.5058,0.0,0.4256,0
MPLAD-FIN-403517,0.8636,12.7289,7.0,1.687,0.1581,0.3038,72.9429,0.2693,1.0,0.1954,0
MPLAD-FIN-403518,0.8294,8.9572,6.0,2.1964,0.0603,0.3461,11.4071,0.1902,0.0,0.031,0
MPLAD-FIN-403519,0.8719,43.3058,8.0,2.1398,0.0999,0.1996,147.0754,0.3071,0.0,0.0784,0
MPLAD-FIN-403520,0.8079,18.9923,4.0,4.5363,0.2783,0.4777,9.9106,0.4961,1.0,0.5812,0
MPLAD-FIN-403521,0.9477,45.0778,8.0,3.8454,0.0309,0.1476,8.3317,0.2108,0.0,0.3369,0
MPLAD-FIN-403522,0.7271,72.569,2.0,2.5043,0.1474,0.112,61.1027,0.1302,0.0,0.0786,0
MPLAD-FIN-403523,1.0313,11.4454,2.0,24.0106,0.5717,0.8996,264.5996,0.6764,5.0,3.1435,1
MPLAD-FIN-403524,0.7719,12.6744,2.0,1.7954,0.0102,0.2879,32.0934,0.1676,0.0,0.7109,0
MPLAD-FIN-403525,1.0235,76.7595,5.0,2.4479,0.1863,0.1714,19.6862,0.0615,0.0,0.549,0
MPLAD-FIN-403526,0.9796,13.0066,2.0,28.943,0.8171,0.8177,315.3579,0.9187,6.0,3.1067,1
MPLAD-FIN-403527,0.7878,24.5488,6.0,1.4516,0.0977,0.0466,67.1637,0.0613,0.0,0.3918,0
MPLAD-FIN-403528,1.0444,46.6042,3.0,3.9547,0.185,0.1158,10.3483,0.316,0.0,0.2524,0
MPLAD-FIN-403529,0.9202,32.3896,5.0,7.2773,0.1738,0.3588,36.3568,0.2357,0.0,0.2963,0
MPLAD-FIN-403530,0.9648,13.2058,4.0,4.102,0.0234,0.0784,61.7479,0.1516,0.0,0.333,0
MPLAD-FIN-403531,0.8196,15.7656,2.0,2.5009,0.0473,0.1652,23.1456,0.3202,0.0,0.119,0
MPLAD-FIN-403532,0.8992,13.6348,2.0,2.468,0.1971,0.415,44.3747,0.1862,0.0,0.0994,0
MPLAD-FIN-403533,1.0864,5.8678,2.0,33.0391,0.932,0.8131,163.6678,0.962,3.0,1.7522,1
MPLAD-FIN-403534,0.6665,58.3973,4.0,2.1611,0.2001,0.1072,25.026,0.4169,0.0,0.038,0
MPLAD-FIN-403535,0.9145,22.3441,5.0,5.867,0.1627,0.3082,30.8852,0.0636,1.0,0.1762,0
MPLAD-FIN-403536,0.8611,17.5263,2.0,1.7892,0.0364,0.2099,19.819,0.2962,0.0,0.53,0
MPLAD-FIN-403537,0.9546,8.7994,1.0,15.9331,0.3482,0.9014,174.1699,0.9693,3.0,2.2619,1
MPLAD-FIN-403538,0.6869,35.1475,3.0,3.133,0.3761,0.2559,81.9147,0.0824,1.0,0.1385,0
MPLAD-FIN-403539,1.0002,78.5013,2.0,2.1333,0.1531,0.0426,63.1894,0.1023,0.0,0.2446,0
MPLAD-FIN-403540,0.7874,44.2061,3.0,3.5432,0.1869,0.1754,83.7329,0.3457,1.0,0.1345,0
MPLAD-FIN-403541,0.9892,22.4338,6.0,2.4539,0.0949,0.1897,24.5263,0.0384,0.0,0.5312,0
MPLAD-FIN-403542,0.9447,22.0871,2.0,0.7488,0.1078,0.1764,16.6048,0.2391,0.0,0.6066,0
MPLAD-FIN-403543,0.8717,39.513,3.0,3.6359,0.0178,0.1519,16.1165,0.425,0.0,0.3968,0
MPLAD-FIN-403544,0.8251,49.3958,8.0,2.9651,0.1629,0.7671,33.0961,0.1166,0.0,0.5311,0
MPLAD-FIN-403545,0.8654,34.2978,3.0,6.2043,0.0462,0.3301,33.3272,0.18,0.0,0.7117,0
MPLAD-FIN-403546,0.6577,29.5626,8.0,8.0306,0.0845,0.1542,29.6248,0.2706,1.0,0.2367,0
MPLAD-FIN-403547,1.05,51.5294,7.0,13.7154,0.0132,0.1585,36.1177,0.0184,0.0,0.3388,0
MPLAD-FIN-403548,1.05,11.2558,7.0,3.6682,0.2269,0.0289,37.8683,0.3045,1.0,0.5681,0
MPLAD-FIN-403549,1.0273,38.5076,2.0,2.838,0.3085,0.4108,68.4442,0.1359,0.0,0.9406,0
MPLAD-FIN-403550,0.9301,99.3691,3.0,2.8513,0.048,0.1606,74.8098,0.4503,0.0,0.0893,0
MPLAD-FIN-403551,1.0522,0.2228,2.0,9.8284,0.8903,0.8708,201.6364,0.9767,4.0,1.9648,1
MPLAD-FIN-403552,0.8698,50.3982,7.0,1.0994,0.0912,0.2139,42.8541,0.169,1.0,0.0467,0
MPLAD-FIN-403553,0.9685,1.807,1.0,35.1179,0.7754,0.8905,181.9056,0.9878,1.0,2.1884,1
MPLAD-FIN-403554,1.05,35.1532,6.0,3.9099,0.1653,0.1038,109.9442,0.0888,0.0,0.3061,0
MPLAD-FIN-403555,0.8808,13.3486,6.0,7.2803,0.2722,0.1272,82.4718,0.2493,1.0,1.1056,0
MPLAD-FIN-403556,0.9519,12.6914,7.0,5.2527,0.2609,0.081,13.3539,0.2646,2.0,0.2043,0
MPLAD-FIN-403557,0.8982,27.3395,6.0,5.4694,0.0355,0.5289,20.4744,0.3831,0.0,0.3223,0
MPLAD-FIN-403558,1.0435,32.2014,6.0,2.2957,0.1841,0.5822,21.4082,0.0599,0.0,1.4159,0
MPLAD-FIN-403559,0.8567,72.2436,7.0,5.8603,0.1286,0.5819,86.5709,0.2026,0.0,0.2746,0
MPLAD-FIN-403560,0.7475,85.6335,4.0,6.7636,0.1833,0.1196,23.706,0.6014,0.0,0.3988,0
MPLAD-FIN-403561,0.818,2.7015,2.0,29.154,0.6382,0.8071,172.0317,0.8648,5.0,3.3288,1
MPLAD-FIN-403562,0.9153,4.6702,5.0,1.4262,0.033,0.0239,7.9802,0.1237,0.0,0.8311,0
MPLAD-FIN-403563,1.05,38.5697,5.0,1.6117,0.2911,0.1263,77.7502,0.0811,0.0,0.831,0
MPLAD-FIN-403564,0.9493,1.8996,2.0,5.0147,0.0091,0.1696,57.8459,0.2724,0.0,0.4597,0
MPLAD-FIN-403565,0.8397,24.5791,4.0,2.3383,0.0717,0.1007,26.7616,0.3698,0.0,0.3324,0
MPLAD-FIN-403566,0.8585,34.8541,6.0,1.538,0.143,0.1764,15.0966,0.1139,1.0,0.4906,0
MPLAD-FIN-403567,0.8576,9.0633,4.0,6.2211,0.2119,0.2278,56.3456,0.2775,0.0,0.3897,0
MPLAD-FIN-403568,0.9314,16.6678,7.0,5.6523,0.1285,0.1695,10.5951,0.4163,0.0,0.35,0
MPLAD-FIN-403569,0.7863,78.8653,8.0,1.2738,0.1982,0.3947,51.1816,0.0465,0.0,0.2761,0
MPLAD-FIN-403570,0.9619,15.7387,3.0,2.6129,0.2641,0.4931,55.1089,0.1375,0.0,0.1907,0
MPLAD-FIN-403571,0.7005,32.5333,4.0,1.133,0.1652,0.5703,31.3177,0.1652,0.0,0.2051,0
MPLAD-FIN-403572,0.6418,16.0665,4.0,3.7032,0.1307,0.4349,89.3741,0.5022,0.0,0.9256,0
MPLAD-FIN-403573,0.8792,55.3294,3.0,2.0586,0.0472,0.3258,63.9688,0.0883,2.0,0.1151,0
MPLAD-FIN-403574,0.9641,11.5991,4.0,1.4515,0.199,0.106,25.0325,0.1027,0.0,0.763,0
MPLAD-FIN-403575,0.7221,33.0633,3.0,3.3014,0.0919,0.1057,16.6269,0.0071,0.0,1.0739,0
MPLAD-FIN-403576,0.9123,64.8919,4.0,4.5875,0.2318,0.0224,8.2523,0.6117,0.0,0.6209,0
MPLAD-FIN-403577,0.8869,45.968,6.0,3.332,0.028,0.0135,9.2767,0.376,0.0,0.1208,0
MPLAD-FIN-403578,1.1183,3.3768,1.0,22.7805,0.963,0.9026,189.7862,0.6717,3.0,2.0653,1
MPLAD-FIN-403579,0.8753,19.5134,6.0,3.7069,0.2799,0.6664,55.6319,0.1568,1.0,0.2898,0
MPLAD-FIN-403580,0.8132,22.1842,5.0,0.4715,0.014,0.0825,51.4693,0.1106,0.0,0.0395,0
MPLAD-FIN-403581,0.8339,36.3614,3.0,5.2466,0.0226,0.2483,27.7559,0.4786,1.0,0.2913,0
MPLAD-FIN-403582,0.8688,33.3458,8.0,1.0759,0.133,0.2859,22.8953,0.1173,1.0,0.3423,0
MPLAD-FIN-403583,0.9647,19.4024,6.0,7.4239,0.1406,0.2873,23.8409,0.0642,0.0,0.6573,0
MPLAD-FIN-403584,0.8255,34.0642,4.0,6.4713,0.0642,0.3057,14.1128,0.4146,1.0,1.1727,0
MPLAD-FIN-403585,0.8304,47.0798,4.0,3.8638,0.0552,0.1206,107.7684,0.1618,0.0,0.4638,0
MPLAD-FIN-403586,0.851,21.5679,3.0,1.3339,0.0342,0.1676,51.9684,0.1399,0.0,0.3047,0
MPLAD-FIN-403587,0.6278,13.7323,3.0,4.3573,0.0675,0.0848,43.3524,0.1141,0.0,0.2115,0
MPLAD-FIN-403588,1.0366,1.6676,2.0,18.0579,0.8899,0.7013,540.8566,0.7688,3.0,2.0652,1
MPLAD-FIN-403589,0.9583,24.3985,6.0,3.2207,0.0258,0.1809,68.7583,0.2992,0.0,0.135,0
MPLAD-FIN-403590,0.9918,1.108,1.0,4.5338,0.8937,0.8829,153.6353,0.9412,5.0,4.7659,1
MPLAD-FIN-403591,0.907,26.9446,8.0,3.9445,0.1062,0.1714,30.5373,0.3253,0.0,0.1038,0
MPLAD-FIN-403592,0.8996,44.365,3.0,4.7635,0.2543,0.1311,39.4626,0.1509,1.0,1.2868,0
MPLAD-FIN-403593,0.9285,31.4554,4.0,2.062,0.2522,0.3906,20.956,0.0715,0.0,0.8219,0
MPLAD-FIN-403594,0.8138,22.0043,4.0,0.8328,0.0544,0.6122,9.6635,0.0828,0.0,0.5767,0
MPLAD-FIN-403595,1.05,21.5514,8.0,0.7274,0.0392,0.2494,58.3125,0.2725,0.0,0.077,0
MPLAD-FIN-403596,1.05,58.2976,2.0,7.1571,0.0531,0.3294,27.0309,0.4825,0.0,0.2972,0
MPLAD-FIN-403597,0.9222,38.0392,6.0,2.7949,0.0076,0.2803,16.8429,0.4615,0.0,0.7634,0
MPLAD-FIN-403598,0.9679,10.0047,1.0,24.3795,0.6407,0.9123,219.2856,0.6445,5.0,1.4428,1
MPLAD-FIN-403599,0.73,14.3775,4.0,12.1188,0.064,0.4033,59.4587,0.296,0.0,0.4197,0
MPLAD-FIN-403600,0.7467,15.4175,2.0,22.8271,0.9712,0.9121,212.1493,0.5694,3.0,2.3393,1
MPLAD-FIN-403601,0.7832,17.0422,8.0,6.0062,0.1311,0.2905,31.712,0.3996,0.0,0.2395,0
MPLAD-FIN-403602,0.9373,20.5762,6.0,3.9433,0.1234,0.1062,1.2995,0.1987,0.0,0.3136,0
MPLAD-FIN-403603,0.757,53.8248,2.0,2.3724,0.0087,0.0429,54.9083,0.5311,0.0,0.9055,0
MPLAD-FIN-403604,0.7991,21.7574,4.0,2.5338,0.1121,0.3238,10.0443,0.0381,0.0,0.0631,0
MPLAD-FIN-403605,0.8485,43.493,7.0,1.9751,0.3446,0.2601,29.645,0.057,2.0,0.1883,0
MPLAD-FIN-403606,0.865,35.4013,5.0,1.6994,0.269,0.252,27.5715,0.5368,2.0,0.1803,0
MPLAD-FIN-403607,0.8704,40.7133,7.0,6.2308,0.11,0.3229,47.7776,0.2365,0.0,0.1294,0
MPLAD-FIN-403608,1.3051,1.6185,1.0,38.2545,0.5375,0.9662,298.2205,0.8165,7.0,1.1378,1
MPLAD-FIN-403609,0.7555,91.5569,2.0,1.1541,0.1004,0.1815,35.0442,0.122,0.0,0.0301,0
MPLAD-FIN-403610,0.9944,59.8728,6.0,2.033,0.1715,0.326,79.4294,0.1547,0.0,0.1922,0
MPLAD-FIN-403611,0.9281,32.6721,6.0,2.8726,0.2677,0.3989,47.4091,0.1197,0.0,0.2551,0
MPLAD-FIN-403612,0.585,29.1685,2.0,2.878,0.0687,0.1356,20.3504,0.2025,0.0,1.7474,0
MPLAD-FIN-403613,0.969,16.0027,4.0,3.2084,0.1706,0.2141,97.131,0.0734,1.0,0.1518,0
MPLAD-FIN-403614,0.9635,16.6616,7.0,4.096,0.1432,0.014,56.7405,0.1821,1.0,0.6211,0
MPLAD-FIN-403615,1.0108,46.5787,2.0,0.4719,0.1523,0.3165,15.8043,0.5502,0.0,0.2139,0
MPLAD-FIN-403616,0.6506,10.104,8.0,1.7235,0.2499,0.0729,60.7987,0.0966,0.0,1.0014,0
MPLAD-FIN-403617,0.9453,47.5059,6.0,2.8092,0.0219,0.2817,36.479,0.1094,0.0,1.4032,0
MPLAD-FIN-403618,0.7827,24.4581,7.0,1.4323,0.1373,0.1864,31.7932,0.1158,0.0,0.3366,0
MPLAD-FIN-403619,0.9116,46.7892,3.0,5.0082,0.3854,0.5229,25.7276,0.2046,1.0,0.6185,0
MPLAD-FIN-403620,0.8771,101.5127,8.0,1.4686,0.1112,0.0579,26.2696,0.2759,1.0,0.0645,0
MPLAD-FIN-403621,0.6908,49.6021,3.0,1.1216,0.2699,0.2556,77.8832,0.1252,0.0,0.9258,0
MPLAD-FIN-403622,0.9447,52.1919,7.0,1.8491,0.0383,0.3215,40.8397,0.3747,0.0,0.0644,0
MPLAD-FIN-403623,0.872,16.8562,4.0,0.4619,0.0592,0.1823,59.1807,0.3092,0.0,0.0606,0
MPLAD-FIN-403624,0.7491,16.9723,2.0,1.1613,0.0264,0.0295,101.4249,0.3395,0.0,0.7245,0
MPLAD-FIN-403625,0.9246,26.2849,8.0,5.9942,0.0757,0.3627,46.3509,0.3775,1.0,1.1581,0
MPLAD-FIN-403626,0.8608,13.4927,2.0,4.257,0.1939,0.2604,36.7539,0.4889,0.0,0.8038,0
MPLAD-FIN-403627,1.05,53.605,8.0,10.803,0.1434,0.3317,33.013,0.1023,2.0,0.254,0
MPLAD-FIN-403628,1.05,12.4367,8.0,3.3537,0.338,0.3008,43.5828,0.1294,0.0,0.2274,0
MPLAD-FIN-403629,0.8572,94.7656,4.0,4.1321,0.1846,0.4431,67.3737,0.2067,2.0,0.1992,0
MPLAD-FIN-403630,0.9461,23.3836,7.0,2.2752,0.0634,0.2176,44.0962,0.2962,0.0,0.3905,0
MPLAD-FIN-403631,0.73,26.7893,7.0,2.2738,0.1796,0.517,38.7081,0.1659,0.0,0.334,0
MPLAD-FIN-403632,0.8693,47.3356,4.0,3.9534,0.1645,0.1657,48.8772,0.4251,0.0,0.44,0
MPLAD-FIN-403633,0.8688,18.6042,7.0,4.7733,0.4338,0.2531,72.1181,0.1706,1.0,0.435,0
MPLAD-FIN-403634,0.9817,40.4294,5.0,9.086,0.1159,0.0463,41.5237,0.3252,0.0,0.111,0
MPLAD-FIN-403635,0.7453,23.3362,3.0,3.428,0.4057,0.2402,36.3545,0.0591,0.0,0.3979,0
MPLAD-FIN-403636,0.9545,89.9973,2.0,2.6613,0.2422,0.373,30.6486,0.0624,0.0,0.7934,0
MPLAD-FIN-403637,0.9858,80.184,6.0,4.898,0.088,0.186,48.2846,0.0196,0.0,0.5986,0
MPLAD-FIN-403638,0.9936,58.4138,5.0,7.2104,0.154,0.0795,27.8158,0.2487,0.0,0.2859,0
MPLAD-FIN-403639,0.6212,28.4402,7.0,2.1597,0.0278,0.5506,4.142,0.2126,0.0,0.1221,0
MPLAD-FIN-403640,1.0472,16.4617,3.0,0.5758,0.0619,0.1013,18.2013,0.2092,0.0,0.3127,0
MPLAD-FIN-403641,0.8379,21.0354,6.0,3.9444,0.4673,0.0349,35.1826,0.2439,0.0,0.1383,0
MPLAD-FIN-403642,0.8584,31.7812,4.0,6.0038,0.2795,0.4517,23.5761,0.1441,1.0,0.2407,0
MPLAD-FIN-403643,0.9511,72.6219,3.0,3.315,0.3045,0.5501,28.8528,0.526,1.0,0.3016,0
MPLAD-FIN-403644,0.8634,48.0914,8.0,4.6186,0.0829,0.4029,54.8989,0.2849,0.0,0.4304,0
MPLAD-FIN-403645,0.8402,57.7749,2.0,4.0197,0.0225,0.0102,44.7103,0.0981,0.0,0.1409,0
MPLAD-FIN-403646,1.05,54.8058,3.0,3.7928,0.26,0.1976,30.8928,0.2,1.0,0.1512,0
MPLAD-FIN-403647,0.7617,16.4429,7.0,3.9393,0.0862,0.2722,46.269,0.289,0.0,1.004,0
MPLAD-FIN-403648,0.9415,7.9773,1.0,19.9203,0.8945,0.8018,153.7419,0.9076,1.0,1.0519,1
MPLAD-FIN-403649,0.9043,19.7547,6.0,4.2821,0.1196,0.3219,55.3181,0.109,0.0,0.3832,0
MPLAD-FIN-403650,0.8831,25.8545,6.0,1.83,0.4046,0.1308,67.1352,0.1056,0.0,0.3312,0
MPLAD-FIN-403651,0.9405,15.0093,7.0,5.4087,0.2625,0.3498,55.6998,0.1855,0.0,0.732,0
MPLAD-FIN-403652,0.9068,85.1948,4.0,4.7455,0.0143,0.1394,25.7737,0.111,0.0,0.1132,0
MPLAD-FIN-403653,0.8038,51.2912,6.0,3.2118,0.2564,0.3282,58.6798,0.0501,0.0,0.6721,0
MPLAD-FIN-403654,1.0146,71.2471,8.0,1.5594,0.0227,0.337,70.6264,0.2147,0.0,0.0665,0
MPLAD-FIN-403655,0.8115,21.2775,5.0,2.2061,0.1897,0.3226,90.8488,0.0331,0.0,0.631,0
MPLAD-FIN-403656,0.8992,44.948,7.0,1.9607,0.2985,0.3455,42.5647,0.1249,0.0,1.0398,0
MPLAD-FIN-403657,0.9458,46.3396,6.0,3.0001,0.1016,0.1662,7.2215,0.2018,0.0,0.3092,0
MPLAD-FIN-403658,0.9972,41.1456,7.0,1.6368,0.046,0.1825,119.4777,0.3191,1.0,0.0533,0
MPLAD-FIN-403659,0.8212,32.5468,5.0,6.2364,0.0945,0.2766,69.9137,0.0719,1.0,1.2023,0
MPLAD-FIN-403660,0.996,3.1026,8.0,3.605,0.078,0.2648,82.2511,0.0905,0.0,0.6636,0
MPLAD-FIN-403661,0.7206,25.9359,2.0,6.1257,0.2713,0.2035,24.0243,0.1111,1.0,0.3997,0
MPLAD-FIN-403662,1.1795,0.5603,2.0,17.7353,0.7081,0.9152,150.1106,0.6449,6.0,3.2009,1
MPLAD-FIN-403663,1.05,82.1557,5.0,0.9473,0.1764,0.1326,198.987,0.171,0.0,0.5078,0
MPLAD-FIN-403664,0.8801,29.4428,8.0,3.0566,0.0169,0.1083,102.9034,0.3792,0.0,0.0968,0
MPLAD-FIN-403665,1.1391,1.5869,2.0,13.5397,0.9275,0.9844,264.1683,0.9987,2.0,2.963,1
MPLAD-FIN-403666,0.9369,31.1659,7.0,2.9448,0.1307,0.2564,13.4183,0.018,0.0,0.5192,0
MPLAD-FIN-403667,1.05,31.1082,7.0,2.5644,0.0084,0.2613,34.2501,0.1222,0.0,0.3541,0
MPLAD-FIN-403668,1.0046,29.0238,2.0,3.3333,0.0309,0.1807,57.6671,0.1353,0.0,0.3958,0
MPLAD-FIN-403669,0.9472,13.5819,7.0,3.5181,0.1735,0.1938,77.1468,0.3233,0.0,0.6966,0
MPLAD-FIN-403670,0.7107,41.1965,7.0,3.4526,0.0954,0.0345,12.4616,0.1864,1.0,0.6739,0
MPLAD-FIN-403671,0.8537,43.9535,5.0,3.2305,0.1562,0.1302,36.1975,0.2076,0.0,0.2875,0
MPLAD-FIN-403672,0.8165,25.4218,2.0,2.5473,0.1212,0.1164,89.6529,0.3711,0.0,1.0058,0
MPLAD-FIN-403673,0.9834,30.728,8.0,3.2851,0.0975,0.2901,27.1763,0.4904,0.0,0.3641,0
MPLAD-FIN-403674,0.897,20.0586,3.0,5.1148,0.1189,0.3275,108.7746,0.5667,0.0,0.8053,0
MPLAD-FIN-403675,1.0062,45.9718,8.0,3.4293,0.1278,0.44,25.3918,0.1864,0.0,0.2503,0
MPLAD-FIN-403676,0.6408,36.0486,8.0,3.5468,0.0823,0.2257,15.2333,0.1097,0.0,0.3892,0
MPLAD-FIN-403677,0.9232,18.4236,5.0,5.2456,0.2053,0.1791,106.0057,0.189,0.0,0.3208,0
MPLAD-FIN-403678,1.0389,5.9701,1.0,20.2181,0.7889,0.792,120.266,0.6474,3.0,3.0974,1
MPLAD-FIN-403679,0.8787,42.3922,8.0,4.3784,0.0571,0.3465,12.35,0.1026,1.0,0.7734,0
MPLAD-FIN-403680,0.8977,50.3502,4.0,0.7292,0.1314,0.1454,42.1432,0.1935,1.0,0.4615,0
MPLAD-FIN-403681,0.8758,12.5938,6.0,3.0839,0.1171,0.1634,84.3659,0.0963,1.0,0.1586,0
MPLAD-FIN-403682,0.879,33.8838,8.0,7.8687,0.0395,0.2203,44.0552,0.1764,0.0,0.4244,0
MPLAD-FIN-403683,0.8357,59.128,4.0,2.1909,0.1645,0.0934,40.9836,0.3558,0.0,0.1432,0
MPLAD-FIN-403684,0.9419,37.3786,8.0,5.2919,0.023,0.1689,71.0399,0.0547,1.0,0.1133,0
MPLAD-FIN-403685,0.8302,17.7624,3.0,3.3705,0.2324,0.1633,53.016,0.1541,0.0,0.7774,0
MPLAD-FIN-403686,1.0129,54.8809,6.0,7.554,0.1021,0.187,39.1612,0.4374,0.0,0.1142,0
MPLAD-FIN-403687,0.9948,18.544,2.0,3.2138,0.0788,0.2294,36.9296,0.0671,0.0,0.1546,0
MPLAD-FIN-403688,0.9187,9.2976,3.0,3.1528,0.0596,0.0792,19.3625,0.5582,0.0,0.2959,0
MPLAD-FIN-403689,0.79,21.9712,3.0,2.7506,0.1876,0.1769,49.9935,0.1483,0.0,0.4136,0
MPLAD-FIN-403690,1.0368,6.7373,4.0,2.9664,0.1053,0.0655,62.0034,0.358,0.0,0.5747,0
MPLAD-FIN-403691,0.8061,29.9671,5.0,6.7679,0.2192,0.0467,50.3145,0.2217,0.0,0.1879,0
MPLAD-FIN-403692,0.9835,5.948,4.0,1.2729,0.2454,0.3367,31.4475,0.0329,0.0,0.3102,0
MPLAD-FIN-403693,0.7289,48.7786,3.0,3.3002,0.3582,0.152,73.1677,0.388,1.0,0.1597,0
MPLAD-FIN-403694,1.0093,35.0576,4.0,1.0674,0.095,0.3207,14.1252,0.1008,0.0,0.331,0
MPLAD-FIN-403695,0.8243,86.5423,4.0,2.8737,0.1965,0.0947,49.3117,0.102,1.0,1.1074,0
MPLAD-FIN-403696,0.9799,39.9827,5.0,2.4831,0.2315,0.2377,10.223,0.1688,1.0,0.9414,0
MPLAD-FIN-403697,0.897,21.902,8.0,2.7744,0.0627,0.0522,34.3134,0.1869,0.0,0.5547,0
MPLAD-FIN-403698,1.0198,29.9812,2.0,4.4365,0.1481,0.5806,36.4603,0.6912,0.0,0.2154,0
MPLAD-FIN-403699,0.9799,22.873,7.0,2.8398,0.2827,0.5141,24.3434,0.451,0.0,0.7959,0
MPLAD-FIN-403700,0.8038,33.9512,4.0,3.2846,0.1448,0.3612,65.9322,0.1797,1.0,0.6539,0
MPLAD-FIN-403701,0.9199,20.9489,4.0,4.0435,0.138,0.3754,153.1604,0.544,0.0,0.9319,0
MPLAD-FIN-403702,0.7079,16.1406,2.0,10.2368,0.0479,0.1787,25.9216,0.3176,0.0,0.3604,0
MPLAD-FIN-403703,0.9143,39.1747,3.0,1.3398,0.0077,0.0627,55.5137,0.4795,0.0,0.5311,0
MPLAD-FIN-403704,0.8035,37.4759,6.0,3.5011,0.0842,0.1465,42.0246,0.1395,0.0,0.5838,0
MPLAD-FIN-403705,0.9674,66.5534,5.0,5.4203,0.0349,0.2467,24.8963,0.3493,0.0,0.287,0
MPLAD-FIN-403706,0.8794,16.9438,2.0,9.6068,0.3034,0.3763,38.4535,0.0771,0.0,0.5833,0
MPLAD-FIN-403707,1.05,47.5743,7.0,3.3859,0.1694,0.0546,41.5939,0.1425,1.0,0.4412,0
MPLAD-FIN-403708,0.922,62.7524,8.0,2.2428,0.0184,0.3166,35.0458,0.0775,1.0,0.3554,0
MPLAD-FIN-403709,0.8315,27.2441,3.0,2.9129,0.3405,0.2518,70.4432,0.2645,0.0,0.2136,0
MPLAD-FIN-403710,0.7461,66.5957,2.0,2.8919,0.0444,0.0808,16.7067,0.1162,1.0,0.509,0
MPLAD-FIN-403711,1.0721,2.4851,2.0,22.3397,0.89,0.9213,444.9035,0.7682,4.0,4.0147,1
MPLAD-FIN-403712,0.9367,23.1257,4.0,6.8107,0.1141,0.2192,19.3816,0.0669,0.0,0.0845,0
MPLAD-FIN-403713,0.8321,0.3336,2.0,29.7194,0.7814,0.8291,215.3268,0.8172,2.0,1.1373,1
MPLAD-FIN-403714,0.7602,34.3394,6.0,2.1107,0.1123,0.3292,8.5989,0.086,0.0,0.1897,0
MPLAD-FIN-403715,0.8022,17.4059,6.0,6.3172,0.1329,0.3058,15.7562,0.3023,0.0,0.2425,0
MPLAD-FIN-403716,0.9052,8.4441,6.0,4.5751,0.109,0.3087,64.7894,0.0787,1.0,0.2159,0
MPLAD-FIN-403717,0.9837,123.0522,8.0,6.249,0.1243,0.1916,107.9776,0.1509,0.0,0.1174,0
MPLAD-FIN-403718,0.7969,35.0999,8.0,1.0247,0.0748,0.1304,44.9487,0.1598,0.0,0.2437,0
MPLAD-FIN-403719,1.05,48.621,8.0,1.5097,0.2777,0.3321,33.8746,0.1234,0.0,0.902,0
MPLAD-FIN-403720,1.05,34.4454,3.0,7.7797,0.1116,0.429,68.9657,0.3714,1.0,0.4803,0
MPLAD-FIN-403721,0.8689,23.9409,6.0,0.8459,0.1708,0.1542,25.2582,0.2312,0.0,0.4485,0
MPLAD-FIN-403722,0.7574,46.5583,2.0,1.7082,0.0854,0.0864,26.1047,0.3704,1.0,0.2021,0
MPLAD-FIN-403723,0.9892,57.2131,8.0,2.8823,0.1247,0.3602,22.3634,0.0427,0.0,0.105,0
MPLAD-FIN-403724,1.0183,26.4969,8.0,2.9188,0.0958,0.2123,10.6084,0.2948,0.0,0.4087,0
MPLAD-FIN-403725,1.0019,16.2031,3.0,10.9717,0.2389,0.3441,63.7459,0.6259,0.0,0.6028,0
MPLAD-FIN-403726,0.8321,47.2334,6.0,2.1517,0.0961,0.2411,70.9645,0.2143,0.0,0.7906,0
MPLAD-FIN-403727,1.0076,0.7528,1.0,20.6435,0.899,0.7561,262.9994,0.7459,4.0,1.8271,1
MPLAD-FIN-403728,0.8416,16.7856,8.0,2.7964,0.0774,0.2165,35.8507,0.4069,1.0,0.1488,0
MPLAD-FIN-403729,0.8919,32.0846,4.0,2.4717,0.1633,0.2269,27.8901,0.2244,0.0,0.6418,0
MPLAD-FIN-403730,0.755,61.8667,8.0,4.5932,0.0661,0.2918,44.848,0.4422,1.0,0.5554,0
MPLAD-FIN-403731,0.9724,12.1401,6.0,0.193,0.0157,0.088,32.5551,0.148,0.0,0.9405,0
MPLAD-FIN-403732,1.0068,42.4362,3.0,1.1872,0.0989,0.2001,93.4073,0.1283,0.0,0.263,0
MPLAD-FIN-403733,0.8885,34.873,5.0,5.5659,0.1412,0.3516,27.8023,0.2911,0.0,1.0663,0
MPLAD-FIN-403734,1.0462,70.8899,2.0,5.2954,0.2957,0.3569,18.5475,0.1149,0.0,0.3004,0
MPLAD-FIN-403735,0.803,35.9094,8.0,3.3041,0.0279,0.1285,20.4353,0.0484,0.0,1.3931,0
MPLAD-FIN-403736,0.8715,3.2117,1.0,34.7374,0.7533,0.8447,151.6526,0.9105,1.0,1.5501,1
MPLAD-FIN-403737,0.7362,19.4974,8.0,7.4727,0.2071,0.154,29.2012,0.4571,0.0,0.2005,0
MPLAD-FIN-403738,0.8483,31.6599,3.0,0.949,0.091,0.2843,15.8451,0.5809,0.0,0.7819,0
MPLAD-FIN-403739,0.9084,36.9435,7.0,5.3935,0.0582,0.1756,98.2168,0.1984,0.0,0.0777,0
MPLAD-FIN-403740,1.0109,33.8233,5.0,5.4618,0.0757,0.0546,67.7763,0.1104,3.0,0.4668,0
MPLAD-FIN-403741,0.6714,35.9624,7.0,4.2679,0.1056,0.3701,49.974,0.2119,0.0,0.5639,0
MPLAD-FIN-403742,0.9935,3.2584,1.0,10.107,0.8132,0.9904,363.654,0.7284,6.0,1.7885,1
MPLAD-FIN-403743,0.8889,31.5659,8.0,2.144,0.0766,0.1267,44.3966,0.3979,0.0,0.1035,0
MPLAD-FIN-403744,0.9163,40.0618,2.0,11.6834,0.0608,0.4201,24.7937,0.4151,0.0,0.1837,0
MPLAD-FIN-403745,0.9421,43.3856,8.0,2.1835,0.2141,0.1205,25.4789,0.6101,0.0,0.4321,0
MPLAD-FIN-403746,0.8421,91.9219,7.0,4.2338,0.2987,0.2764,17.0542,0.3472,0.0,0.0577,0
MPLAD-FIN-403747,0.7743,30.2805,5.0,2.0086,0.1355,0.6438,45.2687,0.2704,1.0,0.2544,0
MPLAD-FIN-403748,0.7748,19.7261,3.0,10.6121,0.1148,0.0438,60.0587,0.1528,1.0,0.6065,0
MPLAD-FIN-403749,0.8707,40.4707,4.0,1.8696,0.3031,0.3644,100.2425,0.4988,0.0,0.5055,0
MPLAD-FIN-403750,0.6721,15.9284,2.0,3.2128,0.0235,0.0891,48.279,0.051,0.0,0.2356,0
MPLAD-FIN-403751,0.7999,58.5025,8.0,6.7934,0.0035,0.1472,24.2041,0.1697,0.0,0.6647,0
MPLAD-FIN-403752,0.8782,17.3409,2.0,1.8521,0.0512,0.0872,56.9953,0.0977,1.0,0.1296,0
MPLAD-FIN-403753,1.0162,74.846,3.0,5.6722,0.0972,0.162,14.5915,0.1418,0.0,0.5106,0
MPLAD-FIN-403754,0.9417,32.5231,8.0,1.9978,0.0848,0.1873,6.4831,0.3091,2.0,0.2715,0
MPLAD-FIN-403755,1.05,8.6579,3.0,3.2449,0.1557,0.3713,39.8257,0.203,0.0,0.3116,0
MPLAD-FIN-403756,0.9974,20.8946,6.0,6.778,0.0316,0.2374,83.7122,0.2697,0.0,0.4348,0
MPLAD-FIN-403757,0.935,18.0804,8.0,3.8037,0.1362,0.1235,13.5843,0.4521,0.0,0.5049,0
MPLAD-FIN-403758,1.05,96.5737,4.0,7.2652,0.0649,0.3626,25.9125,0.2002,0.0,0.5651,0
MPLAD-FIN-403759,0.8026,19.5148,6.0,1.4311,0.1734,0.4659,19.628,0.2593,1.0,0.5655,0
MPLAD-FIN-403760,0.8613,31.6311,6.0,4.7103,0.3138,0.2631,41.712,0.0519,0.0,0.3963,0
MPLAD-FIN-403761,0.6794,18.316,8.0,5.8264,0.1872,0.4184,27.2166,0.2189,1.0,1.2177,0
MPLAD-FIN-403762,0.9526,111.4067,6.0,6.0931,0.0977,0.091,17.3204,0.2159,1.0,0.0846,0
MPLAD-FIN-403763,0.803,24.69,5.0,4.0304,0.0356,0.4753,3.7011,0.251,1.0,0.5344,0
MPLAD-FIN-403764,0.8175,50.4933,4.0,5.6678,0.2248,0.2948,33.5915,0.0464,0.0,0.1299,0
MPLAD-FIN-403765,0.8975,27.0523,8.0,1.4574,0.0301,0.2294,26.6942,0.2392,1.0,0.2394,0
MPLAD-FIN-403766,0.8941,43.012,6.0,0.4362,0.1699,0.2047,60.2987,0.0403,0.0,0.5622,0
MPLAD-FIN-403767,0.6781,12.9605,3.0,2.3006,0.0288,0.2821,17.634,0.1724,2.0,1.5867,0
MPLAD-FIN-403768,0.9312,11.6444,8.0,2.2788,0.2262,0.0857,40.8932,0.1698,0.0,0.929,0
MPLAD-FIN-403769,0.8474,39.3665,7.0,4.5782,0.1093,0.3452,136.9939,0.0844,0.0,0.5435,0
MPLAD-FIN-403770,0.6981,39.6735,3.0,9.6037,0.2145,0.1618,23.6126,0.1152,0.0,1.3455,0
MPLAD-FIN-403771,0.8266,5.2857,6.0,0.666,0.1508,0.5461,32.2983,0.147,0.0,0.3899,0
MPLAD-FIN-403772,0.9844,42.348,5.0,0.822,0.0092,0.3819,88.0849,0.1974,0.0,0.4451,0
MPLAD-FIN-403773,0.8487,35.2794,8.0,2.5276,0.2274,0.0615,131.8183,0.0894,0.0,0.2089,0
MPLAD-FIN-403774,0.8095,12.5426,5.0,8.0246,0.217,0.169,32.6185,0.2338,1.0,0.0918,0
MPLAD-FIN-403775,1.0513,0.1242,2.0,12.6263,0.9596,0.9039,145.0554,0.833,4.0,2.9389,1
MPLAD-FIN-403776,1.2954,3.2722,1.0,23.7598,0.8115,0.9478,319.6226,0.9127,4.0,2.2827,1
MPLAD-FIN-403777,0.9396,13.8715,7.0,3.2686,0.0481,0.057,42.7392,0.1771,0.0,0.157,0
MPLAD-FIN-403778,0.9353,26.6107,7.0,8.5291,0.2178,0.5872,78.1219,0.2139,2.0,0.1495,0
MPLAD-FIN-403779,0.7444,14.1166,3.0,2.8164,0.1304,0.0903,30.3206,0.4369,1.0,0.3327,0
MPLAD-FIN-403780,0.8751,17.1057,7.0,2.2547,0.2367,0.1562,42.5107,0.2025,1.0,0.1375,0
MPLAD-FIN-403781,0.88,30.6964,3.0,4.4263,0.0185,0.652,14.4694,0.127,0.0,0.2564,0
MPLAD-FIN-403782,0.7148,10.7022,5.0,1.8026,0.0672,0.0784,50.6913,0.381,0.0,0.2532,0
MPLAD-FIN-403783,0.8532,30.1804,2.0,3.1873,0.2143,0.4009,24.0274,0.139,0.0,0.6452,0
MPLAD-FIN-403784,0.7398,29.2274,2.0,1.1614,0.1057,0.2918,40.846,0.2627,1.0,0.7304,0
MPLAD-FIN-403785,0.7686,24.4631,8.0,4.8927,0.3894,0.3488,25.302,0.2628,0.0,0.3854,0
MPLAD-FIN-403786,0.8065,30.8686,6.0,1.2823,0.097,0.0974,39.3132,0.1425,1.0,0.736,0
MPLAD-FIN-403787,0.7909,86.8635,2.0,3.6767,0.221,0.4066,12.2502,0.3849,1.0,0.1142,0
MPLAD-FIN-403788,0.8486,18.3517,3.0,3.7041,0.2151,0.0385,5.2874,0.2755,1.0,0.1663,0
MPLAD-FIN-403789,0.7765,47.3929,7.0,5.0604,0.0994,0.2421,41.6778,0.6679,0.0,0.9115,0
MPLAD-FIN-403790,0.9635,23.4323,3.0,4.6468,0.3535,0.4697,13.3712,0.4291,0.0,0.9047,0
MPLAD-FIN-403791,1.0221,7.48,8.0,2.9264,0.2805,0.3581,65.9453,0.1552,0.0,0.6966,0
MPLAD-FIN-403792,0.9095,15.7853,3.0,3.3456,0.1805,0.4919,76.7154,0.2889,0.0,0.3482,0
MPLAD-FIN-403793,0.8713,59.3444,3.0,6.0231,0.134,0.1165,62.6557,0.3685,1.0,0.2124,0
MPLAD-FIN-403794,0.7776,16.5994,3.0,2.9533,0.2236,0.4289,96.1792,0.0512,0.0,0.7324,0
MPLAD-FIN-403795,0.8439,10.36,7.0,5.6406,0.3953,0.1988,38.5127,0.2185,0.0,0.5606,0
MPLAD-FIN-403796,0.9153,81.6743,6.0,1.2027,0.1603,0.1096,51.3614,0.1018,0.0,0.3288,0
MPLAD-FIN-403797,0.7375,5.0146,2.0,5.2616,0.0111,0.2207,75.051,0.3345,1.0,0.2998,0
MPLAD-FIN-403798,1.2126,1.7829,2.0,19.2246,0.909,0.9568,280.6376,0.8644,3.0,2.7467,1
MPLAD-FIN-403799,0.8771,32.4351,3.0,2.4982,0.0344,0.3821,10.4517,0.3223,0.0,0.5643,0
MPLAD-FIN-403800,0.9322,16.8682,8.0,2.1731,0.0747,0.0788,25.9545,0.0902,0.0,0.429,0
MPLAD-FIN-403801,0.7206,29.6626,8.0,2.6272,0.0728,0.5724,7.652,0.2265,0.0,0.2905,0
MPLAD-FIN-403802,0.8347,17.588,8.0,3.8089,0.23,0.2653,43.8769,0.2472,0.0,0.2573,0
MPLAD-FIN-403803,0.7653,5.7886,2.0,1.446,0.3435,0.2074,9.4229,0.2635,0.0,0.1231,0
MPLAD-FIN-403804,0.9508,25.4926,3.0,1.6616,0.0591,0.4372,24.5927,0.1945,2.0,0.2057,0
MPLAD-FIN-403805,0.8107,11.0718,7.0,1.1497,0.1452,0.1274,59.908,0.3051,0.0,0.5252,0
MPLAD-FIN-403806,0.9783,74.7707,8.0,4.9954,0.1319,0.1831,21.7826,0.2715,1.0,0.6947,0
MPLAD-FIN-403807,0.8449,32.5312,7.0,6.3624,0.0461,0.4591,28.9869,0.4347,1.0,0.0405,0
MPLAD-FIN-403808,0.7683,45.979,4.0,1.385,0.0575,0.0618,41.0531,0.3159,1.0,0.5467,0
MPLAD-FIN-403809,0.8098,48.6889,2.0,1.1933,0.4222,0.0666,8.5415,0.3203,0.0,0.4632,0
MPLAD-FIN-403810,0.9117,19.8126,4.0,10.5279,0.0084,0.226,22.6021,0.1955,0.0,0.5148,0
MPLAD-FIN-403811,0.9587,18.6364,2.0,1.2119,0.0592,0.3802,30.806,0.0928,0.0,0.412,0
MPLAD-FIN-403812,0.9075,37.005,6.0,2.8112,0.0821,0.3913,7.7296,0.1903,0.0,0.9474,0
MPLAD-FIN-403813,0.8522,26.2542,2.0,5.9412,0.0331,0.2824,15.5598,0.385,0.0,0.3686,0
MPLAD-FIN-403814,0.9518,51.8347,4.0,1.3449,0.0425,0.1817,14.0277,0.1829,0.0,0.579,0
MPLAD-FIN-403815,0.9325,29.4007,3.0,0.9409,0.0233,0.2293,38.8764,0.3172,0.0,0.6705,0
MPLAD-FIN-403816,0.7275,25.212,5.0,6.0562,0.2448,0.129,6.5144,0.248,0.0,0.2942,0
MPLAD-FIN-403817,0.9291,40.553,4.0,2.0215,0.3611,0.0566,15.9877,0.0201,0.0,0.4634,0
MPLAD-FIN-403818,0.8389,71.0908,2.0,2.3219,0.1651,0.1377,40.2976,0.2383,0.0,0.9688,0
MPLAD-FIN-403819,0.9161,23.9611,7.0,0.8658,0.176,0.1427,42.5531,0.0841,2.0,0.06,0
MPLAD-FIN-403820,0.7101,69.027,4.0,1.5641,0.0914,0.1434,36.5495,0.1141,1.0,0.4367,0
MPLAD-FIN-403821,0.7677,11.6495,3.0,2.1327,0.2032,0.1227,58.7337,0.2542,2.0,0.649,0
MPLAD-FIN-403822,1.2099,3.322,2.0,4.2785,0.8018,0.84,204.9279,0.9196,3.0,2.1841,1
MPLAD-FIN-403823,0.9477,20.8516,4.0,3.7085,0.076,0.1864,62.7881,0.1814,0.0,0.3173,0
MPLAD-FIN-403824,0.7561,45.5267,3.0,9.5872,0.4071,0.2604,36.8058,0.1496,0.0,0.7031,0
MPLAD-FIN-403825,0.6891,6.9563,2.0,4.6027,0.2246,0.2392,54.1589,0.5051,1.0,0.3856,0
MPLAD-FIN-403826,0.9455,16.6742,3.0,15.3141,0.252,0.3165,5.8353,0.3344,1.0,0.0509,0
MPLAD-FIN-403827,0.9477,56.4018,5.0,3.2448,0.0614,0.1973,97.571,0.3991,0.0,0.4249,0
MPLAD-FIN-403828,1.0856,8.8462,1.0,18.2629,0.8066,0.7381,202.4425,0.9366,3.0,3.008,1
MPLAD-FIN-403829,0.8982,43.8235,4.0,3.107,0.0293,0.2701,25.4539,0.3914,0.0,0.2492,0
MPLAD-FIN-403830,0.7407,53.4021,3.0,1.7215,0.0889,0.3014,26.7176,0.0469,0.0,0.2305,0
MPLAD-FIN-403831,0.663,62.636,5.0,5.8692,0.1935,0.0467,23.5757,0.2981,0.0,0.3751,0
MPLAD-FIN-403832,0.9748,34.5431,5.0,5.0899,0.19,0.1586,27.1948,0.3311,1.0,0.7948,0
MPLAD-FIN-403833,0.9354,80.3423,7.0,2.6861,0.0268,0.2441,24.6046,0.2652,1.0,0.4433,0
MPLAD-FIN-403834,0.8033,57.1059,7.0,2.6415,0.2783,0.0406,56.532,0.2411,1.0,1.056,0
MPLAD-FIN-403835,0.7662,22.6568,8.0,6.2097,0.0513,0.301,43.3847,0.1738,0.0,0.5009,0
MPLAD-FIN-403836,0.8564,6.4737,5.0,2.2705,0.2034,0.3495,60.6395,0.2481,0.0,0.346,0
MPLAD-FIN-403837,0.8695,34.6382,5.0,6.3957,0.0291,0.1659,30.6084,0.205,0.0,0.2848,0
MPLAD-FIN-403838,0.9445,23.5452,8.0,5.852,0.1287,0.406,17.6436,0.3935,0.0,0.6823,0
MPLAD-FIN-403839,0.8388,35.9003,4.0,0.8454,0.0814,0.1769,84.4964,0.3349,0.0,0.6024,0
MPLAD-FIN-403840,0.9742,116.7273,6.0,4.96,0.3336,0.2289,68.6899,0.1689,0.0,0.6589,0
MPLAD-FIN-403841,0.9169,45.5932,3.0,3.6469,0.1266,0.2094,27.7105,0.1059,0.0,0.5407,0
MPLAD-FIN-403842,0.7156,34.0015,7.0,3.7245,0.1412,0.5771,47.0287,0.0631,0.0,0.0871,0
MPLAD-FIN-403843,1.05,88.1066,7.0,10.1166,0.1889,0.0512,25.6763,0.3537,0.0,0.0533,0
MPLAD-FIN-403844,1.0113,43.181,4.0,3.1418,0.1717,0.1432,27.776,0.2354,1.0,0.5605,0
MPLAD-FIN-403845,0.8206,47.7767,7.0,6.1009,0.078,0.365,38.1832,0.3497,1.0,0.172,0
MPLAD-FIN-403846,0.9251,32.9301,4.0,4.3732,0.2174,0.1086,56.9726,0.1492,0.0,0.1615,0
MPLAD-FIN-403847,0.9447,59.199,8.0,0.2956,0.0856,0.2798,25.9382,0.3144,0.0,0.4865,0
MPLAD-FIN-403848,0.8553,23.8537,6.0,1.7908,0.0377,0.2233,18.3212,0.1807,0.0,0.1562,0
MPLAD-FIN-403849,1.0405,18.8777,4.0,6.4125,0.1443,0.4727,37.2617,0.1956,1.0,1.0816,0
MPLAD-FIN-403850,0.9928,22.9091,3.0,11.1524,0.127,0.1267,32.1213,0.1513,0.0,0.2471,0
MPLAD-FIN-403851,1.0359,36.7836,3.0,1.8762,0.0184,0.2586,1.5939,0.117,1.0,0.2116,0
MPLAD-FIN-403852,0.9521,34.6357,8.0,2.5121,0.0577,0.1634,4.9794,0.0148,0.0,0.1521,0
MPLAD-FIN-403853,0.9577,4.2177,5.0,6.7701,0.1803,0.1013,66.2314,0.5501,3.0,0.8002,0
MPLAD-FIN-403854,0.8735,26.9904,2.0,4.4443,0.1534,0.1973,149.5474,0.3983,0.0,2.1128,0
MPLAD-FIN-403855,0.7968,24.2096,7.0,3.6369,0.1122,0.367,106.3098,0.092,0.0,0.3443,0
MPLAD-FIN-403856,0.7902,14.5598,7.0,3.328,0.0157,0.3649,34.7585,0.0951,0.0,0.2239,0
MPLAD-FIN-403857,0.8928,105.5807,4.0,2.7786,0.1597,0.2535,12.9579,0.0379,0.0,0.367,0
MPLAD-FIN-403858,0.864,70.4411,3.0,4.4903,0.2476,0.0825,50.0236,0.3535,0.0,0.5421,0
MPLAD-FIN-403859,0.6552,52.9449,5.0,8.8774,0.0129,0.1475,48.6712,0.0867,1.0,0.7801,0
MPLAD-FIN-403860,0.9932,27.0645,5.0,0.4843,0.239,0.2934,141.7828,0.0777,0.0,0.0772,0
MPLAD-FIN-403861,0.9101,48.7394,4.0,5.4397,0.0496,0.2526,55.4231,0.1172,0.0,0.1819,0
MPLAD-FIN-403862,0.936,17.5607,6.0,6.7044,0.0529,0.2265,81.0198,0.1457,1.0,0.2088,0
MPLAD-FIN-403863,0.8699,48.4066,6.0,4.8878,0.0148,0.3119,8.8308,0.1261,0.0,0.3451,0
MPLAD-FIN-403864,0.8845,20.9253,3.0,3.9218,0.1536,0.3121,56.5402,0.145,0.0,0.4234,0
MPLAD-FIN-403865,0.725,12.0809,2.0,2.5923,0.1227,0.1202,50.7984,0.3011,1.0,0.3756,0
MPLAD-FIN-403866,0.9224,8.4403,7.0,3.0475,0.2767,0.4866,99.8223,0.4556,2.0,0.7603,0
MPLAD-FIN-403867,1.0141,34.9367,6.0,5.4137,0.2225,0.154,27.605,0.2271,0.0,0.4889,0
MPLAD-FIN-403868,0.7298,27.4093,5.0,5.1196,0.3575,0.3634,60.716,0.1271,0.0,0.3624,0
MPLAD-FIN-403869,0.8758,30.0233,2.0,5.4282,0.4507,0.5202,56.2692,0.0794,1.0,0.4732,0
MPLAD-FIN-403870,0.8832,24.0504,2.0,10.573,0.2504,0.1821,45.9226,0.0269,0.0,0.2518,0
MPLAD-FIN-403871,0.9166,39.4449,4.0,2.5935,0.1297,0.2694,32.7676,0.184,1.0,0.2919,0
MPLAD-FIN-403872,0.8227,45.8039,6.0,3.3201,0.1813,0.2252,12.7151,0.2114,0.0,0.1825,0
MPLAD-FIN-403873,0.9372,28.7079,8.0,1.3806,0.1386,0.4329,43.9381,0.2266,2.0,0.1103,0
MPLAD-FIN-403874,0.8779,29.2597,8.0,5.7703,0.1609,0.1006,137.8983,0.32,1.0,0.2942,0
MPLAD-FIN-403875,0.8155,68.9139,5.0,8.4216,0.0603,0.1049,24.3174,0.3305,0.0,0.6168,0
MPLAD-FIN-403876,0.9723,18.7974,7.0,7.233,0.1443,0.3671,32.5458,0.5471,0.0,0.6174,0
MPLAD-FIN-403877,0.8912,29.7358,3.0,2.8534,0.1696,0.1898,78.31,0.2155,0.0,0.2689,0
MPLAD-FIN-403878,0.8779,65.0846,2.0,6.0601,0.0202,0.2076,101.9739,0.137,1.0,0.2104,0
MPLAD-FIN-403879,0.8269,17.0326,5.0,1.9784,0.1435,0.1697,14.2555,0.307,0.0,0.4399,0
MPLAD-FIN-403880,0.9864,43.9994,2.0,2.325,0.1194,0.1406,33.0581,0.0584,1.0,0.0992,0
MPLAD-FIN-403881,1.2231,4.2233,2.0,36.3834,0.8182,0.9137,231.3674,0.9511,4.0,2.3778,1
MPLAD-FIN-403882,0.977,6.7682,2.0,3.1871,0.0571,0.1738,21.7068,0.128,0.0,0.6349,0
MPLAD-FIN-403883,0.768,5.3298,2.0,8.3895,0.0859,0.3256,16.0117,0.3301,1.0,1.4749,0
MPLAD-FIN-403884,0.8443,29.0185,3.0,1.0523,0.2193,0.2896,59.8117,0.1298,1.0,1.1137,0
MPLAD-FIN-403885,1.05,36.894,2.0,3.5742,0.0493,0.1022,72.2932,0.3984,0.0,0.1739,0
MPLAD-FIN-403886,0.9778,24.6984,5.0,3.0107,0.2547,0.4316,29.0663,0.0905,0.0,0.2163,0
MPLAD-FIN-403887,0.7783,42.8815,4.0,3.4677,0.0232,0.4166,39.5245,0.1862,0.0,0.3286,0
MPLAD-FIN-403888,0.9012,14.4922,6.0,5.1951,0.3097,0.3138,46.2349,0.1001,1.0,0.2557,0
MPLAD-FIN-403889,0.7895,45.1218,2.0,2.5221,0.1389,0.1821,28.7315,0.0934,0.0,0.2409,0
MPLAD-FIN-403890,0.9811,36.9237,4.0,3.1032,0.1407,0.7123,50.1098,0.1,0.0,0.4307,0
MPLAD-FIN-403891,0.9168,95.8453,7.0,3.8293,0.284,0.1547,90.3384,0.1614,0.0,0.3964,0
MPLAD-FIN-403892,0.8653,65.5024,5.0,2.9246,0.2875,0.3835,72.8807,0.0673,0.0,1.3267,0
MPLAD-FIN-403893,0.952,29.4867,3.0,1.9833,0.0838,0.5713,29.7423,0.2243,0.0,0.1631,0
MPLAD-FIN-403894,0.966,56.2602,2.0,3.9751,0.0749,0.0716,50.3503,0.2025,0.0,0.0998,0
MPLAD-FIN-403895,0.8716,27.1076,5.0,2.0117,0.1653,0.0442,133.8245,0.1413,0.0,0.3227,0
MPLAD-FIN-403896,0.7846,17.0539,3.0,5.899,0.2553,0.0743,27.813,0.1697,0.0,0.3379,0
MPLAD-FIN-403897,0.7841,50.8153,3.0,2.2132,0.3056,0.0612,10.6997,0.1024,1.0,1.0873,0
MPLAD-FIN-403898,0.8432,55.4167,7.0,11.3078,0.2434,0.6303,25.5255,0.2822,0.0,0.0957,0
MPLAD-FIN-403899,0.937,28.8151,4.0,7.6237,0.0031,0.4187,5.9024,0.0555,0.0,0.9886,0
MPLAD-FIN-403900,0.8207,84.9525,6.0,1.2626,0.0214,0.2562,19.1379,0.1645,0.0,0.3401,0
MPLAD-FIN-403901,0.9473,16.6453,3.0,3.6079,0.092,0.6103,105.0846,0.1949,1.0,0.3834,0
MPLAD-FIN-403902,0.9326,13.406,4.0,5.8239,0.0866,0.3447,60.5006,0.2557,0.0,2.1572,0
MPLAD-FIN-403903,1.0305,1.2336,1.0,9.1138,0.9103,0.7045,233.7964,0.9555,6.0,1.6165,1
MPLAD-FIN-403904,0.756,2.7242,1.0,11.479,0.8466,0.9334,257.4474,0.8945,3.0,1.5803,1
MPLAD-FIN-403905,0.8704,36.8729,8.0,1.6078,0.155,0.3707,39.8146,0.1111,0.0,1.1922,0
MPLAD-FIN-403906,0.8988,10.3052,4.0,0.7245,0.2853,0.4313,37.358,0.3463,1.0,0.4313,0
MPLAD-FIN-403907,0.7967,36.8828,3.0,3.1495,0.4045,0.4116,56.6471,0.2683,0.0,0.2712,0
MPLAD-FIN-403908,0.7345,11.8287,7.0,0.9316,0.135,0.1079,180.2796,0.1405,0.0,0.3189,0
MPLAD-FIN-403909,0.7879,18.3691,8.0,13.158,0.4198,0.4551,8.3562,0.2599,1.0,0.5316,0
MPLAD-FIN-403910,0.9742,40.9362,4.0,2.0551,0.1065,0.2256,51.8417,0.4538,0.0,0.3855,0
MPLAD-FIN-403911,0.8882,26.0309,2.0,5.7064,0.1003,0.0739,3.6307,0.0181,0.0,0.1964,0
MPLAD-FIN-403912,0.9158,23.2861,3.0,3.6789,0.1776,0.3437,23.6662,0.4093,0.0,0.1114,0
MPLAD-FIN-403913,0.9101,37.8082,8.0,3.3896,0.1771,0.1521,33.8585,0.2529,0.0,0.0455,0
MPLAD-FIN-403914,0.948,9.4355,2.0,0.1414,0.0796,0.468,14.1121,0.1722,1.0,0.7166,0
MPLAD-FIN-403915,0.8773,62.7696,8.0,0.6526,0.1123,0.3551,27.4021,0.2736,0.0,0.1729,0
MPLAD-FIN-403916,0.6381,63.6788,4.0,3.88,0.1593,0.3568,45.6872,0.1848,0.0,1.4161,0
MPLAD-FIN-403917,0.8938,11.702,2.0,0.7991,0.071,0.3182,31.8205,0.3689,0.0,0.36,0
MPLAD-FIN-403918,1.0029,44.349,6.0,3.2259,0.238,0.2166,57.1926,0.2626,2.0,0.2527,0
MPLAD-FIN-403919,0.9164,70.53,2.0,6.0448,0.1033,0.3786,25.029,0.2818,1.0,0.25,0
MPLAD-FIN-403920,0.8547,48.6513,2.0,4.4448,0.132,0.0204,15.0599,0.1117,0.0,0.3837,0
MPLAD-FIN-403921,0.9554,41.9015,8.0,5.419,0.0734,0.6267,35.3485,0.0883,0.0,0.5581,0
MPLAD-FIN-403922,0.7179,105.2006,7.0,2.103,0.1805,0.4262,19.5342,0.3516,0.0,0.1403,0
MPLAD-FIN-403923,0.8311,41.2536,7.0,0.2717,0.0854,0.219,14.8634,0.1462,0.0,0.4022,0
MPLAD-FIN-403924,0.9064,75.7961,8.0,6.9669,0.1474,0.2047,59.7098,0.3644,0.0,0.5607,0
MPLAD-FIN-403925,0.9277,53.8264,7.0,6.6888,0.0232,0.0504,35.1722,0.2948,0.0,0.4742,0
MPLAD-FIN-403926,0.671,18.0195,4.0,2.9205,0.1337,0.4238,38.7009,0.1958,0.0,0.7324,0
MPLAD-FIN-403927,0.9497,43.9769,2.0,1.4805,0.1823,0.0655,42.3627,0.2552,1.0,0.7488,0
MPLAD-FIN-403928,0.883,17.5453,3.0,1.0097,0.3312,0.2747,41.4136,0.1312,2.0,0.3566,0
MPLAD-FIN-403929,0.8503,38.8405,3.0,4.2912,0.2772,0.1976,9.673,0.5663,0.0,0.535,0
MPLAD-FIN-403930,0.9149,16.9531,4.0,1.2255,0.0701,0.5039,30.2569,0.143,1.0,0.1095,0
MPLAD-FIN-403931,1.05,9.829,6.0,7.465,0.0995,0.5201,65.454,0.2851,0.0,0.5596,0
MPLAD-FIN-403932,0.8855,29.705,3.0,0.9746,0.1735,0.0754,22.3244,0.1924,1.0,0.3388,0
MPLAD-FIN-403933,1.05,11.6042,5.0,5.0262,0.2529,0.2823,20.4242,0.1783,1.0,0.3613,0
MPLAD-FIN-403934,0.8317,111.9628,4.0,9.8278,0.2168,0.1376,91.9368,0.2315,0.0,0.7651,0
MPLAD-FIN-403935,0.7724,10.9025,3.0,5.0398,0.1306,0.1032,19.8789,0.0611,0.0,0.1295,0
MPLAD-FIN-403936,0.9546,27.8476,8.0,1.4203,0.2255,0.2477,13.2757,0.1839,0.0,0.3571,0
MPLAD-FIN-403937,0.8691,60.996,6.0,5.0389,0.0442,0.139,46.0379,0.1803,0.0,0.8612,0
MPLAD-FIN-403938,0.8266,17.6013,7.0,7.5254,0.0698,0.1434,31.4067,0.2405,0.0,0.3929,0
MPLAD-FIN-403939,0.7634,0.9391,2.0,58.5968,0.8652,0.9608,280.3131,0.6533,3.0,0.8242,1
MPLAD-FIN-403940,0.6142,29.5299,5.0,5.2493,0.1332,0.1289,48.0806,0.3258,0.0,0.3062,0
MPLAD-FIN-403941,1.0032,37.2129,5.0,1.1841,0.3472,0.1572,29.8288,0.1473,0.0,0.3432,0
MPLAD-FIN-403942,0.8028,39.7564,5.0,2.5142,0.0917,0.0451,49.9192,0.1046,0.0,0.2718,0
MPLAD-FIN-403943,0.8836,36.5261,4.0,3.7908,0.1412,0.1695,70.6788,0.1572,0.0,0.6665,0
MPLAD-FIN-403944,0.8633,42.862,4.0,8.4153,0.302,0.1189,61.2696,0.3993,0.0,0.2732,0
MPLAD-FIN-403945,0.9,33.626,8.0,2.3725,0.0773,0.1451,36.6008,0.3894,1.0,0.7547,0
MPLAD-FIN-403946,0.7181,27.8697,5.0,0.6442,0.2928,0.2959,34.7154,0.21,0.0,0.3045,0
MPLAD-FIN-403947,0.786,51.1598,2.0,1.1695,0.1628,0.4151,21.6587,0.0885,0.0,0.0664,0
MPLAD-FIN-403948,1.0137,3.1903,1.0,8.2305,0.9152,0.9362,285.7064,0.9482,4.0,1.9962,1
MPLAD-FIN-403949,0.6547,49.6918,3.0,5.8547,0.127,0.4843,17.8833,0.0619,0.0,0.4732,0
MPLAD-FIN-403950,0.9953,56.8742,4.0,7.5779,0.2324,0.1329,51.0454,0.0327,0.0,0.3501,0
MPLAD-FIN-403951,0.7405,64.2052,3.0,7.2524,0.0591,0.0637,20.0506,0.3637,0.0,0.2136,0
MPLAD-FIN-403952,0.9685,21.1022,8.0,2.6252,0.173,0.422,4.4973,0.115,0.0,0.5487,0
MPLAD-FIN-403953,0.8333,52.1245,6.0,5.2493,0.0495,0.3175,92.6503,0.2566,0.0,0.4897,0
MPLAD-FIN-403954,0.7908,25.4678,6.0,0.6751,0.1875,0.4175,4.5116,0.1699,0.0,0.9455,0
MPLAD-FIN-403955,0.9597,36.8921,3.0,0.3344,0.0779,0.3542,36.2439,0.285,0.0,0.4076,0
MPLAD-FIN-403956,0.8349,26.4915,3.0,8.648,0.1359,0.0985,83.0989,0.0991,1.0,0.5716,0
MPLAD-FIN-403957,0.6919,15.6396,2.0,4.468,0.0851,0.1552,6.5707,0.1503,0.0,1.5961,0
MPLAD-FIN-403958,0.9744,13.1495,5.0,6.4842,0.0691,0.2817,46.88,0.682,1.0,0.1548,0
MPLAD-FIN-403959,0.8335,17.0194,2.0,1.6296,0.1751,0.0839,19.2107,0.2757,0.0,0.1723,0
MPLAD-FIN-403960,0.8625,49.7507,6.0,3.0141,0.2214,0.0404,46.496,0.4278,0.0,0.2594,0
MPLAD-FIN-403961,0.9828,20.4144,6.0,2.0857,0.2934,0.3516,20.8346,0.1827,0.0,0.5772,0
MPLAD-FIN-403962,0.8468,9.3355,8.0,5.3194,0.0422,0.3977,22.2357,0.1397,0.0,0.4848,0
MPLAD-FIN-403963,0.8077,44.0615,2.0,3.5673,0.1066,0.4257,53.4695,0.1657,0.0,0.879,0
MPLAD-FIN-403964,0.8413,22.9215,8.0,3.6362,0.0752,0.2726,117.7295,0.3996,0.0,0.7695,0
MPLAD-FIN-403965,0.8484,38.1518,4.0,2.2553,0.2078,0.1992,54.9227,0.218,0.0,0.1319,0
MPLAD-FIN-403966,1.05,108.6023,7.0,2.582,0.2639,0.4154,28.3335,0.1158,2.0,0.1109,0
MPLAD-FIN-403967,0.6834,45.1725,3.0,2.9535,0.1089,0.2656,59.0125,0.0775,0.0,0.1019,0
MPLAD-FIN-403968,1.05,8.3321,4.0,5.7975,0.0149,0.1799,58.7144,0.1604,0.0,0.7795,0
MPLAD-FIN-403969,0.9616,13.6434,7.0,0.353,0.2046,0.1489,35.2115,0.4338,0.0,0.856,0
MPLAD-FIN-403970,0.8963,10.3872,7.0,5.5418,0.0117,0.1374,19.7575,0.0287,2.0,0.4592,0
MPLAD-FIN-403971,0.9853,8.4114,6.0,1.3665,0.3739,0.0665,25.232,0.1501,0.0,0.3348,0
MPLAD-FIN-403972,0.9373,52.3445,5.0,5.0843,0.0665,0.3751,27.7525,0.3613,1.0,0.1629,0
MPLAD-FIN-403973,0.8708,19.5785,3.0,1.9241,0.1685,0.4234,85.6203,0.1471,2.0,0.1838,0
MPLAD-FIN-403974,0.9049,20.0249,7.0,1.8208,0.0394,0.4128,46.8854,0.1625,0.0,1.1309,0
MPLAD-FIN-403975,0.9023,19.6184,3.0,6.7118,0.1673,0.1025,22.2786,0.2355,0.0,0.3972,0
MPLAD-FIN-403976,1.031,22.213,2.0,2.0986,0.0093,0.1826,96.9016,0.2569,0.0,0.6759,0
MPLAD-FIN-403977,0.9164,13.5265,6.0,0.3905,0.1582,0.3244,41.1278,0.1106,0.0,0.7135,0
MPLAD-FIN-403978,0.8135,37.0122,5.0,3.2934,0.1702,0.1302,26.0595,0.1476,0.0,0.302,0
MPLAD-FIN-403979,0.8103,48.5618,5.0,3.4442,0.0381,0.2804,26.9087,0.1387,0.0,0.2672,0
MPLAD-FIN-403980,0.9084,16.031,5.0,3.028,0.3799,0.1014,27.8099,0.4462,1.0,0.2642,0
MPLAD-FIN-403981,1.0129,20.2934,6.0,6.0189,0.1355,0.3231,53.7208,0.1151,0.0,0.7083,0
MPLAD-FIN-403982,0.8775,40.9669,7.0,1.0946,0.0837,0.4248,24.3243,0.135,0.0,0.927,0
MPLAD-FIN-403983,0.8219,51.0867,3.0,4.9754,0.0801,0.3129,32.3881,0.2853,0.0,0.3359,0
MPLAD-FIN-403984,0.8684,1.8128,6.0,1.3538,0.0048,0.3067,43.7136,0.1177,0.0,0.1298,0
MPLAD-FIN-403985,0.9353,7.4499,2.0,1.6583,0.2475,0.2306,29.9009,0.2104,0.0,0.0938,0
MPLAD-FIN-403986,0.9006,24.9796,4.0,0.8632,0.1493,0.3186,11.9086,0.0787,1.0,0.1285,0
MPLAD-FIN-403987,0.7355,8.1875,8.0,2.9026,0.1225,0.2165,25.0351,0.0343,0.0,0.5194,0
MPLAD-FIN-403988,0.7645,10.6717,2.0,3.6221,0.2429,0.3326,35.7287,0.32,0.0,0.1997,0
MPLAD-FIN-403989,0.7746,46.7364,6.0,7.7122,0.195,0.1956,89.4358,0.1881,0.0,0.3806,0
MPLAD-FIN-403990,0.7808,67.6891,6.0,1.2498,0.0351,0.1295,31.9538,0.1,0.0,0.5508,0
MPLAD-FIN-403991,0.8786,54.3939,2.0,1.4134,0.1443,0.1111,66.3052,0.3824,3.0,0.2928,0
MPLAD-FIN-403992,1.0058,35.6312,7.0,4.9552,0.0452,0.1264,33.1129,0.1196,0.0,0.6415,0
MPLAD-FIN-403993,0.9299,30.4496,7.0,1.8965,0.148,0.1199,102.8055,0.1121,1.0,0.1329,0
MPLAD-FIN-403994,0.9414,7.092,8.0,0.873,0.3453,0.6073,48.5572,0.1612,0.0,1.0156,0
MPLAD-FIN-403995,0.8905,23.6599,8.0,4.62,0.003,0.2123,69.6413,0.1907,0.0,0.1886,0
MPLAD-FIN-403996,0.856,61.181,7.0,2.2021,0.2121,0.106,67.8226,0.5433,1.0,0.322,0
MPLAD-FIN-403997,0.7909,25.359,7.0,12.5718,0.0533,0.2844,99.2544,0.2354,0.0,0.4322,0
MPLAD-FIN-403998,0.7345,46.2272,4.0,6.6208,0.1707,0.105,51.8166,0.334,0.0,0.5906,0
MPLAD-FIN-403999,0.8248,7.8241,4.0,4.3957,0.0786,0.0653,18.6073,0.0687,0.0,0.1839,0
