work_id,mp_name,district,block,village,category,description,sanctioned_cost_lakh,sanction_year,status,is_seeded_duplicate,duplicate_of
MPLAD-2022-100598,MP_04,Hooghly,Hanskhali,Fatepur,Electrification,"Installation of 8 solar street lights at Fatepur, Hanskhali under MPLADS, Ward No. 5, Hanskhali block, Hooghly district",32.98,2022,Completed,False,
MPLAD-2022-100346,MP_03,Malda,Karimpur-II,Nokari,Community,"Construction of community hall with toilet block at Nokari under MPLADS, Ward No. 4, Karimpur-II block, Malda district",31.6,2022,Ongoing,False,
MPLAD-2022-100745,MP_05,Bankura,Chakdaha,Panchberia,Sanitation,"Construction of 3 community sanitary complex at Panchberia under MPLADS, Ward No. 15, Chakdaha block, Bankura district",5.95,2022,Completed,False,
MPLAD-2019-101029,MP_02,Howrah,Karimpur-II,Aistala,Sanitation,"Construction of 5 community sanitary complex at Aistala under MPLADS, Ward No. 24, Karimpur-II block, Howrah district",9.05,2019,Ongoing,False,
MPLAD-2022-101158,MP_12,Bardhaman,Hanskhali,Debagram,Community,"Construction of community hall with toilet block at Debagram under MPLADS, Ward No. 5, Hanskhali block, Bardhaman district",12.82,2022,Sanctioned,False,
MPLAD-2025-100986,MP_30,Birbhum,Karimpur-II,Dhantala,Electrification,"Providing LED high mast lighting at Dhantala market area under MPLADS, Ward No. 2, Karimpur-II block, Birbhum district",36.67,2025,Sanctioned,False,
MPLAD-2021-100478,MP_02,Malda,Haringhata,Jaguli,Community,"Renovation of crematorium boundary wall at Jaguli under MPLADS, Ward No. 22, Haringhata block, Malda district",6.55,2021,Completed,False,
MPLAD-2024-100628,MP_32,Hooghly,Krishnanagar-II,Kalinagar,Electrification,"Installation of 7 solar street lights at Kalinagar, Krishnanagar-II under MPLADS, Ward No. 9, Krishnanagar-II block, Hooghly district",33.98,2024,Completed,False,
MPLAD-2020-100890,MP_14,Howrah,Hanskhali,Barasat,Health,"Construction of waiting shed at Barasat Sub-Centre under MPLADS, Ward No. 24, Hanskhali block, Howrah district",4.77,2020,Completed,False,
MPLAD-2025-100076,MP_21,Murshidabad,Hanskhali,Aistala,Community,"Construction of community hall with toilet block at Aistala under MPLADS, Ward No. 9, Hanskhali block, Murshidabad district",8.62,2025,Completed,False,
MPLAD-2020-100736,MP_13,Bankura,Tehatta-I,Rautari,Irrigation,"Re-excavation of village pond for irrigation at Rautari under MPLADS, Ward No. 3, Tehatta-I block, Bankura district",27.14,2020,Completed,False,
MPLAD-2023-101131,MP_16,Nadia,Karimpur-II,Muragachha,Sanitation,"Construction of 5 community sanitary complex at Muragachha under MPLADS, Ward No. 8, Karimpur-II block, Nadia district",36.89,2023,Completed,False,
MPLAD-2022-100724,MP_18,Bardhaman,Chakdaha,Barasat,Education,"Supply of benches and desks to Barasat High School under MPLADS under MPLADS, Ward No. 10, Chakdaha block, Bardhaman district",23.5,2022,Sanctioned,False,
MPLAD-2019-100462,MP_14,Hooghly,Ranaghat-I,Nokari,Health,"Supply of ambulance to Ranaghat-I Rural Hospital under MPLADS under MPLADS, Ward No. 11, Ranaghat-I block, Hooghly district",15.51,2019,Sanctioned,False,
MPLAD-2024-100964,MP_31,Bankura,Haringhata,Subarnapur,Community,"Construction of community hall with toilet block at Subarnapur under MPLADS, Ward No. 5, Haringhata block, Bankura district",41.08,2024,Completed,False,
MPLAD-2021-100044,MP_10,Bardhaman,Ranaghat-I,Fatepur,Water,"Construction of overhead water reservoir of 2000 litre capacity at Fatepur under MPLADS, Ward No. 11, Ranaghat-I block, Bardhaman district",17.49,2021,Completed,False,
MPLAD-2021-100065,MP_25,Hooghly,Santipur,Bhatjangla,Community,"Construction of community hall with toilet block at Bhatjangla under MPLADS, Ward No. 15, Santipur block, Hooghly district",26.4,2021,Completed,False,
MPLAD-2022-100731,MP_12,Malda,Hanskhali,Bahirgachi,Community,"Renovation of crematorium boundary wall at Bahirgachi under MPLADS, Ward No. 10, Hanskhali block, Malda district",20.28,2022,Completed,False,
MPLAD-2020-100673,MP_08,Bardhaman,Chakdaha,Aistala,Health,"Construction of waiting shed at Aistala Sub-Centre under MPLADS, Ward No. 11, Chakdaha block, Bardhaman district",16.5,2020,Completed,False,
MPLAD-2025-100363,MP_15,Bankura,Nakashipara,Panchberia,Road,"Construction of 562 m concrete road from Barasat to Muragachha at Panchberia under MPLADS, Ward No. 20, Nakashipara block, Bankura district",43.69,2025,Completed,False,
MPLAD-2024-100425,MP_35,Jalpaiguri,Haringhata,Aistala,Health,"Construction of waiting shed at Aistala Sub-Centre under MPLADS, Ward No. 17, Haringhata block, Jalpaiguri district",28.19,2024,Completed,False,
MPLAD-2023-100977,MP_14,Jalpaiguri,Kaliganj,Subarnapur,Sports,"Development of playground with boundary fencing at Subarnapur under MPLADS, Ward No. 13, Kaliganj block, Jalpaiguri district",27.65,2023,Completed,False,
MPLAD-2019-101050,MP_20,Nadia,Tehatta-I,Fatepur,Road,"Improvement and metalling of village approach road at Fatepur, Tehatta-I under MPLADS, Ward No. 14, Tehatta-I block, Nadia district",18.22,2019,Ongoing,False,
MPLAD-2022-100101,MP_27,Malda,Tehatta-I,Mamjoan,Sanitation,"Construction of 8 community sanitary complex at Mamjoan under MPLADS, Ward No. 21, Tehatta-I block, Malda district",36.94,2022,Sanctioned,False,
MPLAD-2022-100479,MP_19,Murshidabad,Chakdaha,Barasat,Road,"Construction of 737 m concrete road from Jaguli to Bhatjangla at Barasat under MPLADS, Ward No. 8, Chakdaha block, Murshidabad district",30.99,2022,Ongoing,False,
MPLAD-2025-100265,MP_11,Howrah,Karimpur-II,Rautari,Education,"Supply of benches and desks to Rautari High School under MPLADS under MPLADS, Ward No. 18, Karimpur-II block, Howrah district",26.84,2025,Sanctioned,False,
MPLAD-DUP-200009,MP_35,Bardhaman,Nakashipara,Bahirgachi,Education,"Construction of extra class rooms at Bahirgachi Primary School under MPLADS, Ward No. 12, Nakashipara block, Bardhaman district",14.23,2023,Completed,True,MPLAD-2022-100528
MPLAD-2020-100218,MP_13,Murshidabad,Kaliganj,Barasat,Community,"Construction of community hall with toilet block at Barasat under MPLADS, Ward No. 20, Kaliganj block, Murshidabad district",7.04,2020,Completed,False,
MPLAD-2024-100845,MP_12,Purulia,Tehatta-I,Kalinagar,Sanitation,"Construction of 7 community sanitary complex at Kalinagar under MPLADS, Ward No. 22, Tehatta-I block, Purulia district",21.76,2024,Completed,False,
MPLAD-2025-100342,MP_05,Purulia,Haringhata,Bhatjangla,Education,"Construction of additional classroom block at Bhatjangla Primary School under MPLADS, Ward No. 24, Haringhata block, Purulia district",25.65,2025,Completed,False,
MPLAD-DUP-200056,MP_33,Howrah,Hanskhali,Subarnapur,Education,"Building of extra class rooms at Subarnapur Primary School under MPLADS, Ward No. 16, Hanskhali block, Howrah district",47.99,2024,Completed,True,MPLAD-2023-100816
MPLAD-2022-100381,MP_18,Nadia,Kaliganj,Jaguli,Electrification,"Installation of 3 solar street lights at Jaguli, Kaliganj under MPLADS, Ward No. 10, Kaliganj block, Nadia district",18.84,2022,Completed,False,
MPLAD-2022-100780,MP_03,Birbhum,Tehatta-I,Nokari,Electrification,"Installation of 7 solar street lights at Nokari, Tehatta-I under MPLADS, Ward No. 1, Tehatta-I block, Birbhum district",36.72,2022,Ongoing,False,
MPLAD-2022-100843,MP_35,Nadia,Kaliganj,Fatepur,Sanitation,"Construction of 7 community sanitary complex at Fatepur under MPLADS, Ward No. 19, Kaliganj block, Nadia district",29.14,2022,Ongoing,False,
MPLAD-2019-100609,MP_32,Jalpaiguri,Hanskhali,Subarnapur,Health,"Supply of ambulance to Hanskhali Rural Hospital under MPLADS under MPLADS, Ward No. 17, Hanskhali block, Jalpaiguri district",36.0,2019,Ongoing,False,
MPLAD-2019-100063,MP_28,Hooghly,Karimpur-II,Kalinagar,Health,"Construction of waiting shed at Kalinagar Sub-Centre under MPLADS, Ward No. 2, Karimpur-II block, Hooghly district",44.14,2019,Completed,False,
MPLAD-2025-100944,MP_20,Hooghly,Santipur,Bahirgachi,Sanitation,"Construction of 4 community sanitary complex at Bahirgachi under MPLADS, Ward No. 12, Santipur block, Hooghly district",6.36,2025,Sanctioned,False,
MPLAD-2025-100755,MP_24,Hooghly,Haringhata,Kalinagar,Community,"Construction of community hall with toilet block at Kalinagar under MPLADS, Ward No. 15, Haringhata block, Hooghly district",15.95,2025,Completed,False,
MPLAD-2025-100447,MP_02,Howrah,Haringhata,Mamjoan,Electrification,"Providing LED high mast lighting at Mamjoan market area under MPLADS, Ward No. 6, Haringhata block, Howrah district",32.88,2025,Ongoing,False,
MPLAD-2022-100514,MP_20,Howrah,Chakdaha,Mamjoan,Education,"Construction of additional classroom block at Mamjoan Primary School under MPLADS, Ward No. 17, Chakdaha block, Howrah district",11.07,2022,Sanctioned,False,
MPLAD-2020-100078,MP_19,Murshidabad,Santipur,Nokari,Community,"Renovation of crematorium boundary wall at Nokari under MPLADS, Ward No. 21, Santipur block, Murshidabad district",8.05,2020,Completed,False,
MPLAD-2020-100904,MP_20,Bankura,Ranaghat-I,Rautari,Water,"Construction of overhead water reservoir of 1000 litre capacity at Rautari under MPLADS, Ward No. 11, Ranaghat-I block, Bankura district",21.92,2020,Ongoing,False,
MPLAD-2020-100309,MP_17,Bankura,Ranaghat-I,Muragachha,Community,"Renovation of crematorium boundary wall at Muragachha under MPLADS, Ward No. 5, Ranaghat-I block, Bankura district",15.76,2020,Completed,False,
MPLAD-2019-100672,MP_07,Hooghly,Karimpur-II,Dhantala,Water,"Construction of overhead water reservoir of 5000 litre capacity at Dhantala under MPLADS, Ward No. 20, Karimpur-II block, Hooghly district",16.57,2019,Ongoing,False,
MPLAD-2020-101163,MP_23,Bardhaman,Santipur,Dhantala,Education,"Construction of additional classroom block at Dhantala Primary School under MPLADS, Ward No. 17, Santipur block, Bardhaman district",12.62,2020,Completed,False,
MPLAD-2025-101112,MP_22,Murshidabad,Karimpur-II,Bhatjangla,Water,"Construction of overhead water reservoir of 8000 litre capacity at Bhatjangla under MPLADS, Ward No. 11, Karimpur-II block, Murshidabad district",11.9,2025,Ongoing,False,
MPLAD-2021-101052,MP_36,Hooghly,Haringhata,Nokari,Health,"Construction of waiting shed at Nokari Sub-Centre under MPLADS, Ward No. 23, Haringhata block, Hooghly district",41.76,2021,Completed,False,
MPLAD-2021-100198,MP_37,Malda,Nakashipara,Dhantala,Water,"Construction of overhead water reservoir of 4000 litre capacity at Dhantala under MPLADS, Ward No. 13, Nakashipara block, Malda district",37.93,2021,Completed,False,
MPLAD-2021-101031,MP_08,Malda,Hanskhali,Dhantala,Sports,"Development of playground with boundary fencing at Dhantala under MPLADS, Ward No. 5, Hanskhali block, Malda district",24.28,2021,Completed,False,
MPLAD-2023-100914,MP_01,Purulia,Nakashipara,Debagram,Road,"Construction of 415 m concrete road from Rautari to Nokari at Debagram under MPLADS, Ward No. 22, Nakashipara block, Purulia district",24.32,2023,Completed,False,
MPLAD-2024-100208,MP_31,Bardhaman,Krishnanagar-II,Mamjoan,Health,"Supply of ambulance to Krishnanagar-II Rural Hospital under MPLADS under MPLADS, Ward No. 15, Krishnanagar-II block, Bardhaman district",25.01,2024,Completed,False,
MPLAD-2019-100560,MP_09,Bardhaman,Karimpur-II,Muragachha,Health,"Supply of ambulance to Karimpur-II Rural Hospital under MPLADS under MPLADS, Ward No. 5, Karimpur-II block, Bardhaman district",25.86,2019,Completed,False,
MPLAD-2023-101138,MP_25,Purulia,Nakashipara,Debagram,Electrification,"Providing LED high mast lighting at Debagram market area under MPLADS, Ward No. 20, Nakashipara block, Purulia district",8.03,2023,Completed,False,
MPLAD-2019-101078,MP_35,Purulia,Chakdaha,Bahirgachi,Health,"Supply of ambulance to Chakdaha Rural Hospital under MPLADS under MPLADS, Ward No. 7, Chakdaha block, Purulia district",30.7,2019,Completed,False,
MPLAD-2022-100528,MP_35,Bardhaman,Nakashipara,Bahirgachi,Education,"Construction of additional classroom block at Bahirgachi Primary School under MPLADS, Ward No. 12, Nakashipara block, Bardhaman district",12.12,2022,Completed,False,
MPLAD-2021-100023,MP_15,Howrah,Hanskhali,Rautari,Electrification,"Installation of 2 solar street lights at Rautari, Hanskhali under MPLADS, Ward No. 6, Hanskhali block, Howrah district",37.6,2021,Ongoing,False,
MPLAD-2023-100991,MP_20,Purulia,Tehatta-I,Nokari,Sports,"Development of playground with boundary fencing at Nokari under MPLADS, Ward No. 21, Tehatta-I block, Purulia district",25.36,2023,Completed,False,
MPLAD-DUP-200073,MP_38,Nadia,Nakashipara,Mamjoan,Community,"Renovation of crematorium boundary wall at Mamjoan under MPLADS, Ward No. 13, Nakashipara block, Nadia district",44.77,2025,Completed,True,MPLAD-2025-100608
MPLAD-2020-100666,MP_32,Bankura,Haringhata,Nokari,Health,"Construction of waiting shed at Nokari Sub-Centre under MPLADS, Ward No. 11, Haringhata block, Bankura district",16.3,2020,Ongoing,False,
MPLAD-2021-100051,MP_05,Malda,Nakashipara,Barasat,Sports,"Development of playground with boundary fencing at Barasat under MPLADS, Ward No. 6, Nakashipara block, Malda district",6.59,2021,Completed,False,
MPLAD-2024-100621,MP_03,Jalpaiguri,Kaliganj,Barasat,Health,"Construction of waiting shed at Barasat Sub-Centre under MPLADS, Ward No. 11, Kaliganj block, Jalpaiguri district",30.03,2024,Completed,False,
MPLAD-2020-100043,MP_19,Hooghly,Karimpur-II,Jaguli,Community,"Construction of community hall with toilet block at Jaguli under MPLADS, Ward No. 8, Karimpur-II block, Hooghly district",18.25,2020,Ongoing,False,
MPLAD-2019-100196,MP_26,Bankura,Chakdaha,Debagram,Water,"Installation of 2 deep tube wells with submersible pump at Debagram under MPLADS, Ward No. 10, Chakdaha block, Bankura district",39.41,2019,Ongoing,False,
MPLAD-2022-101172,MP_25,Murshidabad,Hanskhali,Panchberia,Sports,"Development of playground with boundary fencing at Panchberia under MPLADS, Ward No. 18, Hanskhali block, Murshidabad district",43.3,2022,Completed,False,
MPLAD-2025-100811,MP_15,Purulia,Chakdaha,Kalinagar,Irrigation,"Re-excavation of village pond for irrigation at Kalinagar under MPLADS, Ward No. 10, Chakdaha block, Purulia district",9.04,2025,Completed,False,
MPLAD-2021-100184,MP_22,Bankura,Hanskhali,Jaguli,Education,"Construction of additional classroom block at Jaguli Primary School under MPLADS, Ward No. 10, Hanskhali block, Bankura district",15.45,2021,Completed,False,
MPLAD-2025-100825,MP_04,Nadia,Tehatta-I,Subarnapur,Education,"Supply of benches and desks to Subarnapur High School under MPLADS under MPLADS, Ward No. 17, Tehatta-I block, Nadia district",44.81,2025,Sanctioned,False,
MPLAD-2023-100809,MP_35,Hooghly,Ranaghat-I,Rautari,Road,"Improvement and metalling of village approach road at Rautari, Ranaghat-I under MPLADS, Ward No. 24, Ranaghat-I block, Hooghly district",30.09,2023,Ongoing,False,
MPLAD-2022-100367,MP_33,Howrah,Santipur,Bahirgachi,Road,"Improvement and metalling of village approach road at Bahirgachi, Santipur under MPLADS, Ward No. 16, Santipur block, Howrah district",25.22,2022,Completed,False,
MPLAD-2025-100643,MP_16,Bankura,Kaliganj,Aistala,Electrification,"Providing LED high mast lighting at Aistala market area under MPLADS, Ward No. 19, Kaliganj block, Bankura district",19.41,2025,Completed,False,
MPLAD-2019-100777,MP_29,Hooghly,Ranaghat-I,Nokari,Community,"Construction of community hall with toilet block at Nokari under MPLADS, Ward No. 10, Ranaghat-I block, Hooghly district",43.28,2019,Completed,False,
MPLAD-2020-101128,MP_14,Purulia,Haringhata,Nokari,Health,"Construction of waiting shed at Nokari Sub-Centre under MPLADS, Ward No. 19, Haringhata block, Purulia district",28.63,2020,Sanctioned,False,
MPLAD-2021-100261,MP_38,Bankura,Nakashipara,Muragachha,Electrification,"Providing LED high mast lighting at Muragachha market area under MPLADS, Ward No. 9, Nakashipara block, Bankura district",21.1,2021,Completed,False,
MPLAD-2020-100533,MP_39,Howrah,Krishnanagar-II,Jaguli,Water,"Construction of overhead water reservoir of 8000 litre capacity at Jaguli under MPLADS, Ward No. 16, Krishnanagar-II block, Howrah district",12.59,2020,Ongoing,False,
MPLAD-2019-100924,MP_39,Howrah,Kaliganj,Debagram,Electrification,"Installation of 1 solar street lights at Debagram, Kaliganj under MPLADS, Ward No. 20, Kaliganj block, Howrah district",26.23,2019,Completed,False,
MPLAD-2019-100945,MP_11,Hooghly,Santipur,Mamjoan,Electrification,"Providing LED high mast lighting at Mamjoan market area under MPLADS, Ward No. 5, Santipur block, Hooghly district",36.67,2019,Completed,False,
MPLAD-2020-101107,MP_34,Jalpaiguri,Krishnanagar-II,Debagram,Sanitation,"Construction of 2 community sanitary complex at Debagram under MPLADS, Ward No. 20, Krishnanagar-II block, Jalpaiguri district",19.97,2020,Sanctioned,False,
MPLAD-2025-101091,MP_36,Howrah,Nakashipara,Jaguli,Community,"Construction of community hall with toilet block at Jaguli under MPLADS, Ward No. 12, Nakashipara block, Howrah district",15.73,2025,Ongoing,False,
MPLAD-2022-100486,MP_21,Purulia,Krishnanagar-II,Muragachha,Health,"Construction of waiting shed at Muragachha Sub-Centre under MPLADS, Ward No. 2, Krishnanagar-II block, Purulia district",12.45,2022,Completed,False,
MPLAD-2020-100855,MP_19,Murshidabad,Nakashipara,Bahirgachi,Electrification,"Providing LED high mast lighting at Bahirgachi market area under MPLADS, Ward No. 10, Nakashipara block, Murshidabad district",6.21,2020,Ongoing,False,
MPLAD-2023-100970,MP_25,Murshidabad,Kaliganj,Dhantala,Education,"Supply of benches and desks to Dhantala High School under MPLADS under MPLADS, Ward No. 2, Kaliganj block, Murshidabad district",25.67,2023,Ongoing,False,
MPLAD-2025-100433,MP_28,Nadia,Santipur,Rautari,Education,"Supply of benches and desks to Rautari High School under MPLADS under MPLADS, Ward No. 10, Santipur block, Nadia district",28.37,2025,Completed,False,
MPLAD-2024-101006,MP_15,Nadia,Krishnanagar-II,Rautari,Health,"Construction of waiting shed at Rautari Sub-Centre under MPLADS, Ward No. 3, Krishnanagar-II block, Nadia district",15.67,2024,Completed,False,
MPLAD-2024-100838,MP_25,Jalpaiguri,Krishnanagar-II,Subarnapur,Education,"Supply of benches and desks to Subarnapur High School under MPLADS under MPLADS, Ward No. 3, Krishnanagar-II block, Jalpaiguri district",14.09,2024,Completed,False,
MPLAD-2023-100032,MP_25,Bardhaman,Hanskhali,Muragachha,Health,"Supply of ambulance to Hanskhali Rural Hospital under MPLADS under MPLADS, Ward No. 12, Hanskhali block, Bardhaman district",6.11,2023,Completed,False,
MPLAD-2019-100721,MP_17,Jalpaiguri,Hanskhali,Fatepur,Community,"Renovation of crematorium boundary wall at Fatepur under MPLADS, Ward No. 16, Hanskhali block, Jalpaiguri district",25.8,2019,Completed,False,
MPLAD-DUP-200075,MP_38,Jalpaiguri,Santipur,Mamjoan,Road,"Upgradation and black-topping of village approach road at Mamjoan, Santipur under MPLADS, Ward No. 10, Santipur block, Jalpaiguri district",39.02,2023,Completed,True,MPLAD-2022-100906
MPLAD-2021-100618,MP_04,Nadia,Ranaghat-I,Kalinagar,Education,"Construction of additional classroom block at Kalinagar Primary School under MPLADS, Ward No. 10, Ranaghat-I block, Nadia district",42.38,2021,Completed,False,
MPLAD-2023-100081,MP_33,Nadia,Kaliganj,Panchberia,Electrification,"Installation of 8 solar street lights at Panchberia, Kaliganj under MPLADS, Ward No. 18, Kaliganj block, Nadia district",22.49,2023,Ongoing,False,
MPLAD-2020-100813,MP_12,Hooghly,Chakdaha,Jaguli,Road,"Improvement and metalling of village approach road at Jaguli, Chakdaha under MPLADS, Ward No. 14, Chakdaha block, Hooghly district",6.89,2020,Sanctioned,False,
MPLAD-2019-100679,MP_39,Bankura,Karimpur-II,Muragachha,Water,"Installation of 4 deep tube wells with submersible pump at Muragachha under MPLADS, Ward No. 6, Karimpur-II block, Bankura district",4.34,2019,Sanctioned,False,
MPLAD-2020-101156,MP_04,Bardhaman,Karimpur-II,Bhatjangla,Road,"Improvement and metalling of village approach road at Bhatjangla, Karimpur-II under MPLADS, Ward No. 11, Karimpur-II block, Bardhaman district",24.51,2020,Completed,False,
MPLAD-2022-100591,MP_21,Jalpaiguri,Kaliganj,Subarnapur,Road,"Improvement and metalling of village approach road at Subarnapur, Kaliganj under MPLADS, Ward No. 5, Kaliganj block, Jalpaiguri district",2.96,2022,Completed,False,
MPLAD-2021-100415,MP_23,Birbhum,Chakdaha,Bhatjangla,Electrification,"Providing LED high mast lighting at Bhatjangla market area under MPLADS, Ward No. 15, Chakdaha block, Birbhum district",32.14,2021,Completed,False,
MPLAD-2025-100286,MP_20,Howrah,Chakdaha,Aistala,Community,"Renovation of crematorium boundary wall at Aistala under MPLADS, Ward No. 5, Chakdaha block, Howrah district",7.66,2025,Completed,False,
MPLAD-2021-100233,MP_17,Jalpaiguri,Nakashipara,Aistala,Community,"Construction of community hall with toilet block at Aistala under MPLADS, Ward No. 18, Nakashipara block, Jalpaiguri district",19.05,2021,Sanctioned,False,
MPLAD-2021-100842,MP_21,Nadia,Tehatta-I,Kalinagar,Health,"Supply of ambulance to Tehatta-I Rural Hospital under MPLADS under MPLADS, Ward No. 8, Tehatta-I block, Nadia district",4.16,2021,Ongoing,False,
MPLAD-2021-100247,MP_11,Murshidabad,Krishnanagar-II,Bhatjangla,Community,"Renovation of crematorium boundary wall at Bhatjangla under MPLADS, Ward No. 21, Krishnanagar-II block, Murshidabad district",39.2,2021,Ongoing,False,
MPLAD-2019-100427,MP_22,Birbhum,Tehatta-I,Kalinagar,Water,"Construction of overhead water reservoir of 2000 litre capacity at Kalinagar under MPLADS, Ward No. 23, Tehatta-I block, Birbhum district",25.99,2019,Completed,False,
MPLAD-2021-100254,MP_11,Murshidabad,Haringhata,Barasat,Electrification,"Providing LED high mast lighting at Barasat market area under MPLADS, Ward No. 2, Haringhata block, Murshidabad district",8.18,2021,Completed,False,
MPLAD-2022-100115,MP_39,Hooghly,Tehatta-I,Subarnapur,Community,"Construction of community hall with toilet block at Subarnapur under MPLADS, Ward No. 2, Tehatta-I block, Hooghly district",1.67,2022,Completed,False,
MPLAD-2022-100997,MP_30,Malda,Tehatta-I,Bhatjangla,Road,"Construction of 1743 m concrete road from Dhantala to Panchberia at Bhatjangla under MPLADS, Ward No. 2, Tehatta-I block, Malda district",15.28,2022,Ongoing,False,
MPLAD-2025-100244,MP_39,Jalpaiguri,Ranaghat-I,Dhantala,Electrification,"Installation of 5 solar street lights at Dhantala, Ranaghat-I under MPLADS, Ward No. 13, Ranaghat-I block, Jalpaiguri district",39.93,2025,Completed,False,
MPLAD-2024-100439,MP_24,Malda,Ranaghat-I,Muragachha,Sanitation,"Construction of 6 community sanitary complex at Muragachha under MPLADS, Ward No. 1, Ranaghat-I block, Malda district",27.98,2024,Completed,False,
MPLAD-2019-100231,MP_21,Purulia,Santipur,Bhatjangla,Sanitation,"Construction of 2 community sanitary complex at Bhatjangla under MPLADS, Ward No. 22, Santipur block, Purulia district",36.73,2019,Completed,False,
MPLAD-2023-100865,MP_35,Nadia,Hanskhali,Fatepur,Education,"Supply of benches and desks to Fatepur High School under MPLADS under MPLADS, Ward No. 16, Hanskhali block, Nadia district",29.13,2023,Completed,False,
MPLAD-2019-100630,MP_11,Murshidabad,Tehatta-I,Bahirgachi,Health,"Supply of ambulance to Tehatta-I Rural Hospital under MPLADS under MPLADS, Ward No. 18, Tehatta-I block, Murshidabad district",35.22,2019,Completed,False,
MPLAD-2025-100398,MP_33,Birbhum,Kaliganj,Jaguli,Water,"Construction of overhead water reservoir of 4000 litre capacity at Jaguli under MPLADS, Ward No. 14, Kaliganj block, Birbhum district",4.77,2025,Ongoing,False,
MPLAD-2022-100192,MP_17,Howrah,Kaliganj,Aistala,Electrification,"Installation of 8 solar street lights at Aistala, Kaliganj under MPLADS, Ward No. 22, Kaliganj block, Howrah district",6.65,2022,Ongoing,False,
MPLAD-2023-100410,MP_05,Birbhum,Karimpur-II,Mamjoan,Community,"Construction of community hall with toilet block at Mamjoan under MPLADS, Ward No. 1, Karimpur-II block, Birbhum district",10.93,2023,Completed,False,
MPLAD-2021-100240,MP_05,Malda,Ranaghat-I,Debagram,Irrigation,"Re-excavation of village pond for irrigation at Debagram under MPLADS, Ward No. 4, Ranaghat-I block, Malda district",11.87,2021,Completed,False,
MPLAD-2024-100572,MP_07,Purulia,Nakashipara,Fatepur,Education,"Construction of additional classroom block at Fatepur Primary School under MPLADS, Ward No. 2, Nakashipara block, Purulia district",28.13,2024,Completed,False,
MPLAD-2020-100722,MP_24,Jalpaiguri,Nakashipara,Dhantala,Sanitation,"Construction of 6 community sanitary complex at Dhantala under MPLADS, Ward No. 2, Nakashipara block, Jalpaiguri district",3.91,2020,Completed,False,
MPLAD-2021-100058,MP_26,Bardhaman,Kaliganj,Debagram,Electrification,"Providing LED high mast lighting at Debagram market area under MPLADS, Ward No. 2, Kaliganj block, Bardhaman district",29.78,2021,Completed,False,
MPLAD-DUP-200059,MP_21,Hooghly,Krishnanagar-II,Fatepur,Sanitation,"Building of 7 community sanitary complex at Fatepur under MPLADS, Ward No. 18, Krishnanagar-II block, Hooghly district",18.39,2024,Ongoing,True,MPLAD-2023-100557
MPLAD-2025-100720,MP_10,Bardhaman,Chakdaha,Fatepur,Road,"Improvement and metalling of village approach road at Fatepur, Chakdaha under MPLADS, Ward No. 5, Chakdaha block, Bardhaman district",44.95,2025,Completed,False,
MPLAD-2021-100597,MP_19,Jalpaiguri,Haringhata,Subarnapur,Electrification,"Providing LED high mast lighting at Subarnapur market area under MPLADS, Ward No. 19, Haringhata block, Jalpaiguri district",41.47,2021,Ongoing,False,
MPLAD-DUP-200070,MP_08,Birbhum,Kaliganj,Nokari,Health,"Procurement and supply of ambulance to Kaliganj Rural Hospital under MPLADS under MPLADS, Ward No. 18, Kaliganj block, Birbhum district",51.14,2023,Completed,True,MPLAD-2022-101032
MPLAD-2023-100613,MP_16,Nadia,Haringhata,Nokari,Water,"Construction of overhead water reservoir of 5000 litre capacity at Nokari under MPLADS, Ward No. 19, Haringhata block, Nadia district",20.85,2023,Completed,False,
MPLAD-2023-100844,MP_21,Bardhaman,Kaliganj,Fatepur,Sanitation,"Construction of 5 community sanitary complex at Fatepur under MPLADS, Ward No. 18, Kaliganj block, Bardhaman district",13.36,2023,Completed,False,
MPLAD-2021-100527,MP_22,Murshidabad,Tehatta-I,Bahirgachi,Education,"Supply of benches and desks to Bahirgachi High School under MPLADS under MPLADS, Ward No. 6, Tehatta-I block, Murshidabad district",34.21,2021,Completed,False,
MPLAD-2021-100989,MP_36,Purulia,Nakashipara,Panchberia,Health,"Construction of waiting shed at Panchberia Sub-Centre under MPLADS, Ward No. 6, Nakashipara block, Purulia district",14.94,2021,Sanctioned,False,
MPLAD-2019-100049,MP_10,Purulia,Krishnanagar-II,Kalinagar,Health,"Construction of waiting shed at Kalinagar Sub-Centre under MPLADS, Ward No. 24, Krishnanagar-II block, Purulia district",27.17,2019,Completed,False,
MPLAD-2021-100471,MP_13,Bankura,Karimpur-II,Barasat,Irrigation,"Re-excavation of village pond for irrigation at Barasat under MPLADS, Ward No. 4, Karimpur-II block, Bankura district",12.63,2021,Sanctioned,False,
MPLAD-2024-100467,MP_28,Hooghly,Hanskhali,Bhatjangla,Education,"Construction of additional classroom block at Bhatjangla Primary School under MPLADS, Ward No. 8, Hanskhali block, Hooghly district",32.13,2024,Ongoing,False,
MPLAD-2022-100535,MP_08,Malda,Chakdaha,Rautari,Road,"Improvement and metalling of village approach road at Rautari, Chakdaha under MPLADS, Ward No. 21, Chakdaha block, Malda district",5.19,2022,Completed,False,
MPLAD-2021-100086,MP_34,Howrah,Nakashipara,Subarnapur,Electrification,"Installation of 5 solar street lights at Subarnapur, Nakashipara under MPLADS, Ward No. 7, Nakashipara block, Howrah district",6.46,2021,Ongoing,False,
MPLAD-2023-101047,MP_26,Bankura,Nakashipara,Rautari,Electrification,"Installation of 4 solar street lights at Rautari, Nakashipara under MPLADS, Ward No. 2, Nakashipara block, Bankura district",18.42,2023,Sanctioned,False,
MPLAD-2023-100123,MP_36,Malda,Nakashipara,Kalinagar,Electrification,"Installation of 4 solar street lights at Kalinagar, Nakashipara under MPLADS, Ward No. 23, Nakashipara block, Malda district",39.15,2023,Ongoing,False,
MPLAD-2024-100243,MP_39,Howrah,Santipur,Panchberia,Water,"Installation of 6 deep tube wells with submersible pump at Panchberia under MPLADS, Ward No. 9, Santipur block, Howrah district",5.58,2024,Completed,False,
MPLAD-2024-101034,MP_28,Bankura,Santipur,Debagram,Community,"Renovation of crematorium boundary wall at Debagram under MPLADS, Ward No. 23, Santipur block, Bankura district",37.17,2024,Completed,False,
MPLAD-2019-101057,MP_21,Malda,Hanskhali,Jaguli,Water,"Installation of 2 deep tube wells with submersible pump at Jaguli under MPLADS, Ward No. 9, Hanskhali block, Malda district",25.08,2019,Completed,False,
MPLAD-DUP-200083,MP_17,Birbhum,Haringhata,Jaguli,Education,"Building of extra class rooms at Jaguli Primary School under MPLADS, Ward No. 3, Haringhata block, Birbhum district",4.1,2023,Completed,True,MPLAD-2022-100017
MPLAD-2024-100754,MP_39,Hooghly,Nakashipara,Subarnapur,Community,"Construction of community hall with toilet block at Subarnapur under MPLADS, Ward No. 19, Nakashipara block, Hooghly district",17.96,2024,Completed,False,
MPLAD-2021-100807,MP_15,Hooghly,Hanskhali,Muragachha,Education,"Construction of additional classroom block at Muragachha Primary School under MPLADS, Ward No. 4, Hanskhali block, Hooghly district",14.06,2021,Completed,False,
MPLAD-2023-100704,MP_31,Malda,Santipur,Dhantala,Education,"Construction of additional classroom block at Dhantala Primary School under MPLADS, Ward No. 13, Santipur block, Malda district",12.41,2023,Ongoing,False,
MPLAD-2021-100128,MP_19,Bardhaman,Krishnanagar-II,Rautari,Education,"Supply of benches and desks to Rautari High School under MPLADS under MPLADS, Ward No. 24, Krishnanagar-II block, Bardhaman district",12.79,2021,Completed,False,
MPLAD-2025-100377,MP_34,Hooghly,Kaliganj,Subarnapur,Education,"Supply of benches and desks to Subarnapur High School under MPLADS under MPLADS, Ward No. 20, Kaliganj block, Hooghly district",14.16,2025,Ongoing,False,
MPLAD-2021-100275,MP_18,Nadia,Haringhata,Panchberia,Community,"Construction of community hall with toilet block at Panchberia under MPLADS, Ward No. 12, Haringhata block, Nadia district",29.51,2021,Completed,False,
MPLAD-2023-100788,MP_18,Hooghly,Krishnanagar-II,Fatepur,Electrification,"Installation of 5 solar street lights at Fatepur, Krishnanagar-II under MPLADS, Ward No. 11, Krishnanagar-II block, Hooghly district",12.36,2023,Completed,False,
MPLAD-2024-101062,MP_09,Nadia,Krishnanagar-II,Mamjoan,Sports,"Development of playground with boundary fencing at Mamjoan under MPLADS, Ward No. 24, Krishnanagar-II block, Nadia district",41.36,2024,Ongoing,False,
MPLAD-2025-100461,MP_05,Hooghly,Chakdaha,Aistala,Health,"Construction of waiting shed at Aistala Sub-Centre under MPLADS, Ward No. 9, Chakdaha block, Hooghly district",24.05,2025,Completed,False,
MPLAD-2025-101147,MP_13,Purulia,Ranaghat-I,Jaguli,Community,"Renovation of crematorium boundary wall at Jaguli under MPLADS, Ward No. 17, Ranaghat-I block, Purulia district",1.55,2025,Ongoing,False,
MPLAD-2020-101093,MP_30,Bardhaman,Krishnanagar-II,Barasat,Community,"Renovation of crematorium boundary wall at Barasat under MPLADS, Ward No. 24, Krishnanagar-II block, Bardhaman district",36.01,2020,Ongoing,False,
MPLAD-2022-101018,MP_18,Murshidabad,Karimpur-II,Mamjoan,Sports,"Development of playground with boundary fencing at Mamjoan under MPLADS, Ward No. 21, Karimpur-II block, Murshidabad district",30.45,2022,Completed,False,
MPLAD-2021-101122,MP_33,Bardhaman,Kaliganj,Kalinagar,Road,"Construction of 474 m concrete road from Rautari to Kalinagar at Kalinagar under MPLADS, Ward No. 8, Kaliganj block, Bardhaman district",33.74,2021,Completed,False,
MPLAD-2019-101169,MP_17,Nadia,Nakashipara,Panchberia,Water,"Construction of overhead water reservoir of 8000 litre capacity at Panchberia under MPLADS, Ward No. 3, Nakashipara block, Nadia district",28.64,2019,Ongoing,False,
MPLAD-2020-100029,MP_27,Hooghly,Hanskhali,Bahirgachi,Health,"Construction of waiting shed at Bahirgachi Sub-Centre under MPLADS, Ward No. 5, Hanskhali block, Hooghly district",6.8,2020,Completed,False,
MPLAD-2025-100573,MP_22,Hooghly,Haringhata,Muragachha,Irrigation,"Re-excavation of village pond for irrigation at Muragachha under MPLADS, Ward No. 14, Haringhata block, Hooghly district",12.4,2025,Completed,False,
MPLAD-2019-100497,MP_22,Purulia,Chakdaha,Mamjoan,Education,"Construction of additional classroom block at Mamjoan Primary School under MPLADS, Ward No. 9, Chakdaha block, Purulia district",31.95,2019,Ongoing,False,
MPLAD-2022-100031,MP_20,Hooghly,Nakashipara,Muragachha,Health,"Construction of waiting shed at Muragachha Sub-Centre under MPLADS, Ward No. 2, Nakashipara block, Hooghly district",30.33,2022,Sanctioned,False,
MPLAD-2020-100316,MP_05,Jalpaiguri,Chakdaha,Barasat,Education,"Construction of additional classroom block at Barasat Primary School under MPLADS, Ward No. 19, Chakdaha block, Jalpaiguri district",41.94,2020,Sanctioned,False,
MPLAD-2023-100277,MP_07,Nadia,Karimpur-II,Rautari,Water,"Installation of 2 deep tube wells with submersible pump at Rautari under MPLADS, Ward No. 14, Karimpur-II block, Nadia district",37.36,2023,Sanctioned,False,
MPLAD-2025-100405,MP_02,Birbhum,Hanskhali,Aistala,Education,"Supply of benches and desks to Aistala High School under MPLADS under MPLADS, Ward No. 12, Hanskhali block, Birbhum district",35.73,2025,Completed,False,
MPLAD-2022-100220,MP_19,Jalpaiguri,Chakdaha,Rautari,Health,"Construction of waiting shed at Rautari Sub-Centre under MPLADS, Ward No. 9, Chakdaha block, Jalpaiguri district",18.55,2022,Completed,False,
MPLAD-2019-100070,MP_31,Malda,Nakashipara,Aistala,Sanitation,"Construction of 5 community sanitary complex at Aistala under MPLADS, Ward No. 15, Nakashipara block, Malda district",25.39,2019,Completed,False,
MPLAD-2020-100554,MP_28,Nadia,Karimpur-II,Mamjoan,Water,"Installation of 5 deep tube wells with submersible pump at Mamjoan under MPLADS, Ward No. 9, Karimpur-II block, Nadia district",21.67,2020,Sanctioned,False,
MPLAD-2020-100239,MP_18,Hooghly,Haringhata,Kalinagar,Electrification,"Installation of 1 solar street lights at Kalinagar, Haringhata under MPLADS, Ward No. 4, Haringhata block, Hooghly district",39.64,2020,Completed,False,
MPLAD-2020-100358,MP_19,Howrah,Tehatta-I,Bhatjangla,Sanitation,"Construction of 7 community sanitary complex at Bhatjangla under MPLADS, Ward No. 2, Tehatta-I block, Howrah district",19.76,2020,Completed,False,
MPLAD-2024-100908,MP_14,Murshidabad,Krishnanagar-II,Bhatjangla,Education,"Supply of benches and desks to Bhatjangla High School under MPLADS under MPLADS, Ward No. 3, Krishnanagar-II block, Murshidabad district",29.31,2024,Completed,False,
MPLAD-DUP-200002,MP_09,Bardhaman,Kaliganj,Subarnapur,Education,"Building of extra class rooms at Subarnapur Primary School under MPLADS, Ward No. 4, Kaliganj block, Bardhaman district",37.78,2025,Ongoing,True,MPLAD-2024-100768
MPLAD-2019-100259,MP_19,Bardhaman,Karimpur-II,Debagram,Community,"Construction of community hall with toilet block at Debagram under MPLADS, Ward No. 12, Karimpur-II block, Bardhaman district",23.21,2019,Completed,False,
MPLAD-2022-100808,MP_17,Howrah,Kaliganj,Kalinagar,Electrification,"Providing LED high mast lighting at Kalinagar market area under MPLADS, Ward No. 4, Kaliganj block, Howrah district",2.17,2022,Completed,False,
MPLAD-2019-100350,MP_25,Birbhum,Tehatta-I,Subarnapur,Education,"Supply of benches and desks to Subarnapur High School under MPLADS under MPLADS, Ward No. 5, Tehatta-I block, Birbhum district",24.88,2019,Completed,False,
MPLAD-2022-100549,MP_28,Birbhum,Ranaghat-I,Bhatjangla,Road,"Improvement and metalling of village approach road at Bhatjangla, Ranaghat-I under MPLADS, Ward No. 22, Ranaghat-I block, Birbhum district",11.78,2022,Completed,False,
MPLAD-2025-100048,MP_06,Nadia,Tehatta-I,Subarnapur,Electrification,"Installation of 5 solar street lights at Subarnapur, Tehatta-I under MPLADS, Ward No. 14, Tehatta-I block, Nadia district",43.21,2025,Ongoing,False,
MPLAD-2020-100113,MP_14,Bankura,Tehatta-I,Dhantala,Health,"Supply of ambulance to Tehatta-I Rural Hospital under MPLADS under MPLADS, Ward No. 20, Tehatta-I block, Bankura district",2.33,2020,Completed,False,
MPLAD-2020-100155,MP_18,Malda,Hanskhali,Kalinagar,Road,"Construction of 1408 m concrete road from Barasat to Aistala at Kalinagar under MPLADS, Ward No. 6, Hanskhali block, Malda district",11.95,2020,Ongoing,False,
MPLAD-2021-100464,MP_11,Jalpaiguri,Santipur,Barasat,Electrification,"Installation of 5 solar street lights at Barasat, Santipur under MPLADS, Ward No. 3, Santipur block, Jalpaiguri district",22.77,2021,Completed,False,
MPLAD-2024-100796,MP_39,Purulia,Santipur,Debagram,Electrification,"Providing LED high mast lighting at Debagram market area under MPLADS, Ward No. 21, Santipur block, Purulia district",30.94,2024,Ongoing,False,
MPLAD-2019-100889,MP_13,Hooghly,Nakashipara,Barasat,Road,"Construction of 337 m concrete road from Barasat to Fatepur at Barasat under MPLADS, Ward No. 16, Nakashipara block, Hooghly district",21.17,2019,Completed,False,
MPLAD-2023-100221,MP_18,Malda,Haringhata,Dhantala,Sports,"Development of playground with boundary fencing at Dhantala under MPLADS, Ward No. 5, Haringhata block, Malda district",14.68,2023,Completed,False,
MPLAD-2019-100770,MP_17,Purulia,Krishnanagar-II,Panchberia,Water,"Construction of overhead water reservoir of 1000 litre capacity at Panchberia under MPLADS, Ward No. 20, Krishnanagar-II block, Purulia district",19.41,2019,Completed,False,
MPLAD-DUP-200086,MP_03,Howrah,Ranaghat-I,Barasat,Education,"Building of extra class rooms at Barasat Primary School under MPLADS, Ward No. 13, Ranaghat-I block, Howrah district",34.45,2021,Completed,True,MPLAD-2020-100211
MPLAD-DUP-200016,MP_17,Howrah,Krishnanagar-II,Muragachha,Sports,"Development of playground with boundary fencing at Muragachha under MPLADS, Ward No. 6, Krishnanagar-II block, Howrah district",11.02,2025,Completed,True,MPLAD-2024-100523
MPLAD-2022-100983,MP_38,Birbhum,Krishnanagar-II,Panchberia,Sports,"Development of playground with boundary fencing at Panchberia under MPLADS, Ward No. 3, Krishnanagar-II block, Birbhum district",20.01,2022,Completed,False,
MPLAD-2021-100107,MP_19,Jalpaiguri,Nakashipara,Rautari,Health,"Supply of ambulance to Nakashipara Rural Hospital under MPLADS under MPLADS, Ward No. 6, Nakashipara block, Jalpaiguri district",31.22,2021,Completed,False,
MPLAD-2019-101099,MP_33,Bardhaman,Santipur,Rautari,Irrigation,"Re-excavation of village pond for irrigation at Rautari under MPLADS, Ward No. 8, Santipur block, Bardhaman district",6.35,2019,Completed,False,
MPLAD-2019-101043,MP_18,Birbhum,Haringhata,Muragachha,Community,"Construction of community hall with toilet block at Muragachha under MPLADS, Ward No. 23, Haringhata block, Birbhum district",4.66,2019,Ongoing,False,
MPLAD-2022-101039,MP_26,Bardhaman,Karimpur-II,Subarnapur,Sports,"Development of playground with boundary fencing at Subarnapur under MPLADS, Ward No. 6, Karimpur-II block, Bardhaman district",28.13,2022,Ongoing,False,
MPLAD-2021-100947,MP_23,Birbhum,Tehatta-I,Subarnapur,Education,"Supply of benches and desks to Subarnapur High School under MPLADS under MPLADS, Ward No. 15, Tehatta-I block, Birbhum district",35.97,2021,Completed,False,
MPLAD-DUP-200031,MP_01,Howrah,Karimpur-II,Panchberia,Electrification,"Installation of 8 solar-powered street lamps at Panchberia, Karimpur-II under MPLADS, Ward No. 3, Karimpur-II block, Howrah district",3.46,2025,Ongoing,True,MPLAD-2024-100187
MPLAD-2024-101195,MP_05,Howrah,Karimpur-II,Nokari,Sports,"Development of playground with boundary fencing at Nokari under MPLADS, Ward No. 8, Karimpur-II block, Howrah district",19.85,2024,Completed,False,
MPLAD-2020-100344,MP_17,Murshidabad,Nakashipara,Muragachha,Sports,"Development of playground with boundary fencing at Muragachha under MPLADS, Ward No. 13, Nakashipara block, Murshidabad district",24.88,2020,Completed,False,
MPLAD-2023-100802,MP_24,Birbhum,Karimpur-II,Rautari,Health,"Construction of waiting shed at Rautari Sub-Centre under MPLADS, Ward No. 4, Karimpur-II block, Birbhum district",4.49,2023,Completed,False,
MPLAD-2021-100394,MP_04,Birbhum,Nakashipara,Barasat,Health,"Supply of ambulance to Nakashipara Rural Hospital under MPLADS under MPLADS, Ward No. 11, Nakashipara block, Birbhum district",15.24,2021,Completed,False,
MPLAD-2019-100210,MP_21,Howrah,Kaliganj,Fatepur,Electrification,"Providing LED high mast lighting at Fatepur market area under MPLADS, Ward No. 20, Kaliganj block, Howrah district",23.61,2019,Completed,False,
MPLAD-DUP-200005,MP_29,Purulia,Karimpur-II,Fatepur,Road,"Construction of 830 m concrete road from Aistala to Fatepur at Fatepur under MPLADS, Ward No. 20, Karimpur-II block, Purulia district",13.3,2020,Ongoing,True,MPLAD-2019-101113
MPLAD-2021-101150,MP_37,Murshidabad,Santipur,Kalinagar,Sports,"Development of playground with boundary fencing at Kalinagar under MPLADS, Ward No. 23, Santipur block, Murshidabad district",27.11,2021,Completed,False,
MPLAD-2025-100503,MP_17,Jalpaiguri,Karimpur-II,Nokari,Electrification,"Installation of 7 solar street lights at Nokari, Karimpur-II under MPLADS, Ward No. 15, Karimpur-II block, Jalpaiguri district",6.22,2025,Completed,False,
MPLAD-2019-100168,MP_30,Bankura,Santipur,Panchberia,Electrification,"Providing LED high mast lighting at Panchberia market area under MPLADS, Ward No. 10, Santipur block, Bankura district",6.67,2019,Completed,False,
MPLAD-2024-100481,MP_02,Birbhum,Santipur,Fatepur,Education,"Construction of additional classroom block at Fatepur Primary School under MPLADS, Ward No. 9, Santipur block, Birbhum district",38.7,2024,Completed,False,
MPLAD-2022-100668,MP_37,Hooghly,Krishnanagar-II,Nokari,Road,"Construction of 277 m concrete road from Muragachha to Subarnapur at Nokari under MPLADS, Ward No. 17, Krishnanagar-II block, Hooghly district",3.53,2022,Ongoing,False,
MPLAD-2023-100494,MP_01,Nadia,Ranaghat-I,Kalinagar,Road,"Construction of 894 m concrete road from Kalinagar to Panchberia at Kalinagar under MPLADS, Ward No. 7, Ranaghat-I block, Nadia district",14.04,2023,Ongoing,False,
MPLAD-2020-100428,MP_33,Birbhum,Haringhata,Rautari,Community,"Renovation of crematorium boundary wall at Rautari under MPLADS, Ward No. 21, Haringhata block, Birbhum district",27.34,2020,Completed,False,
MPLAD-2020-100764,MP_26,Birbhum,Kaliganj,Rautari,Road,"Improvement and metalling of village approach road at Rautari, Kaliganj under MPLADS, Ward No. 12, Kaliganj block, Birbhum district",29.82,2020,Sanctioned,False,
MPLAD-2024-100551,MP_02,Bankura,Tehatta-I,Subarnapur,Water,"Installation of 1 deep tube wells with submersible pump at Subarnapur under MPLADS, Ward No. 11, Tehatta-I block, Bankura district",30.9,2024,Completed,False,
MPLAD-2025-100174,MP_35,Birbhum,Karimpur-II,Bahirgachi,Electrification,"Installation of 1 solar street lights at Bahirgachi, Karimpur-II under MPLADS, Ward No. 9, Karimpur-II block, Birbhum district",29.61,2025,Completed,False,
MPLAD-2024-101048,MP_22,Birbhum,Hanskhali,Barasat,Water,"Installation of 6 deep tube wells with submersible pump at Barasat under MPLADS, Ward No. 1, Hanskhali block, Birbhum district",13.9,2024,Ongoing,False,
MPLAD-2023-100816,MP_33,Howrah,Hanskhali,Subarnapur,Education,"Construction of additional classroom block at Subarnapur Primary School under MPLADS, Ward No. 16, Hanskhali block, Howrah district",44.86,2023,Completed,False,
MPLAD-2021-100352,MP_24,Bardhaman,Ranaghat-I,Kalinagar,Water,"Installation of 4 deep tube wells with submersible pump at Kalinagar under MPLADS, Ward No. 22, Ranaghat-I block, Bardhaman district",16.23,2021,Completed,False,
MPLAD-2024-101097,MP_34,Howrah,Santipur,Bhatjangla,Health,"Supply of ambulance to Santipur Rural Hospital under MPLADS under MPLADS, Ward No. 16, Santipur block, Howrah district",2.54,2024,Ongoing,False,
MPLAD-2024-100054,MP_31,Murshidabad,Haringhata,Subarnapur,Community,"Construction of community hall with toilet block at Subarnapur under MPLADS, Ward No. 5, Haringhata block, Murshidabad district",22.35,2024,Completed,False,
MPLAD-2024-101083,MP_15,Jalpaiguri,Nakashipara,Fatepur,Electrification,"Providing LED high mast lighting at Fatepur market area under MPLADS, Ward No. 22, Nakashipara block, Jalpaiguri district",7.84,2024,Sanctioned,False,
MPLAD-2022-100493,MP_31,Purulia,Tehatta-I,Bahirgachi,Community,"Renovation of crematorium boundary wall at Bahirgachi under MPLADS, Ward No. 1, Tehatta-I block, Purulia district",42.28,2022,Sanctioned,False,
MPLAD-2021-100730,MP_05,Hooghly,Krishnanagar-II,Aistala,Education,"Supply of benches and desks to Aistala High School under MPLADS under MPLADS, Ward No. 19, Krishnanagar-II block, Hooghly district",41.8,2021,Completed,False,
MPLAD-2019-100056,MP_33,Purulia,Ranaghat-I,Subarnapur,Health,"Supply of ambulance to Ranaghat-I Rural Hospital under MPLADS under MPLADS, Ward No. 14, Ranaghat-I block, Purulia district",14.35,2019,Completed,False,
MPLAD-2019-100693,MP_38,Malda,Ranaghat-I,Debagram,Education,"Supply of benches and desks to Debagram High School under MPLADS under MPLADS, Ward No. 8, Ranaghat-I block, Malda district",21.64,2019,Ongoing,False,
MPLAD-2021-100163,MP_13,Malda,Tehatta-I,Debagram,Education,"Construction of additional classroom block at Debagram Primary School under MPLADS, Ward No. 22, Tehatta-I block, Malda district",34.07,2021,Ongoing,False,
MPLAD-2023-100109,MP_02,Hooghly,Ranaghat-I,Muragachha,Education,"Construction of additional classroom block at Muragachha Primary School under MPLADS, Ward No. 3, Ranaghat-I block, Hooghly district",6.31,2023,Ongoing,False,
MPLAD-2019-101190,MP_09,Hooghly,Ranaghat-I,Aistala,Education,"Construction of additional classroom block at Aistala Primary School under MPLADS, Ward No. 24, Ranaghat-I block, Hooghly district",31.29,2019,Ongoing,False,
MPLAD-2025-100783,MP_36,Nadia,Santipur,Panchberia,Road,"Improvement and metalling of village approach road at Panchberia, Santipur under MPLADS, Ward No. 23, Santipur block, Nadia district",39.8,2025,Completed,False,
MPLAD-2020-100582,MP_07,Nadia,Karimpur-II,Mamjoan,Road,"Improvement and metalling of village approach road at Mamjoan, Karimpur-II under MPLADS, Ward No. 11, Karimpur-II block, Nadia district",21.11,2020,Completed,False,
MPLAD-2020-100617,MP_03,Murshidabad,Nakashipara,Debagram,Community,"Construction of community hall with toilet block at Debagram under MPLADS, Ward No. 22, Nakashipara block, Murshidabad district",10.27,2020,Completed,False,
MPLAD-2023-100361,MP_25,Howrah,Hanskhali,Debagram,Road,"Construction of 1191 m concrete road from Aistala to Aistala at Debagram under MPLADS, Ward No. 7, Hanskhali block, Howrah district",31.54,2023,Completed,False,
MPLAD-2020-100743,MP_01,Hooghly,Karimpur-II,Fatepur,Electrification,"Providing LED high mast lighting at Fatepur market area under MPLADS, Ward No. 8, Karimpur-II block, Hooghly district",3.77,2020,Sanctioned,False,
MPLAD-2025-100678,MP_08,Bankura,Nakashipara,Aistala,Health,"Supply of ambulance to Nakashipara Rural Hospital under MPLADS under MPLADS, Ward No. 10, Nakashipara block, Bankura district",24.55,2025,Completed,False,
MPLAD-2019-100490,MP_03,Purulia,Haringhata,Jaguli,Electrification,"Providing LED high mast lighting at Jaguli market area under MPLADS, Ward No. 22, Haringhata block, Purulia district",25.94,2019,Completed,False,
MPLAD-2020-100631,MP_08,Nadia,Chakdaha,Bahirgachi,Irrigation,"Re-excavation of village pond for irrigation at Bahirgachi under MPLADS, Ward No. 17, Chakdaha block, Nadia district",28.19,2020,Completed,False,
MPLAD-2019-101092,MP_13,Birbhum,Ranaghat-I,Rautari,Community,"Construction of community hall with toilet block at Rautari under MPLADS, Ward No. 12, Ranaghat-I block, Birbhum district",31.96,2019,Ongoing,False,
MPLAD-DUP-200040,MP_34,Murshidabad,Santipur,Aistala,Irrigation,"Re-excavation of village pond for irrigation at Aistala under MPLADS, Ward No. 9, Santipur block, Murshidabad district",49.06,2022,Completed,True,MPLAD-2021-101038
MPLAD-2024-100712,MP_36,Murshidabad,Haringhata,Dhantala,Water,"Construction of overhead water reservoir of 5000 litre capacity at Dhantala under MPLADS, Ward No. 15, Haringhata block, Murshidabad district",5.98,2024,Completed,False,
MPLAD-2019-100651,MP_10,Malda,Santipur,Bahirgachi,Health,"Supply of ambulance to Santipur Rural Hospital under MPLADS under MPLADS, Ward No. 9, Santipur block, Malda district",13.43,2019,Ongoing,False,
MPLAD-DUP-200055,MP_25,Hooghly,Santipur,Bhatjangla,Community,"Building of community centre with toilet block at Bhatjangla under MPLADS, Ward No. 15, Santipur block, Hooghly district",31.61,2022,Completed,True,MPLAD-2021-100065
MPLAD-2022-101144,MP_27,Jalpaiguri,Haringhata,Jaguli,Health,"Construction of waiting shed at Jaguli Sub-Centre under MPLADS, Ward No. 8, Haringhata block, Jalpaiguri district",17.22,2022,Completed,False,
MPLAD-DUP-200048,MP_13,Jalpaiguri,Haringhata,Bahirgachi,Health,"Building of waiting shed at Bahirgachi Sub-Centre under MPLADS, Ward No. 3, Haringhata block, Jalpaiguri district",23.09,2021,Ongoing,True,MPLAD-2020-100106
MPLAD-2025-100965,MP_10,Nadia,Santipur,Kalinagar,Community,"Renovation of crematorium boundary wall at Kalinagar under MPLADS, Ward No. 8, Santipur block, Nadia district",3.41,2025,Completed,False,
MPLAD-2024-100579,MP_38,Bankura,Tehatta-I,Debagram,Health,"Supply of ambulance to Tehatta-I Rural Hospital under MPLADS under MPLADS, Ward No. 8, Tehatta-I block, Bankura district",18.69,2024,Ongoing,False,
MPLAD-2021-101066,MP_09,Nadia,Nakashipara,Muragachha,Community,"Construction of community hall with toilet block at Muragachha under MPLADS, Ward No. 14, Nakashipara block, Nadia district",9.34,2021,Ongoing,False,
MPLAD-2023-100886,MP_16,Purulia,Krishnanagar-II,Fatepur,Education,"Construction of additional classroom block at Fatepur Primary School under MPLADS, Ward No. 7, Krishnanagar-II block, Purulia district",14.11,2023,Completed,False,
MPLAD-2022-101193,MP_32,Jalpaiguri,Kaliganj,Debagram,Health,"Construction of waiting shed at Debagram Sub-Centre under MPLADS, Ward No. 18, Kaliganj block, Jalpaiguri district",30.85,2022,Completed,False,
MPLAD-2019-100917,MP_31,Birbhum,Haringhata,Panchberia,Electrification,"Installation of 6 solar street lights at Panchberia, Haringhata under MPLADS, Ward No. 15, Haringhata block, Birbhum district",4.99,2019,Completed,False,
MPLAD-2021-100380,MP_20,Jalpaiguri,Tehatta-I,Panchberia,Education,"Construction of additional classroom block at Panchberia Primary School under MPLADS, Ward No. 22, Tehatta-I block, Jalpaiguri district",36.55,2021,Sanctioned,False,
MPLAD-2023-100585,MP_36,Murshidabad,Chakdaha,Jaguli,Water,"Construction of overhead water reservoir of 3000 litre capacity at Jaguli under MPLADS, Ward No. 4, Chakdaha block, Murshidabad district",14.33,2023,Ongoing,False,
MPLAD-2023-101061,MP_26,Hooghly,Santipur,Jaguli,Sanitation,"Construction of 8 community sanitary complex at Jaguli under MPLADS, Ward No. 24, Santipur block, Hooghly district",32.62,2023,Completed,False,
MPLAD-2025-101070,MP_36,Howrah,Krishnanagar-II,Bhatjangla,Water,"Installation of 1 deep tube wells with submersible pump at Bhatjangla under MPLADS, Ward No. 7, Krishnanagar-II block, Howrah district",33.85,2025,Completed,False,
MPLAD-2020-100869,MP_10,Nadia,Hanskhali,Nokari,Electrification,"Installation of 5 solar street lights at Nokari, Hanskhali under MPLADS, Ward No. 17, Hanskhali block, Nadia district",16.67,2020,Ongoing,False,
MPLAD-2021-100170,MP_35,Bankura,Hanskhali,Panchberia,Water,"Installation of 8 deep tube wells with submersible pump at Panchberia under MPLADS, Ward No. 5, Hanskhali block, Bankura district",9.87,2021,Completed,False,
MPLAD-2025-100916,MP_18,Bankura,Krishnanagar-II,Bhatjangla,Health,"Supply of ambulance to Krishnanagar-II Rural Hospital under MPLADS under MPLADS, Ward No. 13, Krishnanagar-II block, Bankura district",10.33,2025,Ongoing,False,
MPLAD-DUP-200012,MP_13,Bankura,Kaliganj,Debagram,Road,"Upgradation and black-topping of village approach road at Debagram, Kaliganj under MPLADS, Ward No. 23, Kaliganj block, Bankura district",43.98,2025,Completed,True,MPLAD-2024-101174
MPLAD-2019-100420,MP_12,Howrah,Karimpur-II,Rautari,Water,"Installation of 8 deep tube wells with submersible pump at Rautari under MPLADS, Ward No. 4, Karimpur-II block, Howrah district",19.7,2019,Completed,False,
MPLAD-2023-100298,MP_15,Murshidabad,Krishnanagar-II,Panchberia,Health,"Supply of ambulance to Krishnanagar-II Rural Hospital under MPLADS under MPLADS, Ward No. 8, Krishnanagar-II block, Murshidabad district",38.59,2023,Completed,False,
MPLAD-2023-100984,MP_03,Birbhum,Krishnanagar-II,Aistala,Community,"Construction of community hall with toilet block at Aistala under MPLADS, Ward No. 7, Krishnanagar-II block, Birbhum district",10.64,2023,Completed,False,
MPLAD-2025-100209,MP_09,Murshidabad,Haringhata,Aistala,Electrification,"Installation of 2 solar street lights at Aistala, Haringhata under MPLADS, Ward No. 5, Haringhata block, Murshidabad district",32.9,2025,Completed,False,
MPLAD-2025-100832,MP_21,Murshidabad,Krishnanagar-II,Fatepur,Health,"Construction of waiting shed at Fatepur Sub-Centre under MPLADS, Ward No. 12, Krishnanagar-II block, Murshidabad district",35.94,2025,Ongoing,False,
MPLAD-2021-100296,MP_39,Bardhaman,Krishnanagar-II,Debagram,Road,"Improvement and metalling of village approach road at Debagram, Krishnanagar-II under MPLADS, Ward No. 21, Krishnanagar-II block, Bardhaman district",9.61,2021,Completed,False,
MPLAD-2019-100140,MP_06,Howrah,Haringhata,Debagram,Community,"Renovation of crematorium boundary wall at Debagram under MPLADS, Ward No. 20, Haringhata block, Howrah district",41.55,2019,Completed,False,
MPLAD-2019-100868,MP_08,Birbhum,Tehatta-I,Panchberia,Electrification,"Providing LED high mast lighting at Panchberia market area under MPLADS, Ward No. 22, Tehatta-I block, Birbhum district",2.94,2019,Completed,False,
MPLAD-2019-100371,MP_27,Bankura,Hanskhali,Bhatjangla,Education,"Supply of benches and desks to Bhatjangla High School under MPLADS under MPLADS, Ward No. 14, Hanskhali block, Bankura district",21.37,2019,Ongoing,False,
MPLAD-2023-100543,MP_07,Bardhaman,Ranaghat-I,Dhantala,Education,"Construction of additional classroom block at Dhantala Primary School under MPLADS, Ward No. 13, Ranaghat-I block, Bardhaman district",30.48,2023,Ongoing,False,
MPLAD-2023-100599,MP_35,Jalpaiguri,Hanskhali,Dhantala,Electrification,"Installation of 8 solar street lights at Dhantala, Hanskhali under MPLADS, Ward No. 24, Hanskhali block, Jalpaiguri district",9.11,2023,Completed,False,
MPLAD-2021-101094,MP_26,Hooghly,Krishnanagar-II,Jaguli,Water,"Installation of 2 deep tube wells with submersible pump at Jaguli under MPLADS, Ward No. 19, Krishnanagar-II block, Hooghly district",42.18,2021,Completed,False,
MPLAD-2020-100701,MP_19,Hooghly,Chakdaha,Subarnapur,Health,"Supply of ambulance to Chakdaha Rural Hospital under MPLADS under MPLADS, Ward No. 11, Chakdaha block, Hooghly district",18.35,2020,Sanctioned,False,
MPLAD-2021-100303,MP_16,Nadia,Santipur,Dhantala,Community,"Renovation of crematorium boundary wall at Dhantala under MPLADS, Ward No. 7, Santipur block, Nadia district",16.25,2021,Completed,False,
MPLAD-2022-100199,MP_36,Nadia,Ranaghat-I,Debagram,Education,"Construction of additional classroom block at Debagram Primary School under MPLADS, Ward No. 23, Ranaghat-I block, Nadia district",26.18,2022,Completed,False,
MPLAD-2023-100746,MP_06,Nadia,Krishnanagar-II,Nokari,Sports,"Development of playground with boundary fencing at Nokari under MPLADS, Ward No. 11, Krishnanagar-II block, Nadia district",1.69,2023,Completed,False,
MPLAD-2020-100820,MP_27,Malda,Ranaghat-I,Aistala,Water,"Construction of overhead water reservoir of 3000 litre capacity at Aistala under MPLADS, Ward No. 21, Ranaghat-I block, Malda district",4.44,2020,Completed,False,
MPLAD-2021-100282,MP_29,Hooghly,Santipur,Rautari,Irrigation,"Re-excavation of village pond for irrigation at Rautari under MPLADS, Ward No. 18, Santipur block, Hooghly district",10.86,2021,Ongoing,False,
MPLAD-2022-100010,MP_03,Bardhaman,Chakdaha,Mamjoan,Irrigation,"Re-excavation of village pond for irrigation at Mamjoan under MPLADS, Ward No. 24, Chakdaha block, Bardhaman district",13.74,2022,Completed,False,
MPLAD-2019-100147,MP_36,Bankura,Karimpur-II,Jaguli,Education,"Supply of benches and desks to Jaguli High School under MPLADS under MPLADS, Ward No. 4, Karimpur-II block, Bankura district",19.74,2019,Ongoing,False,
MPLAD-2022-100339,MP_24,Bardhaman,Karimpur-II,Panchberia,Community,"Construction of community hall with toilet block at Panchberia under MPLADS, Ward No. 1, Karimpur-II block, Bardhaman district",7.32,2022,Ongoing,False,
MPLAD-DUP-200068,MP_39,Hooghly,Nakashipara,Subarnapur,Community,"Building of community centre with toilet block at Subarnapur under MPLADS, Ward No. 19, Nakashipara block, Hooghly district",20.23,2025,Completed,True,MPLAD-2024-100754
MPLAD-DUP-200080,MP_37,Jalpaiguri,Karimpur-II,Mamjoan,Road,"Building of 1393 m RCC road from Fatepur to Subarnapur at Mamjoan under MPLADS, Ward No. 13, Karimpur-II block, Jalpaiguri district",28.43,2023,Completed,True,MPLAD-2022-100577
MPLAD-2024-100705,MP_08,Hooghly,Kaliganj,Panchberia,Electrification,"Installation of 8 solar street lights at Panchberia, Kaliganj under MPLADS, Ward No. 22, Kaliganj block, Hooghly district",38.84,2024,Completed,False,
MPLAD-2020-100351,MP_27,Hooghly,Haringhata,Dhantala,Community,"Construction of community hall with toilet block at Dhantala under MPLADS, Ward No. 21, Haringhata block, Hooghly district",5.43,2020,Completed,False,
MPLAD-2023-100382,MP_30,Purulia,Chakdaha,Barasat,Education,"Construction of additional classroom block at Barasat Primary School under MPLADS, Ward No. 3, Chakdaha block, Purulia district",16.35,2023,Ongoing,False,
MPLAD-DUP-200089,MP_01,Purulia,Nakashipara,Debagram,Road,"Building of 415 m concrete road from Rautari to Nokari at Debagram under MPLADS, Ward No. 22, Nakashipara block, Purulia district",28.25,2024,Completed,True,MPLAD-2023-100914
MPLAD-2023-100270,MP_13,Bardhaman,Haringhata,Kalinagar,Road,"Construction of 1064 m concrete road from Bahirgachi to Bhatjangla at Kalinagar under MPLADS, Ward No. 24, Haringhata block, Bardhaman district",9.2,2023,Ongoing,False,
MPLAD-2024-100859,MP_33,Birbhum,Nakashipara,Nokari,Water,"Installation of 8 deep tube wells with submersible pump at Nokari under MPLADS, Ward No. 18, Nakashipara block, Birbhum district",33.86,2024,Sanctioned,False,
MPLAD-2021-100135,MP_14,Bardhaman,Karimpur-II,Subarnapur,Water,"Installation of 5 deep tube wells with submersible pump at Subarnapur under MPLADS, Ward No. 4, Karimpur-II block, Bardhaman district",24.59,2021,Completed,False,
MPLAD-2019-101155,MP_04,Jalpaiguri,Karimpur-II,Bhatjangla,Sanitation,"Construction of 5 community sanitary complex at Bhatjangla under MPLADS, Ward No. 6, Karimpur-II block, Jalpaiguri district",16.25,2019,Completed,False,
MPLAD-2021-100289,MP_15,Bardhaman,Santipur,Mamjoan,Health,"Construction of waiting shed at Mamjoan Sub-Centre under MPLADS, Ward No. 8, Santipur block, Bardhaman district",24.57,2021,Completed,False,
MPLAD-2024-100852,MP_25,Birbhum,Chakdaha,Rautari,Irrigation,"Re-excavation of village pond for irrigation at Rautari under MPLADS, Ward No. 2, Chakdaha block, Birbhum district",36.27,2024,Completed,False,
MPLAD-2022-101165,MP_14,Howrah,Chakdaha,Muragachha,Education,"Construction of additional classroom block at Muragachha Primary School under MPLADS, Ward No. 16, Chakdaha block, Howrah district",18.53,2022,Completed,False,
MPLAD-2019-100847,MP_10,Nadia,Haringhata,Bhatjangla,Water,"Construction of overhead water reservoir of 7000 litre capacity at Bhatjangla under MPLADS, Ward No. 16, Haringhata block, Nadia district",13.14,2019,Completed,False,
MPLAD-2023-100158,MP_07,Hooghly,Haringhata,Panchberia,Electrification,"Installation of 3 solar street lights at Panchberia, Haringhata under MPLADS, Ward No. 11, Haringhata block, Hooghly district",19.89,2023,Completed,False,
MPLAD-DUP-200000,MP_02,Birbhum,Hanskhali,Bahirgachi,Sanitation,"Building of 3 community sanitary complex at Bahirgachi under MPLADS, Ward No. 6, Hanskhali block, Birbhum district",36.2,2021,Ongoing,True,MPLAD-2020-100365
MPLAD-2023-101124,MP_11,Purulia,Tehatta-I,Subarnapur,Community,"Renovation of crematorium boundary wall at Subarnapur under MPLADS, Ward No. 21, Tehatta-I block, Purulia district",5.13,2023,Completed,False,
MPLAD-2024-100348,MP_39,Purulia,Haringhata,Aistala,Road,"Construction of 871 m concrete road from Kalinagar to Panchberia at Aistala under MPLADS, Ward No. 10, Haringhata block, Purulia district",8.48,2024,Completed,False,
MPLAD-2025-101133,MP_12,Purulia,Kaliganj,Nokari,Road,"Improvement and metalling of village approach road at Nokari, Kaliganj under MPLADS, Ward No. 20, Kaliganj block, Purulia district",10.84,2025,Completed,False,
MPLAD-2020-100589,MP_19,Murshidabad,Krishnanagar-II,Bhatjangla,Health,"Construction of waiting shed at Bhatjangla Sub-Centre under MPLADS, Ward No. 15, Krishnanagar-II block, Murshidabad district",36.23,2020,Sanctioned,False,
MPLAD-2024-100803,MP_24,Murshidabad,Nakashipara,Aistala,Education,"Construction of additional classroom block at Aistala Primary School under MPLADS, Ward No. 4, Nakashipara block, Murshidabad district",33.47,2024,Ongoing,False,
MPLAD-2019-100861,MP_18,Hooghly,Nakashipara,Muragachha,Electrification,"Providing LED high mast lighting at Muragachha market area under MPLADS, Ward No. 5, Nakashipara block, Hooghly district",6.91,2019,Completed,False,
MPLAD-2024-100096,MP_36,Howrah,Karimpur-II,Subarnapur,Water,"Installation of 1 deep tube wells with submersible pump at Subarnapur under MPLADS, Ward No. 18, Karimpur-II block, Howrah district",23.12,2024,Completed,False,
MPLAD-DUP-200081,MP_31,Birbhum,Santipur,Panchberia,Education,"Building of extra class rooms at Panchberia Primary School under MPLADS, Ward No. 6, Santipur block, Birbhum district",23.3,2025,Completed,True,MPLAD-2025-100321
MPLAD-2024-100306,MP_04,Malda,Kaliganj,Debagram,Road,"Improvement and metalling of village approach road at Debagram, Kaliganj under MPLADS, Ward No. 19, Kaliganj block, Malda district",44.75,2024,Ongoing,False,
MPLAD-2025-100594,MP_34,Bankura,Chakdaha,Rautari,Electrification,"Providing LED high mast lighting at Rautari market area under MPLADS, Ward No. 16, Chakdaha block, Bankura district",18.74,2025,Ongoing,False,
MPLAD-2021-100156,MP_09,Bardhaman,Santipur,Rautari,Electrification,"Installation of 3 solar street lights at Rautari, Santipur under MPLADS, Ward No. 12, Santipur block, Bardhaman district",37.0,2021,Ongoing,False,
MPLAD-2023-100438,MP_01,Bankura,Tehatta-I,Fatepur,Sports,"Development of playground with boundary fencing at Fatepur under MPLADS, Ward No. 4, Tehatta-I block, Bankura district",43.43,2023,Ongoing,False,
MPLAD-2023-100522,MP_35,Murshidabad,Karimpur-II,Nokari,Community,"Construction of community hall with toilet block at Nokari under MPLADS, Ward No. 13, Karimpur-II block, Murshidabad district",3.99,2023,Completed,False,
MPLAD-2023-100312,MP_11,Purulia,Nakashipara,Fatepur,Sports,"Development of playground with boundary fencing at Fatepur under MPLADS, Ward No. 6, Nakashipara block, Purulia district",41.94,2023,Completed,False,
MPLAD-2020-100561,MP_23,Jalpaiguri,Ranaghat-I,Fatepur,Community,"Construction of community hall with toilet block at Fatepur under MPLADS, Ward No. 3, Ranaghat-I block, Jalpaiguri district",23.69,2020,Completed,False,
MPLAD-2022-100626,MP_12,Bardhaman,Chakdaha,Barasat,Education,"Construction of additional classroom block at Barasat Primary School under MPLADS, Ward No. 3, Chakdaha block, Bardhaman district",8.21,2022,Ongoing,False,
MPLAD-DUP-200003,MP_19,Jalpaiguri,Hanskhali,Aistala,Education,"Procurement and supply of benches and desks to Aistala High School under MPLADS under MPLADS, Ward No. 15, Hanskhali block, Jalpaiguri district",13.94,2022,Completed,True,MPLAD-2021-100940
MPLAD-2020-100806,MP_23,Malda,Ranaghat-I,Panchberia,Electrification,"Installation of 7 solar street lights at Panchberia, Ranaghat-I under MPLADS, Ward No. 7, Ranaghat-I block, Malda district",5.04,2020,Completed,False,
MPLAD-2022-100605,MP_26,Hooghly,Krishnanagar-II,Panchberia,Sanitation,"Construction of 4 community sanitary complex at Panchberia under MPLADS, Ward No. 20, Krishnanagar-II block, Hooghly district",35.56,2022,Ongoing,False,
MPLAD-2022-100297,MP_08,Nadia,Krishnanagar-II,Panchberia,Water,"Installation of 6 deep tube wells with submersible pump at Panchberia under MPLADS, Ward No. 14, Krishnanagar-II block, Nadia district",30.85,2022,Completed,False,
MPLAD-2019-100308,MP_18,Nadia,Kaliganj,Dhantala,Education,"Supply of benches and desks to Dhantala High School under MPLADS under MPLADS, Ward No. 24, Kaliganj block, Nadia district",13.04,2019,Completed,False,
MPLAD-2022-100374,MP_09,Jalpaiguri,Hanskhali,Muragachha,Sanitation,"Construction of 8 community sanitary complex at Muragachha under MPLADS, Ward No. 9, Hanskhali block, Jalpaiguri district",42.03,2022,Completed,False,
MPLAD-2019-101176,MP_37,Howrah,Santipur,Aistala,Electrification,"Installation of 1 solar street lights at Aistala, Santipur under MPLADS, Ward No. 22, Santipur block, Howrah district",24.12,2019,Ongoing,False,
MPLAD-2021-101073,MP_20,Purulia,Santipur,Bahirgachi,Electrification,"Providing LED high mast lighting at Bahirgachi market area under MPLADS, Ward No. 17, Santipur block, Purulia district",39.36,2021,Ongoing,False,
MPLAD-2025-100650,MP_10,Nadia,Krishnanagar-II,Subarnapur,Water,"Construction of overhead water reservoir of 4000 litre capacity at Subarnapur under MPLADS, Ward No. 6, Krishnanagar-II block, Nadia district",33.96,2025,Ongoing,False,
MPLAD-2025-100846,MP_32,Malda,Karimpur-II,Dhantala,Water,"Installation of 4 deep tube wells with submersible pump at Dhantala under MPLADS, Ward No. 8, Karimpur-II block, Malda district",37.05,2025,Ongoing,False,
MPLAD-2020-100596,MP_24,Howrah,Chakdaha,Dhantala,Education,"Construction of additional classroom block at Dhantala Primary School under MPLADS, Ward No. 18, Chakdaha block, Howrah district",44.38,2020,Ongoing,False,
MPLAD-2020-100953,MP_06,Murshidabad,Tehatta-I,Barasat,Water,"Construction of overhead water reservoir of 6000 litre capacity at Barasat under MPLADS, Ward No. 12, Tehatta-I block, Murshidabad district",20.45,2020,Sanctioned,False,
MPLAD-2022-100178,MP_04,Birbhum,Krishnanagar-II,Rautari,Sports,"Development of playground with boundary fencing at Rautari under MPLADS, Ward No. 20, Krishnanagar-II block, Birbhum district",6.17,2022,Completed,False,
MPLAD-2025-101007,MP_17,Bardhaman,Hanskhali,Bhatjangla,Health,"Supply of ambulance to Hanskhali Rural Hospital under MPLADS under MPLADS, Ward No. 8, Hanskhali block, Bardhaman district",6.94,2025,Completed,False,
MPLAD-2019-100553,MP_17,Bardhaman,Haringhata,Nokari,Community,"Renovation of crematorium boundary wall at Nokari under MPLADS, Ward No. 20, Haringhata block, Bardhaman district",1.58,2019,Sanctioned,False,
MPLAD-2021-100996,MP_33,Bardhaman,Karimpur-II,Bhatjangla,Electrification,"Providing LED high mast lighting at Bhatjangla market area under MPLADS, Ward No. 8, Karimpur-II block, Bardhaman district",10.06,2021,Ongoing,False,
MPLAD-2019-100294,MP_20,Hooghly,Chakdaha,Bahirgachi,Road,"Construction of 1709 m concrete road from Rautari to Kalinagar at Bahirgachi under MPLADS, Ward No. 18, Chakdaha block, Hooghly district",5.45,2019,Completed,False,
MPLAD-2021-100331,MP_03,Malda,Karimpur-II,Barasat,Road,"Improvement and metalling of village approach road at Barasat, Karimpur-II under MPLADS, Ward No. 15, Karimpur-II block, Malda district",19.04,2021,Completed,False,
MPLAD-DUP-200029,MP_19,Jalpaiguri,Nakashipara,Kalinagar,Community,"Renovation of crematorium boundary wall at Kalinagar under MPLADS, Ward No. 4, Nakashipara block, Jalpaiguri district",45.93,2025,Ongoing,True,MPLAD-2024-100404
MPLAD-2024-100432,MP_24,Murshidabad,Krishnanagar-II,Fatepur,Water,"Installation of 7 deep tube wells with submersible pump at Fatepur under MPLADS, Ward No. 10, Krishnanagar-II block, Murshidabad district",17.94,2024,Ongoing,False,
MPLAD-2022-100892,MP_25,Hooghly,Nakashipara,Nokari,Water,"Installation of 6 deep tube wells with submersible pump at Nokari under MPLADS, Ward No. 7, Nakashipara block, Hooghly district",17.97,2022,Ongoing,False,
MPLAD-2023-100088,MP_31,Malda,Tehatta-I,Panchberia,Irrigation,"Re-excavation of village pond for irrigation at Panchberia under MPLADS, Ward No. 1, Tehatta-I block, Malda district",22.8,2023,Sanctioned,False,
MPLAD-2023-100767,MP_24,Murshidabad,Nakashipara,Fatepur,Road,"Construction of 1795 m concrete road from Bahirgachi to Jaguli at Fatepur under MPLADS, Ward No. 12, Nakashipara block, Murshidabad district",29.78,2023,Ongoing,False,
MPLAD-DUP-200053,MP_14,Howrah,Karimpur-II,Nokari,Electrification,"Setting up of 1 solar-powered street lamps at Nokari, Karimpur-II under MPLADS, Ward No. 10, Karimpur-II block, Howrah district",14.9,2021,Completed,True,MPLAD-2020-100330
MPLAD-2021-100485,MP_26,Howrah,Karimpur-II,Nokari,Community,"Renovation of crematorium boundary wall at Nokari under MPLADS, Ward No. 18, Karimpur-II block, Howrah district",4.49,2021,Ongoing,False,
MPLAD-2024-100523,MP_17,Howrah,Krishnanagar-II,Muragachha,Sports,"Development of playground with boundary fencing at Muragachha under MPLADS, Ward No. 6, Krishnanagar-II block, Howrah district",10.69,2024,Completed,False,
MPLAD-2023-100711,MP_09,Bardhaman,Kaliganj,Debagram,Health,"Supply of ambulance to Kaliganj Rural Hospital under MPLADS under MPLADS, Ward No. 8, Kaliganj block, Bardhaman district",15.02,2023,Completed,False,
MPLAD-2022-100661,MP_18,Murshidabad,Krishnanagar-II,Fatepur,Sports,"Development of playground with boundary fencing at Fatepur under MPLADS, Ward No. 5, Krishnanagar-II block, Murshidabad district",15.68,2022,Completed,False,
MPLAD-2022-100290,MP_04,Nadia,Tehatta-I,Barasat,Water,"Installation of 7 deep tube wells with submersible pump at Barasat under MPLADS, Ward No. 19, Tehatta-I block, Nadia district",35.55,2022,Sanctioned,False,
MPLAD-2024-100285,MP_21,Malda,Haringhata,Dhantala,Community,"Construction of community hall with toilet block at Dhantala under MPLADS, Ward No. 13, Haringhata block, Malda district",38.16,2024,Completed,False,
MPLAD-2023-100634,MP_35,Bardhaman,Santipur,Dhantala,Education,"Construction of additional classroom block at Dhantala Primary School under MPLADS, Ward No. 11, Santipur block, Bardhaman district",41.17,2023,Completed,False,
MPLAD-DUP-200028,MP_22,Hooghly,Nakashipara,Aistala,Road,"Upgradation and black-topping of village approach road at Aistala, Nakashipara under MPLADS, Ward No. 24, Nakashipara block, Hooghly district",32.12,2021,Completed,True,MPLAD-2020-100652
MPLAD-2025-100545,MP_33,Murshidabad,Hanskhali,Mamjoan,Education,"Construction of additional classroom block at Mamjoan Primary School under MPLADS, Ward No. 2, Hanskhali block, Murshidabad district",34.93,2025,Ongoing,False,
MPLAD-2019-100266,MP_37,Howrah,Haringhata,Barasat,Road,"Construction of 1204 m concrete road from Debagram to Mamjoan at Barasat under MPLADS, Ward No. 9, Haringhata block, Howrah district",10.37,2019,Completed,False,
MPLAD-2024-100327,MP_12,Bardhaman,Haringhata,Bhatjangla,Education,"Construction of additional classroom block at Bhatjangla Primary School under MPLADS, Ward No. 4, Haringhata block, Bardhaman district",14.51,2024,Completed,False,
MPLAD-2019-100798,MP_17,Purulia,Ranaghat-I,Dhantala,Water,"Construction of overhead water reservoir of 8000 litre capacity at Dhantala under MPLADS, Ward No. 14, Ranaghat-I block, Purulia district",35.91,2019,Completed,False,
MPLAD-2022-100059,MP_31,Jalpaiguri,Karimpur-II,Bahirgachi,Electrification,"Providing LED high mast lighting at Bahirgachi market area under MPLADS, Ward No. 6, Karimpur-II block, Jalpaiguri district",10.12,2022,Sanctioned,False,
MPLAD-2022-100752,MP_36,Murshidabad,Chakdaha,Bahirgachi,Community,"Renovation of crematorium boundary wall at Bahirgachi under MPLADS, Ward No. 18, Chakdaha block, Murshidabad district",22.83,2022,Sanctioned,False,
MPLAD-DUP-200024,MP_10,Nadia,Nakashipara,Bhatjangla,Water,"Building of overhead water reservoir of 7000 litre capacity at Bhatjangla under MPLADS, Ward No. 3, Nakashipara block, Nadia district",9.04,2022,Ongoing,True,MPLAD-2021-100555
MPLAD-2025-100923,MP_34,Malda,Santipur,Subarnapur,Water,"Installation of 1 deep tube wells with submersible pump at Subarnapur under MPLADS, Ward No. 17, Santipur block, Malda district",12.35,2025,Ongoing,False,
MPLAD-2019-100812,MP_31,Bankura,Karimpur-II,Bahirgachi,Community,"Renovation of crematorium boundary wall at Bahirgachi under MPLADS, Ward No. 19, Karimpur-II block, Bankura district",40.3,2019,Completed,False,
MPLAD-2021-100793,MP_35,Nadia,Santipur,Panchberia,Irrigation,"Re-excavation of village pond for irrigation at Panchberia under MPLADS, Ward No. 15, Santipur block, Nadia district",14.67,2021,Completed,False,
MPLAD-2025-101105,MP_18,Murshidabad,Nakashipara,Kalinagar,Health,"Supply of ambulance to Nakashipara Rural Hospital under MPLADS under MPLADS, Ward No. 1, Nakashipara block, Murshidabad district",23.58,2025,Completed,False,
MPLAD-2023-100333,MP_27,Murshidabad,Santipur,Debagram,Water,"Installation of 6 deep tube wells with submersible pump at Debagram under MPLADS, Ward No. 8, Santipur block, Murshidabad district",39.27,2023,Completed,False,
MPLAD-2024-100558,MP_20,Jalpaiguri,Krishnanagar-II,Muragachha,Road,"Improvement and metalling of village approach road at Muragachha, Krishnanagar-II under MPLADS, Ward No. 13, Krishnanagar-II block, Jalpaiguri district",22.14,2024,Ongoing,False,
MPLAD-2024-100411,MP_04,Bankura,Santipur,Barasat,Water,"Installation of 1 deep tube wells with submersible pump at Barasat under MPLADS, Ward No. 13, Santipur block, Bankura district",25.41,2024,Completed,False,
MPLAD-2022-100542,MP_17,Purulia,Haringhata,Aistala,Road,"Improvement and metalling of village approach road at Aistala, Haringhata under MPLADS, Ward No. 14, Haringhata block, Purulia district",13.4,2022,Completed,False,
MPLAD-2021-101010,MP_32,Birbhum,Kaliganj,Rautari,Road,"Improvement and metalling of village approach road at Rautari, Kaliganj under MPLADS, Ward No. 15, Kaliganj block, Birbhum district",21.59,2021,Completed,False,
MPLAD-2022-100409,MP_22,Hooghly,Krishnanagar-II,Mamjoan,Health,"Supply of ambulance to Krishnanagar-II Rural Hospital under MPLADS under MPLADS, Ward No. 21, Krishnanagar-II block, Hooghly district",41.99,2022,Completed,False,
MPLAD-2022-100570,MP_10,Howrah,Nakashipara,Mamjoan,Sports,"Development of playground with boundary fencing at Mamjoan under MPLADS, Ward No. 18, Nakashipara block, Howrah district",2.11,2022,Completed,False,
MPLAD-2020-100365,MP_02,Birbhum,Hanskhali,Bahirgachi,Sanitation,"Construction of 3 community sanitary complex at Bahirgachi under MPLADS, Ward No. 6, Hanskhali block, Birbhum district",28.37,2020,Ongoing,False,
MPLAD-2022-100759,MP_36,Birbhum,Tehatta-I,Panchberia,Education,"Construction of additional classroom block at Panchberia Primary School under MPLADS, Ward No. 4, Tehatta-I block, Birbhum district",19.2,2022,Completed,False,
MPLAD-2022-100458,MP_14,Nadia,Chakdaha,Bahirgachi,Road,"Improvement and metalling of village approach road at Bahirgachi, Chakdaha under MPLADS, Ward No. 6, Chakdaha block, Nadia district",32.01,2022,Ongoing,False,
MPLAD-2025-100328,MP_38,Malda,Tehatta-I,Bahirgachi,Road,"Improvement and metalling of village approach road at Bahirgachi, Tehatta-I under MPLADS, Ward No. 22, Tehatta-I block, Malda district",34.41,2025,Completed,False,
MPLAD-2022-100430,MP_11,Bardhaman,Santipur,Muragachha,Water,"Construction of overhead water reservoir of 4000 litre capacity at Muragachha under MPLADS, Ward No. 12, Santipur block, Bardhaman district",32.34,2022,Sanctioned,False,
MPLAD-2021-100506,MP_19,Jalpaiguri,Krishnanagar-II,Rautari,Sanitation,"Construction of 6 community sanitary complex at Rautari under MPLADS, Ward No. 4, Krishnanagar-II block, Jalpaiguri district",44.9,2021,Completed,False,
MPLAD-2019-100973,MP_08,Bardhaman,Ranaghat-I,Panchberia,Electrification,"Installation of 6 solar street lights at Panchberia, Ranaghat-I under MPLADS, Ward No. 3, Ranaghat-I block, Bardhaman district",29.09,2019,Completed,False,
MPLAD-2025-100083,MP_25,Purulia,Nakashipara,Nokari,Community,"Renovation of crematorium boundary wall at Nokari under MPLADS, Ward No. 1, Nakashipara block, Purulia district",9.22,2025,Completed,False,
MPLAD-2022-100129,MP_05,Bankura,Ranaghat-I,Bhatjangla,Road,"Construction of 1226 m concrete road from Barasat to Muragachha at Bhatjangla under MPLADS, Ward No. 6, Ranaghat-I block, Bankura district",12.48,2022,Completed,False,
MPLAD-2023-100718,MP_01,Bankura,Krishnanagar-II,Dhantala,Community,"Construction of community hall with toilet block at Dhantala under MPLADS, Ward No. 18, Krishnanagar-II block, Bankura district",38.55,2023,Completed,False,
MPLAD-2022-100451,MP_38,Nadia,Kaliganj,Muragachha,Community,"Renovation of crematorium boundary wall at Muragachha under MPLADS, Ward No. 12, Kaliganj block, Nadia district",7.7,2022,Ongoing,False,
MPLAD-2022-100171,MP_22,Birbhum,Hanskhali,Dhantala,Health,"Supply of ambulance to Hanskhali Rural Hospital under MPLADS under MPLADS, Ward No. 7, Hanskhali block, Birbhum district",37.54,2022,Ongoing,False,
MPLAD-2020-100785,MP_10,Bardhaman,Hanskhali,Bhatjangla,Education,"Supply of benches and desks to Bhatjangla High School under MPLADS under MPLADS, Ward No. 8, Hanskhali block, Bardhaman district",8.95,2020,Completed,False,
MPLAD-2020-100260,MP_29,Howrah,Hanskhali,Barasat,Electrification,"Providing LED high mast lighting at Barasat market area under MPLADS, Ward No. 24, Hanskhali block, Howrah district",4.63,2020,Completed,False,
MPLAD-2025-100937,MP_37,Bardhaman,Haringhata,Mamjoan,Electrification,"Installation of 1 solar street lights at Mamjoan, Haringhata under MPLADS, Ward No. 12, Haringhata block, Bardhaman district",20.56,2025,Ongoing,False,
MPLAD-2020-100715,MP_16,Bankura,Tehatta-I,Kalinagar,Electrification,"Installation of 7 solar street lights at Kalinagar, Tehatta-I under MPLADS, Ward No. 17, Tehatta-I block, Bankura district",11.72,2020,Completed,False,
MPLAD-2019-101022,MP_08,Jalpaiguri,Haringhata,Kalinagar,Sports,"Development of playground with boundary fencing at Kalinagar under MPLADS, Ward No. 10, Haringhata block, Jalpaiguri district",8.7,2019,Completed,False,
MPLAD-DUP-200058,MP_07,Hooghly,Haringhata,Panchberia,Electrification,"Setting up of 3 solar-powered street lamps at Panchberia, Haringhata under MPLADS, Ward No. 11, Haringhata block, Hooghly district",24.07,2024,Completed,True,MPLAD-2023-100158
MPLAD-2022-100332,MP_23,Bardhaman,Santipur,Bhatjangla,Education,"Construction of additional classroom block at Bhatjangla Primary School under MPLADS, Ward No. 8, Santipur block, Bardhaman district",23.16,2022,Completed,False,
MPLAD-2024-100355,MP_24,Murshidabad,Karimpur-II,Kalinagar,Community,"Renovation of crematorium boundary wall at Kalinagar under MPLADS, Ward No. 20, Karimpur-II block, Murshidabad district",43.22,2024,Completed,False,
MPLAD-2024-100138,MP_10,Howrah,Haringhata,Fatepur,Community,"Renovation of crematorium boundary wall at Fatepur under MPLADS, Ward No. 9, Haringhata block, Howrah district",2.81,2024,Completed,False,
MPLAD-2024-100292,MP_06,Howrah,Kaliganj,Bahirgachi,Irrigation,"Re-excavation of village pond for irrigation at Bahirgachi under MPLADS, Ward No. 9, Kaliganj block, Howrah district",16.13,2024,Sanctioned,False,
MPLAD-2023-101054,MP_37,Bankura,Krishnanagar-II,Panchberia,Health,"Construction of waiting shed at Panchberia Sub-Centre under MPLADS, Ward No. 14, Krishnanagar-II block, Bankura district",4.23,2023,Completed,False,
MPLAD-2021-100828,MP_17,Purulia,Tehatta-I,Muragachha,Electrification,"Installation of 5 solar street lights at Muragachha, Tehatta-I under MPLADS, Ward No. 13, Tehatta-I block, Purulia district",27.83,2021,Ongoing,False,
MPLAD-2020-100141,MP_30,Nadia,Hanskhali,Panchberia,Sanitation,"Construction of 6 community sanitary complex at Panchberia under MPLADS, Ward No. 2, Hanskhali block, Nadia district",36.02,2020,Completed,False,
MPLAD-2024-100922,MP_20,Birbhum,Hanskhali,Kalinagar,Water,"Construction of overhead water reservoir of 1000 litre capacity at Kalinagar under MPLADS, Ward No. 18, Hanskhali block, Birbhum district",32.51,2024,Completed,False,
MPLAD-2019-100588,MP_38,Purulia,Santipur,Debagram,Sports,"Development of playground with boundary fencing at Debagram under MPLADS, Ward No. 24, Santipur block, Purulia district",36.22,2019,Ongoing,False,
MPLAD-2021-100513,MP_39,Murshidabad,Chakdaha,Debagram,Road,"Construction of 293 m concrete road from Bahirgachi to Barasat at Debagram under MPLADS, Ward No. 12, Chakdaha block, Murshidabad district",39.32,2021,Ongoing,False,
MPLAD-2025-100139,MP_16,Howrah,Ranaghat-I,Dhantala,Water,"Installation of 1 deep tube wells with submersible pump at Dhantala under MPLADS, Ward No. 22, Ranaghat-I block, Howrah district",24.64,2025,Completed,False,
MPLAD-2021-100814,MP_03,Jalpaiguri,Nakashipara,Bahirgachi,Electrification,"Providing LED high mast lighting at Bahirgachi market area under MPLADS, Ward No. 9, Nakashipara block, Jalpaiguri district",34.5,2021,Completed,False,
MPLAD-2020-100974,MP_20,Hooghly,Ranaghat-I,Bhatjangla,Road,"Improvement and metalling of village approach road at Bhatjangla, Ranaghat-I under MPLADS, Ward No. 9, Ranaghat-I block, Hooghly district",2.95,2020,Completed,False,
MPLAD-2019-100224,MP_22,Bankura,Krishnanagar-II,Barasat,Sanitation,"Construction of 4 community sanitary complex at Barasat under MPLADS, Ward No. 12, Krishnanagar-II block, Bankura district",37.89,2019,Completed,False,
MPLAD-2021-101087,MP_17,Jalpaiguri,Krishnanagar-II,Kalinagar,Community,"Construction of community hall with toilet block at Kalinagar under MPLADS, Ward No. 2, Krishnanagar-II block, Jalpaiguri district",19.04,2021,Ongoing,False,
MPLAD-2020-100274,MP_19,Purulia,Hanskhali,Bhatjangla,Water,"Installation of 5 deep tube wells with submersible pump at Bhatjangla under MPLADS, Ward No. 21, Hanskhali block, Purulia district",17.15,2020,Completed,False,
MPLAD-2020-100323,MP_05,Howrah,Karimpur-II,Mamjoan,Sanitation,"Construction of 4 community sanitary complex at Mamjoan under MPLADS, Ward No. 1, Karimpur-II block, Howrah district",34.19,2020,Completed,False,
MPLAD-2024-100390,MP_11,Nadia,Kaliganj,Dhantala,Sports,"Development of playground with boundary fencing at Dhantala under MPLADS, Ward No. 5, Kaliganj block, Nadia district",21.51,2024,Completed,False,
MPLAD-2022-100325,MP_26,Nadia,Ranaghat-I,Jaguli,Road,"Construction of 506 m concrete road from Debagram to Kalinagar at Jaguli under MPLADS, Ward No. 18, Ranaghat-I block, Nadia district",19.78,2022,Completed,False,
MPLAD-2021-100548,MP_27,Birbhum,Hanskhali,Bahirgachi,Electrification,"Providing LED high mast lighting at Bahirgachi market area under MPLADS, Ward No. 19, Hanskhali block, Birbhum district",29.46,2021,Ongoing,False,
MPLAD-2025-100839,MP_07,Hooghly,Ranaghat-I,Fatepur,Health,"Supply of ambulance to Ranaghat-I Rural Hospital under MPLADS under MPLADS, Ward No. 3, Ranaghat-I block, Hooghly district",32.49,2025,Completed,False,
MPLAD-DUP-200061,MP_03,Bardhaman,Kaliganj,Bhatjangla,Road,"Improvement and metalling of village approach road at Bhatjangla, Kaliganj under MPLADS, Ward No. 7, Kaliganj block, Bardhaman district",33.91,2023,Sanctioned,True,MPLAD-2022-100976
MPLAD-2022-101179,MP_10,Jalpaiguri,Ranaghat-I,Subarnapur,Electrification,"Installation of 5 solar street lights at Subarnapur, Ranaghat-I under MPLADS, Ward No. 19, Ranaghat-I block, Jalpaiguri district",34.54,2022,Completed,False,
MPLAD-2021-100660,MP_05,Bardhaman,Tehatta-I,Bhatjangla,Education,"Construction of additional classroom block at Bhatjangla Primary School under MPLADS, Ward No. 19, Tehatta-I block, Bardhaman district",28.59,2021,Ongoing,False,
MPLAD-2021-100716,MP_20,Bardhaman,Hanskhali,Subarnapur,Road,"Improvement and metalling of village approach road at Subarnapur, Hanskhali under MPLADS, Ward No. 19, Hanskhali block, Bardhaman district",22.67,2021,Completed,False,
MPLAD-2019-100714,MP_30,Murshidabad,Nakashipara,Aistala,Irrigation,"Re-excavation of village pond for irrigation at Aistala under MPLADS, Ward No. 9, Nakashipara block, Murshidabad district",8.75,2019,Completed,False,
MPLAD-2021-100772,MP_09,Purulia,Santipur,Subarnapur,Road,"Improvement and metalling of village approach road at Subarnapur, Santipur under MPLADS, Ward No. 13, Santipur block, Purulia district",37.09,2021,Completed,False,
MPLAD-2023-100872,MP_15,Bankura,Karimpur-II,Bhatjangla,Electrification,"Providing LED high mast lighting at Bhatjangla market area under MPLADS, Ward No. 6, Karimpur-II block, Bankura district",27.61,2023,Completed,False,
MPLAD-2020-100435,MP_10,Howrah,Haringhata,Mamjoan,Water,"Construction of overhead water reservoir of 6000 litre capacity at Mamjoan under MPLADS, Ward No. 8, Haringhata block, Howrah district",40.07,2020,Completed,False,
MPLAD-2020-100575,MP_36,Howrah,Krishnanagar-II,Aistala,Water,"Construction of overhead water reservoir of 5000 litre capacity at Aistala under MPLADS, Ward No. 17, Krishnanagar-II block, Howrah district",23.72,2020,Completed,False,
MPLAD-2021-100667,MP_11,Bardhaman,Tehatta-I,Fatepur,Electrification,"Providing LED high mast lighting at Fatepur market area under MPLADS, Ward No. 11, Tehatta-I block, Bardhaman district",30.22,2021,Completed,False,
MPLAD-2025-100552,MP_25,Howrah,Nakashipara,Dhantala,Water,"Construction of overhead water reservoir of 1000 litre capacity at Dhantala under MPLADS, Ward No. 7, Nakashipara block, Howrah district",21.82,2025,Completed,False,
MPLAD-2024-100649,MP_10,Bankura,Haringhata,Panchberia,Electrification,"Providing LED high mast lighting at Panchberia market area under MPLADS, Ward No. 13, Haringhata block, Bankura district",33.07,2024,Completed,False,
MPLAD-DUP-200057,MP_20,Birbhum,Hanskhali,Kalinagar,Water,"Building of overhead water reservoir of 1000 litre capacity at Kalinagar under MPLADS, Ward No. 18, Hanskhali block, Birbhum district",41.68,2025,Completed,True,MPLAD-2024-100922
MPLAD-DUP-200065,MP_14,Hooghly,Nakashipara,Bahirgachi,Sanitation,"Building of 4 community sanitary complex at Bahirgachi under MPLADS, Ward No. 7, Nakashipara block, Hooghly district",48.0,2022,Completed,True,MPLAD-2021-101108
MPLAD-2025-100321,MP_31,Birbhum,Santipur,Panchberia,Education,"Construction of additional classroom block at Panchberia Primary School under MPLADS, Ward No. 6, Santipur block, Birbhum district",17.98,2025,Completed,False,
MPLAD-2021-100429,MP_05,Malda,Ranaghat-I,Nokari,Education,"Construction of additional classroom block at Nokari Primary School under MPLADS, Ward No. 10, Ranaghat-I block, Malda district",4.96,2021,Ongoing,False,
MPLAD-2019-100756,MP_39,Jalpaiguri,Santipur,Subarnapur,Sanitation,"Construction of 8 community sanitary complex at Subarnapur under MPLADS, Ward No. 23, Santipur block, Jalpaiguri district",12.0,2019,Completed,False,
MPLAD-2022-100976,MP_03,Bardhaman,Kaliganj,Bhatjangla,Road,"Improvement and metalling of village approach road at Bhatjangla, Kaliganj under MPLADS, Ward No. 7, Kaliganj block, Bardhaman district",29.17,2022,Sanctioned,False,
MPLAD-2021-100422,MP_10,Purulia,Haringhata,Panchberia,Community,"Construction of community hall with toilet block at Panchberia under MPLADS, Ward No. 17, Haringhata block, Purulia district",41.26,2021,Ongoing,False,
MPLAD-2023-100039,MP_20,Purulia,Nakashipara,Subarnapur,Health,"Construction of waiting shed at Subarnapur Sub-Centre under MPLADS, Ward No. 20, Nakashipara block, Purulia district",39.56,2023,Ongoing,False,
MPLAD-2021-100030,MP_28,Birbhum,Kaliganj,Jaguli,Sports,"Development of playground with boundary fencing at Jaguli under MPLADS, Ward No. 11, Kaliganj block, Birbhum district",33.65,2021,Completed,False,
MPLAD-2023-100242,MP_38,Birbhum,Chakdaha,Barasat,Education,"Construction of additional classroom block at Barasat Primary School under MPLADS, Ward No. 20, Chakdaha block, Birbhum district",32.9,2023,Sanctioned,False,
MPLAD-2023-100676,MP_27,Murshidabad,Tehatta-I,Rautari,Road,"Improvement and metalling of village approach road at Rautari, Tehatta-I under MPLADS, Ward No. 22, Tehatta-I block, Murshidabad district",3.65,2023,Completed,False,
MPLAD-2019-100931,MP_18,Birbhum,Kaliganj,Rautari,Sports,"Development of playground with boundary fencing at Rautari under MPLADS, Ward No. 9, Kaliganj block, Birbhum district",3.43,2019,Completed,False,
MPLAD-2022-100136,MP_31,Bardhaman,Chakdaha,Fatepur,Education,"Construction of additional classroom block at Fatepur Primary School under MPLADS, Ward No. 1, Chakdaha block, Bardhaman district",24.02,2022,Completed,False,
MPLAD-2021-100310,MP_14,Bankura,Krishnanagar-II,Rautari,Road,"Construction of 979 m concrete road from Fatepur to Kalinagar at Rautari under MPLADS, Ward No. 9, Krishnanagar-II block, Bankura district",26.11,2021,Completed,False,
MPLAD-2022-101081,MP_38,Birbhum,Haringhata,Muragachha,Electrification,"Installation of 1 solar street lights at Muragachha, Haringhata under MPLADS, Ward No. 10, Haringhata block, Birbhum district",4.79,2022,Completed,False,
MPLAD-2021-100534,MP_34,Malda,Kaliganj,Mamjoan,Irrigation,"Re-excavation of village pond for irrigation at Mamjoan under MPLADS, Ward No. 16, Kaliganj block, Malda district",23.72,2021,Completed,False,
MPLAD-2019-100413,MP_04,Howrah,Nakashipara,Aistala,Sports,"Development of playground with boundary fencing at Aistala under MPLADS, Ward No. 16, Nakashipara block, Howrah district",43.89,2019,Completed,False,
MPLAD-2023-101145,MP_25,Bardhaman,Nakashipara,Kalinagar,Sanitation,"Construction of 3 community sanitary complex at Kalinagar under MPLADS, Ward No. 5, Nakashipara block, Bardhaman district",10.0,2023,Completed,False,
MPLAD-DUP-200087,MP_15,Purulia,Krishnanagar-II,Dhantala,Road,"Upgradation and black-topping of village approach road at Dhantala, Krishnanagar-II under MPLADS, Ward No. 1, Krishnanagar-II block, Purulia district",5.92,2025,Ongoing,True,MPLAD-2024-100026
MPLAD-DUP-200043,MP_28,Bardhaman,Nakashipara,Panchberia,Road,"Building of 1231 m RCC road from Debagram to Rautari at Panchberia under MPLADS, Ward No. 16, Nakashipara block, Bardhaman district",31.25,2021,Completed,True,MPLAD-2020-100848
MPLAD-2022-100003,MP_08,Murshidabad,Ranaghat-I,Bhatjangla,Electrification,"Providing LED high mast lighting at Bhatjangla market area under MPLADS, Ward No. 11, Ranaghat-I block, Murshidabad district",21.8,2022,Completed,False,
MPLAD-2025-100111,MP_36,Hooghly,Karimpur-II,Kalinagar,Health,"Construction of waiting shed at Kalinagar Sub-Centre under MPLADS, Ward No. 24, Karimpur-II block, Hooghly district",21.27,2025,Completed,False,
MPLAD-2023-101068,MP_20,Bankura,Krishnanagar-II,Dhantala,Road,"Construction of 850 m concrete road from Muragachha to Barasat at Dhantala under MPLADS, Ward No. 9, Krishnanagar-II block, Bankura district",41.36,2023,Completed,False,
MPLAD-2024-101118,MP_38,Malda,Krishnanagar-II,Fatepur,Sports,"Development of playground with boundary fencing at Fatepur under MPLADS, Ward No. 10, Krishnanagar-II block, Malda district",31.34,2024,Completed,False,
MPLAD-2025-101175,MP_26,Hooghly,Karimpur-II,Subarnapur,Health,"Construction of waiting shed at Subarnapur Sub-Centre under MPLADS, Ward No. 4, Karimpur-II block, Hooghly district",11.54,2025,Completed,False,
MPLAD-2019-100952,MP_08,Bardhaman,Kaliganj,Subarnapur,Irrigation,"Re-excavation of village pond for irrigation at Subarnapur under MPLADS, Ward No. 19, Kaliganj block, Bardhaman district",38.25,2019,Completed,False,
MPLAD-2020-100862,MP_09,Howrah,Santipur,Muragachha,Sports,"Development of playground with boundary fencing at Muragachha under MPLADS, Ward No. 12, Santipur block, Howrah district",20.03,2020,Completed,False,
MPLAD-2024-100376,MP_19,Jalpaiguri,Nakashipara,Aistala,Community,"Renovation of crematorium boundary wall at Aistala under MPLADS, Ward No. 17, Nakashipara block, Jalpaiguri district",10.6,2024,Ongoing,False,
MPLAD-2025-100566,MP_20,Birbhum,Hanskhali,Dhantala,Road,"Improvement and metalling of village approach road at Dhantala, Hanskhali under MPLADS, Ward No. 23, Hanskhali block, Birbhum district",8.38,2025,Completed,False,
MPLAD-2025-100482,MP_18,Purulia,Kaliganj,Mamjoan,Education,"Supply of benches and desks to Mamjoan High School under MPLADS under MPLADS, Ward No. 15, Kaliganj block, Purulia district",43.01,2025,Completed,False,
MPLAD-2025-100314,MP_35,Bardhaman,Ranaghat-I,Aistala,Education,"Construction of additional classroom block at Aistala Primary School under MPLADS, Ward No. 10, Ranaghat-I block, Bardhaman district",9.59,2025,Completed,False,
MPLAD-2025-101049,MP_19,Nadia,Santipur,Dhantala,Water,"Construction of overhead water reservoir of 1000 litre capacity at Dhantala under MPLADS, Ward No. 18, Santipur block, Nadia district",13.0,2025,Completed,False,
MPLAD-2023-100319,MP_13,Howrah,Karimpur-II,Kalinagar,Community,"Construction of community hall with toilet block at Kalinagar under MPLADS, Ward No. 10, Karimpur-II block, Howrah district",17.52,2023,Completed,False,
MPLAD-2020-101114,MP_14,Murshidabad,Ranaghat-I,Dhantala,Road,"Construction of 471 m concrete road from Debagram to Muragachha at Dhantala under MPLADS, Ward No. 24, Ranaghat-I block, Murshidabad district",22.53,2020,Completed,False,
MPLAD-2019-100707,MP_39,Birbhum,Nakashipara,Rautari,Electrification,"Installation of 5 solar street lights at Rautari, Nakashipara under MPLADS, Ward No. 7, Nakashipara block, Birbhum district",11.41,2019,Completed,False,
MPLAD-2024-100005,MP_27,Hooghly,Krishnanagar-II,Nokari,Community,"Construction of community hall with toilet block at Nokari under MPLADS, Ward No. 17, Krishnanagar-II block, Hooghly district",20.52,2024,Ongoing,False,
MPLAD-2021-100100,MP_12,Bardhaman,Chakdaha,Dhantala,Community,"Renovation of crematorium boundary wall at Dhantala under MPLADS, Ward No. 5, Chakdaha block, Bardhaman district",25.92,2021,Ongoing,False,
MPLAD-2023-100424,MP_05,Purulia,Hanskhali,Fatepur,Water,"Installation of 2 deep tube wells with submersible pump at Fatepur under MPLADS, Ward No. 7, Hanskhali block, Purulia district",41.98,2023,Completed,False,
MPLAD-2021-100737,MP_17,Murshidabad,Hanskhali,Bhatjangla,Road,"Improvement and metalling of village approach road at Bhatjangla, Hanskhali under MPLADS, Ward No. 12, Hanskhali block, Murshidabad district",29.72,2021,Ongoing,False,
MPLAD-2025-100622,MP_19,Jalpaiguri,Chakdaha,Subarnapur,Health,"Supply of ambulance to Chakdaha Rural Hospital under MPLADS under MPLADS, Ward No. 21, Chakdaha block, Jalpaiguri district",33.76,2025,Completed,False,
MPLAD-2019-100938,MP_28,Purulia,Kaliganj,Barasat,Electrification,"Providing LED high mast lighting at Barasat market area under MPLADS, Ward No. 15, Kaliganj block, Purulia district",24.66,2019,Ongoing,False,
MPLAD-2024-100670,MP_16,Bankura,Kaliganj,Rautari,Road,"Construction of 1349 m concrete road from Debagram to Mamjoan at Rautari under MPLADS, Ward No. 11, Kaliganj block, Bankura district",30.58,2024,Completed,False,
MPLAD-2022-100423,MP_22,Howrah,Hanskhali,Nokari,Electrification,"Installation of 1 solar street lights at Nokari, Hanskhali under MPLADS, Ward No. 18, Hanskhali block, Howrah district",15.44,2022,Completed,False,
MPLAD-2021-100940,MP_19,Jalpaiguri,Hanskhali,Aistala,Education,"Supply of benches and desks to Aistala High School under MPLADS under MPLADS, Ward No. 15, Hanskhali block, Jalpaiguri district",12.69,2021,Completed,False,
MPLAD-2025-101161,MP_36,Birbhum,Chakdaha,Aistala,Community,"Construction of community hall with toilet block at Aistala under MPLADS, Ward No. 24, Chakdaha block, Birbhum district",36.31,2025,Ongoing,False,
MPLAD-2021-100583,MP_37,Bardhaman,Chakdaha,Subarnapur,Education,"Supply of benches and desks to Subarnapur High School under MPLADS under MPLADS, Ward No. 3, Chakdaha block, Bardhaman district",24.96,2021,Completed,False,
MPLAD-2020-100442,MP_11,Bankura,Hanskhali,Bahirgachi,Road,"Improvement and metalling of village approach road at Bahirgachi, Hanskhali under MPLADS, Ward No. 7, Hanskhali block, Bankura district",8.89,2020,Sanctioned,False,
MPLAD-2022-100227,MP_16,Hooghly,Chakdaha,Fatepur,Water,"Construction of overhead water reservoir of 6000 litre capacity at Fatepur under MPLADS, Ward No. 18, Chakdaha block, Hooghly district",37.78,2022,Ongoing,False,
MPLAD-DUP-200095,MP_24,Bardhaman,Karimpur-II,Panchberia,Community,"Building of community centre with toilet block at Panchberia under MPLADS, Ward No. 1, Karimpur-II block, Bardhaman district",8.45,2023,Ongoing,True,MPLAD-2022-100339
MPLAD-DUP-200088,MP_26,Birbhum,Kaliganj,Rautari,Road,"Upgradation and black-topping of village approach road at Rautari, Kaliganj under MPLADS, Ward No. 12, Kaliganj block, Birbhum district",32.56,2021,Sanctioned,True,MPLAD-2020-100764
MPLAD-2023-100739,MP_01,Nadia,Kaliganj,Fatepur,Irrigation,"Re-excavation of village pond for irrigation at Fatepur under MPLADS, Ward No. 22, Kaliganj block, Nadia district",23.43,2023,Completed,False,
MPLAD-2019-100532,MP_28,Jalpaiguri,Kaliganj,Kalinagar,Electrification,"Providing LED high mast lighting at Kalinagar market area under MPLADS, Ward No. 21, Kaliganj block, Jalpaiguri district",34.43,2019,Sanctioned,False,
MPLAD-2022-100066,MP_26,Howrah,Nakashipara,Dhantala,Water,"Construction of overhead water reservoir of 5000 litre capacity at Dhantala under MPLADS, Ward No. 11, Nakashipara block, Howrah district",42.42,2022,Completed,False,
MPLAD-2020-100841,MP_23,Hooghly,Kaliganj,Debagram,Health,"Supply of ambulance to Kaliganj Rural Hospital under MPLADS under MPLADS, Ward No. 24, Kaliganj block, Hooghly district",24.02,2020,Ongoing,False,
MPLAD-2023-100067,MP_06,Purulia,Tehatta-I,Mamjoan,Health,"Construction of waiting shed at Mamjoan Sub-Centre under MPLADS, Ward No. 22, Tehatta-I block, Purulia district",13.6,2023,Completed,False,
MPLAD-2024-100453,MP_02,Birbhum,Haringhata,Subarnapur,Electrification,"Installation of 4 solar street lights at Subarnapur, Haringhata under MPLADS, Ward No. 14, Haringhata block, Birbhum district",39.21,2024,Completed,False,
MPLAD-2020-100211,MP_03,Howrah,Ranaghat-I,Barasat,Education,"Construction of additional classroom block at Barasat Primary School under MPLADS, Ward No. 13, Ranaghat-I block, Howrah district",27.29,2020,Completed,False,
MPLAD-2024-100012,MP_07,Nadia,Haringhata,Nokari,Education,"Supply of benches and desks to Nokari High School under MPLADS under MPLADS, Ward No. 19, Haringhata block, Nadia district",23.3,2024,Completed,False,
MPLAD-DUP-200004,MP_27,Hooghly,Hanskhali,Bahirgachi,Health,"Building of waiting shed at Bahirgachi Sub-Centre under MPLADS, Ward No. 5, Hanskhali block, Hooghly district",7.39,2021,Completed,True,MPLAD-2020-100029
MPLAD-DUP-200071,MP_16,Purulia,Kaliganj,Rautari,Road,"Upgradation and black-topping of village approach road at Rautari, Kaliganj under MPLADS, Ward No. 14, Kaliganj block, Purulia district",1.88,2022,Completed,True,MPLAD-2021-100681
MPLAD-2024-100299,MP_20,Bardhaman,Ranaghat-I,Muragachha,Water,"Construction of overhead water reservoir of 6000 litre capacity at Muragachha under MPLADS, Ward No. 11, Ranaghat-I block, Bardhaman district",6.89,2024,Completed,False,
MPLAD-2025-100538,MP_37,Purulia,Chakdaha,Panchberia,Community,"Renovation of crematorium boundary wall at Panchberia under MPLADS, Ward No. 6, Chakdaha block, Purulia district",43.31,2025,Ongoing,False,
MPLAD-2022-101046,MP_38,Murshidabad,Hanskhali,Muragachha,Health,"Supply of ambulance to Hanskhali Rural Hospital under MPLADS under MPLADS, Ward No. 20, Hanskhali block, Murshidabad district",20.15,2022,Completed,False,
MPLAD-2021-101164,MP_23,Jalpaiguri,Karimpur-II,Nokari,Water,"Installation of 2 deep tube wells with submersible pump at Nokari under MPLADS, Ward No. 15, Karimpur-II block, Jalpaiguri district",40.03,2021,Ongoing,False,
MPLAD-2021-100933,MP_07,Howrah,Santipur,Subarnapur,Health,"Construction of waiting shed at Subarnapur Sub-Centre under MPLADS, Ward No. 19, Santipur block, Howrah district",6.85,2021,Completed,False,
MPLAD-2025-100888,MP_18,Purulia,Santipur,Subarnapur,Electrification,"Installation of 5 solar street lights at Subarnapur, Santipur under MPLADS, Ward No. 10, Santipur block, Purulia district",10.9,2025,Completed,False,
MPLAD-2023-100963,MP_04,Murshidabad,Santipur,Bahirgachi,Water,"Installation of 8 deep tube wells with submersible pump at Bahirgachi under MPLADS, Ward No. 19, Santipur block, Murshidabad district",28.07,2023,Completed,False,
MPLAD-DUP-200030,MP_21,Nadia,Ranaghat-I,Rautari,Electrification,"Providing LED high mast lighting at Rautari market area under MPLADS, Ward No. 11, Ranaghat-I block, Nadia district",44.07,2020,Completed,True,MPLAD-2019-100476
MPLAD-2022-100584,MP_33,Nadia,Tehatta-I,Fatepur,Water,"Installation of 6 deep tube wells with submersible pump at Fatepur under MPLADS, Ward No. 12, Tehatta-I block, Nadia district",9.61,2022,Completed,False,
MPLAD-2025-100615,MP_25,Hooghly,Santipur,Jaguli,Water,"Construction of overhead water reservoir of 7000 litre capacity at Jaguli under MPLADS, Ward No. 5, Santipur block, Hooghly district",24.14,2025,Ongoing,False,
MPLAD-2022-100885,MP_39,Bankura,Krishnanagar-II,Kalinagar,Road,"Improvement and metalling of village approach road at Kalinagar, Krishnanagar-II under MPLADS, Ward No. 15, Krishnanagar-II block, Bankura district",23.51,2022,Completed,False,
MPLAD-DUP-200011,MP_09,Purulia,Santipur,Subarnapur,Road,"Upgradation and black-topping of village approach road at Subarnapur, Santipur under MPLADS, Ward No. 13, Santipur block, Purulia district",47.88,2022,Completed,True,MPLAD-2021-100772
MPLAD-2020-100477,MP_05,Purulia,Haringhata,Panchberia,Sports,"Development of playground with boundary fencing at Panchberia under MPLADS, Ward No. 18, Haringhata block, Purulia district",23.38,2020,Ongoing,False,
MPLAD-2020-100848,MP_28,Bardhaman,Nakashipara,Panchberia,Road,"Construction of 1231 m concrete road from Debagram to Rautari at Panchberia under MPLADS, Ward No. 16, Nakashipara block, Bardhaman district",27.35,2020,Completed,False,
MPLAD-2020-101121,MP_33,Bardhaman,Krishnanagar-II,Rautari,Sports,"Development of playground with boundary fencing at Rautari under MPLADS, Ward No. 2, Krishnanagar-II block, Bardhaman district",26.78,2020,Completed,False,
MPLAD-2019-100273,MP_08,Hooghly,Nakashipara,Muragachha,Sanitation,"Construction of 6 community sanitary complex at Muragachha under MPLADS, Ward No. 9, Nakashipara block, Hooghly district",30.21,2019,Ongoing,False,
MPLAD-2019-100602,MP_39,Purulia,Ranaghat-I,Fatepur,Sanitation,"Construction of 3 community sanitary complex at Fatepur under MPLADS, Ward No. 2, Ranaghat-I block, Purulia district",31.28,2019,Completed,False,
MPLAD-2024-100362,MP_01,Howrah,Hanskhali,Jaguli,Road,"Construction of 1439 m concrete road from Panchberia to Dhantala at Jaguli under MPLADS, Ward No. 5, Hanskhali block, Howrah district",23.67,2024,Completed,False,
MPLAD-2025-100237,MP_09,Nadia,Ranaghat-I,Fatepur,Water,"Construction of overhead water reservoir of 4000 litre capacity at Fatepur under MPLADS, Ward No. 19, Ranaghat-I block, Nadia district",41.41,2025,Ongoing,False,
MPLAD-2024-101188,MP_02,Howrah,Ranaghat-I,Muragachha,Education,"Supply of benches and desks to Muragachha High School under MPLADS under MPLADS, Ward No. 18, Ranaghat-I block, Howrah district",25.17,2024,Completed,False,
MPLAD-2023-100536,MP_11,Bankura,Haringhata,Kalinagar,Community,"Construction of community hall with toilet block at Kalinagar under MPLADS, Ward No. 16, Haringhata block, Bankura district",13.6,2023,Sanctioned,False,
MPLAD-2021-100002,MP_33,Bankura,Krishnanagar-II,Rautari,Sanitation,"Construction of 8 community sanitary complex at Rautari under MPLADS, Ward No. 3, Krishnanagar-II block, Bankura district",28.98,2021,Ongoing,False,
MPLAD-2025-100006,MP_16,Malda,Ranaghat-I,Dhantala,Electrification,"Installation of 4 solar street lights at Dhantala, Ranaghat-I under MPLADS, Ward No. 19, Ranaghat-I block, Malda district",14.04,2025,Ongoing,False,
MPLAD-2025-100370,MP_12,Malda,Tehatta-I,Muragachha,Community,"Renovation of crematorium boundary wall at Muragachha under MPLADS, Ward No. 19, Tehatta-I block, Malda district",41.23,2025,Completed,False,
MPLAD-2022-100311,MP_38,Jalpaiguri,Hanskhali,Rautari,Health,"Supply of ambulance to Hanskhali Rural Hospital under MPLADS under MPLADS, Ward No. 17, Hanskhali block, Jalpaiguri district",37.96,2022,Completed,False,
MPLAD-2019-101113,MP_29,Purulia,Karimpur-II,Fatepur,Road,"Construction of 830 m concrete road from Aistala to Fatepur at Fatepur under MPLADS, Ward No. 20, Karimpur-II block, Purulia district",12.08,2019,Ongoing,False,
MPLAD-2025-101000,MP_35,Malda,Ranaghat-I,Muragachha,Education,"Supply of benches and desks to Muragachha High School under MPLADS under MPLADS, Ward No. 13, Ranaghat-I block, Malda district",21.27,2025,Ongoing,False,
MPLAD-2023-100578,MP_38,Bardhaman,Santipur,Rautari,Electrification,"Installation of 1 solar street lights at Rautari, Santipur under MPLADS, Ward No. 9, Santipur block, Bardhaman district",30.6,2023,Completed,False,
MPLAD-2025-100706,MP_24,Purulia,Tehatta-I,Bhatjangla,Water,"Construction of overhead water reservoir of 5000 litre capacity at Bhatjangla under MPLADS, Ward No. 23, Tehatta-I block, Purulia district",35.56,2025,Ongoing,False,
MPLAD-2024-100999,MP_16,Purulia,Kaliganj,Kalinagar,Water,"Construction of overhead water reservoir of 7000 litre capacity at Kalinagar under MPLADS, Ward No. 4, Kaliganj block, Purulia district",39.08,2024,Ongoing,False,
MPLAD-2024-100215,MP_30,Purulia,Ranaghat-I,Kalinagar,Education,"Supply of benches and desks to Kalinagar High School under MPLADS under MPLADS, Ward No. 12, Ranaghat-I block, Purulia district",7.21,2024,Completed,False,
MPLAD-2025-100713,MP_09,Jalpaiguri,Chakdaha,Subarnapur,Education,"Supply of benches and desks to Subarnapur High School under MPLADS under MPLADS, Ward No. 12, Chakdaha block, Jalpaiguri district",8.82,2025,Completed,False,
MPLAD-2019-100644,MP_35,Malda,Haringhata,Dhantala,Education,"Supply of benches and desks to Dhantala High School under MPLADS under MPLADS, Ward No. 19, Haringhata block, Malda district",6.81,2019,Completed,False,
MPLAD-2025-100027,MP_33,Bardhaman,Ranaghat-I,Bhatjangla,Education,"Supply of benches and desks to Bhatjangla High School under MPLADS under MPLADS, Ward No. 23, Ranaghat-I block, Bardhaman district",8.17,2025,Completed,False,
MPLAD-2025-100867,MP_08,Hooghly,Santipur,Muragachha,Sanitation,"Construction of 4 community sanitary complex at Muragachha under MPLADS, Ward No. 2, Santipur block, Hooghly district",36.77,2025,Completed,False,
MPLAD-DUP-200050,MP_08,Bardhaman,Chakdaha,Aistala,Health,"Building of waiting shed at Aistala Sub-Centre under MPLADS, Ward No. 11, Chakdaha block, Bardhaman district",18.21,2021,Completed,True,MPLAD-2020-100673
MPLAD-2024-100971,MP_26,Hooghly,Haringhata,Jaguli,Irrigation,"Re-excavation of village pond for irrigation at Jaguli under MPLADS, Ward No. 23, Haringhata block, Hooghly district",22.95,2024,Completed,False,
MPLAD-2023-101075,MP_07,Bardhaman,Nakashipara,Kalinagar,Road,"Improvement and metalling of village approach road at Kalinagar, Nakashipara under MPLADS, Ward No. 17, Nakashipara block, Bardhaman district",6.32,2023,Completed,False,
MPLAD-2022-100906,MP_38,Jalpaiguri,Santipur,Mamjoan,Road,"Improvement and metalling of village approach road at Mamjoan, Santipur under MPLADS, Ward No. 10, Santipur block, Jalpaiguri district",33.13,2022,Completed,False,
MPLAD-2025-100741,MP_27,Purulia,Krishnanagar-II,Muragachha,Electrification,"Providing LED high mast lighting at Muragachha market area under MPLADS, Ward No. 8, Krishnanagar-II block, Purulia district",6.82,2025,Ongoing,False,
MPLAD-2019-100567,MP_08,Hooghly,Tehatta-I,Bhatjangla,Road,"Improvement and metalling of village approach road at Bhatjangla, Tehatta-I under MPLADS, Ward No. 14, Tehatta-I block, Hooghly district",4.82,2019,Completed,False,
MPLAD-2023-100851,MP_07,Nadia,Krishnanagar-II,Subarnapur,Road,"Improvement and metalling of village approach road at Subarnapur, Krishnanagar-II under MPLADS, Ward No. 8, Krishnanagar-II block, Nadia district",23.14,2023,Completed,False,
MPLAD-2020-100624,MP_20,Hooghly,Kaliganj,Mamjoan,Health,"Construction of waiting shed at Mamjoan Sub-Centre under MPLADS, Ward No. 1, Kaliganj block, Hooghly district",8.71,2020,Completed,False,
MPLAD-2023-100354,MP_05,Murshidabad,Hanskhali,Bhatjangla,Water,"Installation of 8 deep tube wells with submersible pump at Bhatjangla under MPLADS, Ward No. 10, Hanskhali block, Murshidabad district",16.22,2023,Ongoing,False,
MPLAD-2020-101135,MP_36,Bardhaman,Kaliganj,Muragachha,Water,"Installation of 8 deep tube wells with submersible pump at Muragachha under MPLADS, Ward No. 1, Kaliganj block, Bardhaman district",30.01,2020,Completed,False,
MPLAD-2020-101002,MP_02,Bardhaman,Karimpur-II,Bhatjangla,Community,"Construction of community hall with toilet block at Bhatjangla under MPLADS, Ward No. 13, Karimpur-II block, Bardhaman district",25.57,2020,Sanctioned,False,
MPLAD-2023-100256,MP_23,Bardhaman,Krishnanagar-II,Subarnapur,Community,"Construction of community hall with toilet block at Subarnapur under MPLADS, Ward No. 16, Krishnanagar-II block, Bardhaman district",14.11,2023,Completed,False,
MPLAD-2023-100291,MP_31,Nadia,Hanskhali,Aistala,Education,"Construction of additional classroom block at Aistala Primary School under MPLADS, Ward No. 6, Hanskhali block, Nadia district",29.01,2023,Sanctioned,False,
MPLAD-2023-100025,MP_30,Nadia,Chakdaha,Mamjoan,Health,"Supply of ambulance to Chakdaha Rural Hospital under MPLADS under MPLADS, Ward No. 24, Chakdaha block, Nadia district",40.25,2023,Sanctioned,False,
MPLAD-2019-100336,MP_20,Bardhaman,Krishnanagar-II,Jaguli,Community,"Construction of community hall with toilet block at Jaguli under MPLADS, Ward No. 19, Krishnanagar-II block, Bardhaman district",23.28,2019,Sanctioned,False,
MPLAD-2020-100526,MP_14,Bankura,Kaliganj,Barasat,Irrigation,"Re-excavation of village pond for irrigation at Barasat under MPLADS, Ward No. 3, Kaliganj block, Bankura district",42.92,2020,Completed,False,
MPLAD-2024-100047,MP_34,Bardhaman,Haringhata,Kalinagar,Road,"Improvement and metalling of village approach road at Kalinagar, Haringhata under MPLADS, Ward No. 1, Haringhata block, Bardhaman district",7.25,2024,Completed,False,
MPLAD-2022-100318,MP_14,Malda,Tehatta-I,Nokari,Health,"Supply of ambulance to Tehatta-I Rural Hospital under MPLADS under MPLADS, Ward No. 15, Tehatta-I block, Malda district",30.01,2022,Completed,False,
MPLAD-2020-100106,MP_13,Jalpaiguri,Haringhata,Bahirgachi,Health,"Construction of waiting shed at Bahirgachi Sub-Centre under MPLADS, Ward No. 3, Haringhata block, Jalpaiguri district",20.26,2020,Ongoing,False,
MPLAD-2025-100930,MP_06,Malda,Ranaghat-I,Fatepur,Community,"Construction of community hall with toilet block at Fatepur under MPLADS, Ward No. 19, Ranaghat-I block, Malda district",21.92,2025,Ongoing,False,
MPLAD-2025-100055,MP_34,Howrah,Ranaghat-I,Subarnapur,Electrification,"Installation of 4 solar street lights at Subarnapur, Ranaghat-I under MPLADS, Ward No. 21, Ranaghat-I block, Howrah district",29.21,2025,Completed,False,
MPLAD-2020-100610,MP_09,Howrah,Krishnanagar-II,Barasat,Health,"Supply of ambulance to Krishnanagar-II Rural Hospital under MPLADS under MPLADS, Ward No. 4, Krishnanagar-II block, Howrah district",3.33,2020,Completed,False,
MPLAD-2022-100213,MP_25,Jalpaiguri,Kaliganj,Aistala,Community,"Renovation of crematorium boundary wall at Aistala under MPLADS, Ward No. 18, Kaliganj block, Jalpaiguri district",38.75,2022,Ongoing,False,
MPLAD-2020-100120,MP_04,Nadia,Ranaghat-I,Kalinagar,Irrigation,"Re-excavation of village pond for irrigation at Kalinagar under MPLADS, Ward No. 9, Ranaghat-I block, Nadia district",40.2,2020,Completed,False,
MPLAD-2022-100654,MP_34,Bankura,Nakashipara,Nokari,Community,"Renovation of crematorium boundary wall at Nokari under MPLADS, Ward No. 17, Nakashipara block, Bankura district",44.18,2022,Ongoing,False,
MPLAD-2019-100665,MP_07,Jalpaiguri,Krishnanagar-II,Muragachha,Community,"Construction of community hall with toilet block at Muragachha under MPLADS, Ward No. 3, Krishnanagar-II block, Jalpaiguri district",31.35,2019,Sanctioned,False,
MPLAD-2021-100072,MP_20,Purulia,Chakdaha,Kalinagar,Community,"Construction of community hall with toilet block at Kalinagar under MPLADS, Ward No. 6, Chakdaha block, Purulia district",6.54,2021,Completed,False,
MPLAD-2021-100590,MP_20,Malda,Kaliganj,Aistala,Electrification,"Installation of 2 solar street lights at Aistala, Kaliganj under MPLADS, Ward No. 2, Kaliganj block, Malda district",2.39,2021,Completed,False,
MPLAD-2022-100045,MP_38,Murshidabad,Krishnanagar-II,Panchberia,Community,"Construction of community hall with toilet block at Panchberia under MPLADS, Ward No. 5, Krishnanagar-II block, Murshidabad district",41.36,2022,Completed,False,
MPLAD-2021-100912,MP_39,Hooghly,Haringhata,Muragachha,Electrification,"Installation of 2 solar street lights at Muragachha, Haringhata under MPLADS, Ward No. 13, Haringhata block, Hooghly district",10.27,2021,Completed,False,
MPLAD-2022-100969,MP_29,Nadia,Nakashipara,Aistala,Education,"Construction of additional classroom block at Aistala Primary School under MPLADS, Ward No. 3, Nakashipara block, Nadia district",34.48,2022,Ongoing,False,
MPLAD-2024-101146,MP_16,Howrah,Haringhata,Mamjoan,Education,"Construction of additional classroom block at Mamjoan Primary School under MPLADS, Ward No. 11, Haringhata block, Howrah district",33.23,2024,Sanctioned,False,
MPLAD-2024-100894,MP_03,Bankura,Kaliganj,Rautari,Irrigation,"Re-excavation of village pond for irrigation at Rautari under MPLADS, Ward No. 3, Kaliganj block, Bankura district",32.14,2024,Completed,False,
MPLAD-2022-100465,MP_02,Jalpaiguri,Ranaghat-I,Nokari,Education,"Construction of additional classroom block at Nokari Primary School under MPLADS, Ward No. 20, Ranaghat-I block, Jalpaiguri district",4.95,2022,Ongoing,False,
MPLAD-2023-101187,MP_13,Howrah,Karimpur-II,Muragachha,Road,"Improvement and metalling of village approach road at Muragachha, Karimpur-II under MPLADS, Ward No. 8, Karimpur-II block, Howrah district",10.41,2023,Completed,False,
MPLAD-2021-101108,MP_14,Hooghly,Nakashipara,Bahirgachi,Sanitation,"Construction of 4 community sanitary complex at Bahirgachi under MPLADS, Ward No. 7, Nakashipara block, Hooghly district",42.48,2021,Completed,False,
MPLAD-2025-100727,MP_15,Bardhaman,Karimpur-II,Mamjoan,Community,"Renovation of crematorium boundary wall at Mamjoan under MPLADS, Ward No. 1, Karimpur-II block, Bardhaman district",44.77,2025,Completed,False,
MPLAD-2023-100060,MP_24,Birbhum,Hanskhali,Bahirgachi,Education,"Construction of additional classroom block at Bahirgachi Primary School under MPLADS, Ward No. 1, Hanskhali block, Birbhum district",36.36,2023,Completed,False,
MPLAD-2020-100092,MP_27,Birbhum,Chakdaha,Debagram,Road,"Improvement and metalling of village approach road at Debagram, Chakdaha under MPLADS, Ward No. 11, Chakdaha block, Birbhum district",2.79,2020,Completed,False,
MPLAD-2023-100529,MP_27,Birbhum,Nakashipara,Bahirgachi,Irrigation,"Re-excavation of village pond for irrigation at Bahirgachi under MPLADS, Ward No. 2, Nakashipara block, Birbhum district",20.6,2023,Ongoing,False,
MPLAD-2024-100194,MP_25,Birbhum,Nakashipara,Fatepur,Health,"Construction of waiting shed at Fatepur Sub-Centre under MPLADS, Ward No. 16, Nakashipara block, Birbhum district",3.24,2024,Completed,False,
MPLAD-2019-100280,MP_29,Birbhum,Krishnanagar-II,Mamjoan,Irrigation,"Re-excavation of village pond for irrigation at Mamjoan under MPLADS, Ward No. 16, Krishnanagar-II block, Birbhum district",4.76,2019,Ongoing,False,
MPLAD-2021-100359,MP_09,Nadia,Kaliganj,Rautari,Water,"Construction of overhead water reservoir of 3000 litre capacity at Rautari under MPLADS, Ward No. 8, Kaliganj block, Nadia district",25.36,2021,Completed,False,
MPLAD-2020-100519,MP_09,Bankura,Krishnanagar-II,Jaguli,Community,"Construction of community hall with toilet block at Jaguli under MPLADS, Ward No. 8, Krishnanagar-II block, Bankura district",36.5,2020,Completed,False,
MPLAD-2024-100614,MP_39,Purulia,Chakdaha,Subarnapur,Irrigation,"Re-excavation of village pond for irrigation at Subarnapur under MPLADS, Ward No. 20, Chakdaha block, Purulia district",16.74,2024,Completed,False,
MPLAD-2019-100581,MP_26,Birbhum,Karimpur-II,Muragachha,Community,"Construction of community hall with toilet block at Muragachha under MPLADS, Ward No. 22, Karimpur-II block, Birbhum district",19.76,2019,Completed,False,
MPLAD-2019-100182,MP_34,Hooghly,Tehatta-I,Dhantala,Health,"Supply of ambulance to Tehatta-I Rural Hospital under MPLADS under MPLADS, Ward No. 6, Tehatta-I block, Hooghly district",27.14,2019,Completed,False,
MPLAD-2024-100110,MP_01,Bardhaman,Ranaghat-I,Jaguli,Health,"Supply of ambulance to Ranaghat-I Rural Hospital under MPLADS under MPLADS, Ward No. 6, Ranaghat-I block, Bardhaman district",38.62,2024,Completed,False,
MPLAD-2021-101024,MP_29,Purulia,Krishnanagar-II,Bahirgachi,Health,"Supply of ambulance to Krishnanagar-II Rural Hospital under MPLADS under MPLADS, Ward No. 5, Krishnanagar-II block, Purulia district",29.75,2021,Completed,False,
MPLAD-2022-100787,MP_13,Purulia,Krishnanagar-II,Nokari,Water,"Installation of 1 deep tube wells with submersible pump at Nokari under MPLADS, Ward No. 16, Krishnanagar-II block, Purulia district",6.29,2022,Sanctioned,False,
MPLAD-2020-100204,MP_02,Malda,Kaliganj,Mamjoan,Sanitation,"Construction of 7 community sanitary complex at Mamjoan under MPLADS, Ward No. 5, Kaliganj block, Malda district",8.35,2020,Completed,False,
MPLAD-2023-100620,MP_29,Hooghly,Ranaghat-I,Nokari,Sports,"Development of playground with boundary fencing at Nokari under MPLADS, Ward No. 17, Ranaghat-I block, Hooghly district",42.81,2023,Ongoing,False,
MPLAD-2020-100939,MP_30,Birbhum,Santipur,Mamjoan,Education,"Construction of additional classroom block at Mamjoan Primary School under MPLADS, Ward No. 6, Santipur block, Birbhum district",43.65,2020,Sanctioned,False,
MPLAD-2023-100900,MP_29,Bardhaman,Hanskhali,Barasat,Community,"Renovation of crematorium boundary wall at Barasat under MPLADS, Ward No. 21, Hanskhali block, Bardhaman district",5.37,2023,Ongoing,False,
MPLAD-2025-100671,MP_18,Bankura,Chakdaha,Barasat,Water,"Installation of 4 deep tube wells with submersible pump at Barasat under MPLADS, Ward No. 22, Chakdaha block, Bankura district",16.39,2025,Completed,False,
MPLAD-2024-101181,MP_07,Hooghly,Tehatta-I,Subarnapur,Irrigation,"Re-excavation of village pond for irrigation at Subarnapur under MPLADS, Ward No. 20, Tehatta-I block, Hooghly district",43.9,2024,Ongoing,False,
MPLAD-2024-100950,MP_21,Birbhum,Nakashipara,Bhatjangla,Community,"Construction of community hall with toilet block at Bhatjangla under MPLADS, Ward No. 16, Nakashipara block, Birbhum district",17.9,2024,Completed,False,
MPLAD-2020-100183,MP_37,Bankura,Krishnanagar-II,Mamjoan,Electrification,"Providing LED high mast lighting at Mamjoan market area under MPLADS, Ward No. 20, Krishnanagar-II block, Bankura district",18.53,2020,Completed,False,
MPLAD-2023-100137,MP_05,Purulia,Santipur,Jaguli,Health,"Construction of waiting shed at Jaguli Sub-Centre under MPLADS, Ward No. 20, Santipur block, Purulia district",42.92,2023,Completed,False,
MPLAD-2023-100732,MP_36,Purulia,Nakashipara,Bahirgachi,Community,"Construction of community hall with toilet block at Bahirgachi under MPLADS, Ward No. 16, Nakashipara block, Purulia district",43.98,2023,Completed,False,
MPLAD-2022-100080,MP_26,Nadia,Chakdaha,Rautari,Road,"Construction of 1541 m concrete road from Aistala to Jaguli at Rautari under MPLADS, Ward No. 21, Chakdaha block, Nadia district",30.65,2022,Ongoing,False,
MPLAD-2023-100921,MP_12,Bankura,Ranaghat-I,Subarnapur,Health,"Supply of ambulance to Ranaghat-I Rural Hospital under MPLADS under MPLADS, Ward No. 9, Ranaghat-I block, Bankura district",22.85,2023,Completed,False,
MPLAD-2021-100541,MP_13,Hooghly,Hanskhali,Panchberia,Health,"Supply of ambulance to Hanskhali Rural Hospital under MPLADS under MPLADS, Ward No. 15, Hanskhali block, Hooghly district",2.51,2021,Completed,False,
MPLAD-2025-100895,MP_02,Jalpaiguri,Haringhata,Nokari,Education,"Supply of benches and desks to Nokari High School under MPLADS under MPLADS, Ward No. 4, Haringhata block, Jalpaiguri district",21.57,2025,Completed,False,
MPLAD-2023-100480,MP_13,Murshidabad,Haringhata,Panchberia,Community,"Renovation of crematorium boundary wall at Panchberia under MPLADS, Ward No. 7, Haringhata block, Murshidabad district",15.87,2023,Ongoing,False,
MPLAD-2023-100165,MP_31,Nadia,Nakashipara,Bahirgachi,Education,"Construction of additional classroom block at Bahirgachi Primary School under MPLADS, Ward No. 6, Nakashipara block, Nadia district",3.02,2023,Ongoing,False,
MPLAD-2022-100248,MP_10,Jalpaiguri,Chakdaha,Rautari,Community,"Construction of community hall with toilet block at Rautari under MPLADS, Ward No. 14, Chakdaha block, Jalpaiguri district",11.54,2022,Completed,False,
MPLAD-2025-100307,MP_32,Nadia,Chakdaha,Aistala,Road,"Construction of 206 m concrete road from Kalinagar to Kalinagar at Aistala under MPLADS, Ward No. 4, Chakdaha block, Nadia district",27.7,2025,Ongoing,False,
MPLAD-2024-100887,MP_24,Jalpaiguri,Nakashipara,Bahirgachi,Water,"Installation of 3 deep tube wells with submersible pump at Bahirgachi under MPLADS, Ward No. 12, Nakashipara block, Jalpaiguri district",12.27,2024,Completed,False,
MPLAD-2020-100771,MP_08,Murshidabad,Santipur,Subarnapur,Education,"Construction of additional classroom block at Subarnapur Primary School under MPLADS, Ward No. 3, Santipur block, Murshidabad district",18.21,2020,Completed,False,
MPLAD-2024-100334,MP_29,Purulia,Tehatta-I,Nokari,Sanitation,"Construction of 6 community sanitary complex at Nokari under MPLADS, Ward No. 8, Tehatta-I block, Purulia district",14.03,2024,Ongoing,False,
MPLAD-2025-100097,MP_18,Murshidabad,Ranaghat-I,Nokari,Road,"Improvement and metalling of village approach road at Nokari, Ranaghat-I under MPLADS, Ward No. 9, Ranaghat-I block, Murshidabad district",29.1,2025,Completed,False,
MPLAD-DUP-200044,MP_17,Malda,Hanskhali,Mamjoan,Education,"Procurement and supply of benches and desks to Mamjoan High School under MPLADS under MPLADS, Ward No. 8, Hanskhali block, Malda district",42.82,2023,Sanctioned,True,MPLAD-2022-100689
MPLAD-2022-100710,MP_23,Birbhum,Karimpur-II,Nokari,Sanitation,"Construction of 6 community sanitary complex at Nokari under MPLADS, Ward No. 5, Karimpur-II block, Birbhum district",19.42,2022,Completed,False,
MPLAD-2023-100935,MP_11,Jalpaiguri,Hanskhali,Bahirgachi,Road,"Improvement and metalling of village approach road at Bahirgachi, Hanskhali under MPLADS, Ward No. 2, Hanskhali block, Jalpaiguri district",39.06,2023,Completed,False,
MPLAD-2023-100879,MP_02,Bardhaman,Karimpur-II,Mamjoan,Irrigation,"Re-excavation of village pond for irrigation at Mamjoan under MPLADS, Ward No. 6, Karimpur-II block, Bardhaman district",1.67,2023,Sanctioned,False,
MPLAD-2022-100962,MP_31,Nadia,Tehatta-I,Bhatjangla,Health,"Construction of waiting shed at Bhatjangla Sub-Centre under MPLADS, Ward No. 4, Tehatta-I block, Nadia district",15.94,2022,Completed,False,
MPLAD-2020-100946,MP_26,Nadia,Ranaghat-I,Mamjoan,Water,"Construction of overhead water reservoir of 2000 litre capacity at Mamjoan under MPLADS, Ward No. 15, Ranaghat-I block, Nadia district",26.86,2020,Completed,False,
MPLAD-2023-101173,MP_03,Howrah,Kaliganj,Subarnapur,Water,"Installation of 2 deep tube wells with submersible pump at Subarnapur under MPLADS, Ward No. 20, Kaliganj block, Howrah district",38.56,2023,Completed,False,
MPLAD-2020-100302,MP_05,Nadia,Ranaghat-I,Muragachha,Education,"Supply of benches and desks to Muragachha High School under MPLADS under MPLADS, Ward No. 15, Ranaghat-I block, Nadia district",11.95,2020,Completed,False,
MPLAD-2025-101063,MP_26,Jalpaiguri,Karimpur-II,Subarnapur,Community,"Construction of community hall with toilet block at Subarnapur under MPLADS, Ward No. 18, Karimpur-II block, Jalpaiguri district",29.44,2025,Completed,False,
MPLAD-2022-100388,MP_20,Purulia,Nakashipara,Bhatjangla,Education,"Construction of additional classroom block at Bhatjangla Primary School under MPLADS, Ward No. 10, Nakashipara block, Purulia district",36.62,2022,Completed,False,
MPLAD-2023-100235,MP_32,Bankura,Chakdaha,Dhantala,Health,"Construction of waiting shed at Dhantala Sub-Centre under MPLADS, Ward No. 5, Chakdaha block, Bankura district",13.07,2023,Completed,False,
MPLAD-2024-100943,MP_05,Hooghly,Hanskhali,Dhantala,Community,"Renovation of crematorium boundary wall at Dhantala under MPLADS, Ward No. 10, Hanskhali block, Hooghly district",39.17,2024,Completed,False,
MPLAD-2019-100826,MP_35,Bankura,Haringhata,Debagram,Water,"Installation of 1 deep tube wells with submersible pump at Debagram under MPLADS, Ward No. 13, Haringhata block, Bankura district",36.94,2019,Ongoing,False,
MPLAD-2023-100305,MP_33,Purulia,Hanskhali,Dhantala,Community,"Construction of community hall with toilet block at Dhantala under MPLADS, Ward No. 1, Hanskhali block, Purulia district",40.45,2023,Completed,False,
MPLAD-2024-101090,MP_05,Purulia,Nakashipara,Subarnapur,Health,"Supply of ambulance to Nakashipara Rural Hospital under MPLADS under MPLADS, Ward No. 23, Nakashipara block, Purulia district",1.61,2024,Completed,False,
MPLAD-DUP-200008,MP_17,Hooghly,Ranaghat-I,Barasat,Irrigation,"Re-excavation of village pond for irrigation at Barasat under MPLADS, Ward No. 24, Ranaghat-I block, Hooghly district",27.86,2021,Completed,True,MPLAD-2020-101100
MPLAD-2023-100249,MP_21,Howrah,Krishnanagar-II,Subarnapur,Education,"Supply of benches and desks to Subarnapur High School under MPLADS under MPLADS, Ward No. 3, Krishnanagar-II block, Howrah district",22.21,2023,Completed,False,
MPLAD-2025-100881,MP_17,Bankura,Hanskhali,Panchberia,Community,"Construction of community hall with toilet block at Panchberia under MPLADS, Ward No. 1, Hanskhali block, Bankura district",18.56,2025,Completed,False,
MPLAD-2022-100864,MP_34,Bardhaman,Krishnanagar-II,Barasat,Education,"Construction of additional classroom block at Barasat Primary School under MPLADS, Ward No. 18, Krishnanagar-II block, Bardhaman district",11.3,2022,Completed,False,
MPLAD-2020-100071,MP_35,Birbhum,Nakashipara,Panchberia,Health,"Supply of ambulance to Nakashipara Rural Hospital under MPLADS under MPLADS, Ward No. 24, Nakashipara block, Birbhum district",41.57,2020,Completed,False,
MPLAD-2022-100094,MP_08,Purulia,Krishnanagar-II,Panchberia,Electrification,"Providing LED high mast lighting at Panchberia market area under MPLADS, Ward No. 3, Krishnanagar-II block, Purulia district",5.19,2022,Completed,False,
MPLAD-2025-100636,MP_06,Birbhum,Karimpur-II,Aistala,Electrification,"Installation of 2 solar street lights at Aistala, Karimpur-II under MPLADS, Ward No. 8, Karimpur-II block, Birbhum district",26.91,2025,Completed,False,
MPLAD-2024-100033,MP_32,Bankura,Ranaghat-I,Bhatjangla,Community,"Construction of community hall with toilet block at Bhatjangla under MPLADS, Ward No. 4, Ranaghat-I block, Bankura district",21.83,2024,Ongoing,False,
MPLAD-2023-100893,MP_36,Bardhaman,Krishnanagar-II,Mamjoan,Water,"Installation of 3 deep tube wells with submersible pump at Mamjoan under MPLADS, Ward No. 8, Krishnanagar-II block, Bardhaman district",29.81,2023,Completed,False,
MPLAD-2019-100448,MP_12,Jalpaiguri,Nakashipara,Bahirgachi,Sanitation,"Construction of 1 community sanitary complex at Bahirgachi under MPLADS, Ward No. 2, Nakashipara block, Jalpaiguri district",9.03,2019,Sanctioned,False,
MPLAD-2023-100445,MP_11,Birbhum,Haringhata,Fatepur,Health,"Supply of ambulance to Haringhata Rural Hospital under MPLADS under MPLADS, Ward No. 19, Haringhata block, Birbhum district",8.55,2023,Completed,False,
MPLAD-2019-101183,MP_07,Purulia,Krishnanagar-II,Panchberia,Road,"Construction of 981 m concrete road from Nokari to Aistala at Panchberia under MPLADS, Ward No. 3, Krishnanagar-II block, Purulia district",18.95,2019,Sanctioned,False,
MPLAD-2024-100677,MP_12,Birbhum,Nakashipara,Rautari,Education,"Construction of additional classroom block at Rautari Primary School under MPLADS, Ward No. 1, Nakashipara block, Birbhum district",4.61,2024,Completed,False,
MPLAD-2023-100907,MP_17,Birbhum,Hanskhali,Kalinagar,Community,"Construction of community hall with toilet block at Kalinagar under MPLADS, Ward No. 15, Hanskhali block, Birbhum district",13.4,2023,Completed,False,
MPLAD-2019-100077,MP_39,Jalpaiguri,Hanskhali,Bhatjangla,Health,"Construction of waiting shed at Bhatjangla Sub-Centre under MPLADS, Ward No. 23, Hanskhali block, Jalpaiguri district",7.66,2019,Completed,False,
MPLAD-2019-100084,MP_12,Hooghly,Chakdaha,Bahirgachi,Education,"Construction of additional classroom block at Bahirgachi Primary School under MPLADS, Ward No. 15, Chakdaha block, Hooghly district",27.53,2019,Completed,False,
MPLAD-2025-100629,MP_15,Bardhaman,Kaliganj,Barasat,Sanitation,"Construction of 5 community sanitary complex at Barasat under MPLADS, Ward No. 22, Kaliganj block, Bardhaman district",39.56,2025,Completed,False,
MPLAD-2024-100082,MP_34,Jalpaiguri,Santipur,Barasat,Electrification,"Providing LED high mast lighting at Barasat market area under MPLADS, Ward No. 11, Santipur block, Jalpaiguri district",16.32,2024,Completed,False,
MPLAD-2021-100457,MP_26,Howrah,Nakashipara,Kalinagar,Sanitation,"Construction of 7 community sanitary complex at Kalinagar under MPLADS, Ward No. 8, Nakashipara block, Howrah district",41.88,2021,Completed,False,
MPLAD-2021-100744,MP_38,Nadia,Kaliganj,Nokari,Water,"Installation of 7 deep tube wells with submersible pump at Nokari under MPLADS, Ward No. 22, Kaliganj block, Nadia district",41.13,2021,Completed,False,
MPLAD-2023-100858,MP_30,Birbhum,Hanskhali,Debagram,Electrification,"Installation of 1 solar street lights at Debagram, Hanskhali under MPLADS, Ward No. 10, Hanskhali block, Birbhum district",32.09,2023,Completed,False,
MPLAD-2021-100436,MP_25,Birbhum,Ranaghat-I,Kalinagar,Community,"Renovation of crematorium boundary wall at Kalinagar under MPLADS, Ward No. 15, Ranaghat-I block, Birbhum district",8.1,2021,Completed,False,
MPLAD-2020-100680,MP_18,Purulia,Karimpur-II,Barasat,Education,"Construction of additional classroom block at Barasat Primary School under MPLADS, Ward No. 12, Karimpur-II block, Purulia district",13.35,2020,Ongoing,False,
MPLAD-2019-101036,MP_18,Jalpaiguri,Santipur,Aistala,Education,"Construction of additional classroom block at Aistala Primary School under MPLADS, Ward No. 17, Santipur block, Jalpaiguri district",41.0,2019,Ongoing,False,
MPLAD-2024-100404,MP_19,Jalpaiguri,Nakashipara,Kalinagar,Community,"Renovation of crematorium boundary wall at Kalinagar under MPLADS, Ward No. 4, Nakashipara block, Jalpaiguri district",37.45,2024,Ongoing,False,
MPLAD-DUP-200093,MP_27,Bardhaman,Ranaghat-I,Aistala,Road,"Building of 426 m RCC road from Panchberia to Nokari at Aistala under MPLADS, Ward No. 24, Ranaghat-I block, Bardhaman district",25.07,2020,Completed,True,MPLAD-2019-101134
MPLAD-DUP-200034,MP_08,Malda,Hanskhali,Dhantala,Sports,"Development of playground with boundary fencing at Dhantala under MPLADS, Ward No. 5, Hanskhali block, Malda district",30.87,2022,Completed,True,MPLAD-2021-101031
MPLAD-2022-101011,MP_33,Howrah,Santipur,Nokari,Health,"Construction of waiting shed at Nokari Sub-Centre under MPLADS, Ward No. 7, Santipur block, Howrah district",36.08,2022,Completed,False,
MPLAD-2025-100104,MP_05,Bankura,Chakdaha,Barasat,Irrigation,"Re-excavation of village pond for irrigation at Barasat under MPLADS, Ward No. 19, Chakdaha block, Bankura district",18.23,2025,Completed,False,
MPLAD-2020-101079,MP_13,Bardhaman,Tehatta-I,Subarnapur,Electrification,"Installation of 1 solar street lights at Subarnapur, Tehatta-I under MPLADS, Ward No. 22, Tehatta-I block, Bardhaman district",38.66,2020,Sanctioned,False,
MPLAD-2019-100700,MP_28,Bankura,Tehatta-I,Dhantala,Electrification,"Providing LED high mast lighting at Dhantala market area under MPLADS, Ward No. 22, Tehatta-I block, Bankura district",26.39,2019,Ongoing,False,
MPLAD-2025-100062,MP_30,Nadia,Krishnanagar-II,Rautari,Health,"Construction of waiting shed at Rautari Sub-Centre under MPLADS, Ward No. 3, Krishnanagar-II block, Nadia district",28.91,2025,Ongoing,False,
MPLAD-2020-100281,MP_38,Jalpaiguri,Nakashipara,Barasat,Water,"Installation of 5 deep tube wells with submersible pump at Barasat under MPLADS, Ward No. 18, Nakashipara block, Jalpaiguri district",33.39,2020,Completed,False,
MPLAD-2021-100765,MP_32,Howrah,Tehatta-I,Jaguli,Education,"Construction of additional classroom block at Jaguli Primary School under MPLADS, Ward No. 8, Tehatta-I block, Howrah district",29.54,2021,Completed,False,
MPLAD-2019-100238,MP_12,Jalpaiguri,Ranaghat-I,Rautari,Water,"Construction of overhead water reservoir of 7000 litre capacity at Rautari under MPLADS, Ward No. 13, Ranaghat-I block, Jalpaiguri district",28.42,2019,Ongoing,False,
MPLAD-2025-100223,MP_18,Birbhum,Krishnanagar-II,Muragachha,Health,"Supply of ambulance to Krishnanagar-II Rural Hospital under MPLADS under MPLADS, Ward No. 20, Krishnanagar-II block, Birbhum district",5.03,2025,Completed,False,
MPLAD-2024-100145,MP_18,Hooghly,Ranaghat-I,Subarnapur,Sanitation,"Construction of 5 community sanitary complex at Subarnapur under MPLADS, Ward No. 24, Ranaghat-I block, Hooghly district",40.32,2024,Ongoing,False,
MPLAD-DUP-200010,MP_12,Malda,Nakashipara,Aistala,Road,"Upgradation and black-topping of village approach road at Aistala, Nakashipara under MPLADS, Ward No. 14, Nakashipara block, Malda district",3.39,2022,Completed,True,MPLAD-2021-100009
MPLAD-2021-100373,MP_20,Jalpaiguri,Nakashipara,Barasat,Sports,"Development of playground with boundary fencing at Barasat under MPLADS, Ward No. 8, Nakashipara block, Jalpaiguri district",10.09,2021,Ongoing,False,
MPLAD-2025-100118,MP_24,Purulia,Haringhata,Rautari,Road,"Construction of 1591 m concrete road from Rautari to Aistala at Rautari under MPLADS, Ward No. 21, Haringhata block, Purulia district",25.58,2025,Completed,False,
MPLAD-2024-100936,MP_34,Jalpaiguri,Hanskhali,Nokari,Road,"Improvement and metalling of village approach road at Nokari, Hanskhali under MPLADS, Ward No. 20, Hanskhali block, Jalpaiguri district",7.79,2024,Ongoing,False,
MPLAD-2024-100250,MP_14,Birbhum,Santipur,Rautari,Road,"Construction of 1615 m concrete road from Debagram to Bahirgachi at Rautari under MPLADS, Ward No. 1, Santipur block, Birbhum district",26.67,2024,Completed,False,
MPLAD-DUP-200049,MP_12,Bankura,Ranaghat-I,Subarnapur,Health,"Procurement and supply of ambulance to Ranaghat-I Rural Hospital under MPLADS under MPLADS, Ward No. 9, Ranaghat-I block, Bankura district",26.74,2024,Completed,True,MPLAD-2023-100921
MPLAD-2021-100009,MP_12,Malda,Nakashipara,Aistala,Road,"Improvement and metalling of village approach road at Aistala, Nakashipara under MPLADS, Ward No. 14, Nakashipara block, Malda district",2.84,2021,Completed,False,
MPLAD-2020-100449,MP_28,Nadia,Chakdaha,Debagram,Road,"Improvement and metalling of village approach road at Debagram, Chakdaha under MPLADS, Ward No. 10, Chakdaha block, Nadia district",38.84,2020,Completed,False,
MPLAD-DUP-200037,MP_29,Murshidabad,Krishnanagar-II,Kalinagar,Electrification,"Installation of 5 solar street lights at Kalinagar, Krishnanagar-II under MPLADS, Ward No. 6, Krishnanagar-II block, Murshidabad district",38.61,2020,Ongoing,True,MPLAD-2019-100987
MPLAD-2024-100593,MP_01,Purulia,Santipur,Mamjoan,Health,"Supply of ambulance to Santipur Rural Hospital under MPLADS under MPLADS, Ward No. 12, Santipur block, Purulia district",40.98,2024,Completed,False,
MPLAD-2023-100389,MP_06,Bankura,Krishnanagar-II,Fatepur,Electrification,"Providing LED high mast lighting at Fatepur market area under MPLADS, Ward No. 7, Krishnanagar-II block, Bankura district",18.62,2023,Sanctioned,False,
MPLAD-2021-100723,MP_21,Hooghly,Hanskhali,Dhantala,Electrification,"Providing LED high mast lighting at Dhantala market area under MPLADS, Ward No. 11, Hanskhali block, Hooghly district",28.63,2021,Completed,False,
MPLAD-2023-101040,MP_37,Malda,Ranaghat-I,Nokari,Water,"Installation of 7 deep tube wells with submersible pump at Nokari under MPLADS, Ward No. 18, Ranaghat-I block, Malda district",41.24,2023,Ongoing,False,
MPLAD-2023-100557,MP_21,Hooghly,Krishnanagar-II,Fatepur,Sanitation,"Construction of 7 community sanitary complex at Fatepur under MPLADS, Ward No. 18, Krishnanagar-II block, Hooghly district",17.79,2023,Ongoing,False,
MPLAD-2024-100460,MP_06,Bardhaman,Nakashipara,Debagram,Community,"Renovation of crematorium boundary wall at Debagram under MPLADS, Ward No. 1, Nakashipara block, Bardhaman district",36.64,2024,Ongoing,False,
MPLAD-2023-101194,MP_19,Jalpaiguri,Ranaghat-I,Fatepur,Health,"Construction of waiting shed at Fatepur Sub-Centre under MPLADS, Ward No. 20, Ranaghat-I block, Jalpaiguri district",17.72,2023,Completed,False,
MPLAD-2023-100144,MP_19,Malda,Kaliganj,Mamjoan,Health,"Construction of waiting shed at Mamjoan Sub-Centre under MPLADS, Ward No. 8, Kaliganj block, Malda district",42.83,2023,Completed,False,
MPLAD-2023-100501,MP_28,Jalpaiguri,Tehatta-I,Subarnapur,Health,"Construction of waiting shed at Subarnapur Sub-Centre under MPLADS, Ward No. 12, Tehatta-I block, Jalpaiguri district",44.48,2023,Sanctioned,False,
MPLAD-2019-101197,MP_13,Bankura,Tehatta-I,Barasat,Education,"Supply of benches and desks to Barasat High School under MPLADS under MPLADS, Ward No. 4, Tehatta-I block, Bankura district",8.98,2019,Completed,False,
MPLAD-2019-100539,MP_04,Jalpaiguri,Krishnanagar-II,Kalinagar,Electrification,"Installation of 4 solar street lights at Kalinagar, Krishnanagar-II under MPLADS, Ward No. 9, Krishnanagar-II block, Jalpaiguri district",34.47,2019,Sanctioned,False,
MPLAD-2021-100177,MP_03,Hooghly,Tehatta-I,Debagram,Road,"Improvement and metalling of village approach road at Debagram, Tehatta-I under MPLADS, Ward No. 5, Tehatta-I block, Hooghly district",17.05,2021,Completed,False,
MPLAD-DUP-200051,MP_17,Purulia,Ranaghat-I,Dhantala,Water,"Construction of overhead water reservoir of 8000 litre capacity at Dhantala under MPLADS, Ward No. 14, Ranaghat-I block, Purulia district",43.29,2020,Completed,True,MPLAD-2019-100798
MPLAD-2025-100993,MP_19,Howrah,Santipur,Nokari,Electrification,"Providing LED high mast lighting at Nokari market area under MPLADS, Ward No. 22, Santipur block, Howrah district",14.04,2025,Completed,False,
MPLAD-2020-101198,MP_27,Howrah,Santipur,Jaguli,Water,"Installation of 5 deep tube wells with submersible pump at Jaguli under MPLADS, Ward No. 14, Santipur block, Howrah district",20.42,2020,Completed,False,
MPLAD-DUP-200090,MP_30,Purulia,Chakdaha,Barasat,Education,"Building of extra class rooms at Barasat Primary School under MPLADS, Ward No. 3, Chakdaha block, Purulia district",16.84,2024,Ongoing,True,MPLAD-2023-100382
MPLAD-2019-100007,MP_26,Hooghly,Karimpur-II,Fatepur,Electrification,"Installation of 7 solar street lights at Fatepur, Karimpur-II under MPLADS, Ward No. 20, Karimpur-II block, Hooghly district",32.17,2019,Ongoing,False,
MPLAD-2020-100708,MP_07,Jalpaiguri,Nakashipara,Rautari,Health,"Construction of waiting shed at Rautari Sub-Centre under MPLADS, Ward No. 2, Nakashipara block, Jalpaiguri district",8.42,2020,Completed,False,
MPLAD-2020-101023,MP_17,Bankura,Haringhata,Jaguli,Education,"Supply of benches and desks to Jaguli High School under MPLADS under MPLADS, Ward No. 11, Haringhata block, Bankura district",32.73,2020,Completed,False,
MPLAD-2019-100357,MP_33,Bankura,Haringhata,Bahirgachi,Electrification,"Providing LED high mast lighting at Bahirgachi market area under MPLADS, Ward No. 16, Haringhata block, Bankura district",13.56,2019,Completed,False,
MPLAD-2019-100329,MP_17,Bankura,Karimpur-II,Mamjoan,Water,"Construction of overhead water reservoir of 7000 litre capacity at Mamjoan under MPLADS, Ward No. 3, Karimpur-II block, Bankura district",27.52,2019,Sanctioned,False,
MPLAD-2025-100818,MP_11,Birbhum,Hanskhali,Dhantala,Community,"Construction of community hall with toilet block at Dhantala under MPLADS, Ward No. 10, Hanskhali block, Birbhum district",40.06,2025,Ongoing,False,
MPLAD-2020-100967,MP_39,Murshidabad,Ranaghat-I,Panchberia,Education,"Construction of additional classroom block at Panchberia Primary School under MPLADS, Ward No. 3, Ranaghat-I block, Murshidabad district",23.96,2020,Completed,False,
MPLAD-2025-100258,MP_09,Nadia,Kaliganj,Mamjoan,Electrification,"Installation of 4 solar street lights at Mamjoan, Kaliganj under MPLADS, Ward No. 2, Kaliganj block, Nadia district",20.68,2025,Ongoing,False,
MPLAD-DUP-200006,MP_36,Murshidabad,Chakdaha,Bahirgachi,Community,"Renovation of crematorium boundary wall at Bahirgachi under MPLADS, Ward No. 18, Chakdaha block, Murshidabad district",26.67,2023,Sanctioned,True,MPLAD-2022-100752
MPLAD-2020-100372,MP_26,Nadia,Haringhata,Fatepur,Health,"Supply of ambulance to Haringhata Rural Hospital under MPLADS under MPLADS, Ward No. 12, Haringhata block, Nadia district",16.78,2020,Ongoing,False,
MPLAD-2024-100901,MP_33,Jalpaiguri,Ranaghat-I,Panchberia,Health,"Construction of waiting shed at Panchberia Sub-Centre under MPLADS, Ward No. 1, Ranaghat-I block, Jalpaiguri district",42.91,2024,Completed,False,
MPLAD-2021-100695,MP_25,Hooghly,Nakashipara,Dhantala,Sports,"Development of playground with boundary fencing at Dhantala under MPLADS, Ward No. 10, Nakashipara block, Hooghly district",20.35,2021,Completed,False,
MPLAD-2019-100966,MP_33,Howrah,Hanskhali,Subarnapur,Sanitation,"Construction of 7 community sanitary complex at Subarnapur under MPLADS, Ward No. 16, Hanskhali block, Howrah district",22.2,2019,Ongoing,False,
MPLAD-2019-100525,MP_03,Jalpaiguri,Santipur,Dhantala,Community,"Construction of community hall with toilet block at Dhantala under MPLADS, Ward No. 23, Santipur block, Jalpaiguri district",33.6,2019,Completed,False,
MPLAD-2022-100948,MP_01,Hooghly,Hanskhali,Subarnapur,Health,"Supply of ambulance to Hanskhali Rural Hospital under MPLADS under MPLADS, Ward No. 8, Hanskhali block, Hooghly district",37.09,2022,Completed,False,
MPLAD-2021-100849,MP_27,Jalpaiguri,Karimpur-II,Bahirgachi,Education,"Supply of benches and desks to Bahirgachi High School under MPLADS under MPLADS, Ward No. 12, Karimpur-II block, Jalpaiguri district",17.52,2021,Ongoing,False,
MPLAD-2024-100873,MP_30,Murshidabad,Krishnanagar-II,Rautari,Health,"Supply of ambulance to Krishnanagar-II Rural Hospital under MPLADS under MPLADS, Ward No. 5, Krishnanagar-II block, Murshidabad district",18.32,2024,Completed,False,
MPLAD-DUP-200033,MP_27,Murshidabad,Santipur,Debagram,Water,"Setting up of 6 borewells with submersible pump at Debagram under MPLADS, Ward No. 8, Santipur block, Murshidabad district",44.1,2024,Completed,True,MPLAD-2023-100333
MPLAD-2025-100440,MP_30,Bardhaman,Chakdaha,Nokari,Water,"Construction of overhead water reservoir of 3000 litre capacity at Nokari under MPLADS, Ward No. 6, Chakdaha block, Bardhaman district",15.26,2025,Completed,False,
MPLAD-2025-100531,MP_21,Jalpaiguri,Karimpur-II,Bhatjangla,Health,"Construction of waiting shed at Bhatjangla Sub-Centre under MPLADS, Ward No. 15, Karimpur-II block, Jalpaiguri district",38.52,2025,Completed,False,
MPLAD-2021-100226,MP_14,Bankura,Kaliganj,Dhantala,Road,"Improvement and metalling of village approach road at Dhantala, Kaliganj under MPLADS, Ward No. 20, Kaliganj block, Bankura district",25.73,2021,Completed,False,
MPLAD-2023-100228,MP_36,Hooghly,Kaliganj,Fatepur,Electrification,"Providing LED high mast lighting at Fatepur market area under MPLADS, Ward No. 6, Kaliganj block, Hooghly district",7.59,2023,Ongoing,False,
MPLAD-2024-101125,MP_37,Hooghly,Ranaghat-I,Aistala,Irrigation,"Re-excavation of village pond for irrigation at Aistala under MPLADS, Ward No. 2, Ranaghat-I block, Hooghly district",13.39,2024,Completed,False,
MPLAD-2021-100212,MP_35,Birbhum,Tehatta-I,Bahirgachi,Electrification,"Providing LED high mast lighting at Bahirgachi market area under MPLADS, Ward No. 15, Tehatta-I block, Birbhum district",22.19,2021,Completed,False,
MPLAD-2021-100079,MP_20,Howrah,Hanskhali,Bahirgachi,Water,"Construction of overhead water reservoir of 2000 litre capacity at Bahirgachi under MPLADS, Ward No. 16, Hanskhali block, Howrah district",27.01,2021,Completed,False,
MPLAD-2020-100148,MP_04,Murshidabad,Tehatta-I,Mamjoan,Health,"Construction of waiting shed at Mamjoan Sub-Centre under MPLADS, Ward No. 12, Tehatta-I block, Murshidabad district",30.54,2020,Ongoing,False,
MPLAD-DUP-200062,MP_19,Jalpaiguri,Chakdaha,Rautari,Health,"Building of waiting shed at Rautari Sub-Centre under MPLADS, Ward No. 9, Chakdaha block, Jalpaiguri district",18.95,2023,Completed,True,MPLAD-2022-100220
MPLAD-2024-101069,MP_01,Malda,Santipur,Dhantala,Water,"Installation of 4 deep tube wells with submersible pump at Dhantala under MPLADS, Ward No. 2, Santipur block, Malda district",8.49,2024,Completed,False,
MPLAD-2022-100682,MP_11,Nadia,Kaliganj,Nokari,Irrigation,"Re-excavation of village pond for irrigation at Nokari under MPLADS, Ward No. 12, Kaliganj block, Nadia district",30.01,2022,Completed,False,
MPLAD-2019-100133,MP_09,Murshidabad,Karimpur-II,Mamjoan,Community,"Renovation of crematorium boundary wall at Mamjoan under MPLADS, Ward No. 3, Karimpur-II block, Murshidabad district",42.46,2019,Completed,False,
MPLAD-2025-100909,MP_09,Hooghly,Hanskhali,Muragachha,Health,"Construction of waiting shed at Muragachha Sub-Centre under MPLADS, Ward No. 22, Hanskhali block, Hooghly district",25.57,2025,Ongoing,False,
MPLAD-2021-100408,MP_17,Birbhum,Hanskhali,Mamjoan,Health,"Construction of waiting shed at Mamjoan Sub-Centre under MPLADS, Ward No. 5, Hanskhali block, Birbhum district",24.35,2021,Completed,False,
MPLAD-2020-100778,MP_01,Jalpaiguri,Krishnanagar-II,Panchberia,Water,"Construction of overhead water reservoir of 6000 litre capacity at Panchberia under MPLADS, Ward No. 18, Krishnanagar-II block, Jalpaiguri district",26.49,2020,Ongoing,False,
MPLAD-2022-100507,MP_21,Jalpaiguri,Krishnanagar-II,Debagram,Water,"Construction of overhead water reservoir of 3000 litre capacity at Debagram under MPLADS, Ward No. 16, Krishnanagar-II block, Jalpaiguri district",14.22,2022,Ongoing,False,
MPLAD-2024-101027,MP_20,Birbhum,Santipur,Barasat,Sanitation,"Construction of 6 community sanitary complex at Barasat under MPLADS, Ward No. 12, Santipur block, Birbhum district",36.12,2024,Sanctioned,False,
MPLAD-2019-100504,MP_19,Jalpaiguri,Hanskhali,Barasat,Education,"Supply of benches and desks to Barasat High School under MPLADS under MPLADS, Ward No. 12, Hanskhali block, Jalpaiguri district",8.65,2019,Ongoing,False,
MPLAD-2023-100781,MP_03,Hooghly,Hanskhali,Barasat,Health,"Construction of waiting shed at Barasat Sub-Centre under MPLADS, Ward No. 17, Hanskhali block, Hooghly district",42.58,2023,Completed,False,
MPLAD-2023-100347,MP_13,Malda,Ranaghat-I,Debagram,Water,"Construction of overhead water reservoir of 8000 litre capacity at Debagram under MPLADS, Ward No. 22, Ranaghat-I block, Malda district",31.83,2023,Sanctioned,False,
MPLAD-2020-100386,MP_35,Murshidabad,Kaliganj,Debagram,Road,"Construction of 1320 m concrete road from Barasat to Barasat at Debagram under MPLADS, Ward No. 14, Kaliganj block, Murshidabad district",11.5,2020,Completed,False,
MPLAD-2019-100000,MP_04,Malda,Tehatta-I,Mamjoan,Road,"Improvement and metalling of village approach road at Mamjoan, Tehatta-I under MPLADS, Ward No. 11, Tehatta-I block, Malda district",43.94,2019,Ongoing,False,
MPLAD-2022-100360,MP_36,Hooghly,Santipur,Jaguli,Education,"Supply of benches and desks to Jaguli High School under MPLADS under MPLADS, Ward No. 20, Santipur block, Hooghly district",8.07,2022,Sanctioned,False,
MPLAD-DUP-200026,MP_22,Nadia,Hanskhali,Muragachha,Water,"Setting up of 6 borewells with submersible pump at Muragachha under MPLADS, Ward No. 23, Hanskhali block, Nadia district",13.32,2025,Ongoing,True,MPLAD-2025-100356
MPLAD-2025-100475,MP_09,Jalpaiguri,Hanskhali,Mamjoan,Water,"Construction of overhead water reservoir of 8000 litre capacity at Mamjoan under MPLADS, Ward No. 3, Hanskhali block, Jalpaiguri district",42.57,2025,Completed,False,
MPLAD-2024-101111,MP_12,Jalpaiguri,Tehatta-I,Rautari,Health,"Construction of waiting shed at Rautari Sub-Centre under MPLADS, Ward No. 13, Tehatta-I block, Jalpaiguri district",23.46,2024,Completed,False,
MPLAD-2019-100903,MP_08,Murshidabad,Kaliganj,Debagram,Water,"Construction of overhead water reservoir of 5000 litre capacity at Debagram under MPLADS, Ward No. 7, Kaliganj block, Murshidabad district",38.32,2019,Completed,False,
MPLAD-DUP-200046,MP_01,Murshidabad,Kaliganj,Bhatjangla,Road,"Building of 809 m RCC road from Subarnapur to Jaguli at Bhatjangla under MPLADS, Ward No. 13, Kaliganj block, Murshidabad district",23.37,2025,Ongoing,True,MPLAD-2024-100152
MPLAD-2019-100875,MP_05,Murshidabad,Nakashipara,Rautari,Water,"Construction of overhead water reservoir of 8000 litre capacity at Rautari under MPLADS, Ward No. 24, Nakashipara block, Murshidabad district",14.01,2019,Ongoing,False,
MPLAD-DUP-200023,MP_09,Malda,Krishnanagar-II,Jaguli,Water,"Building of overhead water reservoir of 4000 litre capacity at Jaguli under MPLADS, Ward No. 19, Krishnanagar-II block, Malda district",14.92,2025,Completed,True,MPLAD-2024-101055
MPLAD-2023-100172,MP_11,Nadia,Nakashipara,Bahirgachi,Health,"Construction of waiting shed at Bahirgachi Sub-Centre under MPLADS, Ward No. 23, Nakashipara block, Nadia district",19.71,2023,Ongoing,False,
MPLAD-2021-100450,MP_08,Nadia,Haringhata,Jaguli,Education,"Supply of benches and desks to Jaguli High School under MPLADS under MPLADS, Ward No. 8, Haringhata block, Nadia district",15.93,2021,Completed,False,
MPLAD-2025-100125,MP_23,Jalpaiguri,Tehatta-I,Panchberia,Sports,"Development of playground with boundary fencing at Panchberia under MPLADS, Ward No. 16, Tehatta-I block, Jalpaiguri district",19.3,2025,Completed,False,
MPLAD-2020-100911,MP_35,Jalpaiguri,Chakdaha,Dhantala,Electrification,"Providing LED high mast lighting at Dhantala market area under MPLADS, Ward No. 20, Chakdaha block, Jalpaiguri district",30.15,2020,Ongoing,False,
MPLAD-2024-100530,MP_34,Jalpaiguri,Haringhata,Kalinagar,Electrification,"Providing LED high mast lighting at Kalinagar market area under MPLADS, Ward No. 23, Haringhata block, Jalpaiguri district",37.71,2024,Ongoing,False,
MPLAD-2025-100090,MP_02,Howrah,Krishnanagar-II,Debagram,Water,"Construction of overhead water reservoir of 1000 litre capacity at Debagram under MPLADS, Ward No. 6, Krishnanagar-II block, Howrah district",6.25,2025,Ongoing,False,
MPLAD-DUP-200054,MP_35,Malda,Ranaghat-I,Barasat,Sanitation,"Building of 1 community sanitary complex at Barasat under MPLADS, Ward No. 11, Ranaghat-I block, Malda district",14.09,2024,Completed,True,MPLAD-2023-100655
MPLAD-2025-100181,MP_15,Howrah,Santipur,Barasat,Community,"Renovation of crematorium boundary wall at Barasat under MPLADS, Ward No. 13, Santipur block, Howrah district",18.79,2025,Completed,False,
MPLAD-2025-100762,MP_33,Murshidabad,Chakdaha,Kalinagar,Health,"Construction of waiting shed at Kalinagar Sub-Centre under MPLADS, Ward No. 8, Chakdaha block, Murshidabad district",13.56,2025,Completed,False,
MPLAD-2020-100414,MP_06,Birbhum,Nakashipara,Mamjoan,Sports,"Development of playground with boundary fencing at Mamjoan under MPLADS, Ward No. 3, Nakashipara block, Birbhum district",44.87,2020,Completed,False,
MPLAD-2025-100251,MP_07,Howrah,Haringhata,Muragachha,Water,"Construction of overhead water reservoir of 7000 litre capacity at Muragachha under MPLADS, Ward No. 17, Haringhata block, Howrah district",10.71,2025,Completed,False,
MPLAD-2025-100069,MP_09,Murshidabad,Hanskhali,Bahirgachi,Electrification,"Installation of 4 solar street lights at Bahirgachi, Hanskhali under MPLADS, Ward No. 8, Hanskhali block, Murshidabad district",26.4,2025,Completed,False,
MPLAD-2024-100131,MP_33,Hooghly,Hanskhali,Dhantala,Health,"Construction of waiting shed at Dhantala Sub-Centre under MPLADS, Ward No. 6, Hanskhali block, Hooghly district",28.33,2024,Completed,False,
MPLAD-2025-100300,MP_24,Malda,Santipur,Nokari,Electrification,"Providing LED high mast lighting at Nokari market area under MPLADS, Ward No. 8, Santipur block, Malda district",32.4,2025,Ongoing,False,
MPLAD-2023-100774,MP_31,Hooghly,Ranaghat-I,Panchberia,Health,"Construction of waiting shed at Panchberia Sub-Centre under MPLADS, Ward No. 24, Ranaghat-I block, Hooghly district",1.76,2023,Sanctioned,False,
MPLAD-2023-100326,MP_35,Murshidabad,Kaliganj,Subarnapur,Sports,"Development of playground with boundary fencing at Subarnapur under MPLADS, Ward No. 8, Kaliganj block, Murshidabad district",34.74,2023,Completed,False,
MPLAD-DUP-200067,MP_18,Nadia,Kaliganj,Jaguli,Electrification,"Setting up of 3 solar street lights at Jaguli, Kaliganj under MPLADS, Ward No. 10, Kaliganj block, Nadia district",19.52,2023,Completed,True,MPLAD-2022-100381
MPLAD-2020-100918,MP_17,Hooghly,Chakdaha,Panchberia,Education,"Construction of additional classroom block at Panchberia Primary School under MPLADS, Ward No. 4, Chakdaha block, Hooghly district",20.71,2020,Completed,False,
MPLAD-2021-100499,MP_30,Birbhum,Santipur,Nokari,Health,"Supply of ambulance to Santipur Rural Hospital under MPLADS under MPLADS, Ward No. 14, Santipur block, Birbhum district",18.55,2021,Ongoing,False,
MPLAD-DUP-200082,MP_15,Murshidabad,Ranaghat-I,Jaguli,Community,"Renovation of crematorium boundary wall at Jaguli under MPLADS, Ward No. 5, Ranaghat-I block, Murshidabad district",19.5,2022,Completed,True,MPLAD-2021-100968
MPLAD-2019-100364,MP_26,Murshidabad,Hanskhali,Dhantala,Electrification,"Installation of 2 solar street lights at Dhantala, Hanskhali under MPLADS, Ward No. 14, Hanskhali block, Murshidabad district",42.83,2019,Completed,False,
MPLAD-2024-100495,MP_38,Malda,Ranaghat-I,Aistala,Road,"Improvement and metalling of village approach road at Aistala, Ranaghat-I under MPLADS, Ward No. 10, Ranaghat-I block, Malda district",20.61,2024,Completed,False,
MPLAD-DUP-200007,MP_07,Howrah,Santipur,Rautari,Education,"Building of additional classroom block at Rautari Primary School under MPLADS, Ward No. 16, Santipur block, Howrah district",43.38,2023,Completed,True,MPLAD-2022-100927
MPLAD-2021-100338,MP_19,Bardhaman,Karimpur-II,Mamjoan,Community,"Construction of community hall with toilet block at Mamjoan under MPLADS, Ward No. 2, Karimpur-II block, Bardhaman district",15.72,2021,Completed,False,
MPLAD-2020-100421,MP_31,Malda,Ranaghat-I,Bhatjangla,Sanitation,"Construction of 8 community sanitary complex at Bhatjangla under MPLADS, Ward No. 16, Ranaghat-I block, Malda district",7.94,2020,Sanctioned,False,
MPLAD-2022-100164,MP_04,Bankura,Chakdaha,Muragachha,Water,"Installation of 5 deep tube wells with submersible pump at Muragachha under MPLADS, Ward No. 7, Chakdaha block, Bankura district",8.18,2022,Completed,False,
MPLAD-2019-100028,MP_31,Purulia,Kaliganj,Muragachha,Education,"Supply of benches and desks to Muragachha High School under MPLADS under MPLADS, Ward No. 2, Kaliganj block, Purulia district",43.77,2019,Completed,False,
MPLAD-2024-100516,MP_15,Birbhum,Ranaghat-I,Muragachha,Health,"Supply of ambulance to Ranaghat-I Rural Hospital under MPLADS under MPLADS, Ward No. 22, Ranaghat-I block, Birbhum district",8.45,2024,Completed,False,
MPLAD-2023-100193,MP_01,Jalpaiguri,Ranaghat-I,Dhantala,Water,"Construction of overhead water reservoir of 6000 litre capacity at Dhantala under MPLADS, Ward No. 17, Ranaghat-I block, Jalpaiguri district",24.14,2023,Completed,False,
MPLAD-2021-101171,MP_39,Bardhaman,Krishnanagar-II,Mamjoan,Community,"Construction of community hall with toilet block at Mamjoan under MPLADS, Ward No. 23, Krishnanagar-II block, Bardhaman district",12.77,2021,Completed,False,
MPLAD-2021-100905,MP_28,Murshidabad,Chakdaha,Mamjoan,Sports,"Development of playground with boundary fencing at Mamjoan under MPLADS, Ward No. 14, Chakdaha block, Murshidabad district",39.48,2021,Sanctioned,False,
MPLAD-2020-100169,MP_39,Hooghly,Haringhata,Fatepur,Education,"Supply of benches and desks to Fatepur High School under MPLADS under MPLADS, Ward No. 2, Haringhata block, Hooghly district",7.47,2020,Ongoing,False,
MPLAD-2023-100823,MP_17,Howrah,Santipur,Kalinagar,Water,"Construction of overhead water reservoir of 7000 litre capacity at Kalinagar under MPLADS, Ward No. 9, Santipur block, Howrah district",17.09,2023,Completed,False,
MPLAD-2020-100652,MP_22,Hooghly,Nakashipara,Aistala,Road,"Improvement and metalling of village approach road at Aistala, Nakashipara under MPLADS, Ward No. 24, Nakashipara block, Hooghly district",26.55,2020,Completed,False,
MPLAD-2024-100173,MP_21,Jalpaiguri,Santipur,Jaguli,Road,"Improvement and metalling of village approach road at Jaguli, Santipur under MPLADS, Ward No. 4, Santipur block, Jalpaiguri district",15.19,2024,Completed,False,
MPLAD-2019-100518,MP_05,Jalpaiguri,Chakdaha,Subarnapur,Community,"Construction of community hall with toilet block at Subarnapur under MPLADS, Ward No. 22, Chakdaha block, Jalpaiguri district",43.48,2019,Completed,False,
MPLAD-2022-101053,MP_06,Jalpaiguri,Karimpur-II,Jaguli,Road,"Construction of 1507 m concrete road from Jaguli to Aistala at Jaguli under MPLADS, Ward No. 2, Karimpur-II block, Jalpaiguri district",4.95,2022,Sanctioned,False,
MPLAD-2025-101042,MP_36,Birbhum,Tehatta-I,Bhatjangla,Sanitation,"Construction of 1 community sanitary complex at Bhatjangla under MPLADS, Ward No. 16, Tehatta-I block, Birbhum district",29.47,2025,Completed,False,
MPLAD-2020-100491,MP_08,Murshidabad,Krishnanagar-II,Bahirgachi,Health,"Construction of waiting shed at Bahirgachi Sub-Centre under MPLADS, Ward No. 15, Krishnanagar-II block, Murshidabad district",3.26,2020,Completed,False,
MPLAD-2022-100073,MP_07,Jalpaiguri,Karimpur-II,Bahirgachi,Sports,"Development of playground with boundary fencing at Bahirgachi under MPLADS, Ward No. 2, Karimpur-II block, Jalpaiguri district",15.15,2022,Ongoing,False,
MPLAD-2019-101085,MP_24,Jalpaiguri,Tehatta-I,Dhantala,Irrigation,"Re-excavation of village pond for irrigation at Dhantala under MPLADS, Ward No. 13, Tehatta-I block, Jalpaiguri district",44.92,2019,Sanctioned,False,
MPLAD-2025-100587,MP_20,Purulia,Santipur,Dhantala,Health,"Supply of ambulance to Santipur Rural Hospital under MPLADS under MPLADS, Ward No. 15, Santipur block, Purulia district",34.9,2025,Completed,False,
MPLAD-2025-100657,MP_26,Murshidabad,Krishnanagar-II,Aistala,Road,"Construction of 1672 m concrete road from Bhatjangla to Panchberia at Aistala under MPLADS, Ward No. 9, Krishnanagar-II block, Murshidabad district",31.95,2025,Completed,False,
MPLAD-2022-100234,MP_19,Bardhaman,Hanskhali,Subarnapur,Road,"Improvement and metalling of village approach road at Subarnapur, Hanskhali under MPLADS, Ward No. 3, Hanskhali block, Bardhaman district",10.22,2022,Completed,False,
MPLAD-2023-100214,MP_15,Murshidabad,Krishnanagar-II,Aistala,Education,"Construction of additional classroom block at Aistala Primary School under MPLADS, Ward No. 19, Krishnanagar-II block, Murshidabad district",19.99,2023,Ongoing,False,
MPLAD-2020-100162,MP_03,Howrah,Santipur,Dhantala,Road,"Improvement and metalling of village approach road at Dhantala, Santipur under MPLADS, Ward No. 8, Santipur block, Howrah district",30.74,2020,Completed,False,
MPLAD-2025-100132,MP_23,Hooghly,Ranaghat-I,Rautari,Health,"Supply of ambulance to Ranaghat-I Rural Hospital under MPLADS under MPLADS, Ward No. 11, Ranaghat-I block, Hooghly district",33.48,2025,Completed,False,
MPLAD-2024-100978,MP_39,Bardhaman,Ranaghat-I,Mamjoan,Electrification,"Installation of 4 solar street lights at Mamjoan, Ranaghat-I under MPLADS, Ward No. 14, Ranaghat-I block, Bardhaman district",17.64,2024,Ongoing,False,
MPLAD-2022-100850,MP_17,Murshidabad,Chakdaha,Mamjoan,Sports,"Development of playground with boundary fencing at Mamjoan under MPLADS, Ward No. 13, Chakdaha block, Murshidabad district",29.39,2022,Completed,False,
MPLAD-2020-101065,MP_26,Purulia,Nakashipara,Subarnapur,Education,"Construction of additional classroom block at Subarnapur Primary School under MPLADS, Ward No. 15, Nakashipara block, Purulia district",22.47,2020,Completed,False,
MPLAD-2022-100185,MP_16,Murshidabad,Nakashipara,Nokari,Road,"Improvement and metalling of village approach road at Nokari, Nakashipara under MPLADS, Ward No. 8, Nakashipara block, Murshidabad district",10.83,2022,Completed,False,
MPLAD-2025-100041,MP_03,Murshidabad,Hanskhali,Barasat,Road,"Construction of 317 m concrete road from Debagram to Nokari at Barasat under MPLADS, Ward No. 22, Hanskhali block, Murshidabad district",41.73,2025,Completed,False,
MPLAD-2025-100692,MP_06,Murshidabad,Ranaghat-I,Dhantala,Education,"Construction of additional classroom block at Dhantala Primary School under MPLADS, Ward No. 15, Ranaghat-I block, Murshidabad district",35.23,2025,Completed,False,
MPLAD-2022-100108,MP_28,Murshidabad,Chakdaha,Muragachha,Community,"Construction of community hall with toilet block at Muragachha under MPLADS, Ward No. 12, Chakdaha block, Murshidabad district",8.04,2022,Completed,False,
MPLAD-2022-100990,MP_26,Bardhaman,Krishnanagar-II,Subarnapur,Electrification,"Providing LED high mast lighting at Subarnapur market area under MPLADS, Ward No. 23, Krishnanagar-II block, Bardhaman district",32.24,2022,Sanctioned,False,
MPLAD-2020-100568,MP_04,Nadia,Tehatta-I,Fatepur,Sports,"Development of playground with boundary fencing at Fatepur under MPLADS, Ward No. 17, Tehatta-I block, Nadia district",20.68,2020,Completed,False,
MPLAD-2022-101116,MP_22,Malda,Tehatta-I,Rautari,Electrification,"Providing LED high mast lighting at Rautari market area under MPLADS, Ward No. 20, Tehatta-I block, Malda district",30.18,2022,Sanctioned,False,
MPLAD-2025-101098,MP_02,Bankura,Santipur,Subarnapur,Community,"Construction of community hall with toilet block at Subarnapur under MPLADS, Ward No. 16, Santipur block, Bankura district",19.93,2025,Completed,False,
MPLAD-DUP-200047,MP_01,Bardhaman,Tehatta-I,Bahirgachi,Sports,"Development of playground with boundary fencing at Bahirgachi under MPLADS, Ward No. 1, Tehatta-I block, Bardhaman district",46.29,2025,Completed,True,MPLAD-2024-100271
MPLAD-2019-100483,MP_27,Jalpaiguri,Krishnanagar-II,Muragachha,Water,"Installation of 5 deep tube wells with submersible pump at Muragachha under MPLADS, Ward No. 16, Krishnanagar-II block, Jalpaiguri district",25.38,2019,Sanctioned,False,
MPLAD-2025-100468,MP_26,Bankura,Krishnanagar-II,Jaguli,Water,"Installation of 8 deep tube wells with submersible pump at Jaguli under MPLADS, Ward No. 4, Krishnanagar-II block, Bankura district",2.96,2025,Completed,False,
MPLAD-2022-100024,MP_10,Murshidabad,Chakdaha,Bhatjangla,Irrigation,"Re-excavation of village pond for irrigation at Bhatjangla under MPLADS, Ward No. 16, Chakdaha block, Murshidabad district",42.22,2022,Completed,False,
MPLAD-2023-101110,MP_27,Nadia,Chakdaha,Nokari,Health,"Construction of waiting shed at Nokari Sub-Centre under MPLADS, Ward No. 19, Chakdaha block, Nadia district",20.1,2023,Completed,False,
MPLAD-2024-100915,MP_09,Malda,Tehatta-I,Bhatjangla,Road,"Improvement and metalling of village approach road at Bhatjangla, Tehatta-I under MPLADS, Ward No. 3, Tehatta-I block, Malda district",2.28,2024,Ongoing,False,
MPLAD-2025-100874,MP_27,Jalpaiguri,Krishnanagar-II,Bahirgachi,Health,"Supply of ambulance to Krishnanagar-II Rural Hospital under MPLADS under MPLADS, Ward No. 6, Krishnanagar-II block, Jalpaiguri district",16.36,2025,Completed,False,
MPLAD-2023-101096,MP_11,Howrah,Tehatta-I,Mamjoan,Community,"Construction of community hall with toilet block at Mamjoan under MPLADS, Ward No. 9, Tehatta-I block, Howrah district",43.42,2023,Sanctioned,False,
MPLAD-2021-100366,MP_02,Malda,Chakdaha,Barasat,Road,"Improvement and metalling of village approach road at Barasat, Chakdaha under MPLADS, Ward No. 17, Chakdaha block, Malda district",5.85,2021,Ongoing,False,
MPLAD-2025-100979,MP_13,Bankura,Santipur,Fatepur,Health,"Construction of waiting shed at Fatepur Sub-Centre under MPLADS, Ward No. 1, Santipur block, Bankura district",10.85,2025,Completed,False,
MPLAD-2025-101140,MP_30,Murshidabad,Haringhata,Muragachha,Electrification,"Providing LED high mast lighting at Muragachha market area under MPLADS, Ward No. 11, Haringhata block, Murshidabad district",10.29,2025,Sanctioned,False,
MPLAD-2024-100383,MP_29,Jalpaiguri,Chakdaha,Fatepur,Sanitation,"Construction of 6 community sanitary complex at Fatepur under MPLADS, Ward No. 3, Chakdaha block, Jalpaiguri district",11.89,2024,Ongoing,False,
MPLAD-2019-101015,MP_06,Nadia,Hanskhali,Aistala,Education,"Supply of benches and desks to Aistala High School under MPLADS under MPLADS, Ward No. 24, Hanskhali block, Nadia district",43.17,2019,Completed,False,
MPLAD-2022-100717,MP_25,Bankura,Nakashipara,Muragachha,Irrigation,"Re-excavation of village pond for irrigation at Muragachha under MPLADS, Ward No. 9, Nakashipara block, Bankura district",29.12,2022,Completed,False,
MPLAD-2025-100454,MP_20,Nadia,Ranaghat-I,Barasat,Electrification,"Providing LED high mast lighting at Barasat market area under MPLADS, Ward No. 15, Ranaghat-I block, Nadia district",9.06,2025,Completed,False,
MPLAD-2024-100264,MP_20,Bankura,Chakdaha,Kalinagar,Education,"Construction of additional classroom block at Kalinagar Primary School under MPLADS, Ward No. 4, Chakdaha block, Bankura district",34.39,2024,Ongoing,False,
MPLAD-2021-100968,MP_15,Murshidabad,Ranaghat-I,Jaguli,Community,"Renovation of crematorium boundary wall at Jaguli under MPLADS, Ward No. 5, Ranaghat-I block, Murshidabad district",18.21,2021,Completed,False,
MPLAD-2020-100232,MP_08,Murshidabad,Santipur,Kalinagar,Water,"Installation of 2 deep tube wells with submersible pump at Kalinagar under MPLADS, Ward No. 4, Santipur block, Murshidabad district",19.34,2020,Completed,False,
MPLAD-2022-100444,MP_28,Hooghly,Ranaghat-I,Bhatjangla,Health,"Construction of waiting shed at Bhatjangla Sub-Centre under MPLADS, Ward No. 7, Ranaghat-I block, Hooghly district",30.06,2022,Completed,False,
MPLAD-2022-100395,MP_39,Howrah,Nakashipara,Mamjoan,Sanitation,"Construction of 1 community sanitary complex at Mamjoan under MPLADS, Ward No. 3, Nakashipara block, Howrah district",8.54,2022,Ongoing,False,
MPLAD-2019-101106,MP_22,Jalpaiguri,Tehatta-I,Muragachha,Sanitation,"Construction of 6 community sanitary complex at Muragachha under MPLADS, Ward No. 6, Tehatta-I block, Jalpaiguri district",29.54,2019,Completed,False,
MPLAD-2020-100176,MP_09,Hooghly,Santipur,Subarnapur,Health,"Construction of waiting shed at Subarnapur Sub-Centre under MPLADS, Ward No. 1, Santipur block, Hooghly district",19.89,2020,Completed,False,
MPLAD-2023-100018,MP_07,Murshidabad,Tehatta-I,Fatepur,Water,"Installation of 2 deep tube wells with submersible pump at Fatepur under MPLADS, Ward No. 17, Tehatta-I block, Murshidabad district",41.74,2023,Completed,False,
MPLAD-2024-101139,MP_38,Nadia,Chakdaha,Kalinagar,Electrification,"Providing LED high mast lighting at Kalinagar market area under MPLADS, Ward No. 17, Chakdaha block, Nadia district",40.78,2024,Completed,False,
MPLAD-2021-100926,MP_10,Jalpaiguri,Kaliganj,Kalinagar,Irrigation,"Re-excavation of village pond for irrigation at Kalinagar under MPLADS, Ward No. 1, Kaliganj block, Jalpaiguri district",30.17,2021,Completed,False,
MPLAD-2023-100949,MP_02,Murshidabad,Kaliganj,Aistala,Community,"Construction of community hall with toilet block at Aistala under MPLADS, Ward No. 3, Kaliganj block, Murshidabad district",41.37,2023,Completed,False,
MPLAD-2024-101153,MP_20,Purulia,Hanskhali,Rautari,Water,"Installation of 7 deep tube wells with submersible pump at Rautari under MPLADS, Ward No. 9, Hanskhali block, Purulia district",1.88,2024,Completed,False,
MPLAD-2019-100595,MP_18,Bardhaman,Kaliganj,Bahirgachi,Road,"Construction of 816 m concrete road from Jaguli to Aistala at Bahirgachi under MPLADS, Ward No. 24, Kaliganj block, Bardhaman district",43.35,2019,Ongoing,False,
MPLAD-2024-100061,MP_31,Jalpaiguri,Chakdaha,Bahirgachi,Education,"Construction of additional classroom block at Bahirgachi Primary School under MPLADS, Ward No. 17, Chakdaha block, Jalpaiguri district",31.87,2024,Ongoing,False,
MPLAD-2025-100272,MP_32,Birbhum,Chakdaha,Mamjoan,Health,"Supply of ambulance to Chakdaha Rural Hospital under MPLADS under MPLADS, Ward No. 17, Chakdaha block, Birbhum district",40.35,2025,Completed,False,
MPLAD-DUP-200018,MP_16,Bankura,Krishnanagar-II,Mamjoan,Community,"Construction of community centre with toilet block at Mamjoan under MPLADS, Ward No. 21, Krishnanagar-II block, Bankura district",5.86,2020,Completed,True,MPLAD-2019-100203
MPLAD-2024-100278,MP_38,Bardhaman,Tehatta-I,Muragachha,Health,"Construction of waiting shed at Muragachha Sub-Centre under MPLADS, Ward No. 13, Tehatta-I block, Bardhaman district",2.02,2024,Ongoing,False,
MPLAD-2023-101117,MP_10,Bankura,Kaliganj,Aistala,Electrification,"Providing LED high mast lighting at Aistala market area under MPLADS, Ward No. 15, Kaliganj block, Bankura district",44.47,2023,Completed,False,
MPLAD-2020-100694,MP_11,Nadia,Nakashipara,Dhantala,Electrification,"Installation of 1 solar street lights at Dhantala, Nakashipara under MPLADS, Ward No. 20, Nakashipara block, Nadia district",35.22,2020,Ongoing,False,
MPLAD-2023-100368,MP_02,Birbhum,Karimpur-II,Debagram,Water,"Construction of overhead water reservoir of 2000 litre capacity at Debagram under MPLADS, Ward No. 23, Karimpur-II block, Birbhum district",37.87,2023,Completed,False,
MPLAD-2020-100036,MP_32,Bankura,Nakashipara,Rautari,Education,"Construction of additional classroom block at Rautari Primary School under MPLADS, Ward No. 7, Nakashipara block, Bankura district",6.08,2020,Completed,False,
MPLAD-2019-100735,MP_11,Jalpaiguri,Ranaghat-I,Muragachha,Education,"Construction of additional classroom block at Muragachha Primary School under MPLADS, Ward No. 19, Ranaghat-I block, Jalpaiguri district",30.14,2019,Completed,False,
MPLAD-2020-101058,MP_30,Howrah,Kaliganj,Jaguli,Road,"Construction of 1122 m concrete road from Rautari to Debagram at Jaguli under MPLADS, Ward No. 22, Kaliganj block, Howrah district",33.57,2020,Completed,False,
MPLAD-2022-101004,MP_09,Birbhum,Hanskhali,Muragachha,Electrification,"Installation of 5 solar street lights at Muragachha, Hanskhali under MPLADS, Ward No. 20, Hanskhali block, Birbhum district",6.89,2022,Completed,False,
MPLAD-2020-100834,MP_11,Bankura,Ranaghat-I,Fatepur,Sports,"Development of playground with boundary fencing at Fatepur under MPLADS, Ward No. 7, Ranaghat-I block, Bankura district",26.18,2020,Completed,False,
MPLAD-2021-100898,MP_29,Purulia,Chakdaha,Bhatjangla,Community,"Construction of community hall with toilet block at Bhatjangla under MPLADS, Ward No. 7, Chakdaha block, Purulia district",41.89,2021,Sanctioned,False,
MPLAD-2020-100547,MP_19,Birbhum,Tehatta-I,Barasat,Electrification,"Installation of 7 solar street lights at Barasat, Tehatta-I under MPLADS, Ward No. 11, Tehatta-I block, Birbhum district",14.13,2020,Completed,False,
MPLAD-2025-101035,MP_24,Howrah,Haringhata,Muragachha,Electrification,"Providing LED high mast lighting at Muragachha market area under MPLADS, Ward No. 1, Haringhata block, Howrah district",24.76,2025,Completed,False,
MPLAD-2021-100688,MP_28,Bardhaman,Kaliganj,Barasat,Water,"Construction of overhead water reservoir of 8000 litre capacity at Barasat under MPLADS, Ward No. 24, Kaliganj block, Bardhaman district",13.45,2021,Ongoing,False,
MPLAD-2022-100738,MP_28,Murshidabad,Chakdaha,Kalinagar,Health,"Supply of ambulance to Chakdaha Rural Hospital under MPLADS under MPLADS, Ward No. 6, Chakdaha block, Murshidabad district",28.72,2022,Ongoing,False,
MPLAD-2021-100191,MP_32,Purulia,Hanskhali,Muragachha,Sports,"Development of playground with boundary fencing at Muragachha under MPLADS, Ward No. 14, Hanskhali block, Purulia district",22.46,2021,Completed,False,
MPLAD-2020-100456,MP_22,Purulia,Krishnanagar-II,Subarnapur,Water,"Construction of overhead water reservoir of 7000 litre capacity at Subarnapur under MPLADS, Ward No. 6, Krishnanagar-II block, Purulia district",5.59,2020,Completed,False,
MPLAD-2020-100393,MP_32,Malda,Nakashipara,Debagram,Road,"Construction of 283 m concrete road from Muragachha to Mamjoan at Debagram under MPLADS, Ward No. 3, Nakashipara block, Malda district",39.33,2020,Ongoing,False,
MPLAD-2022-100675,MP_16,Murshidabad,Kaliganj,Debagram,Community,"Construction of community hall with toilet block at Debagram under MPLADS, Ward No. 7, Kaliganj block, Murshidabad district",15.27,2022,Sanctioned,False,
MPLAD-2023-100760,MP_06,Nadia,Kaliganj,Aistala,Health,"Supply of ambulance to Kaliganj Rural Hospital under MPLADS under MPLADS, Ward No. 21, Kaliganj block, Nadia district",7.87,2023,Completed,False,
MPLAD-DUP-200076,MP_21,Howrah,Karimpur-II,Panchberia,Health,"Procurement and supply of ambulance to Karimpur-II Rural Hospital under MPLADS under MPLADS, Ward No. 23, Karimpur-II block, Howrah district",30.25,2022,Completed,True,MPLAD-2021-101003
MPLAD-2019-100728,MP_22,Birbhum,Hanskhali,Aistala,Road,"Construction of 1516 m concrete road from Debagram to Rautari at Aistala under MPLADS, Ward No. 15, Hanskhali block, Birbhum district",14.31,2019,Completed,False,
MPLAD-2025-100419,MP_04,Jalpaiguri,Hanskhali,Subarnapur,Electrification,"Providing LED high mast lighting at Subarnapur market area under MPLADS, Ward No. 19, Hanskhali block, Jalpaiguri district",12.14,2025,Completed,False,
MPLAD-2023-100375,MP_10,Bankura,Kaliganj,Jaguli,Water,"Installation of 1 deep tube wells with submersible pump at Jaguli under MPLADS, Ward No. 9, Kaliganj block, Bankura district",5.09,2023,Completed,False,
MPLAD-2025-100412,MP_05,Purulia,Santipur,Rautari,Health,"Supply of ambulance to Santipur Rural Hospital under MPLADS under MPLADS, Ward No. 10, Santipur block, Purulia district",7.02,2025,Completed,False,
MPLAD-2023-100074,MP_06,Nadia,Krishnanagar-II,Debagram,Sports,"Development of playground with boundary fencing at Debagram under MPLADS, Ward No. 17, Krishnanagar-II block, Nadia district",27.64,2023,Completed,False,
MPLAD-DUP-200014,MP_19,Murshidabad,Tehatta-I,Subarnapur,Health,"Building of waiting shed at Subarnapur Sub-Centre under MPLADS, Ward No. 18, Tehatta-I block, Murshidabad district",53.53,2021,Ongoing,True,MPLAD-2020-100470
MPLAD-2019-101008,MP_07,Jalpaiguri,Karimpur-II,Fatepur,Education,"Construction of additional classroom block at Fatepur Primary School under MPLADS, Ward No. 23, Karimpur-II block, Jalpaiguri district",2.04,2019,Completed,False,
MPLAD-2022-100500,MP_29,Bankura,Hanskhali,Jaguli,Sports,"Development of playground with boundary fencing at Jaguli under MPLADS, Ward No. 10, Hanskhali block, Bankura district",26.17,2022,Completed,False,
MPLAD-2022-100934,MP_36,Purulia,Hanskhali,Kalinagar,Road,"Construction of 1622 m concrete road from Rautari to Fatepur at Kalinagar under MPLADS, Ward No. 7, Hanskhali block, Purulia district",24.03,2022,Completed,False,
MPLAD-2019-100616,MP_37,Bardhaman,Kaliganj,Debagram,Water,"Construction of overhead water reservoir of 4000 litre capacity at Debagram under MPLADS, Ward No. 7, Kaliganj block, Bardhaman district",35.77,2019,Ongoing,False,
MPLAD-2021-100114,MP_35,Malda,Karimpur-II,Subarnapur,Electrification,"Installation of 7 solar street lights at Subarnapur, Karimpur-II under MPLADS, Ward No. 8, Karimpur-II block, Malda district",27.33,2021,Completed,False,
MPLAD-2023-100417,MP_27,Malda,Kaliganj,Bhatjangla,Education,"Construction of additional classroom block at Bhatjangla Primary School under MPLADS, Ward No. 14, Kaliganj block, Malda district",4.11,2023,Completed,False,
MPLAD-2025-100601,MP_14,Nadia,Nakashipara,Mamjoan,Electrification,"Providing LED high mast lighting at Mamjoan market area under MPLADS, Ward No. 18, Nakashipara block, Nadia district",21.05,2025,Completed,False,
MPLAD-2021-100604,MP_29,Purulia,Krishnanagar-II,Rautari,Irrigation,"Re-excavation of village pond for irrigation at Rautari under MPLADS, Ward No. 18, Krishnanagar-II block, Purulia district",35.13,2021,Completed,False,
MPLAD-2019-101148,MP_07,Bankura,Ranaghat-I,Barasat,Community,"Construction of community hall with toilet block at Barasat under MPLADS, Ward No. 23, Ranaghat-I block, Bankura district",19.36,2019,Ongoing,False,
MPLAD-2024-100089,MP_04,Bankura,Santipur,Bhatjangla,Community,"Renovation of crematorium boundary wall at Bhatjangla under MPLADS, Ward No. 6, Santipur block, Bankura district",25.66,2024,Ongoing,False,
MPLAD-2021-101003,MP_21,Howrah,Karimpur-II,Panchberia,Health,"Supply of ambulance to Karimpur-II Rural Hospital under MPLADS under MPLADS, Ward No. 23, Karimpur-II block, Howrah district",27.59,2021,Completed,False,
MPLAD-DUP-200041,MP_03,Bardhaman,Chakdaha,Mamjoan,Irrigation,"Re-excavation of village pond for irrigation at Mamjoan under MPLADS, Ward No. 24, Chakdaha block, Bardhaman district",15.41,2023,Completed,True,MPLAD-2022-100010
MPLAD-2023-100753,MP_30,Jalpaiguri,Nakashipara,Debagram,Electrification,"Installation of 4 solar street lights at Debagram, Nakashipara under MPLADS, Ward No. 21, Nakashipara block, Jalpaiguri district",26.61,2023,Ongoing,False,
MPLAD-2020-100498,MP_23,Birbhum,Santipur,Kalinagar,Water,"Construction of overhead water reservoir of 5000 litre capacity at Kalinagar under MPLADS, Ward No. 19, Santipur block, Birbhum district",1.61,2020,Ongoing,False,
MPLAD-2023-101026,MP_11,Birbhum,Santipur,Panchberia,Education,"Supply of benches and desks to Panchberia High School under MPLADS under MPLADS, Ward No. 6, Santipur block, Birbhum district",15.63,2023,Completed,False,
MPLAD-2022-101032,MP_08,Birbhum,Kaliganj,Nokari,Health,"Supply of ambulance to Kaliganj Rural Hospital under MPLADS under MPLADS, Ward No. 18, Kaliganj block, Birbhum district",44.51,2022,Completed,False,
MPLAD-2020-101030,MP_32,Purulia,Hanskhali,Kalinagar,Sanitation,"Construction of 8 community sanitary complex at Kalinagar under MPLADS, Ward No. 23, Hanskhali block, Purulia district",4.47,2020,Ongoing,False,
MPLAD-2023-100011,MP_16,Birbhum,Haringhata,Jaguli,Health,"Construction of waiting shed at Jaguli Sub-Centre under MPLADS, Ward No. 13, Haringhata block, Birbhum district",36.91,2023,Completed,False,
MPLAD-2023-100396,MP_26,Jalpaiguri,Haringhata,Bahirgachi,Water,"Construction of overhead water reservoir of 5000 litre capacity at Bahirgachi under MPLADS, Ward No. 6, Haringhata block, Jalpaiguri district",23.86,2023,Completed,False,
MPLAD-2020-100932,MP_21,Murshidabad,Haringhata,Bhatjangla,Road,"Improvement and metalling of village approach road at Bhatjangla, Haringhata under MPLADS, Ward No. 5, Haringhata block, Murshidabad district",5.14,2020,Completed,False,
MPLAD-2021-100555,MP_10,Nadia,Nakashipara,Bhatjangla,Water,"Construction of overhead water reservoir of 7000 litre capacity at Bhatjangla under MPLADS, Ward No. 3, Nakashipara block, Nadia district",7.7,2021,Ongoing,False,
MPLAD-2019-100042,MP_31,Jalpaiguri,Karimpur-II,Muragachha,Community,"Renovation of crematorium boundary wall at Muragachha under MPLADS, Ward No. 6, Karimpur-II block, Jalpaiguri district",29.45,2019,Ongoing,False,
MPLAD-2025-100167,MP_30,Nadia,Krishnanagar-II,Panchberia,Road,"Construction of 1367 m concrete road from Rautari to Dhantala at Panchberia under MPLADS, Ward No. 14, Krishnanagar-II block, Nadia district",23.43,2025,Ongoing,False,
MPLAD-2022-100416,MP_10,Purulia,Haringhata,Subarnapur,Health,"Supply of ambulance to Haringhata Rural Hospital under MPLADS under MPLADS, Ward No. 3, Haringhata block, Purulia district",38.67,2022,Completed,False,
MPLAD-2021-100576,MP_13,Birbhum,Chakdaha,Jaguli,Community,"Construction of community hall with toilet block at Jaguli under MPLADS, Ward No. 20, Chakdaha block, Birbhum district",38.34,2021,Completed,False,
MPLAD-2020-100267,MP_39,Jalpaiguri,Chakdaha,Dhantala,Electrification,"Providing LED high mast lighting at Dhantala market area under MPLADS, Ward No. 23, Chakdaha block, Jalpaiguri district",40.92,2020,Ongoing,False,
MPLAD-2022-100941,MP_28,Howrah,Karimpur-II,Debagram,Road,"Construction of 997 m concrete road from Rautari to Kalinagar at Debagram under MPLADS, Ward No. 8, Karimpur-II block, Howrah district",20.41,2022,Ongoing,False,
MPLAD-2025-100426,MP_03,Nadia,Kaliganj,Aistala,Community,"Construction of community hall with toilet block at Aistala under MPLADS, Ward No. 5, Kaliganj block, Nadia district",25.38,2025,Completed,False,
MPLAD-2023-100690,MP_13,Purulia,Ranaghat-I,Dhantala,Water,"Installation of 5 deep tube wells with submersible pump at Dhantala under MPLADS, Ward No. 1, Ranaghat-I block, Purulia district",37.45,2023,Completed,False,
MPLAD-2024-100544,MP_22,Howrah,Chakdaha,Kalinagar,Electrification,"Installation of 7 solar street lights at Kalinagar, Chakdaha under MPLADS, Ward No. 23, Chakdaha block, Howrah district",4.18,2024,Completed,False,
MPLAD-DUP-200078,MP_04,Howrah,Kaliganj,Panchberia,Irrigation,"Re-excavation of village pond for irrigation at Panchberia under MPLADS, Ward No. 19, Kaliganj block, Howrah district",23.83,2024,Completed,True,MPLAD-2023-100942
MPLAD-2021-100674,MP_11,Purulia,Santipur,Fatepur,Road,"Construction of 887 m concrete road from Jaguli to Kalinagar at Fatepur under MPLADS, Ward No. 11, Santipur block, Purulia district",28.14,2021,Completed,False,
MPLAD-2022-100689,MP_17,Malda,Hanskhali,Mamjoan,Education,"Supply of benches and desks to Mamjoan High School under MPLADS under MPLADS, Ward No. 8, Hanskhali block, Malda district",35.73,2022,Sanctioned,False,
MPLAD-2021-101143,MP_28,Jalpaiguri,Hanskhali,Dhantala,Road,"Construction of 192 m concrete road from Kalinagar to Bahirgachi at Dhantala under MPLADS, Ward No. 10, Hanskhali block, Jalpaiguri district",25.23,2021,Ongoing,False,
MPLAD-DUP-200069,MP_20,Purulia,Santipur,Bahirgachi,Electrification,"Providing LED high mast lighting at Bahirgachi market area under MPLADS, Ward No. 17, Santipur block, Purulia district",47.69,2022,Ongoing,True,MPLAD-2021-101073
MPLAD-2024-100159,MP_31,Howrah,Chakdaha,Bhatjangla,Sports,"Development of playground with boundary fencing at Bhatjangla under MPLADS, Ward No. 16, Chakdaha block, Howrah district",13.27,2024,Ongoing,False,
MPLAD-2023-101033,MP_31,Bardhaman,Kaliganj,Fatepur,Road,"Improvement and metalling of village approach road at Fatepur, Kaliganj under MPLADS, Ward No. 16, Kaliganj block, Bardhaman district",17.36,2023,Ongoing,False,
MPLAD-2024-100257,MP_28,Birbhum,Krishnanagar-II,Aistala,Education,"Construction of additional classroom block at Aistala Primary School under MPLADS, Ward No. 4, Krishnanagar-II block, Birbhum district",30.85,2024,Ongoing,False,
MPLAD-2019-100987,MP_29,Murshidabad,Krishnanagar-II,Kalinagar,Electrification,"Installation of 5 solar street lights at Kalinagar, Krishnanagar-II under MPLADS, Ward No. 6, Krishnanagar-II block, Murshidabad district",34.11,2019,Ongoing,False,
MPLAD-2025-100335,MP_01,Nadia,Hanskhali,Debagram,Road,"Construction of 1528 m concrete road from Nokari to Dhantala at Debagram under MPLADS, Ward No. 17, Hanskhali block, Nadia district",3.95,2025,Ongoing,False,
MPLAD-2020-101009,MP_37,Nadia,Santipur,Panchberia,Water,"Installation of 8 deep tube wells with submersible pump at Panchberia under MPLADS, Ward No. 4, Santipur block, Nadia district",20.08,2020,Ongoing,False,
MPLAD-2020-100015,MP_36,Malda,Kaliganj,Mamjoan,Water,"Construction of overhead water reservoir of 1000 litre capacity at Mamjoan under MPLADS, Ward No. 18, Kaliganj block, Malda district",21.33,2020,Completed,False,
MPLAD-2023-100515,MP_09,Nadia,Nakashipara,Fatepur,Community,"Construction of community hall with toilet block at Fatepur under MPLADS, Ward No. 6, Nakashipara block, Nadia district",30.04,2023,Completed,False,
MPLAD-2021-100324,MP_30,Malda,Karimpur-II,Muragachha,Road,"Improvement and metalling of village approach road at Muragachha, Karimpur-II under MPLADS, Ward No. 15, Karimpur-II block, Malda district",38.15,2021,Ongoing,False,
MPLAD-2024-100768,MP_09,Bardhaman,Kaliganj,Subarnapur,Education,"Construction of additional classroom block at Subarnapur Primary School under MPLADS, Ward No. 4, Kaliganj block, Bardhaman district",31.81,2024,Ongoing,False,
MPLAD-2024-100607,MP_21,Jalpaiguri,Chakdaha,Panchberia,Electrification,"Installation of 2 solar street lights at Panchberia, Chakdaha under MPLADS, Ward No. 7, Chakdaha block, Jalpaiguri district",38.31,2024,Completed,False,
MPLAD-2019-101141,MP_37,Howrah,Karimpur-II,Aistala,Electrification,"Installation of 2 solar street lights at Aistala, Karimpur-II under MPLADS, Ward No. 12, Karimpur-II block, Howrah district",5.59,2019,Ongoing,False,
MPLAD-2021-100919,MP_13,Howrah,Nakashipara,Jaguli,Sanitation,"Construction of 1 community sanitary complex at Jaguli under MPLADS, Ward No. 16, Nakashipara block, Howrah district",38.66,2021,Completed,False,
MPLAD-2022-100857,MP_07,Jalpaiguri,Nakashipara,Mamjoan,Education,"Supply of benches and desks to Mamjoan High School under MPLADS under MPLADS, Ward No. 2, Nakashipara block, Jalpaiguri district",4.15,2022,Completed,False,
MPLAD-2024-100222,MP_26,Bardhaman,Nakashipara,Kalinagar,Sports,"Development of playground with boundary fencing at Kalinagar under MPLADS, Ward No. 2, Nakashipara block, Bardhaman district",39.22,2024,Sanctioned,False,
MPLAD-2023-100179,MP_32,Birbhum,Krishnanagar-II,Nokari,Health,"Construction of waiting shed at Nokari Sub-Centre under MPLADS, Ward No. 5, Krishnanagar-II block, Birbhum district",24.38,2023,Sanctioned,False,
MPLAD-2022-100899,MP_26,Howrah,Tehatta-I,Nokari,Irrigation,"Re-excavation of village pond for irrigation at Nokari under MPLADS, Ward No. 3, Tehatta-I block, Howrah district",13.63,2022,Sanctioned,False,
MPLAD-2020-100099,MP_24,Murshidabad,Karimpur-II,Muragachha,Sanitation,"Construction of 8 community sanitary complex at Muragachha under MPLADS, Ward No. 8, Karimpur-II block, Murshidabad district",29.92,2020,Completed,False,
MPLAD-2022-100836,MP_23,Nadia,Hanskhali,Rautari,Road,"Improvement and metalling of village approach road at Rautari, Hanskhali under MPLADS, Ward No. 11, Hanskhali block, Nadia district",23.85,2022,Completed,False,
MPLAD-2020-100757,MP_14,Nadia,Kaliganj,Jaguli,Community,"Renovation of crematorium boundary wall at Jaguli under MPLADS, Ward No. 2, Kaliganj block, Nadia district",2.03,2020,Ongoing,False,
MPLAD-2022-100521,MP_09,Murshidabad,Chakdaha,Rautari,Water,"Construction of overhead water reservoir of 7000 litre capacity at Rautari under MPLADS, Ward No. 11, Chakdaha block, Murshidabad district",14.95,2022,Completed,False,
MPLAD-2024-100761,MP_29,Howrah,Kaliganj,Mamjoan,Water,"Construction of overhead water reservoir of 5000 litre capacity at Mamjoan under MPLADS, Ward No. 4, Kaliganj block, Howrah district",12.23,2024,Completed,False,
MPLAD-2020-100022,MP_29,Hooghly,Tehatta-I,Subarnapur,Education,"Construction of additional classroom block at Subarnapur Primary School under MPLADS, Ward No. 3, Tehatta-I block, Hooghly district",34.94,2020,Completed,False,
MPLAD-2025-100356,MP_22,Nadia,Hanskhali,Muragachha,Water,"Installation of 6 deep tube wells with submersible pump at Muragachha under MPLADS, Ward No. 23, Hanskhali block, Nadia district",10.71,2025,Ongoing,False,
MPLAD-2024-100733,MP_20,Hooghly,Tehatta-I,Rautari,Sports,"Development of playground with boundary fencing at Rautari under MPLADS, Ward No. 8, Tehatta-I block, Hooghly district",3.91,2024,Completed,False,
MPLAD-DUP-200035,MP_05,Jalpaiguri,Krishnanagar-II,Dhantala,Sports,"Development of playground with boundary fencing at Dhantala under MPLADS, Ward No. 18, Krishnanagar-II block, Jalpaiguri district",15.53,2020,Completed,True,MPLAD-2019-101120
MPLAD-DUP-200001,MP_39,Murshidabad,Ranaghat-I,Panchberia,Education,"Building of extra class rooms at Panchberia Primary School under MPLADS, Ward No. 3, Ranaghat-I block, Murshidabad district",24.56,2021,Completed,True,MPLAD-2020-100967
MPLAD-2021-100611,MP_14,Jalpaiguri,Karimpur-II,Dhantala,Irrigation,"Re-excavation of village pond for irrigation at Dhantala under MPLADS, Ward No. 15, Karimpur-II block, Jalpaiguri district",28.27,2021,Completed,False,
MPLAD-2023-101103,MP_16,Jalpaiguri,Chakdaha,Bahirgachi,Sanitation,"Construction of 7 community sanitary complex at Bahirgachi under MPLADS, Ward No. 14, Chakdaha block, Jalpaiguri district",6.63,2023,Completed,False,
MPLAD-2023-100340,MP_02,Jalpaiguri,Ranaghat-I,Rautari,Irrigation,"Re-excavation of village pond for irrigation at Rautari under MPLADS, Ward No. 11, Ranaghat-I block, Jalpaiguri district",34.66,2023,Sanctioned,False,
MPLAD-2023-100431,MP_29,Nadia,Nakashipara,Dhantala,Water,"Construction of overhead water reservoir of 4000 litre capacity at Dhantala under MPLADS, Ward No. 11, Nakashipara block, Nadia district",22.13,2023,Completed,False,
MPLAD-2019-100910,MP_12,Jalpaiguri,Chakdaha,Bahirgachi,Health,"Construction of waiting shed at Bahirgachi Sub-Centre under MPLADS, Ward No. 8, Chakdaha block, Jalpaiguri district",10.39,2019,Completed,False,
MPLAD-2019-100217,MP_30,Hooghly,Santipur,Dhantala,Education,"Construction of additional classroom block at Dhantala Primary School under MPLADS, Ward No. 8, Santipur block, Hooghly district",32.3,2019,Completed,False,
MPLAD-2019-100203,MP_16,Bankura,Krishnanagar-II,Mamjoan,Community,"Construction of community hall with toilet block at Mamjoan under MPLADS, Ward No. 21, Krishnanagar-II block, Bankura district",5.4,2019,Completed,False,
MPLAD-DUP-200091,MP_10,Jalpaiguri,Kaliganj,Kalinagar,Irrigation,"Re-excavation of village pond for irrigation at Kalinagar under MPLADS, Ward No. 1, Kaliganj block, Jalpaiguri district",37.47,2022,Completed,True,MPLAD-2021-100926
MPLAD-2024-101055,MP_09,Malda,Krishnanagar-II,Jaguli,Water,"Construction of overhead water reservoir of 4000 litre capacity at Jaguli under MPLADS, Ward No. 19, Krishnanagar-II block, Malda district",12.85,2024,Completed,False,
MPLAD-2021-100093,MP_14,Jalpaiguri,Tehatta-I,Subarnapur,Electrification,"Providing LED high mast lighting at Subarnapur market area under MPLADS, Ward No. 7, Tehatta-I block, Jalpaiguri district",38.62,2021,Completed,False,
MPLAD-2021-101192,MP_01,Jalpaiguri,Chakdaha,Barasat,Sanitation,"Construction of 6 community sanitary complex at Barasat under MPLADS, Ward No. 8, Chakdaha block, Jalpaiguri district",3.71,2021,Sanctioned,False,
MPLAD-2024-100068,MP_16,Bankura,Kaliganj,Aistala,Electrification,"Installation of 8 solar street lights at Aistala, Kaliganj under MPLADS, Ward No. 10, Kaliganj block, Bankura district",10.97,2024,Completed,False,
MPLAD-2024-101132,MP_01,Jalpaiguri,Ranaghat-I,Fatepur,Road,"Improvement and metalling of village approach road at Fatepur, Ranaghat-I under MPLADS, Ward No. 7, Ranaghat-I block, Jalpaiguri district",31.64,2024,Completed,False,
MPLAD-2023-100284,MP_14,Howrah,Nakashipara,Fatepur,Electrification,"Installation of 6 solar street lights at Fatepur, Nakashipara under MPLADS, Ward No. 11, Nakashipara block, Howrah district",4.6,2023,Completed,False,
MPLAD-2022-100696,MP_09,Birbhum,Chakdaha,Jaguli,Health,"Supply of ambulance to Chakdaha Rural Hospital under MPLADS under MPLADS, Ward No. 18, Chakdaha block, Birbhum district",31.1,2022,Completed,False,
MPLAD-2020-100085,MP_25,Bardhaman,Haringhata,Subarnapur,Health,"Construction of waiting shed at Subarnapur Sub-Centre under MPLADS, Ward No. 13, Haringhata block, Bardhaman district",22.27,2020,Ongoing,False,
MPLAD-2019-100434,MP_30,Hooghly,Nakashipara,Aistala,Education,"Construction of additional classroom block at Aistala Primary School under MPLADS, Ward No. 22, Nakashipara block, Hooghly district",20.96,2019,Ongoing,False,
MPLAD-2020-100925,MP_14,Nadia,Hanskhali,Kalinagar,Road,"Construction of 848 m concrete road from Rautari to Mamjoan at Kalinagar under MPLADS, Ward No. 7, Hanskhali block, Nadia district",34.45,2020,Completed,False,
MPLAD-2025-100153,MP_13,Birbhum,Santipur,Mamjoan,Irrigation,"Re-excavation of village pond for irrigation at Mamjoan under MPLADS, Ward No. 5, Santipur block, Birbhum district",25.19,2025,Completed,False,
MPLAD-2024-100075,MP_13,Murshidabad,Nakashipara,Bhatjangla,Health,"Supply of ambulance to Nakashipara Rural Hospital under MPLADS under MPLADS, Ward No. 2, Nakashipara block, Murshidabad district",31.41,2024,Ongoing,False,
MPLAD-2019-101127,MP_06,Birbhum,Ranaghat-I,Jaguli,Health,"Supply of ambulance to Ranaghat-I Rural Hospital under MPLADS under MPLADS, Ward No. 12, Ranaghat-I block, Birbhum district",18.18,2019,Ongoing,False,
MPLAD-DUP-200094,MP_13,Bardhaman,Nakashipara,Subarnapur,Education,"Procurement and supply of benches and desks to Subarnapur High School under MPLADS under MPLADS, Ward No. 5, Nakashipara block, Bardhaman district",39.64,2023,Completed,True,MPLAD-2022-101088
MPLAD-2024-100789,MP_08,Birbhum,Ranaghat-I,Dhantala,Health,"Construction of waiting shed at Dhantala Sub-Centre under MPLADS, Ward No. 21, Ranaghat-I block, Birbhum district",43.02,2024,Ongoing,False,
MPLAD-2025-100580,MP_05,Howrah,Kaliganj,Subarnapur,Health,"Supply of ambulance to Kaliganj Rural Hospital under MPLADS under MPLADS, Ward No. 19, Kaliganj block, Howrah district",35.83,2025,Completed,False,
MPLAD-2024-100446,MP_22,Murshidabad,Kaliganj,Mamjoan,Community,"Renovation of crematorium boundary wall at Mamjoan under MPLADS, Ward No. 2, Kaliganj block, Murshidabad district",7.11,2024,Ongoing,False,
MPLAD-2022-100703,MP_14,Hooghly,Kaliganj,Dhantala,Electrification,"Installation of 6 solar street lights at Dhantala, Kaliganj under MPLADS, Ward No. 14, Kaliganj block, Hooghly district",10.9,2022,Completed,False,
MPLAD-2025-100188,MP_20,Purulia,Ranaghat-I,Bahirgachi,Sports,"Development of playground with boundary fencing at Bahirgachi under MPLADS, Ward No. 9, Ranaghat-I block, Purulia district",21.76,2025,Completed,False,
MPLAD-2024-100271,MP_01,Bardhaman,Tehatta-I,Bahirgachi,Sports,"Development of playground with boundary fencing at Bahirgachi under MPLADS, Ward No. 1, Tehatta-I block, Bardhaman district",38.42,2024,Completed,False,
MPLAD-2021-100884,MP_08,Birbhum,Kaliganj,Aistala,Electrification,"Providing LED high mast lighting at Aistala market area under MPLADS, Ward No. 2, Kaliganj block, Birbhum district",22.64,2021,Completed,False,
MPLAD-2024-100236,MP_09,Bardhaman,Chakdaha,Fatepur,Road,"Improvement and metalling of village approach road at Fatepur, Chakdaha under MPLADS, Ward No. 1, Chakdaha block, Bardhaman district",38.33,2024,Completed,False,
MPLAD-2023-100487,MP_03,Hooghly,Kaliganj,Aistala,Electrification,"Providing LED high mast lighting at Aistala market area under MPLADS, Ward No. 24, Kaliganj block, Hooghly district",14.53,2023,Completed,False,
MPLAD-DUP-200052,MP_32,Howrah,Tehatta-I,Jaguli,Education,"Building of extra class rooms at Jaguli Primary School under MPLADS, Ward No. 8, Tehatta-I block, Howrah district",36.29,2022,Completed,True,MPLAD-2021-100765
MPLAD-2025-100559,MP_22,Murshidabad,Nakashipara,Panchberia,Education,"Construction of additional classroom block at Panchberia Primary School under MPLADS, Ward No. 5, Nakashipara block, Murshidabad district",30.23,2025,Completed,False,
MPLAD-2024-100117,MP_26,Bardhaman,Kaliganj,Bahirgachi,Water,"Installation of 2 deep tube wells with submersible pump at Bahirgachi under MPLADS, Ward No. 11, Kaliganj block, Bardhaman district",37.88,2024,Completed,False,
MPLAD-2019-100637,MP_38,Jalpaiguri,Kaliganj,Mamjoan,Electrification,"Providing LED high mast lighting at Mamjoan market area under MPLADS, Ward No. 16, Kaliganj block, Jalpaiguri district",9.11,2019,Completed,False,
MPLAD-2023-101166,MP_27,Bardhaman,Santipur,Rautari,Water,"Installation of 4 deep tube wells with submersible pump at Rautari under MPLADS, Ward No. 23, Santipur block, Bardhaman district",43.96,2023,Completed,False,
MPLAD-2022-100801,MP_28,Purulia,Nakashipara,Mamjoan,Health,"Supply of ambulance to Nakashipara Rural Hospital under MPLADS under MPLADS, Ward No. 8, Nakashipara block, Purulia district",13.98,2022,Ongoing,False,
MPLAD-2020-100750,MP_30,Bankura,Tehatta-I,Bahirgachi,Road,"Improvement and metalling of village approach road at Bahirgachi, Tehatta-I under MPLADS, Ward No. 10, Tehatta-I block, Bankura district",39.6,2020,Completed,False,
MPLAD-2020-100512,MP_31,Howrah,Karimpur-II,Debagram,Education,"Supply of benches and desks to Debagram High School under MPLADS under MPLADS, Ward No. 24, Karimpur-II block, Howrah district",14.23,2020,Ongoing,False,
MPLAD-2022-100633,MP_23,Howrah,Karimpur-II,Debagram,Community,"Renovation of crematorium boundary wall at Debagram under MPLADS, Ward No. 3, Karimpur-II block, Howrah district",37.55,2022,Completed,False,
MPLAD-2020-101072,MP_25,Purulia,Tehatta-I,Kalinagar,Irrigation,"Re-excavation of village pond for irrigation at Kalinagar under MPLADS, Ward No. 9, Tehatta-I block, Purulia district",26.89,2020,Completed,False,
MPLAD-2020-101100,MP_17,Hooghly,Ranaghat-I,Barasat,Irrigation,"Re-excavation of village pond for irrigation at Barasat under MPLADS, Ward No. 24, Ranaghat-I block, Hooghly district",23.66,2020,Completed,False,
MPLAD-2019-100994,MP_23,Murshidabad,Chakdaha,Muragachha,Water,"Installation of 3 deep tube wells with submersible pump at Muragachha under MPLADS, Ward No. 7, Chakdaha block, Murshidabad district",18.73,2019,Completed,False,
MPLAD-2019-100126,MP_16,Howrah,Nakashipara,Barasat,Sanitation,"Construction of 3 community sanitary complex at Barasat under MPLADS, Ward No. 2, Nakashipara block, Howrah district",7.2,2019,Completed,False,
MPLAD-2025-100790,MP_33,Murshidabad,Krishnanagar-II,Debagram,Electrification,"Providing LED high mast lighting at Debagram market area under MPLADS, Ward No. 20, Krishnanagar-II block, Murshidabad district",34.22,2025,Completed,False,
MPLAD-2022-100829,MP_33,Purulia,Tehatta-I,Barasat,Community,"Construction of community hall with toilet block at Barasat under MPLADS, Ward No. 9, Tehatta-I block, Purulia district",4.22,2022,Ongoing,False,
MPLAD-2023-100116,MP_35,Howrah,Nakashipara,Jaguli,Sanitation,"Construction of 5 community sanitary complex at Jaguli under MPLADS, Ward No. 10, Nakashipara block, Howrah district",24.82,2023,Ongoing,False,
MPLAD-2023-100473,MP_03,Howrah,Nakashipara,Jaguli,Community,"Renovation of crematorium boundary wall at Jaguli under MPLADS, Ward No. 19, Nakashipara block, Howrah district",33.58,2023,Completed,False,
MPLAD-2024-100740,MP_03,Birbhum,Nakashipara,Panchberia,Health,"Construction of waiting shed at Panchberia Sub-Centre under MPLADS, Ward No. 15, Nakashipara block, Birbhum district",39.18,2024,Completed,False,
MPLAD-DUP-200092,MP_38,Malda,Ranaghat-I,Aistala,Road,"Upgradation and black-topping of village approach road at Aistala, Ranaghat-I under MPLADS, Ward No. 10, Ranaghat-I block, Malda district",21.89,2025,Completed,True,MPLAD-2024-100495
MPLAD-2020-100057,MP_05,Bankura,Ranaghat-I,Dhantala,Education,"Construction of additional classroom block at Dhantala Primary School under MPLADS, Ward No. 13, Ranaghat-I block, Bankura district",44.87,2020,Ongoing,False,
MPLAD-2020-100603,MP_35,Nadia,Kaliganj,Panchberia,Education,"Construction of additional classroom block at Panchberia Primary School under MPLADS, Ward No. 12, Kaliganj block, Nadia district",27.74,2020,Completed,False,
MPLAD-2021-100786,MP_07,Hooghly,Krishnanagar-II,Aistala,Electrification,"Installation of 5 solar street lights at Aistala, Krishnanagar-II under MPLADS, Ward No. 9, Krishnanagar-II block, Hooghly district",18.9,2021,Ongoing,False,
MPLAD-2023-100830,MP_21,Purulia,Kaliganj,Nokari,Community,"Renovation of crematorium boundary wall at Nokari under MPLADS, Ward No. 16, Kaliganj block, Purulia district",36.03,2023,Completed,False,
MPLAD-2019-100119,MP_39,Birbhum,Nakashipara,Subarnapur,Community,"Construction of community hall with toilet block at Subarnapur under MPLADS, Ward No. 19, Nakashipara block, Birbhum district",19.74,2019,Completed,False,
MPLAD-2024-100656,MP_17,Malda,Ranaghat-I,Rautari,Irrigation,"Re-excavation of village pond for irrigation at Rautari under MPLADS, Ward No. 10, Ranaghat-I block, Malda district",9.41,2024,Completed,False,
MPLAD-2024-101041,MP_11,Hooghly,Santipur,Jaguli,Irrigation,"Re-excavation of village pond for irrigation at Jaguli under MPLADS, Ward No. 21, Santipur block, Hooghly district",37.56,2024,Completed,False,
MPLAD-2023-100669,MP_18,Malda,Kaliganj,Bhatjangla,Education,"Supply of benches and desks to Bhatjangla High School under MPLADS under MPLADS, Ward No. 8, Kaliganj block, Malda district",38.76,2023,Ongoing,False,
MPLAD-2019-100105,MP_17,Birbhum,Krishnanagar-II,Rautari,Sports,"Development of playground with boundary fencing at Rautari under MPLADS, Ward No. 24, Krishnanagar-II block, Birbhum district",1.57,2019,Completed,False,
MPLAD-2024-100635,MP_01,Bankura,Tehatta-I,Panchberia,Sports,"Development of playground with boundary fencing at Panchberia under MPLADS, Ward No. 12, Tehatta-I block, Bankura district",38.14,2024,Sanctioned,False,
MPLAD-2024-100369,MP_07,Hooghly,Santipur,Bahirgachi,Electrification,"Providing LED high mast lighting at Bahirgachi market area under MPLADS, Ward No. 15, Santipur block, Hooghly district",21.12,2024,Completed,False,
MPLAD-2021-100268,MP_20,Bardhaman,Ranaghat-I,Dhantala,Irrigation,"Re-excavation of village pond for irrigation at Dhantala under MPLADS, Ward No. 16, Ranaghat-I block, Bardhaman district",29.2,2021,Completed,False,
MPLAD-2023-100655,MP_35,Malda,Ranaghat-I,Barasat,Sanitation,"Construction of 1 community sanitary complex at Barasat under MPLADS, Ward No. 11, Ranaghat-I block, Malda district",11.74,2023,Completed,False,
MPLAD-2019-100819,MP_27,Jalpaiguri,Kaliganj,Fatepur,Community,"Construction of community hall with toilet block at Fatepur under MPLADS, Ward No. 12, Kaliganj block, Jalpaiguri district",41.26,2019,Completed,False,
MPLAD-2022-100822,MP_10,Nadia,Santipur,Aistala,Water,"Installation of 6 deep tube wells with submersible pump at Aistala under MPLADS, Ward No. 6, Santipur block, Nadia district",3.81,2022,Completed,False,
MPLAD-2023-100998,MP_05,Purulia,Karimpur-II,Bahirgachi,Water,"Installation of 5 deep tube wells with submersible pump at Bahirgachi under MPLADS, Ward No. 2, Karimpur-II block, Purulia district",12.71,2023,Sanctioned,False,
MPLAD-2023-100046,MP_32,Murshidabad,Krishnanagar-II,Jaguli,Community,"Construction of community hall with toilet block at Jaguli under MPLADS, Ward No. 24, Krishnanagar-II block, Murshidabad district",24.67,2023,Ongoing,False,
MPLAD-2025-100349,MP_16,Purulia,Santipur,Barasat,Electrification,"Providing LED high mast lighting at Barasat market area under MPLADS, Ward No. 21, Santipur block, Purulia district",26.86,2025,Completed,False,
MPLAD-2025-101119,MP_29,Birbhum,Santipur,Aistala,Health,"Construction of waiting shed at Aistala Sub-Centre under MPLADS, Ward No. 11, Santipur block, Birbhum district",33.75,2025,Completed,False,
MPLAD-2020-100876,MP_38,Malda,Chakdaha,Rautari,Education,"Construction of additional classroom block at Rautari Primary School under MPLADS, Ward No. 7, Chakdaha block, Malda district",9.79,2020,Completed,False,
MPLAD-2022-100773,MP_19,Malda,Tehatta-I,Dhantala,Road,"Improvement and metalling of village approach road at Dhantala, Tehatta-I under MPLADS, Ward No. 15, Tehatta-I block, Malda district",2.86,2022,Sanctioned,False,
MPLAD-2025-100195,MP_14,Purulia,Hanskhali,Rautari,Irrigation,"Re-excavation of village pond for irrigation at Rautari under MPLADS, Ward No. 11, Hanskhali block, Purulia district",5.71,2025,Sanctioned,False,
MPLAD-2023-100102,MP_26,Malda,Krishnanagar-II,Fatepur,Education,"Construction of additional classroom block at Fatepur Primary School under MPLADS, Ward No. 5, Krishnanagar-II block, Malda district",43.06,2023,Completed,False,
MPLAD-2023-100004,MP_13,Hooghly,Kaliganj,Subarnapur,Sanitation,"Construction of 3 community sanitary complex at Subarnapur under MPLADS, Ward No. 23, Kaliganj block, Hooghly district",17.61,2023,Completed,False,
MPLAD-2022-100619,MP_01,Bankura,Ranaghat-I,Debagram,Sports,"Development of playground with boundary fencing at Debagram under MPLADS, Ward No. 17, Ranaghat-I block, Bankura district",23.74,2022,Ongoing,False,
MPLAD-2023-100571,MP_14,Bankura,Kaliganj,Panchberia,Community,"Renovation of crematorium boundary wall at Panchberia under MPLADS, Ward No. 4, Kaliganj block, Bankura district",38.56,2023,Completed,False,
MPLAD-2022-100052,MP_14,Birbhum,Kaliganj,Mamjoan,Health,"Supply of ambulance to Kaliganj Rural Hospital under MPLADS under MPLADS, Ward No. 23, Kaliganj block, Birbhum district",40.58,2022,Ongoing,False,
MPLAD-2023-100263,MP_25,Purulia,Hanskhali,Fatepur,Water,"Construction of overhead water reservoir of 8000 litre capacity at Fatepur under MPLADS, Ward No. 3, Hanskhali block, Purulia district",15.69,2023,Ongoing,False,
MPLAD-2025-101182,MP_37,Bardhaman,Tehatta-I,Panchberia,Sports,"Development of playground with boundary fencing at Panchberia under MPLADS, Ward No. 21, Tehatta-I block, Bardhaman district",15.48,2025,Completed,False,
MPLAD-2021-100443,MP_27,Hooghly,Ranaghat-I,Bhatjangla,Water,"Construction of overhead water reservoir of 3000 litre capacity at Bhatjangla under MPLADS, Ward No. 17, Ranaghat-I block, Hooghly district",15.92,2021,Ongoing,False,
MPLAD-2021-101080,MP_12,Howrah,Ranaghat-I,Dhantala,Sports,"Development of playground with boundary fencing at Dhantala under MPLADS, Ward No. 3, Ranaghat-I block, Howrah district",39.95,2021,Completed,False,
MPLAD-2024-100782,MP_23,Birbhum,Ranaghat-I,Nokari,Sports,"Development of playground with boundary fencing at Nokari under MPLADS, Ward No. 23, Ranaghat-I block, Birbhum district",44.95,2024,Completed,False,
MPLAD-2023-100837,MP_29,Bardhaman,Krishnanagar-II,Aistala,Irrigation,"Re-excavation of village pond for irrigation at Aistala under MPLADS, Ward No. 14, Krishnanagar-II block, Bardhaman district",30.78,2023,Completed,False,
MPLAD-2020-100988,MP_30,Murshidabad,Ranaghat-I,Aistala,Sports,"Development of playground with boundary fencing at Aistala under MPLADS, Ward No. 3, Ranaghat-I block, Murshidabad district",35.91,2020,Completed,False,
MPLAD-2024-100691,MP_17,Nadia,Karimpur-II,Nokari,Health,"Construction of waiting shed at Nokari Sub-Centre under MPLADS, Ward No. 20, Karimpur-II block, Nadia district",13.46,2024,Completed,False,
MPLAD-2022-100304,MP_39,Nadia,Tehatta-I,Bahirgachi,Education,"Construction of additional classroom block at Bahirgachi Primary School under MPLADS, Ward No. 6, Tehatta-I block, Nadia district",41.89,2022,Completed,False,
MPLAD-2024-100341,MP_30,Nadia,Santipur,Kalinagar,Education,"Construction of additional classroom block at Kalinagar Primary School under MPLADS, Ward No. 3, Santipur block, Nadia district",17.13,2024,Completed,False,
MPLAD-2024-101013,MP_11,Purulia,Nakashipara,Debagram,Electrification,"Providing LED high mast lighting at Debagram market area under MPLADS, Ward No. 12, Nakashipara block, Purulia district",22.33,2024,Completed,False,
MPLAD-2024-100313,MP_32,Purulia,Santipur,Subarnapur,Education,"Supply of benches and desks to Subarnapur High School under MPLADS under MPLADS, Ward No. 7, Santipur block, Purulia district",4.44,2024,Completed,False,
MPLAD-2021-100149,MP_31,Birbhum,Santipur,Bahirgachi,Electrification,"Providing LED high mast lighting at Bahirgachi market area under MPLADS, Ward No. 22, Santipur block, Birbhum district",38.94,2021,Completed,False,
MPLAD-2024-100124,MP_39,Nadia,Ranaghat-I,Rautari,Health,"Supply of ambulance to Ranaghat-I Rural Hospital under MPLADS under MPLADS, Ward No. 11, Ranaghat-I block, Nadia district",17.91,2024,Ongoing,False,
MPLAD-2022-101151,MP_10,Murshidabad,Karimpur-II,Subarnapur,Education,"Supply of benches and desks to Subarnapur High School under MPLADS under MPLADS, Ward No. 14, Karimpur-II block, Murshidabad district",25.17,2022,Ongoing,False,
MPLAD-2019-100574,MP_13,Nadia,Santipur,Subarnapur,Irrigation,"Re-excavation of village pond for irrigation at Subarnapur under MPLADS, Ward No. 22, Santipur block, Nadia district",40.75,2019,Ongoing,False,
MPLAD-2023-100697,MP_14,Murshidabad,Nakashipara,Fatepur,Sports,"Development of playground with boundary fencing at Fatepur under MPLADS, Ward No. 23, Nakashipara block, Murshidabad district",38.9,2023,Ongoing,False,
MPLAD-2025-100664,MP_05,Murshidabad,Karimpur-II,Mamjoan,Community,"Construction of community hall with toilet block at Mamjoan under MPLADS, Ward No. 5, Karimpur-II block, Murshidabad district",6.91,2025,Completed,False,
MPLAD-2020-100050,MP_19,Birbhum,Haringhata,Fatepur,Health,"Supply of ambulance to Haringhata Rural Hospital under MPLADS under MPLADS, Ward No. 4, Haringhata block, Birbhum district",24.23,2020,Ongoing,False,
MPLAD-2023-101005,MP_37,Birbhum,Haringhata,Nokari,Health,"Supply of ambulance to Haringhata Rural Hospital under MPLADS under MPLADS, Ward No. 20, Haringhata block, Birbhum district",30.22,2023,Completed,False,
MPLAD-2025-100958,MP_07,Hooghly,Krishnanagar-II,Barasat,Health,"Construction of waiting shed at Barasat Sub-Centre under MPLADS, Ward No. 15, Krishnanagar-II block, Hooghly district",38.75,2025,Completed,False,
MPLAD-2024-100726,MP_31,Bankura,Santipur,Bahirgachi,Health,"Construction of waiting shed at Bahirgachi Sub-Centre under MPLADS, Ward No. 21, Santipur block, Bankura district",19.61,2024,Sanctioned,False,
MPLAD-2020-100799,MP_17,Nadia,Hanskhali,Jaguli,Sanitation,"Construction of 6 community sanitary complex at Jaguli under MPLADS, Ward No. 6, Hanskhali block, Nadia district",26.49,2020,Completed,False,
MPLAD-2019-100833,MP_04,Bardhaman,Karimpur-II,Dhantala,Sports,"Development of playground with boundary fencing at Dhantala under MPLADS, Ward No. 9, Karimpur-II block, Bardhaman district",39.52,2019,Completed,False,
MPLAD-2022-100353,MP_02,Jalpaiguri,Ranaghat-I,Subarnapur,Community,"Renovation of crematorium boundary wall at Subarnapur under MPLADS, Ward No. 9, Ranaghat-I block, Jalpaiguri district",7.72,2022,Completed,False,
MPLAD-DUP-200045,MP_39,Howrah,Karimpur-II,Rautari,Education,"Building of extra class rooms at Rautari Primary School under MPLADS, Ward No. 10, Karimpur-II block, Howrah district",14.89,2022,Completed,True,MPLAD-2021-100205
MPLAD-2021-100142,MP_39,Howrah,Nakashipara,Mamjoan,Water,"Construction of overhead water reservoir of 7000 litre capacity at Mamjoan under MPLADS, Ward No. 7, Nakashipara block, Howrah district",13.72,2021,Completed,False,
MPLAD-2020-100470,MP_19,Murshidabad,Tehatta-I,Subarnapur,Health,"Construction of waiting shed at Subarnapur Sub-Centre under MPLADS, Ward No. 18, Tehatta-I block, Murshidabad district",43.53,2020,Ongoing,False,
MPLAD-2019-100882,MP_15,Bankura,Chakdaha,Bhatjangla,Community,"Construction of community hall with toilet block at Bhatjangla under MPLADS, Ward No. 13, Chakdaha block, Bankura district",20.24,2019,Completed,False,
MPLAD-2021-100653,MP_08,Jalpaiguri,Karimpur-II,Fatepur,Road,"Improvement and metalling of village approach road at Fatepur, Karimpur-II under MPLADS, Ward No. 17, Karimpur-II block, Jalpaiguri district",37.23,2021,Completed,False,
MPLAD-2019-100399,MP_14,Howrah,Karimpur-II,Debagram,Water,"Construction of overhead water reservoir of 5000 litre capacity at Debagram under MPLADS, Ward No. 2, Karimpur-II block, Howrah district",31.06,2019,Ongoing,False,
MPLAD-2019-100511,MP_31,Bardhaman,Kaliganj,Kalinagar,Health,"Construction of waiting shed at Kalinagar Sub-Centre under MPLADS, Ward No. 4, Kaliganj block, Bardhaman district",18.97,2019,Ongoing,False,
MPLAD-DUP-200042,MP_23,Bardhaman,Santipur,Bhatjangla,Education,"Building of extra class rooms at Bhatjangla Primary School under MPLADS, Ward No. 8, Santipur block, Bardhaman district",29.13,2023,Completed,True,MPLAD-2022-100332
MPLAD-2024-100320,MP_16,Bardhaman,Karimpur-II,Bahirgachi,Health,"Supply of ambulance to Karimpur-II Rural Hospital under MPLADS under MPLADS, Ward No. 12, Karimpur-II block, Bardhaman district",10.07,2024,Completed,False,
MPLAD-2024-100019,MP_19,Murshidabad,Tehatta-I,Jaguli,Health,"Construction of waiting shed at Jaguli Sub-Centre under MPLADS, Ward No. 8, Tehatta-I block, Murshidabad district",35.55,2024,Completed,False,
MPLAD-2024-100684,MP_11,Hooghly,Haringhata,Subarnapur,Education,"Supply of benches and desks to Subarnapur High School under MPLADS under MPLADS, Ward No. 11, Haringhata block, Hooghly district",43.06,2024,Completed,False,
MPLAD-2019-100035,MP_17,Jalpaiguri,Kaliganj,Aistala,Sports,"Development of playground with boundary fencing at Aistala under MPLADS, Ward No. 7, Kaliganj block, Jalpaiguri district",29.86,2019,Ongoing,False,
MPLAD-2024-100824,MP_10,Murshidabad,Karimpur-II,Kalinagar,Electrification,"Installation of 2 solar street lights at Kalinagar, Karimpur-II under MPLADS, Ward No. 20, Karimpur-II block, Murshidabad district",24.43,2024,Completed,False,
MPLAD-2025-100902,MP_20,Birbhum,Ranaghat-I,Barasat,Water,"Installation of 3 deep tube wells with submersible pump at Barasat under MPLADS, Ward No. 2, Ranaghat-I block, Birbhum district",27.61,2025,Completed,False,
MPLAD-2020-100505,MP_12,Malda,Tehatta-I,Rautari,Education,"Construction of additional classroom block at Rautari Primary School under MPLADS, Ward No. 18, Tehatta-I block, Malda district",40.16,2020,Completed,False,
MPLAD-2020-100827,MP_05,Bankura,Kaliganj,Debagram,Irrigation,"Re-excavation of village pond for irrigation at Debagram under MPLADS, Ward No. 3, Kaliganj block, Bankura district",35.08,2020,Ongoing,False,
MPLAD-2024-101160,MP_37,Murshidabad,Hanskhali,Jaguli,Education,"Supply of benches and desks to Jaguli High School under MPLADS under MPLADS, Ward No. 23, Hanskhali block, Murshidabad district",16.99,2024,Completed,False,
MPLAD-2020-100407,MP_13,Murshidabad,Tehatta-I,Panchberia,Electrification,"Providing LED high mast lighting at Panchberia market area under MPLADS, Ward No. 7, Tehatta-I block, Murshidabad district",34.47,2020,Sanctioned,False,
MPLAD-2022-100920,MP_09,Bankura,Tehatta-I,Muragachha,Community,"Construction of community hall with toilet block at Muragachha under MPLADS, Ward No. 16, Tehatta-I block, Bankura district",8.16,2022,Ongoing,False,
MPLAD-2024-100817,MP_35,Hooghly,Kaliganj,Kalinagar,Irrigation,"Re-excavation of village pond for irrigation at Kalinagar under MPLADS, Ward No. 8, Kaliganj block, Hooghly district",36.32,2024,Ongoing,False,
MPLAD-2024-100866,MP_19,Hooghly,Hanskhali,Mamjoan,Education,"Construction of additional classroom block at Mamjoan Primary School under MPLADS, Ward No. 20, Hanskhali block, Hooghly district",11.34,2024,Completed,False,
MPLAD-2024-100537,MP_10,Hooghly,Haringhata,Bhatjangla,Water,"Construction of overhead water reservoir of 4000 litre capacity at Bhatjangla under MPLADS, Ward No. 12, Haringhata block, Hooghly district",4.04,2024,Ongoing,False,
MPLAD-2021-100758,MP_17,Howrah,Nakashipara,Dhantala,Road,"Construction of 453 m concrete road from Dhantala to Panchberia at Dhantala under MPLADS, Ward No. 24, Nakashipara block, Howrah district",12.41,2021,Completed,False,
MPLAD-2021-101157,MP_29,Howrah,Kaliganj,Fatepur,Water,"Construction of overhead water reservoir of 4000 litre capacity at Fatepur under MPLADS, Ward No. 18, Kaliganj block, Howrah district",31.91,2021,Completed,False,
MPLAD-2020-101037,MP_01,Nadia,Kaliganj,Muragachha,Education,"Supply of benches and desks to Muragachha High School under MPLADS under MPLADS, Ward No. 12, Kaliganj block, Nadia district",25.97,2020,Completed,False,
MPLAD-2022-100038,MP_03,Bardhaman,Nakashipara,Fatepur,Water,"Installation of 5 deep tube wells with submersible pump at Fatepur under MPLADS, Ward No. 11, Nakashipara block, Bardhaman district",9.1,2022,Completed,False,
MPLAD-2019-100175,MP_03,Jalpaiguri,Ranaghat-I,Barasat,Community,"Renovation of crematorium boundary wall at Barasat under MPLADS, Ward No. 20, Ranaghat-I block, Jalpaiguri district",10.86,2019,Completed,False,
MPLAD-2019-100245,MP_33,Malda,Chakdaha,Panchberia,Water,"Construction of overhead water reservoir of 3000 litre capacity at Panchberia under MPLADS, Ward No. 6, Chakdaha block, Malda district",2.56,2019,Completed,False,
MPLAD-2024-100810,MP_21,Birbhum,Nakashipara,Muragachha,Irrigation,"Re-excavation of village pond for irrigation at Muragachha under MPLADS, Ward No. 17, Nakashipara block, Birbhum district",40.81,2024,Completed,False,
MPLAD-2024-101174,MP_13,Bankura,Kaliganj,Debagram,Road,"Improvement and metalling of village approach road at Debagram, Kaliganj under MPLADS, Ward No. 23, Kaliganj block, Bankura district",41.56,2024,Completed,False,
MPLAD-2022-101137,MP_28,Howrah,Kaliganj,Fatepur,Education,"Construction of additional classroom block at Fatepur Primary School under MPLADS, Ward No. 7, Kaliganj block, Howrah district",8.49,2022,Ongoing,False,
MPLAD-2025-101077,MP_39,Bardhaman,Krishnanagar-II,Bhatjangla,Water,"Construction of overhead water reservoir of 2000 litre capacity at Bhatjangla under MPLADS, Ward No. 16, Krishnanagar-II block, Bardhaman district",25.46,2025,Completed,False,
MPLAD-2019-100784,MP_10,Bankura,Tehatta-I,Kalinagar,Electrification,"Installation of 8 solar street lights at Kalinagar, Tehatta-I under MPLADS, Ward No. 13, Tehatta-I block, Bankura district",15.57,2019,Ongoing,False,
MPLAD-2024-100985,MP_37,Hooghly,Karimpur-II,Muragachha,Road,"Improvement and metalling of village approach road at Muragachha, Karimpur-II under MPLADS, Ward No. 15, Karimpur-II block, Hooghly district",17.16,2024,Completed,False,
MPLAD-DUP-200079,MP_08,Purulia,Santipur,Aistala,Community,"Building of community centre with toilet block at Aistala under MPLADS, Ward No. 6, Santipur block, Purulia district",45.89,2025,Ongoing,True,MPLAD-2024-100719
MPLAD-2025-100489,MP_35,Bankura,Santipur,Fatepur,Road,"Improvement and metalling of village approach road at Fatepur, Santipur under MPLADS, Ward No. 9, Santipur block, Bankura district",41.71,2025,Ongoing,False,
MPLAD-2019-100154,MP_37,Birbhum,Karimpur-II,Panchberia,Health,"Construction of waiting shed at Panchberia Sub-Centre under MPLADS, Ward No. 20, Karimpur-II block, Birbhum district",38.18,2019,Sanctioned,False,
MPLAD-2020-100638,MP_36,Hooghly,Santipur,Aistala,Sanitation,"Construction of 8 community sanitary complex at Aistala under MPLADS, Ward No. 24, Santipur block, Hooghly district",13.62,2020,Ongoing,False,
MPLAD-2021-100961,MP_22,Bardhaman,Haringhata,Kalinagar,Water,"Construction of overhead water reservoir of 6000 litre capacity at Kalinagar under MPLADS, Ward No. 2, Haringhata block, Bardhaman district",38.65,2021,Ongoing,False,
MPLAD-2023-100662,MP_07,Birbhum,Hanskhali,Bahirgachi,Electrification,"Providing LED high mast lighting at Bahirgachi market area under MPLADS, Ward No. 21, Hanskhali block, Birbhum district",11.11,2023,Completed,False,
MPLAD-2025-100853,MP_09,Nadia,Kaliganj,Jaguli,Education,"Supply of benches and desks to Jaguli High School under MPLADS under MPLADS, Ward No. 12, Kaliganj block, Nadia district",34.37,2025,Completed,False,
MPLAD-2023-100942,MP_04,Howrah,Kaliganj,Panchberia,Irrigation,"Re-excavation of village pond for irrigation at Panchberia under MPLADS, Ward No. 19, Kaliganj block, Howrah district",18.64,2023,Completed,False,
MPLAD-2019-100287,MP_18,Birbhum,Haringhata,Bahirgachi,Water,"Installation of 4 deep tube wells with submersible pump at Bahirgachi under MPLADS, Ward No. 14, Haringhata block, Birbhum district",19.52,2019,Completed,False,
MPLAD-2021-100625,MP_02,Hooghly,Krishnanagar-II,Subarnapur,Water,"Construction of overhead water reservoir of 6000 litre capacity at Subarnapur under MPLADS, Ward No. 18, Krishnanagar-II block, Hooghly district",24.21,2021,Completed,False,
MPLAD-DUP-200019,MP_05,Bankura,Chakdaha,Panchberia,Sanitation,"Building of 3 community sanitary complex at Panchberia under MPLADS, Ward No. 15, Chakdaha block, Bankura district",7.65,2023,Completed,True,MPLAD-2022-100745
MPLAD-2025-100685,MP_30,Hooghly,Hanskhali,Fatepur,Water,"Construction of overhead water reservoir of 6000 litre capacity at Fatepur under MPLADS, Ward No. 11, Hanskhali block, Hooghly district",20.5,2025,Completed,False,
MPLAD-2021-101101,MP_31,Bankura,Nakashipara,Panchberia,Electrification,"Installation of 1 solar street lights at Panchberia, Nakashipara under MPLADS, Ward No. 9, Nakashipara block, Bankura district",20.03,2021,Completed,False,
MPLAD-2024-101167,MP_22,Murshidabad,Karimpur-II,Bhatjangla,Water,"Installation of 2 deep tube wells with submersible pump at Bhatjangla under MPLADS, Ward No. 17, Karimpur-II block, Murshidabad district",4.78,2024,Sanctioned,False,
MPLAD-2021-100569,MP_19,Bardhaman,Ranaghat-I,Panchberia,Water,"Construction of overhead water reservoir of 4000 litre capacity at Panchberia under MPLADS, Ward No. 6, Ranaghat-I block, Bardhaman district",44.58,2021,Sanctioned,False,
MPLAD-DUP-200036,MP_39,Jalpaiguri,Ranaghat-I,Dhantala,Electrification,"Setting up of 5 solar-powered street lamps at Dhantala, Ranaghat-I under MPLADS, Ward No. 13, Ranaghat-I block, Jalpaiguri district",47.75,2025,Completed,True,MPLAD-2025-100244
MPLAD-2025-100734,MP_13,Bardhaman,Santipur,Debagram,Community,"Renovation of crematorium boundary wall at Debagram under MPLADS, Ward No. 18, Santipur block, Bardhaman district",41.93,2025,Completed,False,
MPLAD-2019-101001,MP_39,Nadia,Chakdaha,Bahirgachi,Road,"Improvement and metalling of village approach road at Bahirgachi, Chakdaha under MPLADS, Ward No. 14, Chakdaha block, Nadia district",1.74,2019,Ongoing,False,
MPLAD-2020-100792,MP_27,Purulia,Nakashipara,Dhantala,Road,"Construction of 1753 m concrete road from Aistala to Kalinagar at Dhantala under MPLADS, Ward No. 2, Nakashipara block, Purulia district",21.28,2020,Completed,False,
MPLAD-2022-100017,MP_17,Birbhum,Haringhata,Jaguli,Education,"Construction of additional classroom block at Jaguli Primary School under MPLADS, Ward No. 3, Haringhata block, Birbhum district",3.31,2022,Completed,False,
MPLAD-2020-100127,MP_04,Birbhum,Ranaghat-I,Panchberia,Education,"Construction of additional classroom block at Panchberia Primary School under MPLADS, Ward No. 1, Ranaghat-I block, Birbhum district",34.28,2020,Ongoing,False,
MPLAD-2019-100322,MP_03,Howrah,Chakdaha,Barasat,Water,"Construction of overhead water reservoir of 8000 litre capacity at Barasat under MPLADS, Ward No. 3, Chakdaha block, Howrah district",20.17,2019,Ongoing,False,
MPLAD-2022-100255,MP_04,Jalpaiguri,Tehatta-I,Dhantala,Community,"Construction of community hall with toilet block at Dhantala under MPLADS, Ward No. 23, Tehatta-I block, Jalpaiguri district",34.78,2022,Completed,False,
MPLAD-2022-101067,MP_18,Purulia,Santipur,Fatepur,Education,"Construction of additional classroom block at Fatepur Primary School under MPLADS, Ward No. 24, Santipur block, Purulia district",18.35,2022,Completed,False,
MPLAD-2021-100982,MP_27,Bardhaman,Krishnanagar-II,Barasat,Water,"Installation of 8 deep tube wells with submersible pump at Barasat under MPLADS, Ward No. 23, Krishnanagar-II block, Bardhaman district",6.23,2021,Completed,False,
MPLAD-2022-100927,MP_07,Howrah,Santipur,Rautari,Education,"Construction of additional classroom block at Rautari Primary School under MPLADS, Ward No. 16, Santipur block, Howrah district",38.38,2022,Completed,False,
MPLAD-2019-100980,MP_21,Bardhaman,Karimpur-II,Muragachha,Education,"Construction of additional classroom block at Muragachha Primary School under MPLADS, Ward No. 9, Karimpur-II block, Bardhaman district",16.92,2019,Completed,False,
MPLAD-DUP-200072,MP_20,Bankura,Chakdaha,Kalinagar,Education,"Construction of additional classroom block at Kalinagar Primary School under MPLADS, Ward No. 4, Chakdaha block, Bankura district",36.23,2025,Ongoing,True,MPLAD-2024-100264
MPLAD-2020-100190,MP_38,Malda,Haringhata,Barasat,Health,"Construction of waiting shed at Barasat Sub-Centre under MPLADS, Ward No. 6, Haringhata block, Malda district",38.72,2020,Completed,False,
MPLAD-2024-100992,MP_28,Murshidabad,Kaliganj,Kalinagar,Irrigation,"Re-excavation of village pond for irrigation at Kalinagar under MPLADS, Ward No. 21, Kaliganj block, Murshidabad district",40.23,2024,Completed,False,
MPLAD-DUP-200066,MP_26,Hooghly,Krishnanagar-II,Panchberia,Sanitation,"Building of 4 community sanitary complex at Panchberia under MPLADS, Ward No. 20, Krishnanagar-II block, Hooghly district",36.42,2023,Ongoing,True,MPLAD-2022-100605
MPLAD-2023-100606,MP_34,Bankura,Krishnanagar-II,Barasat,Water,"Installation of 4 deep tube wells with submersible pump at Barasat under MPLADS, Ward No. 13, Krishnanagar-II block, Bankura district",2.4,2023,Completed,False,
MPLAD-2024-100180,MP_23,Nadia,Chakdaha,Mamjoan,Health,"Construction of waiting shed at Mamjoan Sub-Centre under MPLADS, Ward No. 2, Chakdaha block, Nadia district",36.57,2024,Completed,False,
MPLAD-2019-100301,MP_21,Howrah,Krishnanagar-II,Panchberia,Electrification,"Providing LED high mast lighting at Panchberia market area under MPLADS, Ward No. 13, Krishnanagar-II block, Howrah district",9.24,2019,Completed,False,
MPLAD-2025-100496,MP_33,Purulia,Krishnanagar-II,Mamjoan,Community,"Construction of community hall with toilet block at Mamjoan under MPLADS, Ward No. 10, Krishnanagar-II block, Purulia district",41.04,2025,Sanctioned,False,
MPLAD-2019-101120,MP_05,Jalpaiguri,Krishnanagar-II,Dhantala,Sports,"Development of playground with boundary fencing at Dhantala under MPLADS, Ward No. 18, Krishnanagar-II block, Jalpaiguri district",13.53,2019,Completed,False,
MPLAD-2022-101074,MP_19,Murshidabad,Tehatta-I,Bahirgachi,Sports,"Development of playground with boundary fencing at Bahirgachi under MPLADS, Ward No. 22, Tehatta-I block, Murshidabad district",8.76,2022,Completed,False,
MPLAD-2025-100517,MP_33,Howrah,Nakashipara,Aistala,Education,"Construction of additional classroom block at Aistala Primary School under MPLADS, Ward No. 6, Nakashipara block, Howrah district",30.58,2025,Completed,False,
MPLAD-2019-100476,MP_21,Nadia,Ranaghat-I,Rautari,Electrification,"Providing LED high mast lighting at Rautari market area under MPLADS, Ward No. 11, Ranaghat-I block, Nadia district",39.92,2019,Completed,False,
MPLAD-2022-100157,MP_33,Hooghly,Santipur,Bahirgachi,Sanitation,"Construction of 4 community sanitary complex at Bahirgachi under MPLADS, Ward No. 1, Santipur block, Hooghly district",7.52,2022,Ongoing,False,
MPLAD-2021-100016,MP_30,Murshidabad,Karimpur-II,Jaguli,Electrification,"Providing LED high mast lighting at Jaguli market area under MPLADS, Ward No. 14, Karimpur-II block, Murshidabad district",32.8,2021,Completed,False,
MPLAD-2019-100546,MP_11,Purulia,Nakashipara,Bahirgachi,Road,"Improvement and metalling of village approach road at Bahirgachi, Nakashipara under MPLADS, Ward No. 14, Nakashipara block, Purulia district",15.76,2019,Sanctioned,False,
MPLAD-2019-100658,MP_34,Jalpaiguri,Karimpur-II,Rautari,Irrigation,"Re-excavation of village pond for irrigation at Rautari under MPLADS, Ward No. 18, Karimpur-II block, Jalpaiguri district",14.71,2019,Ongoing,False,
MPLAD-DUP-200013,MP_02,Jalpaiguri,Haringhata,Nokari,Education,"Supply of benches and desks to Nokari High School under MPLADS under MPLADS, Ward No. 4, Haringhata block, Jalpaiguri district",26.96,2025,Completed,True,MPLAD-2025-100895
MPLAD-2023-101019,MP_10,Bankura,Ranaghat-I,Dhantala,Irrigation,"Re-excavation of village pond for irrigation at Dhantala under MPLADS, Ward No. 12, Ranaghat-I block, Bankura district",32.44,2023,Completed,False,
MPLAD-2022-101088,MP_13,Bardhaman,Nakashipara,Subarnapur,Education,"Supply of benches and desks to Subarnapur High School under MPLADS under MPLADS, Ward No. 5, Nakashipara block, Bardhaman district",33.77,2022,Completed,False,
MPLAD-2019-100959,MP_33,Birbhum,Ranaghat-I,Aistala,Road,"Improvement and metalling of village approach road at Aistala, Ranaghat-I under MPLADS, Ward No. 10, Ranaghat-I block, Birbhum district",28.7,2019,Completed,False,
MPLAD-DUP-200021,MP_38,Jalpaiguri,Kaliganj,Mamjoan,Electrification,"Providing LED high mast lighting at Mamjoan market area under MPLADS, Ward No. 16, Kaliganj block, Jalpaiguri district",9.31,2020,Completed,True,MPLAD-2019-100637
MPLAD-2022-100283,MP_37,Murshidabad,Haringhata,Debagram,Electrification,"Installation of 5 solar street lights at Debagram, Haringhata under MPLADS, Ward No. 19, Haringhata block, Murshidabad district",12.72,2022,Ongoing,False,
MPLAD-2025-100797,MP_28,Malda,Krishnanagar-II,Subarnapur,Electrification,"Providing LED high mast lighting at Subarnapur market area under MPLADS, Ward No. 14, Krishnanagar-II block, Malda district",32.68,2025,Sanctioned,False,
MPLAD-2020-100225,MP_35,Bardhaman,Haringhata,Kalinagar,Electrification,"Providing LED high mast lighting at Kalinagar market area under MPLADS, Ward No. 2, Haringhata block, Bardhaman district",40.21,2020,Completed,False,
MPLAD-2024-100026,MP_15,Purulia,Krishnanagar-II,Dhantala,Road,"Improvement and metalling of village approach road at Dhantala, Krishnanagar-II under MPLADS, Ward No. 1, Krishnanagar-II block, Purulia district",5.61,2024,Ongoing,False,
MPLAD-2022-100437,MP_35,Bardhaman,Chakdaha,Jaguli,Health,"Supply of ambulance to Chakdaha Rural Hospital under MPLADS under MPLADS, Ward No. 20, Chakdaha block, Bardhaman district",17.77,2022,Completed,False,
MPLAD-DUP-200060,MP_09,Bankura,Krishnanagar-II,Jaguli,Community,"Building of community hall with toilet block at Jaguli under MPLADS, Ward No. 8, Krishnanagar-II block, Bankura district",41.43,2021,Completed,True,MPLAD-2020-100519
MPLAD-2024-100229,MP_11,Jalpaiguri,Krishnanagar-II,Rautari,Irrigation,"Re-excavation of village pond for irrigation at Rautari under MPLADS, Ward No. 24, Krishnanagar-II block, Jalpaiguri district",20.2,2024,Completed,False,
MPLAD-2021-100037,MP_06,Purulia,Santipur,Fatepur,Health,"Supply of ambulance to Santipur Rural Hospital under MPLADS under MPLADS, Ward No. 5, Santipur block, Purulia district",41.56,2021,Completed,False,
MPLAD-2019-100749,MP_08,Bardhaman,Hanskhali,Mamjoan,Sports,"Development of playground with boundary fencing at Mamjoan under MPLADS, Ward No. 21, Hanskhali block, Bardhaman district",5.98,2019,Ongoing,False,
MPLAD-2021-101045,MP_13,Hooghly,Karimpur-II,Muragachha,Sanitation,"Construction of 1 community sanitary complex at Muragachha under MPLADS, Ward No. 1, Karimpur-II block, Hooghly district",3.57,2021,Completed,False,
MPLAD-2019-100469,MP_17,Nadia,Haringhata,Fatepur,Road,"Improvement and metalling of village approach road at Fatepur, Haringhata under MPLADS, Ward No. 21, Haringhata block, Nadia district",5.42,2019,Completed,False,
MPLAD-2023-101159,MP_14,Malda,Hanskhali,Nokari,Water,"Installation of 2 deep tube wells with submersible pump at Nokari under MPLADS, Ward No. 18, Hanskhali block, Malda district",18.78,2023,Ongoing,False,
MPLAD-DUP-200074,MP_39,Howrah,Nakashipara,Mamjoan,Sanitation,"Building of 1 community sanitary complex at Mamjoan under MPLADS, Ward No. 3, Nakashipara block, Howrah district",9.16,2023,Ongoing,True,MPLAD-2022-100395
MPLAD-2020-100687,MP_37,Purulia,Haringhata,Barasat,Health,"Construction of waiting shed at Barasat Sub-Centre under MPLADS, Ward No. 5, Haringhata block, Purulia district",20.12,2020,Completed,False,
MPLAD-2020-101191,MP_23,Hooghly,Ranaghat-I,Mamjoan,Education,"Supply of benches and desks to Mamjoan High School under MPLADS under MPLADS, Ward No. 10, Ranaghat-I block, Hooghly district",30.72,2020,Completed,False,
MPLAD-2021-100639,MP_10,Nadia,Hanskhali,Barasat,Road,"Improvement and metalling of village approach road at Barasat, Hanskhali under MPLADS, Ward No. 3, Hanskhali block, Nadia district",37.54,2021,Sanctioned,False,
MPLAD-DUP-200085,MP_37,Jalpaiguri,Karimpur-II,Dhantala,Sports,"Development of playground with boundary fencing at Dhantala under MPLADS, Ward No. 3, Karimpur-II block, Jalpaiguri district",34.49,2024,Completed,True,MPLAD-2023-100564
MPLAD-2025-101084,MP_33,Birbhum,Santipur,Mamjoan,Community,"Construction of community hall with toilet block at Mamjoan under MPLADS, Ward No. 1, Santipur block, Birbhum district",36.79,2025,Completed,False,
MPLAD-2020-101177,MP_15,Murshidabad,Karimpur-II,Bahirgachi,Community,"Construction of community hall with toilet block at Bahirgachi under MPLADS, Ward No. 1, Karimpur-II block, Murshidabad district",42.56,2020,Completed,False,
MPLAD-2021-100800,MP_22,Purulia,Krishnanagar-II,Nokari,Irrigation,"Re-excavation of village pond for irrigation at Nokari under MPLADS, Ward No. 7, Krishnanagar-II block, Purulia district",25.71,2021,Completed,False,
MPLAD-2025-100160,MP_17,Birbhum,Krishnanagar-II,Nokari,Water,"Construction of overhead water reservoir of 5000 litre capacity at Nokari under MPLADS, Ward No. 18, Krishnanagar-II block, Birbhum district",25.52,2025,Completed,False,
MPLAD-2023-100956,MP_14,Jalpaiguri,Karimpur-II,Debagram,Water,"Installation of 1 deep tube wells with submersible pump at Debagram under MPLADS, Ward No. 9, Karimpur-II block, Jalpaiguri district",6.86,2023,Ongoing,False,
MPLAD-2021-100821,MP_15,Howrah,Krishnanagar-II,Bhatjangla,Irrigation,"Re-excavation of village pond for irrigation at Bhatjangla under MPLADS, Ward No. 2, Krishnanagar-II block, Howrah district",34.55,2021,Ongoing,False,
MPLAD-2022-101102,MP_30,Bardhaman,Kaliganj,Bahirgachi,Water,"Construction of overhead water reservoir of 2000 litre capacity at Bahirgachi under MPLADS, Ward No. 1, Kaliganj block, Bardhaman district",20.54,2022,Completed,False,
MPLAD-2021-100877,MP_25,Bankura,Tehatta-I,Fatepur,Water,"Installation of 7 deep tube wells with submersible pump at Fatepur under MPLADS, Ward No. 19, Tehatta-I block, Bankura district",28.13,2021,Ongoing,False,
MPLAD-2022-100913,MP_30,Birbhum,Hanskhali,Dhantala,Sanitation,"Construction of 4 community sanitary complex at Dhantala under MPLADS, Ward No. 5, Hanskhali block, Birbhum district",36.0,2022,Completed,False,
MPLAD-2024-100152,MP_01,Murshidabad,Kaliganj,Bhatjangla,Road,"Construction of 809 m concrete road from Subarnapur to Jaguli at Bhatjangla under MPLADS, Ward No. 13, Kaliganj block, Murshidabad district",18.9,2024,Ongoing,False,
MPLAD-2022-101186,MP_27,Bardhaman,Nakashipara,Mamjoan,Irrigation,"Re-excavation of village pond for irrigation at Mamjoan under MPLADS, Ward No. 19, Nakashipara block, Bardhaman district",30.53,2022,Completed,False,
MPLAD-2024-100509,MP_19,Hooghly,Chakdaha,Bhatjangla,Sports,"Development of playground with boundary fencing at Bhatjangla under MPLADS, Ward No. 8, Chakdaha block, Hooghly district",37.92,2024,Completed,False,
MPLAD-2023-101089,MP_36,Hooghly,Hanskhali,Mamjoan,Electrification,"Providing LED high mast lighting at Mamjoan market area under MPLADS, Ward No. 9, Hanskhali block, Hooghly district",3.63,2023,Ongoing,False,
MPLAD-2024-100103,MP_02,Bankura,Haringhata,Bahirgachi,Irrigation,"Re-excavation of village pond for irrigation at Bahirgachi under MPLADS, Ward No. 23, Haringhata block, Bankura district",12.2,2024,Completed,False,
MPLAD-2024-100586,MP_28,Purulia,Krishnanagar-II,Dhantala,Health,"Construction of waiting shed at Dhantala Sub-Centre under MPLADS, Ward No. 8, Krishnanagar-II block, Purulia district",33.16,2024,Sanctioned,False,
MPLAD-2020-101149,MP_39,Bankura,Krishnanagar-II,Muragachha,Sports,"Development of playground with boundary fencing at Muragachha under MPLADS, Ward No. 19, Krishnanagar-II block, Bankura district",25.41,2020,Ongoing,False,
MPLAD-2023-100053,MP_06,Bardhaman,Kaliganj,Panchberia,Electrification,"Installation of 3 solar street lights at Panchberia, Kaliganj under MPLADS, Ward No. 13, Kaliganj block, Bardhaman district",42.22,2023,Completed,False,
MPLAD-2023-100151,MP_24,Bardhaman,Hanskhali,Jaguli,Community,"Construction of community hall with toilet block at Jaguli under MPLADS, Ward No. 14, Hanskhali block, Bardhaman district",12.6,2023,Ongoing,False,
MPLAD-2023-100403,MP_29,Birbhum,Tehatta-I,Bahirgachi,Electrification,"Providing LED high mast lighting at Bahirgachi market area under MPLADS, Ward No. 22, Tehatta-I block, Birbhum district",21.74,2023,Completed,False,
MPLAD-2023-100207,MP_38,Bardhaman,Nakashipara,Debagram,Community,"Construction of community hall with toilet block at Debagram under MPLADS, Ward No. 21, Nakashipara block, Bardhaman district",16.63,2023,Completed,False,
MPLAD-DUP-200027,MP_18,Purulia,Kaliganj,Mamjoan,Education,"Procurement and supply of benches and desks to Mamjoan High School under MPLADS under MPLADS, Ward No. 15, Kaliganj block, Purulia district",53.41,2025,Completed,True,MPLAD-2025-100482
MPLAD-2020-100008,MP_27,Bankura,Nakashipara,Jaguli,Sanitation,"Construction of 2 community sanitary complex at Jaguli under MPLADS, Ward No. 1, Nakashipara block, Bankura district",21.99,2020,Completed,False,
MPLAD-2025-101014,MP_23,Bardhaman,Kaliganj,Bahirgachi,Road,"Improvement and metalling of village approach road at Bahirgachi, Kaliganj under MPLADS, Ward No. 21, Kaliganj block, Bardhaman district",4.21,2025,Completed,False,
MPLAD-2022-101060,MP_30,Hooghly,Nakashipara,Fatepur,Water,"Installation of 6 deep tube wells with submersible pump at Fatepur under MPLADS, Ward No. 4, Nakashipara block, Hooghly district",9.62,2022,Sanctioned,False,
MPLAD-2023-100452,MP_03,Birbhum,Ranaghat-I,Subarnapur,Road,"Improvement and metalling of village approach road at Subarnapur, Ranaghat-I under MPLADS, Ward No. 6, Ranaghat-I block, Birbhum district",27.78,2023,Sanctioned,False,
MPLAD-2020-100253,MP_21,Malda,Ranaghat-I,Aistala,Road,"Improvement and metalling of village approach road at Aistala, Ranaghat-I under MPLADS, Ward No. 10, Ranaghat-I block, Malda district",32.5,2020,Completed,False,
MPLAD-2019-100896,MP_09,Purulia,Karimpur-II,Bahirgachi,Electrification,"Installation of 4 solar street lights at Bahirgachi, Karimpur-II under MPLADS, Ward No. 2, Karimpur-II block, Purulia district",30.05,2019,Ongoing,False,
MPLAD-2019-101134,MP_27,Bardhaman,Ranaghat-I,Aistala,Road,"Construction of 426 m concrete road from Panchberia to Nokari at Aistala under MPLADS, Ward No. 24, Ranaghat-I block, Bardhaman district",23.84,2019,Completed,False,
MPLAD-2024-100880,MP_35,Birbhum,Ranaghat-I,Jaguli,Water,"Installation of 2 deep tube wells with submersible pump at Jaguli under MPLADS, Ward No. 23, Ranaghat-I block, Birbhum district",29.88,2024,Completed,False,
MPLAD-DUP-200025,MP_39,Hooghly,Haringhata,Fatepur,Education,"Procurement and supply of benches and desks to Fatepur High School under MPLADS under MPLADS, Ward No. 2, Haringhata block, Hooghly district",9.0,2021,Ongoing,True,MPLAD-2020-100169
MPLAD-2019-100623,MP_05,Purulia,Hanskhali,Aistala,Community,"Construction of community hall with toilet block at Aistala under MPLADS, Ward No. 22, Hanskhali block, Purulia district",22.18,2019,Completed,False,
MPLAD-2021-100345,MP_37,Hooghly,Santipur,Rautari,Education,"Supply of benches and desks to Rautari High School under MPLADS under MPLADS, Ward No. 24, Santipur block, Hooghly district",6.89,2021,Completed,False,
MPLAD-2021-101115,MP_02,Birbhum,Nakashipara,Kalinagar,Community,"Construction of community hall with toilet block at Kalinagar under MPLADS, Ward No. 17, Nakashipara block, Birbhum district",7.28,2021,Completed,False,
MPLAD-2022-100262,MP_31,Bardhaman,Haringhata,Nokari,Health,"Construction of waiting shed at Nokari Sub-Centre under MPLADS, Ward No. 15, Haringhata block, Bardhaman district",33.41,2022,Completed,False,
MPLAD-2022-100150,MP_12,Birbhum,Haringhata,Nokari,Sports,"Development of playground with boundary fencing at Nokari under MPLADS, Ward No. 21, Haringhata block, Birbhum district",30.85,2022,Sanctioned,False,
MPLAD-2022-100472,MP_24,Malda,Santipur,Bahirgachi,Road,"Improvement and metalling of village approach road at Bahirgachi, Santipur under MPLADS, Ward No. 23, Santipur block, Malda district",4.61,2022,Sanctioned,False,
MPLAD-2022-100640,MP_34,Bankura,Karimpur-II,Aistala,Health,"Construction of waiting shed at Aistala Sub-Centre under MPLADS, Ward No. 21, Karimpur-II block, Bankura district",13.69,2022,Ongoing,False,
MPLAD-DUP-200084,MP_23,Malda,Ranaghat-I,Panchberia,Electrification,"Setting up of 7 solar-powered street lamps at Panchberia, Ranaghat-I under MPLADS, Ward No. 7, Ranaghat-I block, Malda district",6.12,2021,Completed,True,MPLAD-2020-100806
MPLAD-DUP-200022,MP_39,Jalpaiguri,Santipur,Subarnapur,Sanitation,"Building of 8 community sanitary complex at Subarnapur under MPLADS, Ward No. 23, Santipur block, Jalpaiguri district",15.51,2020,Completed,True,MPLAD-2019-100756
MPLAD-2023-100550,MP_24,Bankura,Nakashipara,Dhantala,Health,"Supply of ambulance to Nakashipara Rural Hospital under MPLADS under MPLADS, Ward No. 23, Nakashipara block, Bankura district",11.07,2023,Ongoing,False,
MPLAD-2023-100928,MP_36,Bankura,Chakdaha,Barasat,Electrification,"Installation of 2 solar street lights at Barasat, Chakdaha under MPLADS, Ward No. 5, Chakdaha block, Bankura district",15.72,2023,Completed,False,
MPLAD-2024-100488,MP_34,Birbhum,Ranaghat-I,Kalinagar,Health,"Construction of waiting shed at Kalinagar Sub-Centre under MPLADS, Ward No. 18, Ranaghat-I block, Birbhum district",16.39,2024,Ongoing,False,
MPLAD-2020-101170,MP_36,Birbhum,Hanskhali,Debagram,Water,"Installation of 6 deep tube wells with submersible pump at Debagram under MPLADS, Ward No. 2, Hanskhali block, Birbhum district",24.08,2020,Ongoing,False,
MPLAD-2025-100146,MP_37,Howrah,Krishnanagar-II,Barasat,Education,"Construction of additional classroom block at Barasat Primary School under MPLADS, Ward No. 19, Krishnanagar-II block, Howrah district",17.44,2025,Ongoing,False,
MPLAD-2022-100402,MP_17,Nadia,Krishnanagar-II,Jaguli,Health,"Construction of waiting shed at Jaguli Sub-Centre under MPLADS, Ward No. 13, Krishnanagar-II block, Nadia district",41.66,2022,Completed,False,
MPLAD-2021-100954,MP_24,Nadia,Haringhata,Mamjoan,Electrification,"Installation of 2 solar street lights at Mamjoan, Haringhata under MPLADS, Ward No. 15, Haringhata block, Nadia district",37.37,2021,Completed,False,
MPLAD-DUP-200017,MP_12,Bardhaman,Chakdaha,Dhantala,Community,"Renovation of crematorium boundary wall at Dhantala under MPLADS, Ward No. 5, Chakdaha block, Bardhaman district",27.87,2022,Ongoing,True,MPLAD-2021-100100
MPLAD-2020-100659,MP_22,Bankura,Karimpur-II,Dhantala,Electrification,"Providing LED high mast lighting at Dhantala market area under MPLADS, Ward No. 14, Karimpur-II block, Bankura district",20.93,2020,Completed,False,
MPLAD-2020-100463,MP_22,Purulia,Kaliganj,Muragachha,Irrigation,"Re-excavation of village pond for irrigation at Muragachha under MPLADS, Ward No. 19, Kaliganj block, Purulia district",16.53,2020,Ongoing,False,
MPLAD-2023-100186,MP_24,Malda,Nakashipara,Rautari,Community,"Construction of community hall with toilet block at Rautari under MPLADS, Ward No. 13, Nakashipara block, Malda district",30.6,2023,Completed,False,
MPLAD-2025-100608,MP_38,Nadia,Nakashipara,Mamjoan,Community,"Renovation of crematorium boundary wall at Mamjoan under MPLADS, Ward No. 13, Nakashipara block, Nadia district",40.11,2025,Completed,False,
MPLAD-2022-100143,MP_16,Bankura,Kaliganj,Nokari,Education,"Supply of benches and desks to Nokari High School under MPLADS under MPLADS, Ward No. 11, Kaliganj block, Bankura district",41.6,2022,Completed,False,
MPLAD-2021-100751,MP_23,Bankura,Karimpur-II,Mamjoan,Education,"Supply of benches and desks to Mamjoan High School under MPLADS under MPLADS, Ward No. 13, Karimpur-II block, Bankura district",8.24,2021,Ongoing,False,
MPLAD-2020-100981,MP_23,Nadia,Krishnanagar-II,Aistala,Electrification,"Providing LED high mast lighting at Aistala market area under MPLADS, Ward No. 17, Krishnanagar-II block, Nadia district",20.55,2020,Completed,False,
MPLAD-2020-100197,MP_39,Bankura,Haringhata,Mamjoan,Education,"Supply of benches and desks to Mamjoan High School under MPLADS under MPLADS, Ward No. 9, Haringhata block, Bankura district",43.2,2020,Completed,False,
MPLAD-2020-100883,MP_29,Purulia,Santipur,Debagram,Irrigation,"Re-excavation of village pond for irrigation at Debagram under MPLADS, Ward No. 15, Santipur block, Purulia district",32.8,2020,Completed,False,
MPLAD-2025-100279,MP_04,Howrah,Haringhata,Muragachha,Electrification,"Providing LED high mast lighting at Muragachha market area under MPLADS, Ward No. 6, Haringhata block, Howrah district",38.47,2025,Completed,False,
MPLAD-2025-100293,MP_19,Nadia,Ranaghat-I,Mamjoan,Water,"Installation of 5 deep tube wells with submersible pump at Mamjoan under MPLADS, Ward No. 3, Ranaghat-I block, Nadia district",44.04,2025,Completed,False,
MPLAD-2021-101178,MP_16,Hooghly,Kaliganj,Nokari,Health,"Supply of ambulance to Kaliganj Rural Hospital under MPLADS under MPLADS, Ward No. 12, Kaliganj block, Hooghly district",7.52,2021,Ongoing,False,
MPLAD-2020-100400,MP_05,Howrah,Ranaghat-I,Barasat,Education,"Supply of benches and desks to Barasat High School under MPLADS under MPLADS, Ward No. 15, Ranaghat-I block, Howrah district",12.15,2020,Completed,False,
MPLAD-2022-100122,MP_15,Bardhaman,Santipur,Barasat,Water,"Construction of overhead water reservoir of 6000 litre capacity at Barasat under MPLADS, Ward No. 22, Santipur block, Bardhaman district",23.99,2022,Ongoing,False,
MPLAD-2025-100202,MP_36,Hooghly,Hanskhali,Kalinagar,Electrification,"Installation of 4 solar street lights at Kalinagar, Hanskhali under MPLADS, Ward No. 8, Hanskhali block, Hooghly district",43.77,2025,Ongoing,False,
MPLAD-2021-100835,MP_31,Jalpaiguri,Kaliganj,Bhatjangla,Road,"Improvement and metalling of village approach road at Bhatjangla, Kaliganj under MPLADS, Ward No. 22, Kaliganj block, Jalpaiguri district",44.78,2021,Ongoing,False,
MPLAD-2020-100246,MP_14,Malda,Santipur,Jaguli,Sports,"Development of playground with boundary fencing at Jaguli under MPLADS, Ward No. 15, Santipur block, Malda district",39.13,2020,Completed,False,
MPLAD-DUP-200032,MP_36,Howrah,Haringhata,Fatepur,Irrigation,"Re-excavation of village pond for irrigation at Fatepur under MPLADS, Ward No. 17, Haringhata block, Howrah district",55.75,2023,Ongoing,True,MPLAD-2022-101130
MPLAD-DUP-200020,MP_38,Nadia,Kaliganj,Nokari,Water,"Setting up of 7 borewells with submersible pump at Nokari under MPLADS, Ward No. 22, Kaliganj block, Nadia district",44.06,2022,Completed,True,MPLAD-2021-100744
MPLAD-2025-100384,MP_35,Bardhaman,Krishnanagar-II,Barasat,Water,"Installation of 4 deep tube wells with submersible pump at Barasat under MPLADS, Ward No. 4, Krishnanagar-II block, Bardhaman district",44.43,2025,Ongoing,False,
MPLAD-2019-100854,MP_33,Hooghly,Ranaghat-I,Aistala,Community,"Renovation of crematorium boundary wall at Aistala under MPLADS, Ward No. 22, Ranaghat-I block, Hooghly district",16.14,2019,Ongoing,False,
MPLAD-2021-100219,MP_30,Malda,Haringhata,Nokari,Community,"Renovation of crematorium boundary wall at Nokari under MPLADS, Ward No. 11, Haringhata block, Malda district",36.96,2021,Completed,False,
MPLAD-2023-100641,MP_34,Hooghly,Kaliganj,Dhantala,Water,"Installation of 8 deep tube wells with submersible pump at Dhantala under MPLADS, Ward No. 19, Kaliganj block, Hooghly district",44.83,2023,Completed,False,
MPLAD-2020-100001,MP_37,Malda,Nakashipara,Nokari,Electrification,"Providing LED high mast lighting at Nokari market area under MPLADS, Ward No. 21, Nakashipara block, Malda district",29.51,2020,Ongoing,False,
MPLAD-2019-100112,MP_32,Howrah,Ranaghat-I,Panchberia,Sports,"Development of playground with boundary fencing at Panchberia under MPLADS, Ward No. 18, Ranaghat-I block, Howrah district",27.63,2019,Completed,False,
MPLAD-2024-100698,MP_09,Hooghly,Haringhata,Subarnapur,Community,"Renovation of crematorium boundary wall at Subarnapur under MPLADS, Ward No. 21, Haringhata block, Hooghly district",13.7,2024,Completed,False,
MPLAD-DUP-200039,MP_36,Howrah,Krishnanagar-II,Bhatjangla,Water,"Setting up of 1 borewells with submersible pump at Bhatjangla under MPLADS, Ward No. 7, Krishnanagar-II block, Howrah district",36.01,2025,Completed,True,MPLAD-2025-101070
MPLAD-2025-100951,MP_35,Howrah,Nakashipara,Kalinagar,Community,"Construction of community hall with toilet block at Kalinagar under MPLADS, Ward No. 7, Nakashipara block, Howrah district",7.41,2025,Ongoing,False,
MPLAD-2020-101142,MP_10,Nadia,Haringhata,Panchberia,Health,"Supply of ambulance to Haringhata Rural Hospital under MPLADS under MPLADS, Ward No. 9, Haringhata block, Nadia district",42.92,2020,Completed,False,
MPLAD-2025-101168,MP_10,Birbhum,Chakdaha,Jaguli,Electrification,"Providing LED high mast lighting at Jaguli market area under MPLADS, Ward No. 18, Chakdaha block, Birbhum district",34.36,2025,Completed,False,
MPLAD-2019-100441,MP_36,Bankura,Kaliganj,Jaguli,Health,"Construction of waiting shed at Jaguli Sub-Centre under MPLADS, Ward No. 20, Kaliganj block, Bankura district",38.49,2019,Sanctioned,False,
MPLAD-2021-101136,MP_15,Jalpaiguri,Ranaghat-I,Bahirgachi,Education,"Construction of additional classroom block at Bahirgachi Primary School under MPLADS, Ward No. 15, Ranaghat-I block, Jalpaiguri district",12.65,2021,Completed,False,
MPLAD-2024-100663,MP_39,Nadia,Ranaghat-I,Barasat,Road,"Improvement and metalling of village approach road at Barasat, Ranaghat-I under MPLADS, Ward No. 11, Ranaghat-I block, Nadia district",41.45,2024,Completed,False,
MPLAD-2021-101185,MP_14,Bankura,Karimpur-II,Subarnapur,Community,"Construction of community hall with toilet block at Subarnapur under MPLADS, Ward No. 2, Karimpur-II block, Bankura district",32.16,2021,Completed,False,
MPLAD-2021-100317,MP_08,Murshidabad,Santipur,Panchberia,Education,"Supply of benches and desks to Panchberia High School under MPLADS under MPLADS, Ward No. 17, Santipur block, Murshidabad district",40.58,2021,Completed,False,
MPLAD-2023-100648,MP_02,Birbhum,Krishnanagar-II,Debagram,Road,"Construction of 383 m concrete road from Panchberia to Muragachha at Debagram under MPLADS, Ward No. 17, Krishnanagar-II block, Birbhum district",2.79,2023,Sanctioned,False,
MPLAD-2021-100709,MP_13,Bardhaman,Chakdaha,Rautari,Sanitation,"Construction of 1 community sanitary complex at Rautari under MPLADS, Ward No. 9, Chakdaha block, Bardhaman district",2.86,2021,Ongoing,False,
MPLAD-2025-100972,MP_17,Jalpaiguri,Chakdaha,Kalinagar,Road,"Construction of 1018 m concrete road from Bhatjangla to Subarnapur at Kalinagar under MPLADS, Ward No. 19, Chakdaha block, Jalpaiguri district",35.78,2025,Completed,False,
MPLAD-2023-100627,MP_26,Purulia,Nakashipara,Rautari,Water,"Installation of 3 deep tube wells with submersible pump at Rautari under MPLADS, Ward No. 3, Nakashipara block, Purulia district",17.13,2023,Completed,False,
MPLAD-2021-100632,MP_10,Purulia,Chakdaha,Panchberia,Education,"Supply of benches and desks to Panchberia High School under MPLADS under MPLADS, Ward No. 14, Chakdaha block, Purulia district",2.8,2021,Completed,False,
MPLAD-DUP-200064,MP_10,Bankura,Haringhata,Panchberia,Electrification,"Providing LED high mast lighting at Panchberia market area under MPLADS, Ward No. 13, Haringhata block, Bankura district",38.16,2025,Completed,True,MPLAD-2024-100649
MPLAD-2025-101196,MP_29,Bardhaman,Karimpur-II,Mamjoan,Education,"Construction of additional classroom block at Mamjoan Primary School under MPLADS, Ward No. 7, Karimpur-II block, Bardhaman district",37.88,2025,Completed,False,
MPLAD-2023-100795,MP_35,Bardhaman,Tehatta-I,Aistala,Community,"Construction of community hall with toilet block at Aistala under MPLADS, Ward No. 21, Tehatta-I block, Bardhaman district",7.94,2023,Completed,False,
MPLAD-2020-100645,MP_10,Murshidabad,Tehatta-I,Mamjoan,Water,"Construction of overhead water reservoir of 5000 litre capacity at Mamjoan under MPLADS, Ward No. 21, Tehatta-I block, Murshidabad district",5.19,2020,Completed,False,
MPLAD-2023-101012,MP_08,Birbhum,Kaliganj,Kalinagar,Irrigation,"Re-excavation of village pond for irrigation at Kalinagar under MPLADS, Ward No. 5, Kaliganj block, Birbhum district",15.77,2023,Completed,False,
MPLAD-2022-100556,MP_13,Purulia,Kaliganj,Barasat,Health,"Supply of ambulance to Kaliganj Rural Hospital under MPLADS under MPLADS, Ward No. 21, Kaliganj block, Purulia district",18.9,2022,Completed,False,
MPLAD-2021-100681,MP_16,Purulia,Kaliganj,Rautari,Road,"Improvement and metalling of village approach road at Rautari, Kaliganj under MPLADS, Ward No. 14, Kaliganj block, Purulia district",1.69,2021,Completed,False,
MPLAD-2022-100577,MP_37,Jalpaiguri,Karimpur-II,Mamjoan,Road,"Construction of 1393 m concrete road from Fatepur to Subarnapur at Mamjoan under MPLADS, Ward No. 13, Karimpur-II block, Jalpaiguri district",22.4,2022,Completed,False,
MPLAD-2022-101109,MP_15,Bardhaman,Krishnanagar-II,Aistala,Electrification,"Providing LED high mast lighting at Aistala market area under MPLADS, Ward No. 8, Krishnanagar-II block, Bardhaman district",44.03,2022,Ongoing,False,
MPLAD-2025-100524,MP_12,Murshidabad,Haringhata,Jaguli,Irrigation,"Re-excavation of village pond for irrigation at Jaguli under MPLADS, Ward No. 22, Haringhata block, Murshidabad district",16.54,2025,Ongoing,False,
MPLAD-2021-101059,MP_35,Purulia,Tehatta-I,Aistala,Water,"Installation of 4 deep tube wells with submersible pump at Aistala under MPLADS, Ward No. 9, Tehatta-I block, Purulia district",21.57,2021,Completed,False,
MPLAD-2020-100540,MP_21,Nadia,Krishnanagar-II,Debagram,Electrification,"Installation of 4 solar street lights at Debagram, Krishnanagar-II under MPLADS, Ward No. 7, Krishnanagar-II block, Nadia district",41.86,2020,Sanctioned,False,
MPLAD-2025-100748,MP_06,Hooghly,Santipur,Nokari,Electrification,"Providing LED high mast lighting at Nokari market area under MPLADS, Ward No. 17, Santipur block, Hooghly district",14.26,2025,Completed,False,
MPLAD-2021-101199,MP_30,Malda,Krishnanagar-II,Bahirgachi,Road,"Improvement and metalling of village approach road at Bahirgachi, Krishnanagar-II under MPLADS, Ward No. 1, Krishnanagar-II block, Malda district",44.25,2021,Ongoing,False,
MPLAD-2020-100484,MP_38,Bankura,Haringhata,Dhantala,Health,"Supply of ambulance to Haringhata Rural Hospital under MPLADS under MPLADS, Ward No. 22, Haringhata block, Bankura district",2.73,2020,Ongoing,False,
MPLAD-2023-100095,MP_16,Malda,Krishnanagar-II,Debagram,Health,"Construction of waiting shed at Debagram Sub-Centre under MPLADS, Ward No. 13, Krishnanagar-II block, Malda district",7.45,2023,Completed,False,
MPLAD-2024-101020,MP_34,Bankura,Santipur,Subarnapur,Electrification,"Installation of 4 solar street lights at Subarnapur, Santipur under MPLADS, Ward No. 6, Santipur block, Bankura district",32.99,2024,Completed,False,
MPLAD-2022-100563,MP_35,Hooghly,Karimpur-II,Fatepur,Sports,"Development of playground with boundary fencing at Fatepur under MPLADS, Ward No. 8, Karimpur-II block, Hooghly district",10.62,2022,Completed,False,
MPLAD-2019-100742,MP_30,Jalpaiguri,Haringhata,Bhatjangla,Road,"Improvement and metalling of village approach road at Bhatjangla, Haringhata under MPLADS, Ward No. 17, Haringhata block, Jalpaiguri district",25.12,2019,Completed,False,
MPLAD-2021-100863,MP_16,Nadia,Kaliganj,Kalinagar,Community,"Construction of community hall with toilet block at Kalinagar under MPLADS, Ward No. 20, Kaliganj block, Nadia district",18.58,2021,Completed,False,
MPLAD-2021-100891,MP_07,Birbhum,Ranaghat-I,Debagram,Community,"Renovation of crematorium boundary wall at Debagram under MPLADS, Ward No. 12, Ranaghat-I block, Birbhum district",3.12,2021,Ongoing,False,
MPLAD-2021-101038,MP_34,Murshidabad,Santipur,Aistala,Irrigation,"Re-excavation of village pond for irrigation at Aistala under MPLADS, Ward No. 9, Santipur block, Murshidabad district",41.45,2021,Completed,False,
MPLAD-2022-100206,MP_36,Hooghly,Hanskhali,Bahirgachi,Education,"Supply of benches and desks to Bahirgachi High School under MPLADS under MPLADS, Ward No. 4, Hanskhali block, Hooghly district",24.87,2022,Ongoing,False,
MPLAD-2019-100392,MP_20,Murshidabad,Krishnanagar-II,Kalinagar,Community,"Renovation of crematorium boundary wall at Kalinagar under MPLADS, Ward No. 5, Krishnanagar-II block, Murshidabad district",2.93,2019,Completed,False,
MPLAD-2022-100794,MP_04,Birbhum,Chakdaha,Fatepur,Education,"Supply of benches and desks to Fatepur High School under MPLADS under MPLADS, Ward No. 7, Chakdaha block, Birbhum district",9.1,2022,Sanctioned,False,
MPLAD-2021-100870,MP_38,Nadia,Ranaghat-I,Nokari,Electrification,"Providing LED high mast lighting at Nokari market area under MPLADS, Ward No. 2, Ranaghat-I block, Nadia district",17.79,2021,Completed,False,
MPLAD-2024-100397,MP_14,Hooghly,Krishnanagar-II,Nokari,Health,"Supply of ambulance to Krishnanagar-II Rural Hospital under MPLADS under MPLADS, Ward No. 19, Krishnanagar-II block, Hooghly district",10.92,2024,Ongoing,False,
MPLAD-2022-100766,MP_17,Hooghly,Kaliganj,Muragachha,Community,"Renovation of crematorium boundary wall at Muragachha under MPLADS, Ward No. 12, Kaliganj block, Hooghly district",35.61,2022,Ongoing,False,
MPLAD-2025-101189,MP_23,Howrah,Krishnanagar-II,Muragachha,Community,"Construction of community hall with toilet block at Muragachha under MPLADS, Ward No. 19, Krishnanagar-II block, Howrah district",36.36,2025,Completed,False,
MPLAD-2025-101028,MP_15,Hooghly,Krishnanagar-II,Muragachha,Electrification,"Installation of 7 solar street lights at Muragachha, Krishnanagar-II under MPLADS, Ward No. 7, Krishnanagar-II block, Hooghly district",16.46,2025,Completed,False,
MPLAD-2024-100642,MP_34,Bardhaman,Ranaghat-I,Panchberia,Road,"Construction of 940 m concrete road from Barasat to Rautari at Panchberia under MPLADS, Ward No. 24, Ranaghat-I block, Bardhaman district",35.02,2024,Completed,False,
MPLAD-2022-100612,MP_39,Jalpaiguri,Hanskhali,Fatepur,Road,"Construction of 1651 m concrete road from Rautari to Jaguli at Fatepur under MPLADS, Ward No. 22, Hanskhali block, Jalpaiguri district",27.81,2022,Completed,False,
MPLAD-2020-100960,MP_17,Murshidabad,Ranaghat-I,Panchberia,Community,"Renovation of crematorium boundary wall at Panchberia under MPLADS, Ward No. 10, Ranaghat-I block, Murshidabad district",18.44,2020,Completed,False,
MPLAD-2023-100725,MP_28,Bardhaman,Santipur,Barasat,Electrification,"Installation of 1 solar street lights at Barasat, Santipur under MPLADS, Ward No. 12, Santipur block, Bardhaman district",9.09,2023,Completed,False,
MPLAD-2023-100683,MP_34,Howrah,Hanskhali,Muragachha,Electrification,"Installation of 4 solar street lights at Muragachha, Hanskhali under MPLADS, Ward No. 6, Hanskhali block, Howrah district",15.37,2023,Ongoing,False,
MPLAD-2019-100098,MP_12,Bankura,Karimpur-II,Bhatjangla,Health,"Construction of waiting shed at Bhatjangla Sub-Centre under MPLADS, Ward No. 24, Karimpur-II block, Bankura district",40.52,2019,Completed,False,
MPLAD-2025-100804,MP_17,Nadia,Tehatta-I,Dhantala,Road,"Improvement and metalling of village approach road at Dhantala, Tehatta-I under MPLADS, Ward No. 6, Tehatta-I block, Nadia district",4.59,2025,Completed,False,
MPLAD-2019-100406,MP_10,Bankura,Kaliganj,Rautari,Sanitation,"Construction of 3 community sanitary complex at Rautari under MPLADS, Ward No. 19, Kaliganj block, Bankura district",4.29,2019,Ongoing,False,
MPLAD-2024-100502,MP_22,Howrah,Karimpur-II,Kalinagar,Health,"Construction of waiting shed at Kalinagar Sub-Centre under MPLADS, Ward No. 22, Karimpur-II block, Howrah district",34.79,2024,Completed,False,
MPLAD-2019-101071,MP_29,Purulia,Nakashipara,Aistala,Electrification,"Providing LED high mast lighting at Aistala market area under MPLADS, Ward No. 12, Nakashipara block, Purulia district",9.69,2019,Completed,False,
MPLAD-2025-101056,MP_16,Bardhaman,Chakdaha,Kalinagar,Road,"Improvement and metalling of village approach road at Kalinagar, Chakdaha under MPLADS, Ward No. 22, Chakdaha block, Bardhaman district",15.39,2025,Sanctioned,False,
MPLAD-2024-100929,MP_02,Jalpaiguri,Hanskhali,Kalinagar,Health,"Supply of ambulance to Hanskhali Rural Hospital under MPLADS under MPLADS, Ward No. 5, Hanskhali block, Jalpaiguri district",27.11,2024,Completed,False,
MPLAD-2021-100779,MP_26,Hooghly,Hanskhali,Muragachha,Sports,"Development of playground with boundary fencing at Muragachha under MPLADS, Ward No. 15, Hanskhali block, Hooghly district",9.85,2021,Completed,False,
MPLAD-2023-100200,MP_08,Bankura,Hanskhali,Bahirgachi,Community,"Construction of community hall with toilet block at Bahirgachi under MPLADS, Ward No. 5, Hanskhali block, Bankura district",13.94,2023,Sanctioned,False,
MPLAD-2020-100134,MP_08,Jalpaiguri,Kaliganj,Nokari,Water,"Construction of overhead water reservoir of 2000 litre capacity at Nokari under MPLADS, Ward No. 10, Kaliganj block, Jalpaiguri district",19.49,2020,Completed,False,
MPLAD-2020-101051,MP_31,Hooghly,Ranaghat-I,Dhantala,Education,"Construction of additional classroom block at Dhantala Primary School under MPLADS, Ward No. 8, Ranaghat-I block, Hooghly district",40.52,2020,Ongoing,False,
MPLAD-2024-100040,MP_23,Nadia,Krishnanagar-II,Fatepur,Sanitation,"Construction of 2 community sanitary complex at Fatepur under MPLADS, Ward No. 22, Krishnanagar-II block, Nadia district",19.61,2024,Completed,False,
MPLAD-2021-101017,MP_34,Birbhum,Kaliganj,Panchberia,Education,"Construction of additional classroom block at Panchberia Primary School under MPLADS, Ward No. 16, Kaliganj block, Birbhum district",14.15,2021,Sanctioned,False,
MPLAD-2025-100230,MP_33,Bardhaman,Kaliganj,Kalinagar,Electrification,"Providing LED high mast lighting at Kalinagar market area under MPLADS, Ward No. 15, Kaliganj block, Bardhaman district",10.77,2025,Completed,False,
MPLAD-2019-100378,MP_39,Malda,Hanskhali,Kalinagar,Education,"Supply of benches and desks to Kalinagar High School under MPLADS under MPLADS, Ward No. 1, Hanskhali block, Malda district",19.78,2019,Ongoing,False,
MPLAD-2020-100288,MP_26,Bardhaman,Krishnanagar-II,Bahirgachi,Education,"Construction of additional classroom block at Bahirgachi Primary School under MPLADS, Ward No. 17, Krishnanagar-II block, Bardhaman district",6.23,2020,Completed,False,
MPLAD-2024-100418,MP_24,Birbhum,Krishnanagar-II,Jaguli,Water,"Construction of overhead water reservoir of 3000 litre capacity at Jaguli under MPLADS, Ward No. 12, Krishnanagar-II block, Birbhum district",10.53,2024,Completed,False,
MPLAD-2025-100391,MP_33,Purulia,Chakdaha,Subarnapur,Road,"Construction of 1099 m concrete road from Nokari to Dhantala at Subarnapur under MPLADS, Ward No. 3, Chakdaha block, Purulia district",9.11,2025,Ongoing,False,
MPLAD-2023-100592,MP_17,Bankura,Krishnanagar-II,Rautari,Health,"Supply of ambulance to Krishnanagar-II Rural Hospital under MPLADS under MPLADS, Ward No. 2, Krishnanagar-II block, Bankura district",19.58,2023,Completed,False,
MPLAD-2019-101162,MP_31,Bardhaman,Ranaghat-I,Mamjoan,Community,"Renovation of crematorium boundary wall at Mamjoan under MPLADS, Ward No. 8, Ranaghat-I block, Bardhaman district",15.57,2019,Completed,False,
MPLAD-2020-101086,MP_31,Purulia,Krishnanagar-II,Jaguli,Road,"Construction of 1630 m concrete road from Bhatjangla to Subarnapur at Jaguli under MPLADS, Ward No. 11, Krishnanagar-II block, Purulia district",4.34,2020,Completed,False,
MPLAD-2022-100647,MP_19,Purulia,Tehatta-I,Kalinagar,Irrigation,"Re-excavation of village pond for irrigation at Kalinagar under MPLADS, Ward No. 16, Tehatta-I block, Purulia district",23.39,2022,Completed,False,
MPLAD-2023-101152,MP_05,Howrah,Santipur,Fatepur,Health,"Construction of waiting shed at Fatepur Sub-Centre under MPLADS, Ward No. 1, Santipur block, Howrah district",44.15,2023,Completed,False,
MPLAD-2021-100520,MP_03,Bardhaman,Kaliganj,Bahirgachi,Electrification,"Installation of 6 solar street lights at Bahirgachi, Kaliganj under MPLADS, Ward No. 3, Kaliganj block, Bardhaman district",34.38,2021,Completed,False,
MPLAD-2020-100064,MP_28,Nadia,Ranaghat-I,Aistala,Health,"Supply of ambulance to Ranaghat-I Rural Hospital under MPLADS under MPLADS, Ward No. 1, Ranaghat-I block, Nadia district",9.03,2020,Completed,False,
MPLAD-2019-100014,MP_11,Hooghly,Santipur,Bhatjangla,Education,"Supply of benches and desks to Bhatjangla High School under MPLADS under MPLADS, Ward No. 9, Santipur block, Hooghly district",43.66,2019,Ongoing,False,
MPLAD-2023-101180,MP_26,Murshidabad,Ranaghat-I,Nokari,Health,"Supply of ambulance to Ranaghat-I Rural Hospital under MPLADS under MPLADS, Ward No. 19, Ranaghat-I block, Murshidabad district",43.46,2023,Sanctioned,False,
MPLAD-2019-101064,MP_17,Bankura,Santipur,Barasat,Sanitation,"Construction of 6 community sanitary complex at Barasat under MPLADS, Ward No. 13, Santipur block, Bankura district",27.74,2019,Sanctioned,False,
MPLAD-2021-100492,MP_13,Jalpaiguri,Haringhata,Panchberia,Road,"Improvement and metalling of village approach road at Panchberia, Haringhata under MPLADS, Ward No. 1, Haringhata block, Jalpaiguri district",37.24,2021,Ongoing,False,
MPLAD-2020-100379,MP_23,Malda,Ranaghat-I,Mamjoan,Education,"Supply of benches and desks to Mamjoan High School under MPLADS under MPLADS, Ward No. 22, Ranaghat-I block, Malda district",6.11,2020,Completed,False,
MPLAD-2024-100187,MP_01,Howrah,Karimpur-II,Panchberia,Electrification,"Installation of 8 solar street lights at Panchberia, Karimpur-II under MPLADS, Ward No. 3, Karimpur-II block, Howrah district",3.18,2024,Ongoing,False,
MPLAD-2019-100763,MP_03,Nadia,Tehatta-I,Muragachha,Electrification,"Providing LED high mast lighting at Muragachha market area under MPLADS, Ward No. 18, Tehatta-I block, Nadia district",32.97,2019,Ongoing,False,
MPLAD-2025-100216,MP_05,Birbhum,Haringhata,Kalinagar,Education,"Supply of benches and desks to Kalinagar High School under MPLADS under MPLADS, Ward No. 6, Haringhata block, Birbhum district",43.09,2025,Completed,False,
MPLAD-2019-100791,MP_22,Birbhum,Krishnanagar-II,Panchberia,Water,"Construction of overhead water reservoir of 1000 litre capacity at Panchberia under MPLADS, Ward No. 18, Krishnanagar-II block, Birbhum district",27.53,2019,Completed,False,
MPLAD-2024-101076,MP_20,Murshidabad,Tehatta-I,Bahirgachi,Water,"Construction of overhead water reservoir of 6000 litre capacity at Bahirgachi under MPLADS, Ward No. 7, Tehatta-I block, Murshidabad district",37.29,2024,Completed,False,
MPLAD-2022-100878,MP_32,Malda,Kaliganj,Dhantala,Education,"Supply of benches and desks to Dhantala High School under MPLADS under MPLADS, Ward No. 18, Kaliganj block, Malda district",32.86,2022,Completed,False,
MPLAD-2020-100337,MP_35,Hooghly,Nakashipara,Debagram,Health,"Construction of waiting shed at Debagram Sub-Centre under MPLADS, Ward No. 23, Nakashipara block, Hooghly district",30.44,2020,Ongoing,False,
MPLAD-2024-100719,MP_08,Purulia,Santipur,Aistala,Community,"Construction of community hall with toilet block at Aistala under MPLADS, Ward No. 6, Santipur block, Purulia district",39.98,2024,Ongoing,False,
MPLAD-2020-100295,MP_20,Howrah,Kaliganj,Barasat,Road,"Construction of 1752 m concrete road from Rautari to Muragachha at Barasat under MPLADS, Ward No. 24, Kaliganj block, Howrah district",38.89,2020,Completed,False,
MPLAD-2020-101016,MP_15,Birbhum,Ranaghat-I,Barasat,Electrification,"Providing LED high mast lighting at Barasat market area under MPLADS, Ward No. 19, Ranaghat-I block, Birbhum district",31.52,2020,Completed,False,
MPLAD-2019-100455,MP_12,Nadia,Hanskhali,Subarnapur,Irrigation,"Re-excavation of village pond for irrigation at Subarnapur under MPLADS, Ward No. 4, Hanskhali block, Nadia district",9.98,2019,Completed,False,
MPLAD-2022-100815,MP_25,Bankura,Karimpur-II,Muragachha,Road,"Improvement and metalling of village approach road at Muragachha, Karimpur-II under MPLADS, Ward No. 11, Karimpur-II block, Bankura district",35.09,2022,Completed,False,
MPLAD-2022-100269,MP_08,Malda,Karimpur-II,Panchberia,Electrification,"Providing LED high mast lighting at Panchberia market area under MPLADS, Ward No. 11, Karimpur-II block, Malda district",38.5,2022,Completed,False,
MPLAD-2020-100995,MP_23,Purulia,Chakdaha,Jaguli,Sports,"Development of playground with boundary fencing at Jaguli under MPLADS, Ward No. 21, Chakdaha block, Purulia district",35.15,2020,Completed,False,
MPLAD-2024-100201,MP_39,Nadia,Tehatta-I,Muragachha,Water,"Installation of 5 deep tube wells with submersible pump at Muragachha under MPLADS, Ward No. 4, Tehatta-I block, Nadia district",38.13,2024,Sanctioned,False,
MPLAD-2019-100161,MP_21,Birbhum,Kaliganj,Aistala,Education,"Construction of additional classroom block at Aistala Primary School under MPLADS, Ward No. 1, Kaliganj block, Birbhum district",5.64,2019,Ongoing,False,
MPLAD-2020-100729,MP_12,Birbhum,Kaliganj,Debagram,Sports,"Development of playground with boundary fencing at Debagram under MPLADS, Ward No. 6, Kaliganj block, Birbhum district",23.68,2020,Ongoing,False,
MPLAD-2021-100401,MP_35,Malda,Kaliganj,Fatepur,Sanitation,"Construction of 1 community sanitary complex at Fatepur under MPLADS, Ward No. 22, Kaliganj block, Malda district",31.67,2021,Completed,False,
MPLAD-2021-100702,MP_36,Murshidabad,Ranaghat-I,Debagram,Sports,"Development of playground with boundary fencing at Debagram under MPLADS, Ward No. 9, Ranaghat-I block, Murshidabad district",19.24,2021,Completed,False,
MPLAD-2021-101129,MP_33,Birbhum,Nakashipara,Bhatjangla,Education,"Supply of benches and desks to Bhatjangla High School under MPLADS under MPLADS, Ward No. 9, Nakashipara block, Birbhum district",23.64,2021,Completed,False,
MPLAD-2024-100565,MP_16,Purulia,Chakdaha,Bhatjangla,Road,"Construction of 1712 m concrete road from Nokari to Bahirgachi at Bhatjangla under MPLADS, Ward No. 4, Chakdaha block, Purulia district",15.23,2024,Completed,False,
MPLAD-2025-101021,MP_29,Malda,Santipur,Subarnapur,Education,"Supply of benches and desks to Subarnapur High School under MPLADS under MPLADS, Ward No. 8, Santipur block, Malda district",44.97,2025,Completed,False,
MPLAD-2022-101025,MP_13,Nadia,Santipur,Nokari,Water,"Installation of 8 deep tube wells with submersible pump at Nokari under MPLADS, Ward No. 22, Santipur block, Nadia district",12.76,2022,Completed,False,
MPLAD-2024-101104,MP_14,Birbhum,Santipur,Fatepur,Sports,"Development of playground with boundary fencing at Fatepur under MPLADS, Ward No. 19, Santipur block, Birbhum district",11.98,2024,Ongoing,False,
MPLAD-2021-100205,MP_39,Howrah,Karimpur-II,Rautari,Education,"Construction of additional classroom block at Rautari Primary School under MPLADS, Ward No. 10, Karimpur-II block, Howrah district",11.78,2021,Completed,False,
MPLAD-2025-100034,MP_10,Nadia,Tehatta-I,Nokari,Community,"Renovation of crematorium boundary wall at Nokari under MPLADS, Ward No. 7, Tehatta-I block, Nadia district",24.59,2025,Completed,False,
MPLAD-2024-100775,MP_24,Birbhum,Hanskhali,Bhatjangla,Road,"Improvement and metalling of village approach road at Bhatjangla, Hanskhali under MPLADS, Ward No. 8, Hanskhali block, Birbhum district",17.04,2024,Completed,False,
MPLAD-2023-100508,MP_28,Bankura,Nakashipara,Muragachha,Irrigation,"Re-excavation of village pond for irrigation at Muragachha under MPLADS, Ward No. 13, Nakashipara block, Bankura district",23.42,2023,Sanctioned,False,
MPLAD-DUP-200077,MP_13,Jalpaiguri,Haringhata,Panchberia,Road,"Upgradation and black-topping of village approach road at Panchberia, Haringhata under MPLADS, Ward No. 1, Haringhata block, Jalpaiguri district",48.33,2022,Ongoing,True,MPLAD-2021-100492
MPLAD-2019-100091,MP_32,Malda,Tehatta-I,Kalinagar,Community,"Construction of community hall with toilet block at Kalinagar under MPLADS, Ward No. 1, Tehatta-I block, Malda district",3.63,2019,Completed,False,
MPLAD-2020-100897,MP_04,Nadia,Santipur,Kalinagar,Health,"Construction of waiting shed at Kalinagar Sub-Centre under MPLADS, Ward No. 17, Santipur block, Nadia district",37.98,2020,Completed,False,
MPLAD-2023-100564,MP_37,Jalpaiguri,Karimpur-II,Dhantala,Sports,"Development of playground with boundary fencing at Dhantala under MPLADS, Ward No. 3, Karimpur-II block, Jalpaiguri district",32.6,2023,Completed,False,
MPLAD-2025-100776,MP_33,Birbhum,Santipur,Mamjoan,Community,"Renovation of crematorium boundary wall at Mamjoan under MPLADS, Ward No. 9, Santipur block, Birbhum district",10.38,2025,Sanctioned,False,
MPLAD-2022-100241,MP_36,Purulia,Nakashipara,Jaguli,Electrification,"Providing LED high mast lighting at Jaguli market area under MPLADS, Ward No. 21, Nakashipara block, Purulia district",12.23,2022,Ongoing,False,
MPLAD-2025-100013,MP_25,Birbhum,Krishnanagar-II,Mamjoan,Health,"Supply of ambulance to Krishnanagar-II Rural Hospital under MPLADS under MPLADS, Ward No. 4, Krishnanagar-II block, Birbhum district",17.24,2025,Completed,False,
MPLAD-2019-100315,MP_05,Purulia,Santipur,Subarnapur,Road,"Improvement and metalling of village approach road at Subarnapur, Santipur under MPLADS, Ward No. 12, Santipur block, Purulia district",44.99,2019,Completed,False,
MPLAD-2024-100600,MP_30,Bardhaman,Ranaghat-I,Debagram,Electrification,"Providing LED high mast lighting at Debagram market area under MPLADS, Ward No. 21, Ranaghat-I block, Bardhaman district",34.17,2024,Completed,False,
MPLAD-2021-100387,MP_06,Birbhum,Karimpur-II,Bhatjangla,Sanitation,"Construction of 3 community sanitary complex at Bhatjangla under MPLADS, Ward No. 2, Karimpur-II block, Birbhum district",38.93,2021,Completed,False,
MPLAD-2024-100166,MP_33,Jalpaiguri,Santipur,Fatepur,Community,"Construction of community hall with toilet block at Fatepur under MPLADS, Ward No. 1, Santipur block, Jalpaiguri district",24.94,2024,Ongoing,False,
MPLAD-2019-100840,MP_20,Murshidabad,Chakdaha,Rautari,Water,"Construction of overhead water reservoir of 6000 litre capacity at Rautari under MPLADS, Ward No. 12, Chakdaha block, Murshidabad district",3.33,2019,Completed,False,
MPLAD-2025-100020,MP_19,Bankura,Tehatta-I,Barasat,Education,"Construction of additional classroom block at Barasat Primary School under MPLADS, Ward No. 11, Tehatta-I block, Bankura district",13.11,2025,Completed,False,
MPLAD-2021-100646,MP_29,Malda,Hanskhali,Debagram,Irrigation,"Re-excavation of village pond for irrigation at Debagram under MPLADS, Ward No. 10, Hanskhali block, Malda district",31.14,2021,Completed,False,
MPLAD-2025-101154,MP_03,Howrah,Tehatta-I,Bhatjangla,Health,"Supply of ambulance to Tehatta-I Rural Hospital under MPLADS under MPLADS, Ward No. 15, Tehatta-I block, Howrah district",26.62,2025,Completed,False,
MPLAD-2024-100831,MP_33,Bardhaman,Santipur,Panchberia,Health,"Construction of waiting shed at Panchberia Sub-Centre under MPLADS, Ward No. 8, Santipur block, Bardhaman district",32.86,2024,Completed,False,
MPLAD-2021-100562,MP_20,Bankura,Ranaghat-I,Rautari,Electrification,"Installation of 3 solar street lights at Rautari, Ranaghat-I under MPLADS, Ward No. 11, Ranaghat-I block, Bankura district",5.55,2021,Completed,False,
MPLAD-DUP-200063,MP_29,Purulia,Tehatta-I,Nokari,Sanitation,"Building of 6 community sanitary complex at Nokari under MPLADS, Ward No. 8, Tehatta-I block, Purulia district",14.73,2025,Ongoing,True,MPLAD-2024-100334
MPLAD-2019-100686,MP_16,Nadia,Santipur,Mamjoan,Health,"Construction of waiting shed at Mamjoan Sub-Centre under MPLADS, Ward No. 12, Santipur block, Nadia district",27.37,2019,Completed,False,
MPLAD-2024-100957,MP_05,Purulia,Hanskhali,Rautari,Sanitation,"Construction of 4 community sanitary complex at Rautari under MPLADS, Ward No. 8, Hanskhali block, Purulia district",21.44,2024,Completed,False,
MPLAD-2019-100189,MP_23,Malda,Hanskhali,Dhantala,Sanitation,"Construction of 8 community sanitary complex at Dhantala under MPLADS, Ward No. 22, Hanskhali block, Malda district",13.26,2019,Completed,False,
MPLAD-2021-100975,MP_30,Purulia,Kaliganj,Bahirgachi,Education,"Supply of benches and desks to Bahirgachi High School under MPLADS under MPLADS, Ward No. 16, Kaliganj block, Purulia district",22.99,2021,Completed,False,
MPLAD-2025-100699,MP_20,Bardhaman,Tehatta-I,Subarnapur,Health,"Supply of ambulance to Tehatta-I Rural Hospital under MPLADS under MPLADS, Ward No. 5, Tehatta-I block, Bardhaman district",40.16,2025,Ongoing,False,
MPLAD-2025-100510,MP_13,Malda,Hanskhali,Fatepur,Water,"Installation of 8 deep tube wells with submersible pump at Fatepur under MPLADS, Ward No. 6, Hanskhali block, Malda district",18.34,2025,Ongoing,False,
MPLAD-2023-101082,MP_01,Nadia,Hanskhali,Bhatjangla,Road,"Construction of 1639 m concrete road from Bahirgachi to Subarnapur at Bhatjangla under MPLADS, Ward No. 13, Hanskhali block, Nadia district",17.46,2023,Completed,False,
MPLAD-2024-100474,MP_28,Nadia,Kaliganj,Dhantala,Road,"Improvement and metalling of village approach road at Dhantala, Kaliganj under MPLADS, Ward No. 8, Kaliganj block, Nadia district",36.36,2024,Completed,False,
MPLAD-2021-100856,MP_23,Howrah,Krishnanagar-II,Muragachha,Electrification,"Providing LED high mast lighting at Muragachha market area under MPLADS, Ward No. 24, Krishnanagar-II block, Howrah district",36.99,2021,Ongoing,False,
MPLAD-2024-100747,MP_16,Bardhaman,Hanskhali,Debagram,Road,"Improvement and metalling of village approach road at Debagram, Hanskhali under MPLADS, Ward No. 1, Hanskhali block, Bardhaman district",32.49,2024,Ongoing,False,
MPLAD-2019-100252,MP_06,Hooghly,Santipur,Nokari,Water,"Installation of 1 deep tube wells with submersible pump at Nokari under MPLADS, Ward No. 2, Santipur block, Hooghly district",37.49,2019,Completed,False,
MPLAD-2019-100021,MP_35,Purulia,Karimpur-II,Mamjoan,Sanitation,"Construction of 3 community sanitary complex at Mamjoan under MPLADS, Ward No. 7, Karimpur-II block, Purulia district",7.6,2019,Completed,False,
MPLAD-2023-100459,MP_01,Purulia,Tehatta-I,Fatepur,Irrigation,"Re-excavation of village pond for irrigation at Fatepur under MPLADS, Ward No. 21, Tehatta-I block, Purulia district",13.71,2023,Completed,False,
MPLAD-2020-101184,MP_18,Murshidabad,Kaliganj,Rautari,Road,"Improvement and metalling of village approach road at Rautari, Kaliganj under MPLADS, Ward No. 24, Kaliganj block, Murshidabad district",1.87,2020,Ongoing,False,
MPLAD-2022-100276,MP_19,Malda,Nakashipara,Debagram,Electrification,"Installation of 1 solar street lights at Debagram, Nakashipara under MPLADS, Ward No. 6, Nakashipara block, Malda district",27.75,2022,Completed,False,
MPLAD-2022-100955,MP_19,Murshidabad,Ranaghat-I,Bhatjangla,Education,"Construction of additional classroom block at Bhatjangla Primary School under MPLADS, Ward No. 20, Ranaghat-I block, Murshidabad district",21.12,2022,Completed,False,
MPLAD-DUP-200015,MP_23,Bankura,Karimpur-II,Mamjoan,Education,"Procurement and supply of benches and desks to Mamjoan High School under MPLADS under MPLADS, Ward No. 13, Karimpur-II block, Bankura district",9.89,2022,Ongoing,True,MPLAD-2021-100751
MPLAD-2019-100385,MP_34,Hooghly,Karimpur-II,Debagram,Water,"Installation of 8 deep tube wells with submersible pump at Debagram under MPLADS, Ward No. 14, Karimpur-II block, Hooghly district",31.46,2019,Completed,False,
MPLAD-2019-100805,MP_22,Birbhum,Nakashipara,Rautari,Health,"Construction of waiting shed at Rautari Sub-Centre under MPLADS, Ward No. 3, Nakashipara block, Birbhum district",18.53,2019,Ongoing,False,
MPLAD-2019-100343,MP_10,Malda,Tehatta-I,Kalinagar,Water,"Construction of overhead water reservoir of 4000 litre capacity at Kalinagar under MPLADS, Ward No. 12, Tehatta-I block, Malda district",25.68,2019,Completed,False,
MPLAD-2025-100769,MP_08,Hooghly,Chakdaha,Rautari,Irrigation,"Re-excavation of village pond for irrigation at Rautari under MPLADS, Ward No. 2, Chakdaha block, Hooghly district",21.32,2025,Sanctioned,False,
MPLAD-2023-100130,MP_39,Malda,Santipur,Muragachha,Education,"Construction of additional classroom block at Muragachha Primary School under MPLADS, Ward No. 19, Santipur block, Malda district",42.96,2023,Completed,False,
MPLAD-2022-100871,MP_08,Purulia,Ranaghat-I,Aistala,Road,"Construction of 380 m concrete road from Jaguli to Kalinagar at Aistala under MPLADS, Ward No. 10, Ranaghat-I block, Purulia district",38.25,2022,Ongoing,False,
MPLAD-2022-101123,MP_19,Nadia,Tehatta-I,Nokari,Sports,"Development of playground with boundary fencing at Nokari under MPLADS, Ward No. 22, Tehatta-I block, Nadia district",2.25,2022,Completed,False,
MPLAD-2022-100087,MP_39,Bankura,Tehatta-I,Jaguli,Community,"Renovation of crematorium boundary wall at Jaguli under MPLADS, Ward No. 24, Tehatta-I block, Bankura district",14.04,2022,Ongoing,False,
MPLAD-2020-100330,MP_14,Howrah,Karimpur-II,Nokari,Electrification,"Installation of 1 solar street lights at Nokari, Karimpur-II under MPLADS, Ward No. 10, Karimpur-II block, Howrah district",14.01,2020,Completed,False,
MPLAD-DUP-200038,MP_23,Jalpaiguri,Karimpur-II,Nokari,Water,"Installation of 2 borewells with submersible pump at Nokari under MPLADS, Ward No. 15, Karimpur-II block, Jalpaiguri district",41.08,2022,Ongoing,True,MPLAD-2021-101164
MPLAD-2023-100466,MP_08,Nadia,Ranaghat-I,Barasat,Education,"Construction of additional classroom block at Barasat Primary School under MPLADS, Ward No. 21, Ranaghat-I block, Nadia district",34.71,2023,Sanctioned,False,
MPLAD-2021-100121,MP_08,Birbhum,Krishnanagar-II,Fatepur,Water,"Installation of 3 deep tube wells with submersible pump at Fatepur under MPLADS, Ward No. 9, Krishnanagar-II block, Birbhum district",38.87,2021,Sanctioned,False,
MPLAD-2020-101044,MP_16,Hooghly,Haringhata,Panchberia,Community,"Construction of community hall with toilet block at Panchberia under MPLADS, Ward No. 6, Haringhata block, Hooghly district",28.38,2020,Completed,False,
MPLAD-2022-101095,MP_20,Bankura,Kaliganj,Kalinagar,Electrification,"Installation of 4 solar street lights at Kalinagar, Kaliganj under MPLADS, Ward No. 12, Kaliganj block, Bankura district",44.65,2022,Completed,False,
MPLAD-2022-101130,MP_36,Howrah,Haringhata,Fatepur,Irrigation,"Re-excavation of village pond for irrigation at Fatepur under MPLADS, Ward No. 17, Haringhata block, Howrah district",44.15,2022,Ongoing,False,
MPLAD-2025-100860,MP_33,Howrah,Nakashipara,Muragachha,Health,"Construction of waiting shed at Muragachha Sub-Centre under MPLADS, Ward No. 18, Nakashipara block, Howrah district",39.39,2025,Completed,False,
MPLAD-2025-101126,MP_12,Murshidabad,Kaliganj,Subarnapur,Road,"Improvement and metalling of village approach road at Subarnapur, Kaliganj under MPLADS, Ward No. 3, Kaliganj block, Murshidabad district",11.04,2025,Ongoing,False,
