project_id,sanctioned_cost_lakh,planned_duration_days,sanction_to_start_lag_days,num_bidders,vendor_past_overrun_rate,vendor_completed_projects,district_past_delay_rate,monsoon_overlap_months,fund_release_tranches,rate_deviation_pct,is_election_year,category_code,is_delayed_or_overrun
PRJ-300000,14.89,293.0,82.4,1.0,0.0831,16.0,0.4564,1.0,3.0,3.75,0.0,7.0,1
PRJ-300001,19.55,155.0,95.9,2.0,0.6377,18.0,0.0865,1.0,1.0,5.02,0.0,0.0,0
PRJ-300002,13.28,409.0,44.9,3.0,0.3391,49.0,0.4813,3.0,2.0,7.62,0.0,4.0,0
PRJ-300003,12.06,322.0,14.9,1.0,0.3233,54.0,0.2109,2.0,2.0,-0.4,1.0,8.0,1
PRJ-300004,21.07,368.0,141.5,4.0,0.0609,11.0,0.1946,2.0,4.0,2.59,0.0,4.0,0
PRJ-300005,12.75,178.0,42.2,2.0,0.286,22.0,0.367,3.0,3.0,-0.53,0.0,8.0,1
PRJ-300006,16.49,187.0,32.2,1.0,0.5286,50.0,0.3758,3.0,3.0,17.43,0.0,2.0,0
PRJ-300007,15.5,361.0,39.0,7.0,0.1251,50.0,0.6366,1.0,4.0,-10.87,0.0,6.0,0
PRJ-300008,21.05,219.0,27.5,6.0,0.7348,24.0,0.2338,1.0,2.0,9.95,1.0,5.0,1
PRJ-300009,10.75,386.0,12.8,4.0,0.3275,45.0,0.3401,1.0,1.0,-12.96,0.0,7.0,0
PRJ-300010,25.51,121.0,58.1,5.0,0.3168,18.0,0.6686,0.0,2.0,-14.01,1.0,6.0,0
PRJ-300011,9.04,194.0,60.1,3.0,0.2346,13.0,0.4224,0.0,3.0,-17.73,0.0,0.0,0
PRJ-300012,17.15,95.0,86.7,4.0,0.1501,56.0,0.2558,4.0,3.0,-23.17,0.0,4.0,0
PRJ-300013,15.94,88.0,48.7,7.0,0.1305,38.0,0.4759,4.0,2.0,3.02,0.0,4.0,0
PRJ-300014,8.5,174.0,35.7,5.0,0.2604,46.0,0.4513,2.0,2.0,-12.41,0.0,7.0,0
PRJ-300015,18.05,287.0,115.9,7.0,0.3095,14.0,0.2863,0.0,1.0,3.87,1.0,3.0,1
PRJ-300016,11.29,116.0,25.8,4.0,0.3035,1.0,0.4839,4.0,1.0,19.6,0.0,6.0,1
PRJ-300017,6.71,90.0,95.6,3.0,0.5501,1.0,0.3867,2.0,1.0,-5.53,0.0,5.0,0
PRJ-300018,19.46,479.0,71.6,8.0,0.3614,41.0,0.3,1.0,2.0,4.38,0.0,5.0,0
PRJ-300019,5.08,300.0,29.1,8.0,0.1419,18.0,0.4931,1.0,3.0,12.37,0.0,2.0,1
PRJ-300020,7.58,399.0,46.4,2.0,0.3423,31.0,0.2341,1.0,4.0,3.46,1.0,3.0,0
PRJ-300021,13.18,404.0,19.3,4.0,0.202,42.0,0.4741,2.0,3.0,1.49,1.0,6.0,0
PRJ-300022,20.97,95.0,88.9,7.0,0.0487,46.0,0.5783,1.0,3.0,-20.2,0.0,0.0,0
PRJ-300023,18.74,352.0,79.4,3.0,0.1221,10.0,0.4005,0.0,4.0,1.44,0.0,4.0,1
PRJ-300024,14.74,471.0,63.2,6.0,0.2038,34.0,0.4229,1.0,3.0,7.33,0.0,8.0,0
PRJ-300025,4.0,266.0,63.0,8.0,0.0524,37.0,0.3121,4.0,1.0,21.73,0.0,0.0,0
PRJ-300026,8.77,471.0,12.1,2.0,0.3628,34.0,0.4294,4.0,3.0,-4.39,0.0,8.0,1
PRJ-300027,10.09,513.0,18.5,2.0,0.0856,45.0,0.3364,2.0,4.0,14.67,0.0,6.0,0
PRJ-300028,6.5,315.0,135.6,8.0,0.121,21.0,0.4248,3.0,2.0,-7.45,1.0,6.0,0
PRJ-300029,3.29,95.0,129.2,8.0,0.2856,18.0,0.1437,1.0,1.0,11.19,0.0,3.0,0
PRJ-300030,13.59,350.0,93.7,7.0,0.2611,19.0,0.4584,1.0,3.0,-9.99,0.0,5.0,1
PRJ-300031,19.1,480.0,120.5,5.0,0.0911,6.0,0.4935,1.0,3.0,1.5,0.0,6.0,0
PRJ-300032,9.58,331.0,12.7,1.0,0.1442,2.0,0.3518,4.0,3.0,-7.85,0.0,5.0,1
PRJ-300033,20.81,441.0,67.9,8.0,0.4002,35.0,0.5021,4.0,1.0,0.09,1.0,6.0,0
PRJ-300034,4.66,310.0,74.7,2.0,0.4399,59.0,0.1974,4.0,2.0,0.06,0.0,1.0,0
PRJ-300035,6.23,252.0,28.3,2.0,0.3625,7.0,0.7246,1.0,3.0,1.11,0.0,8.0,0
PRJ-300036,13.41,513.0,33.9,6.0,0.4162,15.0,0.3915,3.0,2.0,-9.53,1.0,2.0,1
PRJ-300037,9.05,120.0,5.6,4.0,0.3854,0.0,0.6705,2.0,2.0,-0.57,1.0,6.0,0
PRJ-300038,18.15,266.0,5.3,7.0,0.3008,14.0,0.2953,4.0,3.0,4.11,1.0,7.0,0
PRJ-300039,16.38,122.0,104.7,7.0,0.1931,7.0,0.3773,4.0,2.0,-3.92,1.0,1.0,0
PRJ-300040,9.48,369.0,77.0,7.0,0.2388,59.0,0.4215,4.0,2.0,-10.43,0.0,4.0,0
PRJ-300041,4.98,501.0,121.4,7.0,0.18,15.0,0.4587,4.0,3.0,-9.0,0.0,2.0,0
PRJ-300042,8.78,538.0,85.1,5.0,0.2493,55.0,0.1471,1.0,2.0,11.89,0.0,0.0,0
PRJ-300043,16.62,160.0,9.8,7.0,0.3162,40.0,0.3141,4.0,3.0,0.1,0.0,8.0,0
PRJ-300044,18.59,405.0,62.6,8.0,0.2806,18.0,0.5529,1.0,1.0,16.76,0.0,6.0,0
PRJ-300045,9.08,477.0,29.0,3.0,0.3264,19.0,0.1941,0.0,1.0,-2.91,0.0,2.0,0
PRJ-300046,3.28,457.0,52.7,4.0,0.0816,5.0,0.3154,3.0,3.0,-1.79,0.0,4.0,0
PRJ-300047,4.48,294.0,44.1,5.0,0.0429,55.0,0.1167,2.0,3.0,6.44,0.0,5.0,0
PRJ-300048,15.81,131.0,57.5,7.0,0.4049,48.0,0.3399,3.0,2.0,6.64,0.0,1.0,0
PRJ-300049,9.38,273.0,32.5,4.0,0.4981,44.0,0.3562,2.0,3.0,16.05,0.0,6.0,1
PRJ-300050,9.53,429.0,94.6,3.0,0.2978,1.0,0.4549,2.0,4.0,-25.96,0.0,4.0,1
PRJ-300051,6.16,351.0,18.2,3.0,0.2173,59.0,0.1556,3.0,3.0,5.71,0.0,0.0,0
PRJ-300052,6.08,237.0,20.9,7.0,0.2909,14.0,0.3893,3.0,4.0,-12.78,0.0,4.0,0
PRJ-300053,20.6,151.0,20.9,5.0,0.3631,39.0,0.5357,2.0,4.0,-1.49,0.0,1.0,0
PRJ-300054,16.15,367.0,81.1,3.0,0.3755,34.0,0.2843,2.0,3.0,-13.34,0.0,5.0,0
PRJ-300055,8.0,257.0,95.9,6.0,0.1534,1.0,0.2245,2.0,1.0,2.55,0.0,5.0,0
PRJ-300056,12.8,278.0,32.9,6.0,0.185,23.0,0.3088,0.0,2.0,-12.82,0.0,8.0,0
PRJ-300057,14.22,509.0,40.9,5.0,0.2346,8.0,0.4338,1.0,3.0,-22.84,0.0,4.0,0
PRJ-300058,31.13,49.0,93.4,5.0,0.4906,10.0,0.3011,0.0,2.0,-13.92,0.0,3.0,1
PRJ-300059,5.73,162.0,125.0,2.0,0.4223,16.0,0.3588,3.0,2.0,13.64,0.0,0.0,0
PRJ-300060,14.1,500.0,45.9,2.0,0.263,0.0,0.2997,3.0,2.0,7.99,0.0,4.0,0
PRJ-300061,20.54,501.0,10.2,7.0,0.201,42.0,0.4921,3.0,1.0,15.18,0.0,6.0,0
PRJ-300062,28.99,194.0,21.4,6.0,0.0997,44.0,0.305,1.0,1.0,-23.57,0.0,8.0,0
PRJ-300063,7.73,537.0,85.9,8.0,0.4098,38.0,0.3847,4.0,3.0,21.31,0.0,0.0,0
PRJ-300064,9.3,149.0,87.6,8.0,0.0483,27.0,0.5236,3.0,4.0,28.56,0.0,2.0,1
PRJ-300065,18.26,70.0,72.2,3.0,0.576,12.0,0.3631,2.0,3.0,-12.59,0.0,6.0,0
PRJ-300066,3.95,197.0,24.1,4.0,0.3096,36.0,0.2961,3.0,3.0,4.46,0.0,0.0,0
PRJ-300067,14.97,308.0,88.4,7.0,0.3972,41.0,0.3803,4.0,4.0,-7.55,0.0,1.0,0
PRJ-300068,37.84,47.0,25.6,1.0,0.4428,12.0,0.3936,0.0,3.0,9.29,1.0,5.0,0
PRJ-300069,15.95,130.0,54.4,7.0,0.5277,16.0,0.2782,4.0,1.0,19.73,0.0,4.0,0
PRJ-300070,2.24,436.0,44.1,2.0,0.1903,51.0,0.5055,2.0,2.0,-11.8,0.0,1.0,0
PRJ-300071,6.77,352.0,32.4,3.0,0.2238,40.0,0.2426,0.0,1.0,-15.81,0.0,5.0,0
PRJ-300072,7.89,344.0,69.7,4.0,0.422,29.0,0.3871,1.0,2.0,-3.14,0.0,5.0,0
PRJ-300073,23.41,534.0,79.8,6.0,0.3221,18.0,0.8351,0.0,3.0,43.62,0.0,2.0,1
PRJ-300074,10.95,158.0,22.9,3.0,0.3037,13.0,0.4763,3.0,2.0,10.08,1.0,2.0,0
PRJ-300075,3.32,488.0,46.1,8.0,0.0804,12.0,0.4601,4.0,4.0,6.0,0.0,3.0,0
PRJ-300076,11.76,220.0,76.9,7.0,0.2752,53.0,0.3725,3.0,4.0,12.33,0.0,3.0,0
PRJ-300077,13.3,502.0,1.9,6.0,0.041,29.0,0.5533,2.0,3.0,14.0,0.0,4.0,1
PRJ-300078,8.59,432.0,59.9,7.0,0.0497,33.0,0.5333,0.0,2.0,4.02,0.0,1.0,0
PRJ-300079,6.01,150.0,78.0,1.0,0.3814,58.0,0.5148,1.0,2.0,-0.63,0.0,7.0,0
PRJ-300080,40.28,148.0,61.8,7.0,0.2562,41.0,0.2811,1.0,1.0,-6.94,0.0,2.0,0
PRJ-300081,20.58,313.0,64.0,5.0,0.2991,38.0,0.5961,2.0,3.0,2.63,1.0,5.0,0
PRJ-300082,21.7,293.0,41.7,2.0,0.3088,13.0,0.6427,4.0,2.0,13.73,0.0,6.0,1
PRJ-300083,10.96,161.0,74.3,7.0,0.5145,21.0,0.6069,2.0,3.0,13.01,0.0,2.0,0
PRJ-300084,7.64,173.0,14.6,1.0,0.2097,3.0,0.1249,0.0,3.0,-6.6,1.0,0.0,0
PRJ-300085,8.87,490.0,21.5,5.0,0.1568,31.0,0.3311,0.0,3.0,-1.37,0.0,3.0,0
PRJ-300086,4.65,418.0,63.2,5.0,0.4119,16.0,0.2806,0.0,3.0,-14.36,0.0,5.0,0
PRJ-300087,30.77,139.0,74.5,1.0,0.0755,26.0,0.2198,4.0,4.0,12.9,1.0,5.0,0
PRJ-300088,11.26,403.0,98.9,3.0,0.3028,25.0,0.5763,1.0,1.0,6.22,0.0,0.0,0
PRJ-300089,26.68,121.0,128.3,1.0,0.171,1.0,0.3302,1.0,4.0,-3.29,0.0,4.0,1
PRJ-300090,9.16,265.0,24.4,8.0,0.1373,30.0,0.3104,2.0,3.0,-5.06,0.0,3.0,0
PRJ-300091,16.1,51.0,17.1,7.0,0.2704,40.0,0.2685,2.0,1.0,-11.64,1.0,8.0,0
PRJ-300092,13.77,366.0,84.5,8.0,0.1965,48.0,0.7678,4.0,1.0,0.99,0.0,6.0,0
PRJ-300093,4.31,135.0,31.2,4.0,0.097,12.0,0.3716,4.0,3.0,17.95,0.0,4.0,1
PRJ-300094,33.1,161.0,43.0,3.0,0.1011,23.0,0.361,1.0,3.0,-9.39,1.0,1.0,0
PRJ-300095,9.34,138.0,78.6,8.0,0.2249,32.0,0.437,4.0,3.0,-16.51,0.0,2.0,0
PRJ-300096,5.36,135.0,52.0,3.0,0.622,49.0,0.121,2.0,1.0,1.43,0.0,3.0,0
PRJ-300097,18.34,83.0,72.6,4.0,0.1638,4.0,0.0988,0.0,1.0,14.2,0.0,8.0,0
PRJ-300098,12.16,319.0,22.4,2.0,0.2601,29.0,0.2994,2.0,3.0,11.52,0.0,0.0,0
PRJ-300099,15.2,474.0,56.5,7.0,0.2734,47.0,0.7415,0.0,4.0,14.6,0.0,8.0,1
PRJ-300100,12.96,194.0,55.7,1.0,0.138,2.0,0.3336,1.0,3.0,-6.19,0.0,6.0,0
PRJ-300101,2.4,431.0,97.7,1.0,0.4122,1.0,0.613,0.0,4.0,10.65,1.0,2.0,1
PRJ-300102,6.61,314.0,112.8,7.0,0.2273,5.0,0.3584,3.0,4.0,4.47,0.0,5.0,0
PRJ-300103,6.43,170.0,30.7,7.0,0.2395,19.0,0.4731,1.0,1.0,-3.15,0.0,5.0,0
PRJ-300104,21.51,75.0,19.0,7.0,0.3772,7.0,0.3132,4.0,2.0,0.35,0.0,0.0,0
PRJ-300105,12.45,432.0,75.7,7.0,0.2308,22.0,0.4415,1.0,4.0,9.84,0.0,0.0,0
PRJ-300106,16.7,56.0,9.2,2.0,0.5535,17.0,0.4461,0.0,3.0,6.87,0.0,4.0,1
PRJ-300107,9.72,253.0,79.4,3.0,0.2878,46.0,0.1632,3.0,1.0,6.59,1.0,8.0,0
PRJ-300108,17.22,61.0,83.8,7.0,0.3557,22.0,0.3565,2.0,1.0,8.07,0.0,2.0,0
PRJ-300109,10.98,428.0,28.7,3.0,0.5863,58.0,0.2564,0.0,2.0,-4.86,1.0,8.0,0
PRJ-300110,10.46,534.0,2.7,7.0,0.571,9.0,0.3141,1.0,2.0,-15.9,0.0,0.0,0
PRJ-300111,13.71,204.0,90.0,8.0,0.0311,11.0,0.1403,1.0,1.0,-8.29,0.0,2.0,0
PRJ-300112,12.96,200.0,118.2,8.0,0.2682,48.0,0.3946,3.0,1.0,10.6,0.0,5.0,1
PRJ-300113,48.11,324.0,112.8,7.0,0.2727,8.0,0.2325,1.0,1.0,-17.09,1.0,0.0,1
PRJ-300114,6.56,293.0,115.3,7.0,0.0112,22.0,0.2041,0.0,4.0,0.12,0.0,7.0,0
PRJ-300115,3.98,233.0,13.6,5.0,0.0671,37.0,0.2131,0.0,1.0,1.8,0.0,1.0,0
PRJ-300116,14.99,226.0,47.2,1.0,0.0873,53.0,0.3706,4.0,4.0,8.71,1.0,2.0,0
PRJ-300117,7.22,137.0,55.4,4.0,0.0781,13.0,0.3774,1.0,4.0,-15.29,0.0,8.0,0
PRJ-300118,2.21,169.0,49.4,8.0,0.2708,16.0,0.3265,4.0,2.0,-27.03,0.0,0.0,0
PRJ-300119,5.55,334.0,73.2,8.0,0.2173,1.0,0.2278,2.0,4.0,-6.84,0.0,4.0,0
PRJ-300120,41.86,408.0,17.9,2.0,0.3447,24.0,0.4719,3.0,3.0,6.73,0.0,2.0,1
PRJ-300121,6.44,416.0,8.9,6.0,0.238,13.0,0.2513,2.0,3.0,16.68,0.0,4.0,0
PRJ-300122,3.09,300.0,6.1,3.0,0.1506,17.0,0.0344,2.0,4.0,-8.03,0.0,7.0,0
PRJ-300123,40.29,417.0,91.3,4.0,0.3111,14.0,0.4367,3.0,2.0,-10.07,0.0,6.0,1
PRJ-300124,5.4,338.0,13.4,6.0,0.2715,59.0,0.2252,0.0,2.0,2.95,0.0,6.0,0
PRJ-300125,56.88,221.0,49.1,4.0,0.196,33.0,0.2442,1.0,4.0,25.03,0.0,4.0,0
PRJ-300126,9.44,219.0,27.6,5.0,0.4057,30.0,0.2579,0.0,3.0,5.55,0.0,2.0,0
PRJ-300127,33.19,301.0,28.6,1.0,0.1813,27.0,0.6849,2.0,2.0,6.43,0.0,7.0,1
PRJ-300128,10.31,197.0,38.5,3.0,0.2077,35.0,0.5182,2.0,4.0,23.5,0.0,4.0,0
PRJ-300129,16.16,423.0,29.7,7.0,0.234,20.0,0.0703,4.0,4.0,11.2,0.0,7.0,0
PRJ-300130,11.14,136.0,9.0,5.0,0.2194,9.0,0.6081,0.0,1.0,2.01,1.0,2.0,0
PRJ-300131,10.36,71.0,38.5,7.0,0.3696,17.0,0.4415,3.0,1.0,-13.46,0.0,2.0,0
PRJ-300132,14.21,288.0,22.9,8.0,0.1572,19.0,0.4663,3.0,3.0,0.87,0.0,4.0,1
PRJ-300133,16.53,80.0,21.9,3.0,0.3711,16.0,0.3503,2.0,1.0,8.68,0.0,4.0,0
PRJ-300134,13.52,139.0,141.2,3.0,0.2205,8.0,0.6424,4.0,3.0,-12.5,1.0,7.0,1
PRJ-300135,12.64,231.0,11.4,3.0,0.4566,51.0,0.5346,3.0,2.0,11.21,1.0,4.0,0
PRJ-300136,7.27,47.0,37.1,5.0,0.0692,25.0,0.7453,1.0,1.0,-1.34,0.0,5.0,0
PRJ-300137,11.42,155.0,52.4,3.0,0.3839,27.0,0.1386,1.0,4.0,-2.54,0.0,6.0,0
PRJ-300138,30.68,314.0,141.3,4.0,0.3665,53.0,0.4691,3.0,4.0,-11.17,0.0,6.0,0
PRJ-300139,7.04,230.0,16.2,2.0,0.1704,51.0,0.448,4.0,3.0,4.22,0.0,3.0,0
PRJ-300140,14.48,488.0,108.8,4.0,0.0707,14.0,0.8289,1.0,3.0,8.2,0.0,0.0,0
PRJ-300141,25.08,91.0,38.3,8.0,0.2039,59.0,0.3089,3.0,2.0,-12.85,0.0,3.0,0
PRJ-300142,16.62,401.0,39.4,4.0,0.3461,25.0,0.5471,0.0,2.0,6.2,1.0,0.0,0
PRJ-300143,21.65,338.0,70.1,7.0,0.1943,29.0,0.4911,3.0,1.0,10.75,0.0,8.0,1
PRJ-300144,5.34,363.0,120.5,4.0,0.1041,56.0,0.3594,1.0,1.0,10.1,0.0,8.0,0
PRJ-300145,14.5,377.0,29.5,4.0,0.2427,55.0,0.1841,3.0,3.0,2.76,0.0,7.0,0
PRJ-300146,9.97,70.0,55.3,6.0,0.3964,56.0,0.4697,3.0,2.0,-3.87,0.0,7.0,0
PRJ-300147,10.26,436.0,49.8,1.0,0.0479,10.0,0.2798,0.0,3.0,-3.16,0.0,8.0,0
PRJ-300148,29.11,209.0,48.0,3.0,0.1447,4.0,0.5467,3.0,3.0,-16.72,1.0,5.0,1
PRJ-300149,10.37,367.0,78.9,2.0,0.2591,18.0,0.486,0.0,1.0,-7.55,0.0,1.0,0
PRJ-300150,14.81,190.0,24.3,2.0,0.1133,17.0,0.4491,1.0,4.0,-3.51,0.0,1.0,0
PRJ-300151,3.09,241.0,33.0,6.0,0.2435,39.0,0.3663,2.0,4.0,-9.7,1.0,3.0,0
PRJ-300152,33.17,391.0,9.2,2.0,0.6593,9.0,0.1696,2.0,1.0,1.76,0.0,7.0,1
PRJ-300153,20.88,507.0,66.2,2.0,0.7108,14.0,0.1064,3.0,4.0,17.9,0.0,7.0,1
PRJ-300154,11.7,479.0,46.3,5.0,0.3349,47.0,0.1529,1.0,1.0,20.04,0.0,8.0,0
PRJ-300155,9.68,404.0,118.5,3.0,0.2342,35.0,0.7441,4.0,2.0,-7.02,0.0,6.0,0
PRJ-300156,17.69,311.0,15.8,1.0,0.4747,47.0,0.6119,3.0,2.0,21.13,0.0,5.0,1
PRJ-300157,24.89,306.0,153.2,8.0,0.2441,53.0,0.4103,2.0,1.0,13.57,0.0,3.0,0
PRJ-300158,33.44,522.0,74.3,8.0,0.2655,56.0,0.3897,3.0,2.0,-8.36,0.0,5.0,1
PRJ-300159,20.45,147.0,72.1,5.0,0.0201,58.0,0.4213,1.0,3.0,5.97,0.0,3.0,0
PRJ-300160,12.75,517.0,27.0,5.0,0.4399,40.0,0.1956,2.0,2.0,-0.27,0.0,5.0,1
PRJ-300161,22.43,366.0,35.8,7.0,0.1357,32.0,0.1455,2.0,3.0,-24.73,0.0,5.0,0
PRJ-300162,19.92,349.0,31.1,8.0,0.468,38.0,0.2663,0.0,1.0,-15.35,0.0,6.0,0
PRJ-300163,12.79,337.0,104.3,1.0,0.1177,44.0,0.2612,1.0,4.0,8.5,0.0,6.0,0
PRJ-300164,19.55,447.0,7.7,1.0,0.1764,52.0,0.1895,4.0,4.0,-18.65,0.0,2.0,0
PRJ-300165,19.32,383.0,40.1,3.0,0.1227,36.0,0.1273,3.0,1.0,21.63,0.0,7.0,1
PRJ-300166,11.66,91.0,42.8,3.0,0.1019,34.0,0.4545,4.0,2.0,12.01,0.0,5.0,1
PRJ-300167,8.47,431.0,30.2,8.0,0.2264,25.0,0.3695,3.0,4.0,8.19,0.0,1.0,1
PRJ-300168,18.28,405.0,19.8,5.0,0.4573,48.0,0.3111,0.0,2.0,-18.71,0.0,4.0,0
PRJ-300169,5.78,497.0,3.7,7.0,0.0453,21.0,0.6075,0.0,3.0,12.55,1.0,4.0,0
PRJ-300170,4.89,508.0,40.6,6.0,0.2109,20.0,0.3328,1.0,4.0,11.53,0.0,0.0,0
PRJ-300171,14.96,514.0,66.1,6.0,0.3068,36.0,0.2512,1.0,1.0,10.8,0.0,5.0,0
PRJ-300172,17.97,66.0,46.4,8.0,0.2094,37.0,0.5685,4.0,3.0,11.28,0.0,3.0,0
PRJ-300173,14.88,356.0,19.8,5.0,0.2403,20.0,0.6975,3.0,4.0,20.94,1.0,6.0,1
PRJ-300174,15.95,507.0,43.1,7.0,0.3305,0.0,0.3527,4.0,3.0,-8.74,0.0,2.0,0
PRJ-300175,17.78,523.0,119.5,3.0,0.1262,44.0,0.4452,4.0,3.0,-2.37,0.0,0.0,1
PRJ-300176,29.18,316.0,25.3,3.0,0.0619,5.0,0.6901,2.0,3.0,-10.59,0.0,7.0,1
PRJ-300177,20.67,496.0,51.6,5.0,0.3837,7.0,0.3188,1.0,1.0,9.37,1.0,5.0,0
PRJ-300178,20.28,480.0,57.2,8.0,0.3788,6.0,0.3501,2.0,4.0,-2.9,0.0,8.0,0
PRJ-300179,14.22,46.0,12.3,1.0,0.047,43.0,0.4937,3.0,3.0,-16.04,0.0,0.0,0
PRJ-300180,14.57,483.0,34.4,5.0,0.0985,45.0,0.3256,3.0,3.0,0.9,0.0,5.0,0
PRJ-300181,11.03,360.0,34.8,2.0,0.2198,30.0,0.3514,2.0,3.0,-24.08,1.0,3.0,0
PRJ-300182,15.65,328.0,45.0,8.0,0.2443,5.0,0.3157,0.0,4.0,0.87,0.0,0.0,0
PRJ-300183,5.57,133.0,101.9,5.0,0.061,4.0,0.3519,1.0,2.0,1.45,0.0,2.0,0
PRJ-300184,29.26,499.0,15.3,1.0,0.4388,33.0,0.5704,2.0,4.0,-5.35,0.0,7.0,1
PRJ-300185,6.72,191.0,106.3,1.0,0.0885,50.0,0.2701,3.0,1.0,12.06,0.0,0.0,0
PRJ-300186,20.65,251.0,69.7,6.0,0.054,42.0,0.2335,2.0,2.0,-21.73,0.0,1.0,0
PRJ-300187,27.01,192.0,156.1,2.0,0.135,32.0,0.2035,4.0,4.0,1.13,0.0,1.0,0
PRJ-300188,20.62,524.0,5.3,1.0,0.1923,30.0,0.0927,3.0,3.0,2.35,0.0,2.0,1
PRJ-300189,44.17,284.0,213.7,2.0,0.3567,44.0,0.6507,1.0,4.0,-0.54,0.0,5.0,1
PRJ-300190,2.5,101.0,11.7,2.0,0.3852,12.0,0.5162,3.0,1.0,14.76,0.0,4.0,0
PRJ-300191,8.85,50.0,21.2,3.0,0.4121,7.0,0.1706,2.0,4.0,-7.73,0.0,4.0,0
PRJ-300192,26.73,530.0,21.3,6.0,0.2386,21.0,0.1675,1.0,2.0,-1.15,0.0,0.0,0
PRJ-300193,4.75,161.0,67.3,7.0,0.2509,9.0,0.6772,0.0,3.0,1.28,0.0,8.0,0
PRJ-300194,6.87,426.0,36.9,5.0,0.2587,16.0,0.5399,3.0,1.0,-4.71,0.0,3.0,0
PRJ-300195,17.07,59.0,24.2,8.0,0.2132,52.0,0.3384,3.0,1.0,-18.85,0.0,2.0,0
PRJ-300196,12.65,488.0,137.4,7.0,0.1319,28.0,0.4974,0.0,2.0,18.17,0.0,6.0,0
PRJ-300197,16.4,367.0,4.3,2.0,0.024,28.0,0.315,1.0,3.0,-9.41,0.0,0.0,0
PRJ-300198,13.37,156.0,88.9,6.0,0.4959,44.0,0.2843,2.0,2.0,-9.18,0.0,6.0,1
PRJ-300199,14.19,485.0,42.0,2.0,0.1089,17.0,0.4652,0.0,4.0,-26.93,0.0,3.0,0
PRJ-300200,7.36,192.0,23.8,8.0,0.2644,42.0,0.4584,3.0,1.0,0.68,0.0,1.0,1
PRJ-300201,13.89,538.0,26.4,7.0,0.2232,31.0,0.3076,3.0,4.0,2.08,0.0,6.0,0
PRJ-300202,9.27,341.0,33.9,1.0,0.2255,34.0,0.2867,1.0,4.0,15.05,0.0,4.0,1
PRJ-300203,10.16,267.0,21.6,2.0,0.1695,22.0,0.528,3.0,3.0,-4.5,0.0,0.0,0
PRJ-300204,20.47,73.0,79.3,4.0,0.2703,55.0,0.478,2.0,2.0,3.04,0.0,1.0,0
PRJ-300205,4.58,173.0,31.6,6.0,0.4881,58.0,0.3769,0.0,2.0,12.01,0.0,0.0,0
PRJ-300206,1.89,73.0,71.4,5.0,0.2924,7.0,0.1329,2.0,1.0,16.58,0.0,2.0,0
PRJ-300207,19.54,467.0,26.8,1.0,0.3323,11.0,0.5974,2.0,2.0,4.48,0.0,6.0,0
PRJ-300208,13.9,94.0,51.0,6.0,0.0685,44.0,0.2133,0.0,1.0,-4.21,0.0,0.0,0
PRJ-300209,26.99,101.0,50.9,6.0,0.5424,31.0,0.0824,4.0,3.0,14.44,0.0,0.0,0
PRJ-300210,7.0,106.0,44.6,8.0,0.298,46.0,0.4018,3.0,1.0,14.75,0.0,5.0,0
PRJ-300211,11.42,527.0,108.6,3.0,0.367,19.0,0.3482,2.0,4.0,-20.79,0.0,3.0,1
PRJ-300212,12.97,525.0,116.1,1.0,0.2126,38.0,0.2556,3.0,1.0,4.2,0.0,1.0,1
PRJ-300213,8.0,398.0,76.3,6.0,0.7417,9.0,0.5267,3.0,4.0,11.74,0.0,3.0,1
PRJ-300214,6.38,81.0,94.0,6.0,0.3128,57.0,0.2371,2.0,4.0,8.67,1.0,8.0,1
PRJ-300215,20.16,294.0,73.4,5.0,0.1344,40.0,0.3277,2.0,1.0,-3.24,0.0,0.0,0
PRJ-300216,4.26,514.0,29.8,6.0,0.0882,38.0,0.5039,2.0,4.0,-5.75,0.0,2.0,0
PRJ-300217,5.65,92.0,39.3,2.0,0.0361,8.0,0.3078,1.0,1.0,16.54,0.0,8.0,0
PRJ-300218,11.16,437.0,5.4,2.0,0.349,53.0,0.36,2.0,2.0,2.95,0.0,7.0,0
PRJ-300219,21.66,54.0,18.5,4.0,0.1735,16.0,0.6053,0.0,4.0,-2.19,1.0,5.0,0
PRJ-300220,8.37,442.0,11.8,8.0,0.3815,7.0,0.5065,0.0,1.0,-1.68,0.0,8.0,1
PRJ-300221,7.65,314.0,23.6,5.0,0.4492,29.0,0.1179,1.0,2.0,-0.01,0.0,2.0,0
PRJ-300222,10.72,484.0,54.1,6.0,0.1854,58.0,0.1913,0.0,2.0,-1.8,1.0,1.0,0
PRJ-300223,15.44,249.0,28.8,8.0,0.0673,25.0,0.1532,3.0,2.0,13.83,0.0,3.0,0
PRJ-300224,9.62,433.0,82.0,3.0,0.559,0.0,0.3436,0.0,2.0,5.26,0.0,1.0,1
PRJ-300225,23.42,462.0,19.2,4.0,0.1991,54.0,0.3449,1.0,1.0,4.45,0.0,5.0,0
PRJ-300226,24.05,205.0,69.0,6.0,0.4179,39.0,0.2772,2.0,3.0,-2.39,0.0,3.0,0
PRJ-300227,11.16,362.0,17.7,2.0,0.1499,39.0,0.6498,2.0,1.0,6.95,1.0,7.0,0
PRJ-300228,37.01,273.0,103.4,4.0,0.0787,33.0,0.299,0.0,2.0,-10.82,0.0,0.0,0
PRJ-300229,12.78,258.0,19.2,5.0,0.3049,4.0,0.5395,4.0,2.0,2.14,0.0,3.0,1
PRJ-300230,23.54,440.0,61.8,3.0,0.2383,41.0,0.2774,0.0,2.0,-19.49,1.0,2.0,0
PRJ-300231,15.16,156.0,24.3,2.0,0.2967,8.0,0.546,0.0,1.0,-2.97,0.0,5.0,0
PRJ-300232,14.98,104.0,128.1,4.0,0.1253,12.0,0.436,0.0,1.0,-6.24,1.0,3.0,1
PRJ-300233,3.57,282.0,124.5,8.0,0.137,35.0,0.2771,0.0,4.0,-0.34,0.0,3.0,0
PRJ-300234,5.31,451.0,60.3,4.0,0.5613,31.0,0.7309,0.0,4.0,-4.98,1.0,7.0,1
PRJ-300235,9.96,125.0,59.4,7.0,0.5251,13.0,0.3175,3.0,3.0,6.21,0.0,0.0,0
PRJ-300236,23.93,213.0,77.7,6.0,0.2145,3.0,0.4978,3.0,1.0,-8.18,1.0,2.0,1
PRJ-300237,15.3,375.0,68.2,2.0,0.0545,11.0,0.4401,0.0,4.0,10.43,0.0,2.0,0
PRJ-300238,10.03,281.0,85.2,8.0,0.1342,2.0,0.3946,2.0,4.0,18.66,0.0,2.0,0
PRJ-300239,18.08,344.0,18.8,5.0,0.1858,59.0,0.2027,1.0,2.0,-12.98,0.0,4.0,0
PRJ-300240,23.38,306.0,44.7,5.0,0.4085,4.0,0.5123,0.0,1.0,7.43,0.0,1.0,0
PRJ-300241,12.25,445.0,25.9,6.0,0.203,42.0,0.311,2.0,4.0,-3.22,1.0,2.0,0
PRJ-300242,14.13,478.0,123.2,1.0,0.2537,22.0,0.3662,4.0,4.0,11.2,0.0,6.0,1
PRJ-300243,12.97,267.0,13.9,3.0,0.1658,18.0,0.3556,4.0,2.0,-13.02,0.0,0.0,1
PRJ-300244,11.74,258.0,138.1,7.0,0.1148,0.0,0.4246,0.0,2.0,14.48,0.0,2.0,1
PRJ-300245,6.95,182.0,45.3,6.0,0.4397,1.0,0.0868,2.0,2.0,-4.49,0.0,8.0,0
PRJ-300246,6.57,264.0,86.2,4.0,0.7147,59.0,0.3045,2.0,3.0,-2.65,0.0,3.0,0
PRJ-300247,18.01,459.0,28.6,4.0,0.4997,47.0,0.4199,0.0,3.0,-2.63,0.0,6.0,0
PRJ-300248,23.66,293.0,12.7,5.0,0.24,16.0,0.487,2.0,3.0,-13.42,0.0,1.0,1
PRJ-300249,10.01,387.0,119.9,4.0,0.3269,34.0,0.434,2.0,3.0,9.46,0.0,7.0,1
PRJ-300250,9.86,252.0,64.3,4.0,0.0625,53.0,0.0991,0.0,3.0,-7.16,1.0,2.0,0
PRJ-300251,2.9,394.0,15.2,5.0,0.1773,18.0,0.3147,1.0,2.0,5.96,1.0,3.0,0
PRJ-300252,2.52,397.0,40.7,3.0,0.1325,57.0,0.5136,4.0,3.0,-3.1,1.0,8.0,1
PRJ-300253,27.51,306.0,38.3,5.0,0.2926,31.0,0.328,0.0,1.0,-2.53,1.0,6.0,0
PRJ-300254,7.28,507.0,62.7,6.0,0.1789,27.0,0.131,0.0,2.0,12.03,0.0,3.0,0
PRJ-300255,46.06,478.0,18.7,6.0,0.2423,53.0,0.1736,2.0,1.0,-18.01,1.0,5.0,0
PRJ-300256,8.21,123.0,14.9,5.0,0.2213,27.0,0.3476,4.0,2.0,-27.53,0.0,3.0,0
PRJ-300257,3.66,157.0,49.4,4.0,0.0491,3.0,0.2443,3.0,2.0,-8.45,0.0,3.0,0
PRJ-300258,13.04,517.0,19.7,6.0,0.2022,8.0,0.4809,3.0,1.0,-1.19,0.0,3.0,1
PRJ-300259,20.01,243.0,122.5,6.0,0.0933,43.0,0.1323,4.0,1.0,-2.96,0.0,3.0,0
PRJ-300260,18.62,198.0,80.4,3.0,0.2069,37.0,0.7534,0.0,4.0,-9.12,0.0,1.0,0
PRJ-300261,21.29,439.0,78.8,4.0,0.368,51.0,0.2941,3.0,3.0,20.08,0.0,5.0,1
PRJ-300262,5.98,343.0,5.2,6.0,0.1746,11.0,0.6817,4.0,3.0,15.06,0.0,1.0,1
PRJ-300263,27.11,110.0,29.6,6.0,0.2793,31.0,0.5134,3.0,2.0,-31.98,0.0,0.0,0
PRJ-300264,28.1,90.0,35.0,4.0,0.1556,22.0,0.2936,1.0,1.0,-8.08,0.0,8.0,0
PRJ-300265,28.86,445.0,16.9,3.0,0.0548,57.0,0.4101,4.0,3.0,4.63,1.0,0.0,0
PRJ-300266,14.45,423.0,68.3,8.0,0.201,47.0,0.2679,2.0,2.0,3.91,0.0,0.0,0
PRJ-300267,9.49,219.0,61.8,5.0,0.1122,13.0,0.3499,1.0,2.0,-9.71,0.0,5.0,0
PRJ-300268,8.91,471.0,76.5,5.0,0.1081,44.0,0.4946,1.0,1.0,15.9,0.0,7.0,0
PRJ-300269,3.64,107.0,92.7,4.0,0.0847,43.0,0.4157,2.0,1.0,-10.97,0.0,6.0,1
PRJ-300270,8.34,475.0,89.5,7.0,0.2981,23.0,0.4167,0.0,3.0,-0.34,0.0,8.0,0
PRJ-300271,1.81,84.0,225.7,3.0,0.4825,25.0,0.517,4.0,2.0,-0.92,0.0,0.0,0
PRJ-300272,3.28,359.0,43.5,8.0,0.55,14.0,0.407,1.0,3.0,2.91,0.0,8.0,1
PRJ-300273,14.36,462.0,37.8,1.0,0.1272,22.0,0.2251,2.0,3.0,-6.91,0.0,4.0,0
PRJ-300274,10.25,351.0,67.7,1.0,0.1073,6.0,0.6681,0.0,3.0,5.82,1.0,3.0,0
PRJ-300275,13.95,430.0,104.4,5.0,0.3385,38.0,0.4259,0.0,3.0,-10.05,0.0,6.0,1
PRJ-300276,19.05,215.0,9.0,7.0,0.2927,30.0,0.1992,4.0,2.0,4.0,0.0,2.0,0
PRJ-300277,15.66,187.0,22.4,1.0,0.253,36.0,0.1743,4.0,2.0,-6.9,1.0,3.0,1
PRJ-300278,14.81,176.0,27.2,6.0,0.3383,57.0,0.1432,2.0,3.0,16.71,0.0,5.0,0
PRJ-300279,11.5,102.0,47.0,4.0,0.4164,22.0,0.5876,1.0,2.0,-2.96,0.0,1.0,0
PRJ-300280,7.09,182.0,29.8,1.0,0.1952,7.0,0.0759,3.0,2.0,2.07,1.0,3.0,0
PRJ-300281,4.78,167.0,93.8,3.0,0.225,22.0,0.4638,1.0,3.0,13.04,0.0,5.0,0
PRJ-300282,8.49,419.0,52.2,6.0,0.1517,21.0,0.5508,1.0,4.0,2.54,0.0,3.0,0
PRJ-300283,11.63,150.0,40.4,6.0,0.1202,28.0,0.2359,3.0,3.0,9.64,0.0,8.0,0
PRJ-300284,12.62,127.0,62.2,7.0,0.4969,50.0,0.6166,2.0,3.0,-14.46,0.0,3.0,0
PRJ-300285,21.32,407.0,6.3,8.0,0.2818,59.0,0.3093,1.0,3.0,6.63,0.0,8.0,0
PRJ-300286,10.94,311.0,60.0,1.0,0.1771,37.0,0.3404,1.0,1.0,-2.4,0.0,5.0,0
PRJ-300287,17.32,151.0,20.3,7.0,0.2617,47.0,0.524,2.0,3.0,10.28,0.0,7.0,0
PRJ-300288,4.03,394.0,82.3,1.0,0.293,17.0,0.1946,4.0,3.0,5.79,0.0,6.0,1
PRJ-300289,14.49,151.0,7.6,8.0,0.1681,21.0,0.5422,1.0,2.0,6.29,1.0,8.0,0
PRJ-300290,13.83,433.0,65.3,7.0,0.1281,52.0,0.1726,1.0,3.0,8.43,1.0,4.0,0
PRJ-300291,27.11,60.0,20.8,8.0,0.0512,21.0,0.5714,0.0,3.0,12.34,0.0,7.0,0
PRJ-300292,10.25,337.0,105.8,1.0,0.1593,22.0,0.5525,0.0,4.0,-24.75,0.0,5.0,1
PRJ-300293,9.96,340.0,9.9,1.0,0.1138,53.0,0.1817,0.0,4.0,-9.31,1.0,2.0,0
PRJ-300294,19.14,229.0,45.7,8.0,0.3184,48.0,0.2702,3.0,2.0,-0.21,0.0,2.0,0
PRJ-300295,5.06,386.0,74.0,3.0,0.2225,46.0,0.3477,1.0,1.0,-14.1,1.0,7.0,0
PRJ-300296,14.24,232.0,57.5,4.0,0.5576,43.0,0.5886,3.0,1.0,-2.86,0.0,4.0,1
PRJ-300297,4.87,368.0,57.2,3.0,0.4145,39.0,0.658,2.0,4.0,2.38,0.0,7.0,0
PRJ-300298,34.75,155.0,13.8,2.0,0.1499,33.0,0.1542,3.0,2.0,18.98,0.0,4.0,1
PRJ-300299,9.07,326.0,12.9,1.0,0.368,42.0,0.4137,4.0,1.0,8.7,0.0,6.0,1
PRJ-300300,4.64,419.0,55.6,2.0,0.3973,2.0,0.5435,0.0,3.0,8.67,1.0,8.0,1
PRJ-300301,8.45,523.0,49.3,7.0,0.2457,3.0,0.1776,1.0,1.0,0.65,0.0,7.0,0
PRJ-300302,14.3,223.0,17.7,1.0,0.3043,52.0,0.4975,4.0,1.0,-20.72,0.0,7.0,0
PRJ-300303,16.98,279.0,16.8,8.0,0.1524,5.0,0.546,3.0,3.0,-8.67,0.0,0.0,1
PRJ-300304,26.23,280.0,40.9,2.0,0.1259,38.0,0.2234,0.0,1.0,-19.56,0.0,8.0,1
PRJ-300305,7.75,470.0,32.4,5.0,0.0835,18.0,0.5863,4.0,2.0,6.77,1.0,4.0,0
PRJ-300306,19.69,521.0,152.4,3.0,0.1046,44.0,0.6025,4.0,3.0,1.22,0.0,8.0,0
PRJ-300307,3.29,364.0,110.2,8.0,0.0904,28.0,0.4428,2.0,4.0,2.54,0.0,7.0,0
PRJ-300308,5.68,451.0,80.2,1.0,0.1057,18.0,0.3372,2.0,2.0,6.04,0.0,0.0,1
PRJ-300309,4.11,86.0,119.6,6.0,0.119,42.0,0.3237,4.0,2.0,-5.58,0.0,2.0,0
PRJ-300310,6.8,420.0,25.5,8.0,0.1094,58.0,0.3557,4.0,3.0,-15.62,0.0,2.0,0
PRJ-300311,19.13,445.0,28.9,4.0,0.0244,46.0,0.4718,3.0,3.0,-5.21,0.0,1.0,0
PRJ-300312,7.88,398.0,99.4,4.0,0.1549,13.0,0.6087,2.0,1.0,5.48,1.0,1.0,0
PRJ-300313,8.96,334.0,45.6,2.0,0.108,53.0,0.1433,4.0,1.0,-20.53,1.0,1.0,0
PRJ-300314,14.55,490.0,47.8,8.0,0.1279,59.0,0.4241,1.0,3.0,2.4,0.0,5.0,0
PRJ-300315,16.52,368.0,15.7,8.0,0.4232,16.0,0.2019,1.0,2.0,-14.42,0.0,5.0,0
PRJ-300316,9.15,463.0,96.2,4.0,0.1749,38.0,0.5274,3.0,2.0,7.1,0.0,4.0,0
PRJ-300317,5.65,134.0,67.6,6.0,0.3039,44.0,0.342,3.0,3.0,-15.31,0.0,4.0,0
PRJ-300318,31.28,374.0,35.6,7.0,0.0828,37.0,0.2076,1.0,2.0,9.42,0.0,5.0,0
PRJ-300319,9.2,261.0,29.1,3.0,0.2564,59.0,0.5308,0.0,1.0,-16.76,0.0,3.0,1
PRJ-300320,9.84,474.0,107.1,1.0,0.4805,15.0,0.3796,2.0,2.0,-11.39,0.0,5.0,1
PRJ-300321,10.71,480.0,25.8,2.0,0.0581,12.0,0.7942,4.0,3.0,8.13,0.0,8.0,0
PRJ-300322,17.65,462.0,11.2,8.0,0.3853,53.0,0.4516,0.0,3.0,-2.11,0.0,4.0,0
PRJ-300323,3.87,151.0,111.3,7.0,0.1913,4.0,0.3761,1.0,4.0,-23.6,0.0,6.0,1
PRJ-300324,38.86,288.0,112.8,1.0,0.3743,1.0,0.2395,4.0,2.0,8.48,0.0,2.0,1
PRJ-300325,9.66,45.0,25.7,7.0,0.3422,53.0,0.1397,0.0,2.0,-25.4,0.0,4.0,1
PRJ-300326,18.04,529.0,172.4,8.0,0.4161,50.0,0.0728,4.0,4.0,-2.13,0.0,4.0,0
PRJ-300327,4.68,172.0,41.7,5.0,0.3788,8.0,0.1262,2.0,3.0,24.89,0.0,7.0,0
PRJ-300328,13.6,354.0,26.0,4.0,0.175,49.0,0.4764,0.0,1.0,0.98,0.0,7.0,0
PRJ-300329,35.2,286.0,66.0,8.0,0.2335,43.0,0.5681,0.0,3.0,-4.18,0.0,3.0,1
PRJ-300330,32.19,492.0,13.4,7.0,0.0617,54.0,0.1765,0.0,4.0,-0.87,0.0,0.0,0
PRJ-300331,17.74,451.0,19.6,4.0,0.2348,23.0,0.1641,1.0,4.0,-13.11,0.0,4.0,0
PRJ-300332,6.48,429.0,55.8,4.0,0.4532,19.0,0.4191,1.0,3.0,2.07,0.0,3.0,0
PRJ-300333,25.37,363.0,48.6,8.0,0.4726,21.0,0.4347,1.0,1.0,26.02,0.0,7.0,0
PRJ-300334,3.27,104.0,85.9,8.0,0.2291,39.0,0.3939,2.0,2.0,-5.1,0.0,3.0,0
PRJ-300335,6.31,499.0,15.5,6.0,0.6148,56.0,0.4074,0.0,3.0,-9.73,1.0,7.0,0
PRJ-300336,11.54,76.0,153.1,6.0,0.3459,56.0,0.3706,4.0,4.0,5.69,0.0,7.0,0
PRJ-300337,3.49,270.0,31.9,6.0,0.1029,21.0,0.5109,0.0,3.0,8.94,0.0,5.0,0
PRJ-300338,8.44,232.0,47.3,3.0,0.1131,4.0,0.516,3.0,1.0,1.25,0.0,6.0,0
PRJ-300339,19.94,238.0,30.7,8.0,0.474,24.0,0.7435,1.0,3.0,-3.71,0.0,3.0,0
PRJ-300340,7.31,528.0,13.3,3.0,0.049,26.0,0.2513,1.0,1.0,6.66,0.0,2.0,0
PRJ-300341,20.54,159.0,43.4,7.0,0.3673,0.0,0.1354,1.0,3.0,-17.6,0.0,6.0,1
PRJ-300342,45.29,332.0,73.3,7.0,0.2968,58.0,0.0769,3.0,4.0,-5.86,0.0,4.0,1
PRJ-300343,15.69,152.0,38.5,3.0,0.1187,11.0,0.326,3.0,4.0,-27.74,1.0,6.0,0
PRJ-300344,20.32,496.0,21.7,7.0,0.7577,34.0,0.1576,3.0,3.0,-1.29,0.0,4.0,0
PRJ-300345,25.91,409.0,87.9,7.0,0.1894,21.0,0.3269,0.0,3.0,-2.56,0.0,3.0,0
PRJ-300346,9.0,250.0,90.3,4.0,0.1788,42.0,0.2451,4.0,1.0,12.61,0.0,6.0,0
PRJ-300347,20.01,84.0,36.9,5.0,0.2106,39.0,0.6971,3.0,1.0,-10.25,0.0,3.0,0
PRJ-300348,8.84,120.0,58.4,5.0,0.3056,54.0,0.7704,0.0,1.0,12.46,1.0,3.0,0
PRJ-300349,14.98,165.0,87.5,1.0,0.5546,3.0,0.3766,2.0,2.0,-2.51,0.0,7.0,0
PRJ-300350,21.96,246.0,72.7,5.0,0.086,16.0,0.3892,3.0,4.0,7.67,0.0,6.0,0
PRJ-300351,6.7,483.0,57.2,6.0,0.2537,20.0,0.1338,2.0,3.0,9.26,1.0,7.0,1
PRJ-300352,1.91,104.0,70.5,5.0,0.2851,53.0,0.322,3.0,3.0,0.57,0.0,8.0,1
PRJ-300353,6.25,330.0,61.4,4.0,0.0995,21.0,0.6961,2.0,1.0,3.29,0.0,1.0,1
PRJ-300354,24.03,216.0,45.4,5.0,0.2676,30.0,0.4599,0.0,1.0,-6.91,0.0,8.0,0
PRJ-300355,5.7,68.0,15.2,5.0,0.1794,47.0,0.4621,2.0,2.0,14.38,0.0,7.0,0
PRJ-300356,23.19,351.0,18.9,8.0,0.0906,55.0,0.3815,3.0,1.0,32.33,1.0,6.0,0
PRJ-300357,6.27,393.0,63.4,4.0,0.4543,16.0,0.3671,2.0,1.0,-17.5,0.0,4.0,0
PRJ-300358,10.48,519.0,30.4,2.0,0.4186,39.0,0.8847,4.0,2.0,0.82,0.0,8.0,0
PRJ-300359,12.09,295.0,61.7,1.0,0.2413,53.0,0.558,2.0,2.0,-3.46,0.0,3.0,0
PRJ-300360,5.68,206.0,14.8,7.0,0.1465,16.0,0.6759,3.0,2.0,5.36,0.0,4.0,0
PRJ-300361,10.56,467.0,23.5,2.0,0.2258,56.0,0.3773,1.0,4.0,-19.34,0.0,2.0,0
PRJ-300362,3.65,167.0,38.4,4.0,0.0413,23.0,0.4707,0.0,2.0,-12.66,0.0,5.0,0
PRJ-300363,9.56,382.0,4.0,7.0,0.4649,13.0,0.2392,1.0,4.0,20.71,1.0,3.0,0
PRJ-300364,11.43,511.0,20.9,2.0,0.0917,47.0,0.4708,3.0,4.0,17.57,1.0,7.0,1
PRJ-300365,1.98,47.0,26.2,2.0,0.1882,22.0,0.2684,0.0,3.0,-19.22,0.0,7.0,0
PRJ-300366,6.21,502.0,51.3,6.0,0.2876,24.0,0.6479,0.0,3.0,23.66,0.0,0.0,0
PRJ-300367,14.68,146.0,36.6,6.0,0.5736,44.0,0.5723,1.0,1.0,-8.92,1.0,5.0,0
PRJ-300368,5.21,283.0,53.4,2.0,0.3578,13.0,0.3084,4.0,1.0,10.05,0.0,7.0,0
PRJ-300369,16.29,172.0,46.6,5.0,0.3297,16.0,0.2669,2.0,3.0,-1.3,0.0,3.0,0
PRJ-300370,17.33,116.0,35.4,6.0,0.4534,42.0,0.3514,0.0,3.0,3.15,0.0,0.0,0
PRJ-300371,14.64,392.0,26.4,2.0,0.2185,49.0,0.4516,3.0,3.0,1.89,0.0,6.0,0
PRJ-300372,19.86,283.0,47.8,4.0,0.2885,10.0,0.1049,2.0,3.0,11.62,1.0,8.0,0
PRJ-300373,3.48,297.0,104.5,3.0,0.2327,58.0,0.1856,2.0,1.0,-5.88,1.0,4.0,0
PRJ-300374,22.58,284.0,26.3,8.0,0.5913,2.0,0.4379,1.0,3.0,22.69,0.0,3.0,1
PRJ-300375,5.74,414.0,149.0,4.0,0.3607,37.0,0.3289,3.0,3.0,13.63,1.0,4.0,1
PRJ-300376,13.03,523.0,48.5,7.0,0.1221,25.0,0.6797,4.0,3.0,-3.92,0.0,5.0,1
PRJ-300377,34.34,298.0,82.9,8.0,0.5712,9.0,0.5864,3.0,3.0,0.92,0.0,8.0,1
PRJ-300378,9.42,122.0,58.9,2.0,0.1285,46.0,0.3547,0.0,2.0,1.9,1.0,7.0,0
PRJ-300379,12.29,207.0,65.3,8.0,0.0859,0.0,0.363,1.0,3.0,-4.43,0.0,4.0,1
PRJ-300380,5.77,290.0,20.7,1.0,0.4619,16.0,0.3447,4.0,3.0,-3.59,0.0,0.0,1
PRJ-300381,34.13,96.0,30.2,4.0,0.3535,24.0,0.0999,2.0,3.0,10.08,0.0,6.0,0
PRJ-300382,6.22,158.0,8.8,2.0,0.3064,41.0,0.1911,3.0,2.0,7.54,1.0,8.0,0
PRJ-300383,18.3,145.0,37.8,1.0,0.2773,13.0,0.2128,1.0,1.0,-6.01,0.0,5.0,1
PRJ-300384,25.88,526.0,69.8,5.0,0.3825,3.0,0.5198,2.0,2.0,1.26,1.0,2.0,1
PRJ-300385,19.43,243.0,38.0,5.0,0.3494,46.0,0.2597,0.0,1.0,-11.67,0.0,5.0,0
PRJ-300386,15.23,480.0,86.1,5.0,0.1677,4.0,0.2396,1.0,1.0,20.84,0.0,2.0,0
PRJ-300387,12.9,317.0,32.7,4.0,0.4915,28.0,0.2631,4.0,4.0,9.52,1.0,5.0,1
PRJ-300388,4.64,295.0,24.9,7.0,0.4692,40.0,0.1407,4.0,3.0,-0.75,1.0,6.0,1
PRJ-300389,33.19,509.0,29.1,4.0,0.167,37.0,0.3021,4.0,3.0,2.36,0.0,2.0,1
PRJ-300390,14.43,387.0,74.6,5.0,0.4145,6.0,0.5561,3.0,2.0,9.99,0.0,0.0,1
PRJ-300391,12.3,163.0,127.9,4.0,0.2484,36.0,0.1798,0.0,4.0,-6.21,0.0,8.0,0
PRJ-300392,5.41,184.0,159.1,2.0,0.3882,0.0,0.3024,1.0,4.0,0.06,0.0,6.0,1
PRJ-300393,12.7,374.0,69.2,6.0,0.0524,2.0,0.243,3.0,2.0,8.58,0.0,2.0,0
PRJ-300394,11.79,46.0,83.3,7.0,0.4776,14.0,0.4713,0.0,2.0,-14.33,0.0,6.0,0
PRJ-300395,34.34,120.0,11.1,3.0,0.1159,42.0,0.492,4.0,4.0,6.72,0.0,6.0,1
PRJ-300396,12.29,81.0,14.5,4.0,0.1659,12.0,0.5107,3.0,3.0,30.06,0.0,0.0,1
PRJ-300397,12.57,398.0,21.5,8.0,0.2764,49.0,0.5749,0.0,2.0,-19.72,0.0,5.0,0
PRJ-300398,5.46,263.0,108.8,2.0,0.2132,8.0,0.5263,2.0,3.0,11.01,1.0,0.0,1
PRJ-300399,7.13,50.0,107.8,4.0,0.3214,28.0,0.4156,1.0,2.0,-14.63,0.0,4.0,0
PRJ-300400,16.94,412.0,183.0,3.0,0.1331,28.0,0.4546,4.0,1.0,-16.53,0.0,5.0,0
PRJ-300401,3.01,369.0,21.1,3.0,0.283,34.0,0.3708,1.0,2.0,-4.68,0.0,1.0,1
PRJ-300402,22.51,400.0,41.4,4.0,0.2595,22.0,0.6536,4.0,4.0,6.39,0.0,7.0,1
PRJ-300403,22.89,125.0,8.7,8.0,0.4079,8.0,0.5547,2.0,4.0,6.83,0.0,6.0,1
PRJ-300404,6.6,478.0,12.4,1.0,0.0457,43.0,0.1872,0.0,4.0,-1.39,1.0,6.0,1
PRJ-300405,15.27,134.0,35.3,3.0,0.2387,39.0,0.3034,0.0,3.0,-12.82,0.0,0.0,0
PRJ-300406,26.41,327.0,21.9,7.0,0.2547,39.0,0.1089,1.0,2.0,-1.7,0.0,4.0,0
PRJ-300407,11.15,321.0,22.2,1.0,0.1458,56.0,0.4107,0.0,4.0,-21.76,0.0,7.0,0
PRJ-300408,9.78,153.0,27.3,5.0,0.0914,53.0,0.5248,0.0,2.0,10.11,0.0,7.0,0
PRJ-300409,10.62,230.0,117.3,2.0,0.2628,42.0,0.1773,0.0,2.0,-4.69,1.0,7.0,1
PRJ-300410,14.4,70.0,94.5,5.0,0.1252,26.0,0.3578,4.0,4.0,13.29,0.0,6.0,1
PRJ-300411,7.8,278.0,18.7,6.0,0.1968,0.0,0.5686,4.0,4.0,-11.67,0.0,6.0,0
PRJ-300412,9.22,380.0,92.7,6.0,0.2668,13.0,0.694,4.0,4.0,6.46,1.0,2.0,1
PRJ-300413,14.59,197.0,23.5,5.0,0.0469,18.0,0.3486,0.0,2.0,-21.23,1.0,0.0,0
PRJ-300414,8.7,311.0,11.0,6.0,0.6933,17.0,0.1579,0.0,3.0,16.19,0.0,7.0,1
PRJ-300415,5.12,516.0,26.5,5.0,0.3168,57.0,0.1476,1.0,2.0,5.29,0.0,8.0,0
PRJ-300416,2.82,161.0,55.0,5.0,0.174,3.0,0.3843,3.0,2.0,-4.35,1.0,3.0,0
PRJ-300417,12.46,188.0,20.6,1.0,0.248,40.0,0.3333,3.0,4.0,-5.24,0.0,0.0,0
PRJ-300418,25.39,104.0,68.3,1.0,0.1127,29.0,0.3978,2.0,4.0,-3.78,0.0,4.0,0
PRJ-300419,15.77,313.0,28.1,2.0,0.0477,19.0,0.4295,3.0,2.0,-0.02,0.0,3.0,0
PRJ-300420,5.27,145.0,58.0,5.0,0.1391,44.0,0.4411,4.0,2.0,-19.12,1.0,2.0,0
PRJ-300421,7.09,467.0,18.5,4.0,0.1291,36.0,0.3968,0.0,1.0,-3.97,0.0,4.0,1
PRJ-300422,9.73,189.0,44.6,3.0,0.1408,50.0,0.4078,1.0,2.0,-3.72,0.0,8.0,0
PRJ-300423,35.02,373.0,21.2,4.0,0.4294,9.0,0.3832,2.0,3.0,12.21,0.0,8.0,0
PRJ-300424,36.2,138.0,36.1,8.0,0.3572,16.0,0.4517,1.0,4.0,-6.25,1.0,3.0,0
PRJ-300425,33.6,204.0,150.5,4.0,0.126,55.0,0.318,2.0,4.0,-12.37,1.0,6.0,1
PRJ-300426,13.31,129.0,31.2,4.0,0.0288,52.0,0.8432,0.0,3.0,-0.82,0.0,2.0,0
PRJ-300427,63.69,318.0,14.2,5.0,0.3717,23.0,0.3187,1.0,1.0,7.01,0.0,2.0,0
PRJ-300428,7.35,58.0,46.7,7.0,0.2365,24.0,0.4951,0.0,1.0,1.13,1.0,7.0,0
PRJ-300429,9.49,86.0,47.3,6.0,0.4405,11.0,0.4311,4.0,4.0,0.7,0.0,6.0,1
PRJ-300430,21.42,293.0,47.1,8.0,0.4138,4.0,0.5427,3.0,4.0,0.56,0.0,6.0,1
PRJ-300431,14.64,315.0,65.5,6.0,0.1846,4.0,0.6339,4.0,4.0,-1.92,0.0,1.0,0
PRJ-300432,15.19,208.0,30.0,8.0,0.147,0.0,0.6085,4.0,2.0,-6.72,0.0,0.0,0
PRJ-300433,5.92,258.0,70.1,5.0,0.166,2.0,0.3805,1.0,3.0,-9.43,0.0,4.0,1
PRJ-300434,11.73,251.0,43.2,5.0,0.3111,22.0,0.4146,3.0,3.0,0.33,0.0,6.0,0
PRJ-300435,7.42,420.0,13.4,5.0,0.1991,38.0,0.3457,1.0,4.0,3.9,0.0,1.0,0
PRJ-300436,4.41,265.0,77.2,4.0,0.1299,38.0,0.5607,3.0,1.0,0.79,0.0,8.0,1
PRJ-300437,8.06,464.0,50.1,2.0,0.1384,40.0,0.4115,1.0,1.0,-21.58,0.0,1.0,0
PRJ-300438,14.65,152.0,67.5,3.0,0.0951,38.0,0.541,2.0,4.0,11.15,1.0,3.0,0
PRJ-300439,19.25,143.0,15.0,5.0,0.5041,39.0,0.527,4.0,3.0,-16.49,0.0,8.0,0
PRJ-300440,2.75,244.0,80.4,5.0,0.5358,23.0,0.4646,2.0,2.0,-15.85,0.0,7.0,0
PRJ-300441,12.1,85.0,177.0,2.0,0.1506,18.0,0.2622,3.0,4.0,-12.56,0.0,6.0,1
PRJ-300442,11.37,377.0,13.9,7.0,0.4057,25.0,0.5311,0.0,2.0,-5.15,0.0,1.0,0
PRJ-300443,14.15,238.0,88.4,6.0,0.1044,47.0,0.197,3.0,2.0,-1.35,0.0,0.0,0
PRJ-300444,5.34,226.0,50.3,5.0,0.1831,32.0,0.0814,2.0,4.0,11.73,0.0,0.0,0
PRJ-300445,5.42,309.0,43.5,4.0,0.3264,50.0,0.6845,4.0,4.0,11.91,0.0,3.0,0
PRJ-300446,25.82,85.0,81.1,5.0,0.359,19.0,0.2128,1.0,4.0,-20.85,0.0,6.0,0
PRJ-300447,6.67,231.0,75.0,5.0,0.3018,36.0,0.1334,1.0,3.0,-21.54,1.0,7.0,1
PRJ-300448,9.17,526.0,103.7,4.0,0.1039,38.0,0.1054,3.0,4.0,12.86,0.0,6.0,0
PRJ-300449,9.83,356.0,15.6,7.0,0.4768,36.0,0.3049,4.0,2.0,-2.13,0.0,2.0,0
PRJ-300450,7.52,329.0,106.5,2.0,0.0835,6.0,0.3589,0.0,1.0,-12.34,0.0,1.0,0
PRJ-300451,16.6,295.0,57.6,3.0,0.2652,11.0,0.5061,4.0,4.0,6.99,0.0,7.0,0
PRJ-300452,15.71,277.0,9.0,4.0,0.6733,37.0,0.4189,2.0,4.0,13.5,0.0,8.0,1
PRJ-300453,11.03,508.0,31.5,1.0,0.1572,51.0,0.4289,3.0,2.0,4.99,1.0,0.0,0
PRJ-300454,7.83,505.0,51.2,1.0,0.3516,29.0,0.4223,4.0,1.0,-9.28,0.0,7.0,1
PRJ-300455,10.45,247.0,30.9,8.0,0.2936,5.0,0.2865,2.0,1.0,-25.88,0.0,2.0,0
PRJ-300456,12.78,502.0,39.5,7.0,0.308,52.0,0.226,4.0,3.0,6.23,0.0,3.0,0
PRJ-300457,7.1,85.0,27.4,3.0,0.2593,48.0,0.4831,4.0,1.0,-1.5,1.0,5.0,0
PRJ-300458,17.4,203.0,238.8,3.0,0.3234,48.0,0.3999,3.0,3.0,-10.07,0.0,5.0,1
PRJ-300459,22.4,194.0,70.9,4.0,0.2278,25.0,0.2592,0.0,4.0,-18.8,0.0,3.0,0
PRJ-300460,28.58,390.0,46.5,6.0,0.2836,38.0,0.4349,2.0,2.0,2.68,0.0,5.0,1
PRJ-300461,27.51,344.0,18.1,3.0,0.3454,5.0,0.1005,1.0,3.0,-6.62,0.0,6.0,0
PRJ-300462,9.79,278.0,103.9,1.0,0.4801,1.0,0.2756,0.0,4.0,1.98,1.0,4.0,0
PRJ-300463,13.21,171.0,64.5,4.0,0.3326,3.0,0.4105,0.0,3.0,10.93,0.0,7.0,1
PRJ-300464,10.89,295.0,19.8,5.0,0.1613,25.0,0.4464,4.0,4.0,-8.17,0.0,3.0,0
PRJ-300465,10.87,178.0,20.0,5.0,0.2204,59.0,0.1495,1.0,1.0,25.42,0.0,0.0,0
PRJ-300466,10.4,291.0,40.2,2.0,0.2865,3.0,0.4177,0.0,3.0,-1.34,0.0,0.0,0
PRJ-300467,12.25,213.0,46.9,7.0,0.1638,34.0,0.7909,3.0,4.0,9.04,0.0,3.0,1
PRJ-300468,24.73,484.0,69.8,6.0,0.0845,45.0,0.3837,3.0,3.0,-6.34,0.0,2.0,0
PRJ-300469,14.93,414.0,42.3,6.0,0.1952,26.0,0.5286,2.0,3.0,7.0,0.0,8.0,1
PRJ-300470,5.17,131.0,74.0,8.0,0.1903,3.0,0.5102,2.0,3.0,-10.83,0.0,1.0,0
PRJ-300471,21.81,510.0,30.9,5.0,0.1073,55.0,0.1697,2.0,1.0,7.87,0.0,5.0,0
PRJ-300472,14.03,371.0,42.4,5.0,0.1531,53.0,0.7221,4.0,3.0,29.88,1.0,5.0,0
PRJ-300473,16.72,218.0,106.5,7.0,0.0215,27.0,0.2724,2.0,2.0,-13.05,0.0,2.0,0
PRJ-300474,14.74,307.0,76.4,7.0,0.1536,50.0,0.6132,0.0,4.0,-27.92,0.0,2.0,0
PRJ-300475,15.18,141.0,44.4,7.0,0.2675,50.0,0.0605,0.0,2.0,-7.33,0.0,5.0,0
PRJ-300476,15.64,68.0,56.1,6.0,0.1751,39.0,0.2518,3.0,2.0,3.56,0.0,2.0,0
PRJ-300477,3.18,253.0,42.6,1.0,0.1773,51.0,0.55,0.0,3.0,1.08,0.0,1.0,0
PRJ-300478,16.59,432.0,12.5,3.0,0.635,41.0,0.067,4.0,1.0,-5.06,1.0,2.0,0
PRJ-300479,7.32,219.0,131.7,5.0,0.3103,45.0,0.3627,0.0,2.0,12.89,0.0,8.0,0
PRJ-300480,8.68,235.0,21.0,4.0,0.2519,6.0,0.3359,3.0,3.0,-5.43,0.0,7.0,0
PRJ-300481,12.18,535.0,32.9,1.0,0.2684,5.0,0.1736,4.0,3.0,10.57,0.0,7.0,1
PRJ-300482,31.37,533.0,212.3,3.0,0.2165,9.0,0.4222,0.0,4.0,-4.53,0.0,0.0,1
PRJ-300483,5.83,274.0,17.4,3.0,0.1879,57.0,0.2666,0.0,4.0,-10.76,1.0,3.0,1
PRJ-300484,11.91,66.0,40.7,1.0,0.1811,24.0,0.3422,4.0,1.0,1.42,0.0,6.0,0
PRJ-300485,10.23,381.0,111.3,7.0,0.0922,37.0,0.3941,1.0,2.0,2.04,0.0,3.0,0
PRJ-300486,21.61,398.0,151.0,4.0,0.4378,34.0,0.1435,1.0,4.0,22.38,1.0,2.0,1
PRJ-300487,10.04,497.0,63.8,7.0,0.1375,24.0,0.445,2.0,4.0,5.14,0.0,6.0,0
PRJ-300488,14.13,514.0,104.6,7.0,0.3137,42.0,0.1373,1.0,3.0,3.34,0.0,1.0,0
PRJ-300489,5.84,356.0,37.5,8.0,0.0247,45.0,0.8415,2.0,2.0,1.39,1.0,5.0,0
PRJ-300490,23.92,98.0,2.2,8.0,0.1771,57.0,0.0612,1.0,3.0,-6.75,1.0,5.0,0
PRJ-300491,4.14,168.0,98.3,4.0,0.3044,4.0,0.1905,3.0,2.0,-2.93,0.0,4.0,0
PRJ-300492,16.44,399.0,43.6,2.0,0.3564,21.0,0.1302,0.0,3.0,-6.29,0.0,1.0,0
PRJ-300493,14.19,345.0,34.1,1.0,0.0707,10.0,0.5822,2.0,1.0,1.59,1.0,1.0,1
PRJ-300494,15.56,260.0,31.7,5.0,0.1857,32.0,0.3119,2.0,1.0,-18.43,0.0,2.0,0
PRJ-300495,4.18,243.0,73.0,2.0,0.3864,40.0,0.2075,2.0,3.0,-20.79,0.0,5.0,1
PRJ-300496,9.9,396.0,72.4,2.0,0.1027,10.0,0.1658,1.0,3.0,-9.06,0.0,8.0,0
PRJ-300497,20.96,254.0,44.6,2.0,0.1039,37.0,0.3865,3.0,3.0,-10.41,0.0,8.0,1
PRJ-300498,34.29,121.0,61.6,3.0,0.1352,3.0,0.6991,1.0,1.0,3.48,0.0,2.0,1
PRJ-300499,11.32,529.0,17.1,3.0,0.3347,31.0,0.4074,1.0,1.0,-6.9,0.0,3.0,0
PRJ-300500,19.74,217.0,38.0,3.0,0.2643,58.0,0.5747,0.0,2.0,6.3,0.0,2.0,0
PRJ-300501,13.31,182.0,17.9,5.0,0.3067,40.0,0.1287,2.0,4.0,-7.76,0.0,6.0,0
PRJ-300502,11.72,79.0,17.3,8.0,0.1096,46.0,0.3298,2.0,1.0,26.29,0.0,1.0,0
PRJ-300503,9.13,277.0,57.4,6.0,0.066,56.0,0.5922,2.0,2.0,-3.29,0.0,0.0,0
PRJ-300504,12.22,533.0,46.5,6.0,0.5156,31.0,0.5937,1.0,3.0,4.63,0.0,1.0,0
PRJ-300505,18.64,124.0,31.0,2.0,0.1362,7.0,0.4481,1.0,3.0,-7.83,0.0,7.0,0
PRJ-300506,19.61,166.0,36.5,1.0,0.052,35.0,0.4883,3.0,3.0,-5.23,0.0,3.0,0
PRJ-300507,4.82,133.0,61.0,2.0,0.1677,20.0,0.2589,4.0,4.0,4.97,0.0,6.0,0
PRJ-300508,8.58,91.0,74.0,7.0,0.3455,57.0,0.3228,3.0,4.0,-0.05,1.0,4.0,0
PRJ-300509,5.63,343.0,65.8,2.0,0.3207,17.0,0.7128,4.0,3.0,8.7,0.0,0.0,1
PRJ-300510,12.63,192.0,8.6,8.0,0.484,31.0,0.387,2.0,2.0,12.17,0.0,8.0,0
PRJ-300511,9.66,416.0,3.7,7.0,0.1005,56.0,0.4622,3.0,4.0,24.69,0.0,8.0,0
PRJ-300512,15.22,243.0,22.8,7.0,0.3657,44.0,0.3627,1.0,3.0,8.6,0.0,7.0,0
PRJ-300513,15.91,360.0,3.7,3.0,0.059,11.0,0.1091,3.0,4.0,0.43,1.0,8.0,0
PRJ-300514,2.15,89.0,121.4,2.0,0.0563,52.0,0.4444,2.0,4.0,-4.94,1.0,5.0,1
PRJ-300515,12.16,207.0,35.5,2.0,0.2861,22.0,0.2329,4.0,2.0,-8.44,0.0,6.0,0
PRJ-300516,25.03,249.0,13.3,7.0,0.2377,42.0,0.4986,2.0,3.0,-4.96,1.0,6.0,0
PRJ-300517,8.58,74.0,35.2,4.0,0.4339,54.0,0.4827,1.0,2.0,2.58,0.0,6.0,0
PRJ-300518,8.41,252.0,6.5,4.0,0.099,58.0,0.105,2.0,3.0,13.99,0.0,7.0,0
PRJ-300519,22.38,277.0,13.6,2.0,0.5446,40.0,0.4047,2.0,3.0,4.4,0.0,4.0,1
PRJ-300520,20.19,244.0,33.1,3.0,0.3393,44.0,0.3105,0.0,3.0,-3.44,0.0,3.0,0
PRJ-300521,6.05,294.0,28.7,3.0,0.2886,1.0,0.5776,1.0,4.0,-14.4,1.0,0.0,1
PRJ-300522,18.96,439.0,32.9,6.0,0.0728,57.0,0.5066,2.0,4.0,-9.44,1.0,8.0,0
PRJ-300523,7.04,426.0,62.4,7.0,0.3642,57.0,0.4918,4.0,4.0,2.58,0.0,4.0,0
PRJ-300524,8.35,51.0,87.2,4.0,0.4784,12.0,0.1775,2.0,2.0,6.69,0.0,1.0,1
PRJ-300525,6.05,361.0,48.7,3.0,0.2038,3.0,0.4144,3.0,1.0,11.33,0.0,8.0,1
PRJ-300526,4.79,492.0,90.5,4.0,0.5057,56.0,0.4017,1.0,4.0,11.32,0.0,7.0,0
PRJ-300527,13.12,476.0,29.3,2.0,0.0627,31.0,0.4663,2.0,3.0,-12.13,0.0,5.0,1
PRJ-300528,4.28,205.0,99.1,1.0,0.0962,10.0,0.2413,4.0,2.0,-8.35,1.0,4.0,0
PRJ-300529,13.47,432.0,49.3,2.0,0.1165,14.0,0.1218,2.0,4.0,10.23,1.0,8.0,0
PRJ-300530,13.2,441.0,82.0,1.0,0.0663,39.0,0.521,3.0,4.0,12.48,0.0,1.0,1
PRJ-300531,10.99,226.0,29.8,1.0,0.4861,37.0,0.3823,2.0,2.0,-0.12,0.0,8.0,0
PRJ-300532,8.86,475.0,47.6,2.0,0.0712,36.0,0.466,4.0,4.0,19.2,0.0,7.0,1
PRJ-300533,7.7,357.0,164.5,8.0,0.1196,17.0,0.5919,1.0,3.0,13.75,0.0,2.0,0
PRJ-300534,5.51,416.0,47.4,2.0,0.0867,45.0,0.0465,2.0,1.0,8.1,0.0,1.0,0
PRJ-300535,28.71,414.0,86.7,6.0,0.4513,49.0,0.4453,2.0,3.0,4.15,0.0,6.0,0
PRJ-300536,10.66,431.0,94.3,2.0,0.3389,2.0,0.4599,1.0,3.0,-20.47,1.0,6.0,0
PRJ-300537,10.42,518.0,69.4,4.0,0.1133,33.0,0.4494,1.0,2.0,-11.2,0.0,6.0,0
PRJ-300538,6.26,469.0,78.4,5.0,0.1036,41.0,0.2673,2.0,3.0,-1.13,0.0,1.0,1
PRJ-300539,26.87,254.0,29.9,5.0,0.4681,18.0,0.343,1.0,1.0,19.39,0.0,8.0,1
PRJ-300540,8.05,323.0,22.2,7.0,0.2145,41.0,0.5074,1.0,2.0,15.91,0.0,8.0,0
PRJ-300541,14.32,365.0,18.1,3.0,0.1356,51.0,0.3192,0.0,1.0,-8.44,0.0,3.0,0
PRJ-300542,16.13,468.0,60.3,6.0,0.4702,53.0,0.5592,3.0,1.0,11.67,1.0,1.0,0
PRJ-300543,13.13,239.0,46.3,4.0,0.0319,46.0,0.1589,0.0,3.0,-10.71,0.0,0.0,0
PRJ-300544,4.2,199.0,57.3,4.0,0.0825,42.0,0.2686,2.0,1.0,-31.43,1.0,0.0,0
PRJ-300545,18.45,410.0,15.4,3.0,0.1,29.0,0.2952,2.0,4.0,23.15,1.0,0.0,0
PRJ-300546,7.99,517.0,25.3,8.0,0.1148,5.0,0.3762,0.0,1.0,-26.74,0.0,1.0,0
PRJ-300547,20.06,496.0,85.0,7.0,0.1511,29.0,0.3577,0.0,1.0,-34.16,0.0,4.0,0
PRJ-300548,11.66,118.0,51.9,4.0,0.1579,47.0,0.4891,3.0,3.0,2.95,0.0,4.0,0
PRJ-300549,16.76,500.0,49.6,6.0,0.4798,28.0,0.2238,1.0,2.0,-3.81,0.0,7.0,0
PRJ-300550,25.78,435.0,37.7,8.0,0.2213,55.0,0.4565,4.0,4.0,4.19,0.0,6.0,1
PRJ-300551,18.03,122.0,23.4,3.0,0.0659,32.0,0.3721,2.0,1.0,22.26,1.0,4.0,0
PRJ-300552,17.02,48.0,101.3,3.0,0.1913,0.0,0.2013,1.0,1.0,11.63,0.0,5.0,1
PRJ-300553,18.98,146.0,113.0,7.0,0.0949,51.0,0.2211,0.0,4.0,6.62,1.0,8.0,0
PRJ-300554,6.87,505.0,47.8,3.0,0.1283,26.0,0.598,0.0,2.0,-10.49,0.0,3.0,1
PRJ-300555,20.6,418.0,40.9,1.0,0.5001,4.0,0.5972,1.0,4.0,-6.01,0.0,7.0,1
PRJ-300556,10.12,329.0,118.6,5.0,0.291,41.0,0.1969,1.0,3.0,6.95,0.0,0.0,0
PRJ-300557,10.34,357.0,26.0,2.0,0.4482,23.0,0.6716,2.0,3.0,-5.2,0.0,8.0,0
PRJ-300558,12.86,249.0,31.5,5.0,0.2095,47.0,0.5586,0.0,2.0,9.6,0.0,4.0,0
PRJ-300559,9.49,493.0,82.3,1.0,0.0492,45.0,0.2788,4.0,3.0,2.68,0.0,0.0,0
PRJ-300560,5.89,122.0,31.0,4.0,0.0911,56.0,0.273,2.0,4.0,-2.36,0.0,0.0,0
PRJ-300561,12.23,200.0,45.8,2.0,0.4545,57.0,0.4882,1.0,4.0,13.47,1.0,0.0,1
PRJ-300562,10.38,144.0,5.0,5.0,0.3879,45.0,0.3882,0.0,1.0,-2.93,0.0,0.0,0
PRJ-300563,10.13,464.0,114.8,2.0,0.319,9.0,0.3921,0.0,3.0,-16.41,0.0,8.0,1
PRJ-300564,11.41,312.0,77.5,3.0,0.3694,49.0,0.1694,0.0,3.0,14.89,0.0,2.0,0
PRJ-300565,2.3,383.0,96.6,8.0,0.307,2.0,0.529,3.0,3.0,0.08,1.0,3.0,1
PRJ-300566,10.18,500.0,20.4,8.0,0.2266,27.0,0.3196,0.0,3.0,-2.7,0.0,3.0,0
PRJ-300567,27.77,141.0,131.8,3.0,0.2379,48.0,0.4959,4.0,3.0,-1.49,1.0,0.0,1
PRJ-300568,26.43,522.0,42.6,6.0,0.0527,54.0,0.6736,0.0,4.0,-6.85,0.0,0.0,0
PRJ-300569,12.51,107.0,102.4,3.0,0.2417,58.0,0.6162,4.0,1.0,31.4,0.0,2.0,0
PRJ-300570,12.23,418.0,59.1,2.0,0.1592,7.0,0.0693,1.0,3.0,-15.56,0.0,8.0,0
PRJ-300571,1.92,392.0,80.0,1.0,0.014,42.0,0.5509,2.0,2.0,4.32,1.0,1.0,1
PRJ-300572,8.31,453.0,62.4,8.0,0.1844,4.0,0.6207,3.0,4.0,2.48,0.0,8.0,1
PRJ-300573,18.86,123.0,30.8,1.0,0.2687,33.0,0.3167,0.0,3.0,9.65,1.0,7.0,0
PRJ-300574,9.34,520.0,10.0,4.0,0.2282,20.0,0.5404,0.0,3.0,-4.27,0.0,0.0,0
PRJ-300575,22.95,438.0,107.8,2.0,0.5281,14.0,0.5151,3.0,4.0,14.87,0.0,8.0,1
PRJ-300576,22.09,99.0,2.5,7.0,0.3334,44.0,0.2981,2.0,2.0,-4.0,0.0,5.0,0
PRJ-300577,8.2,320.0,86.3,2.0,0.4268,57.0,0.6856,4.0,1.0,-5.92,0.0,7.0,1
PRJ-300578,13.13,449.0,107.7,5.0,0.5274,20.0,0.4256,2.0,2.0,1.02,0.0,4.0,1
PRJ-300579,29.13,281.0,12.8,3.0,0.1317,43.0,0.2392,2.0,2.0,4.18,1.0,1.0,0
PRJ-300580,4.13,233.0,32.3,5.0,0.4603,45.0,0.155,1.0,4.0,13.13,0.0,5.0,0
PRJ-300581,9.48,181.0,11.4,2.0,0.1289,41.0,0.6455,1.0,2.0,-15.53,0.0,6.0,0
PRJ-300582,3.83,300.0,27.1,1.0,0.1172,19.0,0.5016,4.0,3.0,11.05,0.0,4.0,0
PRJ-300583,6.52,532.0,95.5,2.0,0.2641,52.0,0.519,1.0,4.0,11.85,0.0,0.0,0
PRJ-300584,34.41,345.0,79.4,5.0,0.2225,42.0,0.3942,4.0,1.0,8.82,0.0,2.0,0
PRJ-300585,9.48,402.0,72.0,6.0,0.4868,52.0,0.4459,2.0,2.0,-0.76,1.0,2.0,0
PRJ-300586,2.71,430.0,32.5,8.0,0.1503,14.0,0.3572,3.0,1.0,-5.82,0.0,0.0,0
PRJ-300587,5.85,430.0,2.9,8.0,0.1321,4.0,0.2758,1.0,1.0,6.0,0.0,0.0,0
PRJ-300588,3.54,243.0,14.7,7.0,0.1637,41.0,0.364,1.0,3.0,2.81,0.0,2.0,0
PRJ-300589,13.46,425.0,37.7,1.0,0.0476,1.0,0.2404,2.0,4.0,-17.76,0.0,7.0,1
PRJ-300590,15.98,207.0,18.0,6.0,0.0368,11.0,0.1799,3.0,4.0,10.96,1.0,3.0,1
PRJ-300591,20.77,334.0,86.9,6.0,0.2224,13.0,0.4549,4.0,2.0,-8.1,0.0,2.0,1
PRJ-300592,18.23,194.0,134.6,6.0,0.5426,11.0,0.6669,2.0,2.0,-7.68,0.0,6.0,0
PRJ-300593,4.28,510.0,58.8,6.0,0.0633,54.0,0.5961,2.0,4.0,12.89,0.0,8.0,0
PRJ-300594,15.47,406.0,12.6,6.0,0.2443,52.0,0.557,0.0,4.0,2.09,0.0,1.0,0
PRJ-300595,11.08,333.0,110.5,5.0,0.4888,32.0,0.3879,1.0,1.0,-1.89,0.0,0.0,0
PRJ-300596,22.66,268.0,49.6,5.0,0.1206,40.0,0.4671,4.0,1.0,-4.37,0.0,2.0,1
PRJ-300597,19.54,302.0,44.6,6.0,0.1499,38.0,0.213,3.0,4.0,-2.82,0.0,4.0,0
PRJ-300598,37.18,431.0,67.8,1.0,0.3417,52.0,0.4037,4.0,3.0,-0.29,0.0,5.0,1
PRJ-300599,6.19,180.0,15.3,5.0,0.2946,20.0,0.7463,1.0,4.0,19.84,0.0,8.0,0
PRJ-300600,5.57,455.0,32.9,2.0,0.1402,42.0,0.5065,3.0,4.0,-23.09,1.0,6.0,0
PRJ-300601,8.67,184.0,42.3,8.0,0.2203,25.0,0.33,0.0,2.0,30.22,0.0,2.0,1
PRJ-300602,11.38,115.0,55.1,8.0,0.331,30.0,0.2649,3.0,3.0,28.15,0.0,2.0,0
PRJ-300603,7.53,409.0,59.3,2.0,0.4089,18.0,0.3068,0.0,1.0,-4.31,0.0,4.0,0
PRJ-300604,6.43,395.0,67.7,8.0,0.1255,45.0,0.4596,4.0,2.0,2.28,0.0,5.0,0
PRJ-300605,14.82,210.0,27.8,4.0,0.1141,56.0,0.4957,4.0,2.0,2.25,0.0,2.0,0
PRJ-300606,8.65,366.0,8.0,6.0,0.3492,58.0,0.4005,3.0,1.0,12.86,0.0,7.0,0
PRJ-300607,7.31,405.0,37.4,6.0,0.5409,24.0,0.4951,2.0,1.0,1.69,1.0,1.0,1
PRJ-300608,4.28,434.0,41.2,1.0,0.3148,5.0,0.2528,3.0,2.0,4.64,1.0,2.0,0
PRJ-300609,2.03,516.0,7.6,8.0,0.3026,50.0,0.4268,0.0,4.0,14.24,0.0,7.0,0
PRJ-300610,26.95,467.0,26.5,6.0,0.043,1.0,0.397,0.0,3.0,-23.2,0.0,3.0,0
PRJ-300611,26.46,262.0,51.4,4.0,0.1376,9.0,0.0758,2.0,1.0,-1.84,0.0,1.0,1
PRJ-300612,19.92,158.0,30.1,5.0,0.1243,53.0,0.3547,0.0,1.0,2.81,0.0,4.0,1
PRJ-300613,17.07,93.0,49.8,8.0,0.2449,19.0,0.5158,1.0,1.0,-3.84,0.0,4.0,0
PRJ-300614,8.11,329.0,29.0,6.0,0.4757,32.0,0.6689,2.0,2.0,-20.36,0.0,3.0,0
PRJ-300615,17.51,374.0,71.3,6.0,0.3212,10.0,0.4563,1.0,3.0,0.57,0.0,4.0,1
PRJ-300616,5.29,386.0,19.3,8.0,0.4682,16.0,0.2179,1.0,2.0,-6.5,1.0,3.0,0
PRJ-300617,12.92,49.0,45.1,6.0,0.4618,17.0,0.2274,4.0,4.0,-5.09,0.0,0.0,0
PRJ-300618,6.88,392.0,46.8,2.0,0.5204,13.0,0.3438,3.0,3.0,-0.07,0.0,7.0,0
PRJ-300619,17.56,434.0,84.6,7.0,0.0854,40.0,0.3709,4.0,1.0,-20.24,0.0,7.0,0
PRJ-300620,30.35,402.0,34.3,8.0,0.18,40.0,0.2518,1.0,1.0,-3.43,0.0,8.0,0
PRJ-300621,5.83,305.0,133.3,6.0,0.2465,8.0,0.3499,3.0,2.0,-8.12,0.0,0.0,1
PRJ-300622,8.39,52.0,129.9,2.0,0.2131,58.0,0.4317,4.0,4.0,-15.36,0.0,8.0,1
PRJ-300623,12.77,287.0,20.5,5.0,0.3074,32.0,0.4363,1.0,3.0,6.07,1.0,3.0,1
PRJ-300624,2.96,364.0,44.1,1.0,0.2955,43.0,0.2721,0.0,3.0,-15.36,0.0,1.0,0
PRJ-300625,3.66,326.0,14.0,7.0,0.2598,0.0,0.1911,0.0,2.0,6.64,0.0,2.0,0
PRJ-300626,29.8,329.0,63.9,8.0,0.1526,23.0,0.2946,4.0,1.0,10.59,0.0,5.0,0
PRJ-300627,14.86,300.0,29.8,1.0,0.0623,58.0,0.3559,0.0,3.0,-1.3,1.0,0.0,0
PRJ-300628,7.8,318.0,49.1,1.0,0.1283,51.0,0.1136,2.0,1.0,13.19,0.0,3.0,0
PRJ-300629,11.89,205.0,36.6,8.0,0.0994,2.0,0.3357,0.0,3.0,27.85,0.0,4.0,0
PRJ-300630,8.69,344.0,233.0,7.0,0.1585,40.0,0.3586,1.0,4.0,6.9,0.0,6.0,0
PRJ-300631,13.02,184.0,40.1,7.0,0.173,45.0,0.1516,4.0,3.0,-3.65,0.0,7.0,0
PRJ-300632,8.92,288.0,37.4,2.0,0.2412,8.0,0.7362,0.0,2.0,14.21,0.0,0.0,0
PRJ-300633,11.28,250.0,88.5,6.0,0.112,52.0,0.3935,0.0,4.0,-23.23,0.0,8.0,0
PRJ-300634,18.55,398.0,97.4,7.0,0.2219,10.0,0.3887,0.0,3.0,28.13,0.0,4.0,1
PRJ-300635,17.8,487.0,54.6,1.0,0.2626,59.0,0.8452,3.0,1.0,1.22,0.0,0.0,1
PRJ-300636,28.78,358.0,99.3,3.0,0.191,0.0,0.6132,1.0,3.0,3.43,0.0,3.0,1
PRJ-300637,15.54,112.0,207.7,3.0,0.2303,39.0,0.5806,1.0,1.0,-18.71,1.0,8.0,1
PRJ-300638,12.39,375.0,35.1,5.0,0.3805,14.0,0.6028,3.0,4.0,10.99,0.0,4.0,0
PRJ-300639,31.42,205.0,15.7,3.0,0.383,36.0,0.1539,3.0,1.0,1.49,0.0,6.0,1
PRJ-300640,10.51,69.0,60.4,3.0,0.2545,45.0,0.357,2.0,3.0,-1.59,1.0,3.0,0
PRJ-300641,2.17,140.0,93.0,3.0,0.2743,33.0,0.1577,4.0,4.0,-7.46,0.0,3.0,0
PRJ-300642,20.07,539.0,126.1,1.0,0.131,44.0,0.3845,2.0,4.0,-10.62,0.0,4.0,1
PRJ-300643,14.38,256.0,68.5,6.0,0.2402,45.0,0.198,1.0,2.0,-8.84,0.0,4.0,0
PRJ-300644,12.01,144.0,45.9,6.0,0.1706,19.0,0.7377,1.0,1.0,-19.47,0.0,8.0,0
PRJ-300645,20.41,111.0,23.3,8.0,0.2306,52.0,0.7738,1.0,2.0,2.43,0.0,3.0,0
PRJ-300646,8.97,366.0,108.1,5.0,0.7033,4.0,0.4198,0.0,3.0,19.04,0.0,1.0,0
PRJ-300647,2.24,421.0,56.8,6.0,0.3769,31.0,0.3003,2.0,2.0,4.75,0.0,2.0,0
PRJ-300648,20.66,219.0,8.2,3.0,0.5409,45.0,0.3778,0.0,4.0,-9.84,0.0,4.0,0
PRJ-300649,7.61,96.0,164.2,4.0,0.4435,43.0,0.3634,0.0,3.0,3.93,0.0,8.0,0
PRJ-300650,6.0,220.0,16.6,4.0,0.2828,19.0,0.4239,0.0,1.0,-31.83,0.0,4.0,1
PRJ-300651,2.33,374.0,94.2,8.0,0.3966,57.0,0.2662,0.0,2.0,20.46,0.0,0.0,0
PRJ-300652,19.59,101.0,53.3,4.0,0.1316,59.0,0.4195,0.0,2.0,-6.71,0.0,8.0,0
PRJ-300653,1.69,177.0,8.9,7.0,0.2763,6.0,0.2482,4.0,3.0,6.16,0.0,4.0,0
PRJ-300654,25.65,45.0,41.9,3.0,0.2218,5.0,0.4809,4.0,4.0,-0.67,1.0,1.0,1
PRJ-300655,9.59,278.0,35.2,6.0,0.0564,35.0,0.3805,2.0,1.0,6.98,0.0,7.0,0
PRJ-300656,20.17,129.0,11.4,3.0,0.4067,11.0,0.3018,2.0,1.0,27.97,0.0,5.0,0
PRJ-300657,15.85,143.0,63.8,4.0,0.5537,4.0,0.3597,2.0,4.0,-25.67,0.0,3.0,1
PRJ-300658,35.0,100.0,85.1,7.0,0.1725,48.0,0.3465,3.0,3.0,3.1,0.0,3.0,0
PRJ-300659,15.57,406.0,44.2,6.0,0.1434,26.0,0.6536,3.0,4.0,3.42,0.0,2.0,0
PRJ-300660,25.07,287.0,34.4,4.0,0.3249,51.0,0.6497,1.0,4.0,-4.54,0.0,7.0,0
PRJ-300661,8.2,514.0,67.4,4.0,0.4759,43.0,0.399,1.0,2.0,-8.9,0.0,3.0,0
PRJ-300662,3.65,240.0,1.6,7.0,0.0675,39.0,0.4751,3.0,2.0,11.47,0.0,4.0,0
PRJ-300663,22.15,154.0,31.3,2.0,0.1444,22.0,0.5353,3.0,1.0,-0.42,0.0,8.0,0
PRJ-300664,3.57,146.0,33.3,7.0,0.3317,44.0,0.1978,1.0,3.0,-0.01,1.0,2.0,0
PRJ-300665,19.45,516.0,45.3,5.0,0.1172,6.0,0.4071,0.0,2.0,-3.61,1.0,5.0,0
PRJ-300666,5.5,336.0,10.6,3.0,0.1877,18.0,0.6262,0.0,1.0,-1.91,0.0,3.0,0
PRJ-300667,14.56,206.0,5.8,6.0,0.0837,49.0,0.1146,0.0,1.0,7.33,0.0,1.0,0
PRJ-300668,35.4,368.0,18.2,8.0,0.3689,40.0,0.4156,1.0,4.0,6.82,0.0,8.0,1
PRJ-300669,18.51,321.0,63.1,3.0,0.1962,14.0,0.2469,4.0,4.0,-9.32,0.0,6.0,1
PRJ-300670,10.54,101.0,32.8,4.0,0.254,51.0,0.3318,2.0,4.0,-3.64,0.0,7.0,0
PRJ-300671,16.09,392.0,18.0,8.0,0.167,30.0,0.4388,4.0,4.0,12.22,0.0,0.0,0
PRJ-300672,8.41,103.0,147.4,3.0,0.1526,44.0,0.2276,4.0,3.0,20.19,1.0,5.0,0
PRJ-300673,43.81,143.0,34.4,7.0,0.4132,8.0,0.3717,0.0,2.0,20.2,0.0,1.0,1
PRJ-300674,7.21,398.0,45.5,8.0,0.3135,8.0,0.2594,0.0,3.0,19.27,0.0,2.0,0
PRJ-300675,11.33,265.0,107.0,5.0,0.0672,59.0,0.3395,2.0,4.0,2.39,1.0,5.0,0
PRJ-300676,17.47,154.0,50.7,1.0,0.4052,54.0,0.2299,4.0,1.0,12.42,0.0,1.0,1
PRJ-300677,15.35,78.0,66.9,1.0,0.0374,22.0,0.3948,3.0,4.0,4.4,0.0,0.0,1
PRJ-300678,16.47,338.0,22.3,3.0,0.3386,55.0,0.488,2.0,3.0,-8.86,0.0,7.0,1
PRJ-300679,8.54,390.0,47.5,1.0,0.1544,49.0,0.3338,1.0,4.0,-1.47,0.0,0.0,0
PRJ-300680,10.24,145.0,135.0,7.0,0.0933,16.0,0.119,1.0,3.0,-2.47,0.0,3.0,0
PRJ-300681,21.52,251.0,60.9,6.0,0.1633,23.0,0.3816,0.0,1.0,11.1,1.0,5.0,0
PRJ-300682,20.86,215.0,54.6,4.0,0.1782,31.0,0.4205,3.0,4.0,9.55,0.0,8.0,0
PRJ-300683,15.58,486.0,37.2,7.0,0.1919,20.0,0.5384,3.0,4.0,-1.24,0.0,8.0,0
PRJ-300684,27.0,436.0,13.8,2.0,0.2885,17.0,0.7358,2.0,1.0,-2.72,0.0,1.0,0
PRJ-300685,22.05,180.0,99.2,5.0,0.1423,14.0,0.2655,3.0,2.0,-8.17,1.0,1.0,1
PRJ-300686,20.46,299.0,42.8,3.0,0.2369,38.0,0.2028,3.0,3.0,-3.93,1.0,8.0,0
PRJ-300687,3.52,502.0,25.3,1.0,0.2809,24.0,0.4004,3.0,4.0,-1.27,0.0,8.0,0
PRJ-300688,15.46,216.0,12.3,4.0,0.0798,58.0,0.342,0.0,3.0,3.95,1.0,2.0,0
PRJ-300689,13.72,114.0,56.7,2.0,0.4926,52.0,0.1266,0.0,2.0,1.36,0.0,4.0,0
PRJ-300690,29.14,192.0,16.1,1.0,0.3801,5.0,0.3108,4.0,3.0,-9.65,0.0,4.0,1
PRJ-300691,10.9,345.0,99.8,2.0,0.3214,39.0,0.2954,2.0,4.0,-5.84,0.0,7.0,0
PRJ-300692,12.99,536.0,26.6,2.0,0.049,38.0,0.3574,0.0,2.0,-1.31,0.0,7.0,0
PRJ-300693,5.45,197.0,48.3,6.0,0.0435,3.0,0.4446,1.0,1.0,6.08,0.0,5.0,0
PRJ-300694,6.25,73.0,60.0,7.0,0.5808,47.0,0.6505,4.0,2.0,-5.97,0.0,7.0,1
PRJ-300695,29.2,134.0,55.0,4.0,0.0933,32.0,0.2964,3.0,1.0,-17.58,0.0,3.0,0
PRJ-300696,16.43,249.0,85.3,6.0,0.2557,49.0,0.5236,2.0,3.0,-13.36,0.0,5.0,0
PRJ-300697,35.45,91.0,28.7,1.0,0.1691,29.0,0.3888,2.0,1.0,3.83,0.0,1.0,0
PRJ-300698,10.77,62.0,45.8,7.0,0.4679,25.0,0.4701,2.0,1.0,5.57,0.0,1.0,0
PRJ-300699,4.16,369.0,69.6,5.0,0.4451,41.0,0.0779,2.0,2.0,-7.04,0.0,5.0,0
PRJ-300700,9.75,453.0,126.4,4.0,0.2676,45.0,0.1199,2.0,1.0,-11.88,1.0,0.0,0
PRJ-300701,8.63,160.0,81.1,7.0,0.4482,45.0,0.4459,1.0,2.0,-16.85,1.0,8.0,0
PRJ-300702,18.91,303.0,92.0,3.0,0.4531,28.0,0.3999,0.0,4.0,-16.27,0.0,0.0,0
PRJ-300703,18.44,328.0,35.1,4.0,0.0719,33.0,0.3493,2.0,4.0,-4.64,0.0,2.0,0
PRJ-300704,16.96,375.0,60.8,8.0,0.2664,59.0,0.4377,2.0,2.0,-18.87,0.0,4.0,0
PRJ-300705,42.22,529.0,114.2,2.0,0.1197,52.0,0.2761,2.0,1.0,1.94,0.0,4.0,1
PRJ-300706,26.04,483.0,44.0,5.0,0.0858,23.0,0.5789,4.0,1.0,6.14,1.0,5.0,0
PRJ-300707,6.57,201.0,61.1,5.0,0.3577,38.0,0.2069,0.0,1.0,-16.37,0.0,4.0,0
PRJ-300708,22.5,527.0,9.5,6.0,0.2401,9.0,0.2453,3.0,4.0,-12.42,0.0,4.0,0
PRJ-300709,12.43,62.0,74.5,8.0,0.3705,20.0,0.2555,0.0,3.0,-1.12,0.0,1.0,0
PRJ-300710,10.57,521.0,54.1,3.0,0.046,32.0,0.6541,1.0,1.0,-9.73,0.0,1.0,0
PRJ-300711,28.06,115.0,71.0,1.0,0.1887,22.0,0.5938,3.0,4.0,2.29,0.0,0.0,1
PRJ-300712,6.27,101.0,35.8,4.0,0.4771,55.0,0.5619,2.0,2.0,11.81,0.0,6.0,0
PRJ-300713,21.58,104.0,7.2,2.0,0.2116,51.0,0.5005,1.0,3.0,-2.46,1.0,8.0,0
PRJ-300714,19.49,105.0,77.0,6.0,0.2606,1.0,0.3217,2.0,3.0,-20.44,0.0,4.0,1
PRJ-300715,6.18,274.0,25.1,5.0,0.057,15.0,0.3432,2.0,4.0,2.01,0.0,6.0,0
PRJ-300716,3.43,361.0,10.7,7.0,0.2476,9.0,0.1851,0.0,4.0,-4.07,0.0,8.0,0
PRJ-300717,11.53,413.0,51.4,3.0,0.0563,8.0,0.1272,0.0,4.0,6.38,0.0,8.0,0
PRJ-300718,24.13,52.0,137.5,8.0,0.4193,32.0,0.3726,1.0,2.0,27.9,1.0,0.0,0
PRJ-300719,15.42,191.0,21.8,8.0,0.2348,45.0,0.4232,1.0,1.0,-11.51,0.0,8.0,0
PRJ-300720,28.62,110.0,26.0,8.0,0.1361,43.0,0.6663,2.0,3.0,-8.79,1.0,4.0,0
PRJ-300721,14.75,117.0,79.7,6.0,0.5736,25.0,0.1143,0.0,2.0,3.44,0.0,8.0,0
PRJ-300722,29.8,414.0,38.5,2.0,0.3687,24.0,0.3626,1.0,1.0,10.38,0.0,6.0,0
PRJ-300723,8.01,362.0,76.8,2.0,0.2575,13.0,0.1954,1.0,4.0,24.48,0.0,1.0,1
PRJ-300724,16.92,148.0,36.9,8.0,0.2602,51.0,0.2841,3.0,2.0,-5.06,0.0,8.0,0
PRJ-300725,9.26,194.0,32.3,7.0,0.1206,49.0,0.3803,3.0,3.0,-10.45,1.0,4.0,1
PRJ-300726,11.29,502.0,22.8,8.0,0.5964,22.0,0.4368,3.0,1.0,-9.52,0.0,5.0,0
PRJ-300727,12.96,329.0,57.7,6.0,0.1316,11.0,0.2132,3.0,4.0,-5.26,0.0,3.0,1
PRJ-300728,15.39,163.0,22.7,7.0,0.1281,28.0,0.4455,2.0,3.0,-2.97,0.0,7.0,0
PRJ-300729,7.25,507.0,30.7,4.0,0.2336,43.0,0.3917,0.0,4.0,2.04,0.0,5.0,0
PRJ-300730,16.41,143.0,98.7,2.0,0.2333,16.0,0.372,3.0,3.0,0.38,1.0,5.0,1
PRJ-300731,12.53,189.0,177.6,3.0,0.2296,20.0,0.2244,0.0,1.0,-15.35,0.0,7.0,0
PRJ-300732,4.34,387.0,63.2,7.0,0.4242,8.0,0.2391,2.0,2.0,-18.38,1.0,5.0,0
PRJ-300733,3.06,298.0,101.3,6.0,0.1671,42.0,0.3679,0.0,3.0,-1.3,0.0,8.0,0
PRJ-300734,24.19,79.0,33.8,8.0,0.0395,52.0,0.3192,1.0,4.0,-9.15,0.0,5.0,0
PRJ-300735,10.92,444.0,37.6,8.0,0.4429,46.0,0.3332,4.0,4.0,-7.15,0.0,0.0,1
PRJ-300736,4.0,157.0,53.2,7.0,0.3288,48.0,0.3524,0.0,1.0,10.57,1.0,1.0,0
PRJ-300737,32.81,387.0,25.4,1.0,0.3198,9.0,0.2821,1.0,3.0,7.87,0.0,6.0,1
PRJ-300738,17.48,210.0,31.9,2.0,0.6127,52.0,0.4187,0.0,4.0,-4.39,0.0,8.0,0
PRJ-300739,15.13,416.0,74.9,4.0,0.1749,49.0,0.3449,4.0,1.0,12.2,1.0,6.0,0
PRJ-300740,6.79,489.0,46.6,1.0,0.3021,19.0,0.3696,4.0,1.0,13.0,0.0,3.0,1
PRJ-300741,4.29,427.0,40.8,8.0,0.0812,37.0,0.2721,2.0,3.0,16.4,0.0,7.0,0
PRJ-300742,13.73,500.0,39.3,2.0,0.4236,4.0,0.2412,0.0,3.0,18.69,0.0,2.0,1
PRJ-300743,12.02,312.0,18.3,4.0,0.1949,51.0,0.5465,4.0,2.0,-2.46,1.0,2.0,0
PRJ-300744,5.51,77.0,51.7,6.0,0.0811,0.0,0.5926,0.0,4.0,13.31,0.0,6.0,0
PRJ-300745,5.37,310.0,25.4,1.0,0.2132,1.0,0.2374,1.0,3.0,-3.67,0.0,1.0,0
PRJ-300746,5.17,273.0,9.4,6.0,0.3432,36.0,0.2912,2.0,1.0,14.57,0.0,6.0,0
PRJ-300747,5.04,400.0,15.9,1.0,0.3155,45.0,0.5929,4.0,4.0,-2.84,0.0,3.0,0
PRJ-300748,7.82,168.0,39.9,8.0,0.1659,49.0,0.3817,0.0,2.0,0.23,1.0,4.0,0
PRJ-300749,15.13,390.0,70.6,6.0,0.4079,59.0,0.5515,4.0,1.0,-12.04,0.0,3.0,0
PRJ-300750,16.81,263.0,84.2,3.0,0.3072,1.0,0.3075,1.0,2.0,-12.16,1.0,7.0,0
PRJ-300751,11.85,376.0,12.4,6.0,0.1902,42.0,0.5412,0.0,2.0,4.89,0.0,7.0,0
PRJ-300752,13.32,252.0,65.7,3.0,0.2664,19.0,0.2948,4.0,2.0,11.63,1.0,3.0,0
PRJ-300753,17.32,234.0,143.1,1.0,0.4832,55.0,0.4351,4.0,1.0,-12.41,0.0,8.0,1
PRJ-300754,2.51,151.0,87.2,1.0,0.2554,17.0,0.4101,0.0,1.0,15.91,0.0,4.0,1
PRJ-300755,14.01,455.0,50.2,2.0,0.3327,24.0,0.6197,1.0,3.0,14.56,0.0,7.0,1
PRJ-300756,26.77,78.0,53.4,6.0,0.1346,17.0,0.6262,1.0,2.0,4.77,0.0,3.0,0
PRJ-300757,10.73,161.0,49.2,5.0,0.0758,42.0,0.2087,0.0,1.0,11.4,1.0,2.0,0
PRJ-300758,23.58,256.0,30.0,3.0,0.4459,54.0,0.3655,4.0,2.0,-6.31,0.0,7.0,0
PRJ-300759,10.86,122.0,90.1,6.0,0.4876,34.0,0.2996,1.0,2.0,-17.03,1.0,3.0,1
PRJ-300760,18.06,498.0,19.8,4.0,0.3639,20.0,0.509,4.0,4.0,-6.28,0.0,5.0,0
PRJ-300761,14.93,215.0,52.2,2.0,0.0527,20.0,0.1995,0.0,4.0,14.27,0.0,7.0,0
PRJ-300762,5.11,164.0,9.2,6.0,0.1124,41.0,0.4654,1.0,3.0,15.16,0.0,3.0,0
PRJ-300763,6.03,170.0,95.8,4.0,0.4907,37.0,0.4756,2.0,1.0,-14.2,1.0,3.0,0
PRJ-300764,29.8,139.0,50.7,6.0,0.1307,14.0,0.3558,0.0,2.0,-14.38,0.0,8.0,0
PRJ-300765,20.59,373.0,11.5,5.0,0.34,21.0,0.4163,2.0,2.0,-10.69,0.0,1.0,0
PRJ-300766,11.36,283.0,118.3,1.0,0.505,56.0,0.2133,2.0,3.0,-23.26,0.0,0.0,0
PRJ-300767,10.37,159.0,42.3,1.0,0.0269,56.0,0.2111,1.0,4.0,-7.33,0.0,4.0,0
PRJ-300768,6.82,477.0,14.3,1.0,0.1517,23.0,0.2453,1.0,3.0,5.78,0.0,8.0,0
PRJ-300769,15.77,369.0,151.6,2.0,0.1559,47.0,0.4321,1.0,4.0,-36.07,0.0,6.0,0
PRJ-300770,7.25,244.0,37.0,2.0,0.1879,4.0,0.3208,1.0,4.0,-0.91,1.0,0.0,0
PRJ-300771,9.46,299.0,23.2,8.0,0.1147,52.0,0.1027,0.0,3.0,17.0,0.0,7.0,0
PRJ-300772,7.8,369.0,54.2,7.0,0.2061,19.0,0.311,2.0,2.0,10.93,0.0,0.0,1
PRJ-300773,19.79,120.0,16.0,8.0,0.3757,38.0,0.5814,3.0,3.0,4.77,1.0,6.0,0
PRJ-300774,11.05,445.0,30.0,4.0,0.3897,36.0,0.3589,4.0,2.0,1.3,1.0,0.0,0
PRJ-300775,13.39,172.0,109.1,3.0,0.3311,50.0,0.5471,1.0,3.0,13.6,0.0,1.0,1
PRJ-300776,5.18,59.0,37.7,4.0,0.2513,57.0,0.2315,2.0,3.0,6.05,0.0,4.0,0
PRJ-300777,7.76,303.0,62.9,7.0,0.3476,22.0,0.3321,2.0,3.0,-3.29,0.0,4.0,0
PRJ-300778,13.58,478.0,112.4,3.0,0.5725,32.0,0.7005,3.0,2.0,11.23,0.0,3.0,1
PRJ-300779,3.58,407.0,36.8,6.0,0.4651,39.0,0.1001,2.0,3.0,-16.37,0.0,1.0,0
PRJ-300780,10.49,197.0,22.3,2.0,0.4845,35.0,0.4839,2.0,1.0,9.52,1.0,7.0,0
PRJ-300781,12.09,242.0,71.6,8.0,0.6138,20.0,0.711,3.0,2.0,6.58,1.0,0.0,1
PRJ-300782,4.71,339.0,13.8,6.0,0.4711,22.0,0.3928,0.0,4.0,2.4,1.0,7.0,0
PRJ-300783,22.93,160.0,20.1,8.0,0.3859,35.0,0.6515,3.0,1.0,1.13,1.0,7.0,0
PRJ-300784,15.28,450.0,11.2,3.0,0.124,56.0,0.376,0.0,4.0,20.19,0.0,4.0,0
PRJ-300785,10.99,191.0,107.0,5.0,0.0929,4.0,0.6137,4.0,4.0,13.0,0.0,2.0,1
PRJ-300786,7.37,152.0,47.8,3.0,0.1915,13.0,0.3464,3.0,3.0,16.47,0.0,3.0,0
PRJ-300787,3.47,92.0,73.5,4.0,0.3616,47.0,0.6045,3.0,2.0,5.85,0.0,6.0,0
PRJ-300788,21.84,388.0,21.4,3.0,0.3532,35.0,0.4268,4.0,4.0,13.78,0.0,6.0,0
PRJ-300789,8.87,57.0,61.1,2.0,0.1618,25.0,0.3473,1.0,4.0,5.4,0.0,6.0,0
PRJ-300790,4.16,443.0,62.7,4.0,0.1135,21.0,0.5281,0.0,4.0,-1.71,0.0,1.0,0
PRJ-300791,7.22,526.0,151.1,5.0,0.1265,59.0,0.1596,4.0,2.0,9.48,0.0,1.0,1
PRJ-300792,16.33,100.0,69.1,2.0,0.4316,53.0,0.3718,4.0,3.0,-3.17,0.0,4.0,0
PRJ-300793,14.27,92.0,84.0,4.0,0.1603,51.0,0.5418,2.0,3.0,14.16,0.0,0.0,0
PRJ-300794,5.53,507.0,50.7,1.0,0.2688,17.0,0.1626,2.0,4.0,-14.51,0.0,4.0,1
PRJ-300795,24.29,106.0,2.1,6.0,0.1381,36.0,0.4123,0.0,4.0,-2.95,0.0,3.0,0
PRJ-300796,4.12,246.0,57.2,3.0,0.2132,57.0,0.1555,1.0,3.0,-8.11,0.0,3.0,0
PRJ-300797,27.43,476.0,39.7,1.0,0.1505,15.0,0.4234,2.0,1.0,28.08,0.0,4.0,1
PRJ-300798,13.88,113.0,38.1,5.0,0.3489,12.0,0.6971,0.0,3.0,-7.77,0.0,3.0,0
PRJ-300799,9.34,373.0,31.2,7.0,0.2882,37.0,0.3182,0.0,2.0,-0.61,0.0,3.0,0
PRJ-300800,10.26,234.0,38.1,8.0,0.1266,11.0,0.4414,1.0,1.0,-24.69,0.0,4.0,0
PRJ-300801,12.86,260.0,26.4,8.0,0.3944,45.0,0.2212,1.0,2.0,20.62,0.0,2.0,0
PRJ-300802,17.15,505.0,78.5,2.0,0.0521,51.0,0.296,1.0,4.0,-9.66,0.0,4.0,0
PRJ-300803,3.04,366.0,18.5,2.0,0.3671,28.0,0.2251,0.0,4.0,18.1,0.0,0.0,1
PRJ-300804,7.05,203.0,138.0,8.0,0.2445,59.0,0.1906,1.0,2.0,-12.45,0.0,0.0,0
PRJ-300805,12.59,507.0,73.9,6.0,0.297,35.0,0.7581,0.0,1.0,-11.62,0.0,5.0,1
PRJ-300806,24.86,332.0,93.4,5.0,0.3033,24.0,0.471,3.0,3.0,10.04,0.0,3.0,0
PRJ-300807,24.28,94.0,19.8,7.0,0.1317,52.0,0.2573,1.0,4.0,-18.49,0.0,4.0,1
PRJ-300808,30.95,239.0,29.4,1.0,0.2,37.0,0.4718,0.0,4.0,5.22,0.0,3.0,0
PRJ-300809,23.56,165.0,49.2,5.0,0.162,8.0,0.4683,3.0,1.0,-9.08,0.0,8.0,0
PRJ-300810,6.68,363.0,45.7,5.0,0.0751,51.0,0.373,1.0,3.0,25.97,0.0,4.0,0
PRJ-300811,12.06,470.0,74.0,8.0,0.0681,29.0,0.4285,2.0,4.0,21.73,0.0,1.0,1
PRJ-300812,23.65,64.0,45.8,4.0,0.0827,20.0,0.3328,3.0,4.0,15.29,0.0,3.0,0
PRJ-300813,22.23,431.0,143.0,5.0,0.1962,51.0,0.1863,2.0,1.0,28.05,0.0,4.0,0
PRJ-300814,10.61,498.0,20.2,7.0,0.2757,46.0,0.2723,0.0,1.0,-7.36,0.0,2.0,0
PRJ-300815,16.85,537.0,16.5,3.0,0.209,23.0,0.3381,2.0,1.0,9.46,0.0,4.0,0
PRJ-300816,8.83,372.0,28.2,1.0,0.4234,59.0,0.397,2.0,3.0,-11.24,0.0,8.0,0
PRJ-300817,3.88,200.0,38.2,4.0,0.3551,53.0,0.3465,0.0,4.0,10.6,1.0,4.0,0
PRJ-300818,11.25,116.0,99.1,5.0,0.3732,10.0,0.5983,3.0,3.0,4.19,0.0,0.0,0
PRJ-300819,10.8,512.0,59.9,4.0,0.1076,33.0,0.4707,3.0,4.0,-14.71,1.0,0.0,0
PRJ-300820,8.54,249.0,2.8,6.0,0.5055,38.0,0.7067,3.0,1.0,-0.6,0.0,6.0,0
PRJ-300821,17.2,215.0,3.3,3.0,0.3456,24.0,0.5313,2.0,2.0,1.26,0.0,1.0,1
PRJ-300822,10.37,408.0,41.1,1.0,0.0936,31.0,0.2248,3.0,1.0,0.88,0.0,5.0,0
PRJ-300823,15.7,398.0,32.2,7.0,0.154,59.0,0.1963,0.0,3.0,21.59,0.0,0.0,0
PRJ-300824,19.56,445.0,42.0,7.0,0.4197,34.0,0.3017,0.0,4.0,-12.74,1.0,2.0,0
PRJ-300825,45.37,481.0,38.2,5.0,0.0572,9.0,0.4633,2.0,1.0,-8.07,0.0,1.0,0
PRJ-300826,11.38,479.0,129.2,3.0,0.3332,51.0,0.3187,3.0,4.0,-35.57,0.0,5.0,1
PRJ-300827,25.08,129.0,89.0,3.0,0.2557,20.0,0.2152,0.0,4.0,8.12,0.0,4.0,0
PRJ-300828,14.14,128.0,29.5,4.0,0.3343,10.0,0.4261,3.0,4.0,9.85,0.0,4.0,0
PRJ-300829,14.67,146.0,45.2,4.0,0.3222,13.0,0.1847,3.0,4.0,10.59,0.0,6.0,0
PRJ-300830,11.48,355.0,35.8,2.0,0.0488,49.0,0.528,4.0,1.0,-0.44,0.0,1.0,0
PRJ-300831,13.34,332.0,5.4,3.0,0.447,58.0,0.2933,1.0,4.0,-8.85,1.0,3.0,0
PRJ-300832,10.44,469.0,30.6,3.0,0.269,11.0,0.3022,3.0,2.0,-14.33,1.0,5.0,0
PRJ-300833,22.42,462.0,31.0,4.0,0.3841,9.0,0.6613,0.0,4.0,6.78,0.0,2.0,1
PRJ-300834,7.24,447.0,25.5,4.0,0.0653,58.0,0.1765,3.0,3.0,-9.89,0.0,1.0,0
PRJ-300835,3.85,84.0,29.9,5.0,0.1832,7.0,0.3533,0.0,3.0,-20.08,0.0,4.0,0
PRJ-300836,8.34,389.0,36.3,7.0,0.1085,33.0,0.3528,2.0,4.0,12.46,1.0,4.0,1
PRJ-300837,7.73,466.0,63.5,3.0,0.5273,15.0,0.3307,2.0,2.0,-4.38,0.0,5.0,1
PRJ-300838,8.34,531.0,27.3,1.0,0.4373,11.0,0.5892,4.0,1.0,2.04,0.0,7.0,1
PRJ-300839,11.08,214.0,109.4,7.0,0.1289,36.0,0.1837,3.0,4.0,-40.68,0.0,6.0,1
PRJ-300840,8.36,429.0,20.0,2.0,0.3028,10.0,0.4192,2.0,4.0,-0.51,0.0,6.0,1
PRJ-300841,10.97,246.0,96.9,8.0,0.0612,15.0,0.4667,1.0,2.0,-2.83,0.0,3.0,0
PRJ-300842,8.38,124.0,56.3,5.0,0.1294,38.0,0.8139,4.0,4.0,22.31,0.0,7.0,0
PRJ-300843,15.91,213.0,15.2,5.0,0.4133,19.0,0.3255,1.0,4.0,-2.97,1.0,2.0,0
PRJ-300844,45.12,169.0,35.6,4.0,0.0398,59.0,0.2676,4.0,1.0,-36.36,1.0,0.0,0
PRJ-300845,13.95,496.0,132.5,6.0,0.2265,32.0,0.4534,2.0,1.0,-2.88,0.0,4.0,0
PRJ-300846,8.62,131.0,20.3,6.0,0.2257,6.0,0.6596,0.0,4.0,0.09,0.0,5.0,0
PRJ-300847,1.91,109.0,135.0,8.0,0.4821,38.0,0.2691,4.0,3.0,15.78,0.0,5.0,0
PRJ-300848,36.16,331.0,64.8,1.0,0.1666,36.0,0.4043,0.0,1.0,-0.58,0.0,5.0,0
PRJ-300849,14.47,329.0,57.0,2.0,0.6485,34.0,0.5419,4.0,3.0,-5.32,0.0,2.0,1
PRJ-300850,10.91,322.0,62.1,3.0,0.1908,57.0,0.3068,3.0,1.0,-1.81,0.0,2.0,0
PRJ-300851,1.99,118.0,34.8,2.0,0.1047,36.0,0.4955,4.0,2.0,35.36,0.0,0.0,0
PRJ-300852,11.3,291.0,21.1,8.0,0.009,45.0,0.4696,4.0,4.0,6.29,1.0,4.0,0
PRJ-300853,13.27,504.0,46.7,1.0,0.3118,40.0,0.3704,3.0,2.0,-3.63,0.0,7.0,0
PRJ-300854,8.4,89.0,58.6,1.0,0.205,15.0,0.5027,0.0,2.0,12.64,1.0,5.0,0
PRJ-300855,4.42,439.0,67.0,4.0,0.0534,52.0,0.756,2.0,4.0,-14.33,0.0,8.0,0
PRJ-300856,4.21,107.0,65.1,3.0,0.2808,40.0,0.3239,4.0,2.0,-9.48,0.0,3.0,0
PRJ-300857,36.52,160.0,77.4,3.0,0.1746,40.0,0.3877,2.0,2.0,-6.92,0.0,6.0,0
PRJ-300858,13.02,489.0,170.2,5.0,0.2982,4.0,0.2569,2.0,4.0,-22.37,1.0,4.0,1
PRJ-300859,8.4,192.0,55.0,5.0,0.1348,43.0,0.0559,2.0,3.0,12.45,1.0,7.0,0
PRJ-300860,12.51,303.0,105.5,7.0,0.209,5.0,0.4685,1.0,2.0,-10.03,0.0,1.0,0
PRJ-300861,11.95,233.0,68.7,4.0,0.2252,23.0,0.3608,4.0,3.0,1.57,1.0,8.0,0
PRJ-300862,4.05,349.0,182.3,8.0,0.2075,33.0,0.1545,0.0,1.0,-7.26,0.0,6.0,0
PRJ-300863,21.5,245.0,49.2,2.0,0.3112,56.0,0.6966,3.0,1.0,4.13,1.0,1.0,0
PRJ-300864,10.72,264.0,45.2,2.0,0.2283,10.0,0.5422,0.0,4.0,24.26,0.0,8.0,1
PRJ-300865,13.14,449.0,101.0,4.0,0.2676,48.0,0.2036,2.0,2.0,-4.56,0.0,1.0,0
PRJ-300866,29.2,319.0,101.1,1.0,0.159,32.0,0.5036,4.0,4.0,-6.17,1.0,8.0,1
PRJ-300867,4.52,324.0,37.2,1.0,0.1071,34.0,0.4382,3.0,2.0,-16.14,0.0,5.0,0
PRJ-300868,6.97,443.0,67.0,3.0,0.0795,54.0,0.4573,4.0,2.0,-3.73,0.0,4.0,0
PRJ-300869,14.97,256.0,77.9,5.0,0.3947,26.0,0.298,4.0,2.0,-24.37,0.0,8.0,0
PRJ-300870,21.23,452.0,74.9,3.0,0.1099,8.0,0.32,2.0,1.0,18.56,0.0,2.0,1
PRJ-300871,7.85,401.0,62.2,3.0,0.0863,1.0,0.2246,0.0,1.0,-8.43,0.0,5.0,0
PRJ-300872,8.17,482.0,8.5,1.0,0.8332,21.0,0.1414,3.0,1.0,-12.2,0.0,3.0,0
PRJ-300873,18.19,271.0,75.7,1.0,0.2692,59.0,0.2471,4.0,1.0,-2.43,0.0,8.0,0
PRJ-300874,42.97,321.0,78.1,8.0,0.5467,13.0,0.5308,3.0,4.0,8.21,0.0,0.0,0
PRJ-300875,12.79,108.0,64.0,1.0,0.1964,8.0,0.319,1.0,4.0,-3.3,1.0,8.0,0
PRJ-300876,6.96,100.0,34.0,6.0,0.0479,2.0,0.5608,0.0,2.0,14.23,0.0,6.0,0
PRJ-300877,5.58,98.0,123.7,6.0,0.0194,30.0,0.4078,1.0,2.0,-5.9,0.0,7.0,1
PRJ-300878,11.06,358.0,20.8,2.0,0.4499,21.0,0.2404,3.0,2.0,-10.2,0.0,3.0,0
PRJ-300879,20.62,206.0,102.4,2.0,0.0802,20.0,0.4237,1.0,4.0,-0.85,0.0,5.0,0
PRJ-300880,54.63,188.0,20.5,3.0,0.1468,35.0,0.3537,1.0,4.0,-2.15,0.0,7.0,0
PRJ-300881,9.84,343.0,93.9,6.0,0.1696,19.0,0.265,1.0,1.0,11.79,0.0,6.0,0
PRJ-300882,12.8,242.0,21.4,1.0,0.388,3.0,0.3749,1.0,4.0,10.41,0.0,4.0,0
PRJ-300883,32.82,111.0,90.1,7.0,0.2595,25.0,0.3748,2.0,4.0,-6.15,0.0,6.0,0
PRJ-300884,14.81,320.0,142.4,3.0,0.1359,44.0,0.1951,3.0,2.0,-20.28,0.0,3.0,0
PRJ-300885,14.02,317.0,142.8,4.0,0.1137,34.0,0.5018,0.0,2.0,7.53,0.0,4.0,0
PRJ-300886,28.97,114.0,122.3,8.0,0.0402,56.0,0.6328,4.0,3.0,-15.84,0.0,2.0,1
PRJ-300887,13.0,178.0,49.0,2.0,0.5101,0.0,0.2224,0.0,3.0,-1.41,0.0,1.0,1
PRJ-300888,5.92,162.0,29.5,8.0,0.2006,3.0,0.5385,3.0,3.0,6.38,0.0,5.0,0
PRJ-300889,25.38,389.0,43.2,5.0,0.0185,9.0,0.2572,1.0,3.0,23.46,0.0,0.0,1
PRJ-300890,3.56,168.0,97.1,4.0,0.3241,2.0,0.3258,2.0,1.0,28.17,1.0,1.0,1
PRJ-300891,22.76,58.0,74.8,1.0,0.2029,36.0,0.3549,0.0,1.0,5.3,1.0,0.0,0
PRJ-300892,12.14,177.0,193.2,1.0,0.613,37.0,0.2321,0.0,3.0,-25.62,1.0,5.0,1
PRJ-300893,9.91,277.0,31.9,7.0,0.36,44.0,0.4556,3.0,1.0,-14.49,1.0,4.0,0
PRJ-300894,9.74,425.0,148.9,4.0,0.1165,12.0,0.7315,0.0,1.0,-2.13,0.0,3.0,1
PRJ-300895,11.03,70.0,45.9,7.0,0.3046,40.0,0.2554,1.0,4.0,-4.61,0.0,3.0,0
PRJ-300896,8.95,481.0,20.5,7.0,0.1323,10.0,0.2917,3.0,3.0,1.44,0.0,8.0,0
PRJ-300897,16.23,208.0,60.7,4.0,0.3601,59.0,0.3878,4.0,1.0,1.66,1.0,0.0,0
PRJ-300898,9.17,214.0,73.5,3.0,0.2985,15.0,0.3173,4.0,4.0,-15.37,0.0,7.0,0
PRJ-300899,12.2,52.0,114.7,3.0,0.1053,2.0,0.2876,1.0,1.0,7.71,0.0,6.0,0
PRJ-300900,2.56,181.0,31.8,6.0,0.4421,11.0,0.3473,2.0,3.0,-11.82,0.0,1.0,0
PRJ-300901,12.14,277.0,60.6,6.0,0.2179,30.0,0.5148,2.0,3.0,2.04,0.0,5.0,0
PRJ-300902,8.82,354.0,49.6,3.0,0.0908,42.0,0.2836,0.0,2.0,23.31,0.0,8.0,0
PRJ-300903,21.72,424.0,37.1,5.0,0.1462,25.0,0.2955,4.0,1.0,-12.79,0.0,4.0,0
PRJ-300904,10.2,303.0,138.9,5.0,0.0348,19.0,0.4899,3.0,1.0,1.9,1.0,7.0,0
PRJ-300905,19.76,94.0,74.2,2.0,0.2807,11.0,0.1033,0.0,3.0,-5.14,0.0,8.0,1
PRJ-300906,18.36,238.0,4.7,5.0,0.1262,7.0,0.2083,0.0,4.0,-12.93,1.0,0.0,0
PRJ-300907,18.68,408.0,61.4,7.0,0.1651,53.0,0.1634,3.0,2.0,1.54,0.0,3.0,0
PRJ-300908,10.44,361.0,10.8,8.0,0.1243,44.0,0.2545,1.0,2.0,-9.87,1.0,7.0,0
PRJ-300909,12.68,334.0,57.0,3.0,0.2991,8.0,0.5524,2.0,2.0,10.08,1.0,4.0,1
PRJ-300910,15.95,296.0,12.8,2.0,0.1016,9.0,0.4822,2.0,4.0,8.17,1.0,3.0,0
PRJ-300911,12.94,294.0,74.5,8.0,0.2294,30.0,0.4379,3.0,1.0,21.49,0.0,7.0,0
PRJ-300912,10.21,536.0,10.6,8.0,0.6065,21.0,0.4787,4.0,4.0,9.89,0.0,8.0,1
PRJ-300913,6.32,341.0,21.5,7.0,0.3082,11.0,0.1196,4.0,2.0,8.36,0.0,8.0,1
PRJ-300914,12.29,340.0,86.6,3.0,0.1298,26.0,0.6241,1.0,4.0,-25.15,0.0,6.0,0
PRJ-300915,3.86,211.0,49.0,3.0,0.1111,26.0,0.5952,0.0,2.0,11.51,1.0,5.0,0
PRJ-300916,2.42,287.0,14.1,5.0,0.1847,34.0,0.2684,1.0,2.0,9.78,0.0,4.0,0
PRJ-300917,5.31,396.0,133.1,3.0,0.4207,47.0,0.5734,3.0,3.0,-9.28,0.0,4.0,1
PRJ-300918,18.54,469.0,35.3,7.0,0.402,16.0,0.175,1.0,1.0,22.51,0.0,6.0,1
PRJ-300919,14.2,430.0,40.3,4.0,0.6806,42.0,0.5005,3.0,3.0,11.72,0.0,1.0,0
PRJ-300920,18.66,372.0,43.2,3.0,0.142,43.0,0.3452,1.0,2.0,2.76,0.0,3.0,0
PRJ-300921,7.43,430.0,78.9,7.0,0.1009,42.0,0.5804,2.0,4.0,9.46,1.0,0.0,0
PRJ-300922,23.12,61.0,37.6,3.0,0.2667,55.0,0.4242,0.0,2.0,5.94,0.0,0.0,0
PRJ-300923,4.21,178.0,44.5,2.0,0.0752,12.0,0.6843,0.0,1.0,2.46,0.0,7.0,0
PRJ-300924,5.45,165.0,107.2,7.0,0.3902,44.0,0.3082,4.0,4.0,-2.37,0.0,8.0,0
PRJ-300925,22.87,368.0,98.3,3.0,0.4477,1.0,0.5569,0.0,3.0,15.46,0.0,3.0,0
PRJ-300926,13.54,417.0,42.4,6.0,0.1735,20.0,0.1432,2.0,1.0,-17.71,0.0,6.0,0
PRJ-300927,18.73,118.0,43.6,6.0,0.1934,43.0,0.345,2.0,1.0,2.55,1.0,8.0,0
PRJ-300928,14.24,140.0,2.6,1.0,0.227,55.0,0.3481,3.0,1.0,18.41,0.0,0.0,0
PRJ-300929,8.2,290.0,56.2,1.0,0.2356,6.0,0.3161,3.0,2.0,1.53,0.0,4.0,0
PRJ-300930,4.99,524.0,88.9,7.0,0.33,43.0,0.3446,2.0,1.0,9.83,0.0,3.0,1
PRJ-300931,2.9,46.0,36.0,1.0,0.1105,23.0,0.4813,2.0,1.0,0.06,0.0,2.0,0
PRJ-300932,34.54,480.0,120.0,3.0,0.3756,32.0,0.4927,3.0,1.0,-12.38,0.0,3.0,1
PRJ-300933,3.46,140.0,9.3,7.0,0.471,50.0,0.5728,0.0,2.0,11.3,1.0,0.0,0
PRJ-300934,28.37,177.0,22.9,2.0,0.178,51.0,0.3014,1.0,2.0,18.19,1.0,5.0,0
PRJ-300935,13.05,357.0,113.6,5.0,0.2691,24.0,0.2325,0.0,3.0,-6.84,0.0,4.0,0
PRJ-300936,14.53,405.0,86.5,1.0,0.2413,52.0,0.0895,1.0,4.0,6.84,0.0,1.0,0
PRJ-300937,13.92,477.0,8.7,5.0,0.5277,27.0,0.6013,1.0,4.0,3.6,0.0,8.0,0
PRJ-300938,17.27,47.0,10.7,6.0,0.2866,13.0,0.4846,0.0,4.0,-4.56,0.0,8.0,0
PRJ-300939,6.93,69.0,75.3,2.0,0.0479,57.0,0.2168,0.0,3.0,14.25,0.0,6.0,0
PRJ-300940,2.19,281.0,64.5,3.0,0.6503,21.0,0.2217,2.0,4.0,-2.96,0.0,7.0,0
PRJ-300941,8.08,321.0,39.7,5.0,0.161,54.0,0.5554,0.0,2.0,-12.7,0.0,4.0,0
PRJ-300942,16.34,174.0,117.2,7.0,0.1078,55.0,0.3484,3.0,1.0,-4.51,0.0,6.0,0
PRJ-300943,5.49,360.0,28.2,5.0,0.2663,5.0,0.3848,3.0,2.0,-1.99,0.0,0.0,0
PRJ-300944,23.48,176.0,5.1,6.0,0.2522,42.0,0.407,2.0,2.0,-8.27,0.0,3.0,0
PRJ-300945,11.17,506.0,78.8,4.0,0.0963,52.0,0.5139,2.0,3.0,-6.77,0.0,4.0,1
PRJ-300946,5.12,132.0,91.5,2.0,0.1246,12.0,0.3367,4.0,4.0,-14.22,0.0,8.0,1
PRJ-300947,13.45,369.0,29.6,8.0,0.3816,29.0,0.1924,3.0,3.0,-3.85,0.0,1.0,0
PRJ-300948,16.16,307.0,17.4,7.0,0.3673,59.0,0.2918,4.0,4.0,2.07,0.0,4.0,0
PRJ-300949,16.92,96.0,5.4,1.0,0.0575,47.0,0.4104,1.0,4.0,-11.18,0.0,4.0,0
PRJ-300950,22.88,344.0,48.3,3.0,0.0578,20.0,0.2496,2.0,1.0,-13.37,0.0,0.0,1
PRJ-300951,3.97,117.0,62.2,4.0,0.3648,21.0,0.3627,0.0,4.0,-12.52,1.0,1.0,0
PRJ-300952,22.9,312.0,96.1,1.0,0.138,6.0,0.3946,2.0,2.0,-1.93,0.0,2.0,1
PRJ-300953,24.24,359.0,65.0,7.0,0.0993,57.0,0.4499,0.0,1.0,-6.47,0.0,0.0,0
PRJ-300954,4.99,80.0,31.6,2.0,0.3031,52.0,0.6698,1.0,1.0,-20.21,0.0,7.0,0
PRJ-300955,5.76,151.0,56.2,2.0,0.1762,47.0,0.3351,0.0,4.0,-15.63,0.0,8.0,0
PRJ-300956,19.34,191.0,99.5,3.0,0.1522,24.0,0.1798,1.0,1.0,-1.44,0.0,7.0,0
PRJ-300957,9.21,504.0,61.6,8.0,0.185,26.0,0.6833,4.0,3.0,-4.97,0.0,6.0,1
PRJ-300958,26.5,154.0,89.7,2.0,0.2241,22.0,0.1741,3.0,2.0,-1.46,0.0,6.0,0
PRJ-300959,31.17,500.0,18.2,4.0,0.1454,21.0,0.5229,4.0,2.0,18.53,0.0,8.0,1
PRJ-300960,5.12,309.0,76.7,6.0,0.2259,3.0,0.3338,4.0,3.0,2.75,0.0,3.0,0
PRJ-300961,6.83,514.0,65.1,2.0,0.4107,12.0,0.4779,0.0,1.0,-22.77,0.0,2.0,1
PRJ-300962,13.0,456.0,37.3,1.0,0.5755,36.0,0.7244,0.0,2.0,-8.02,0.0,2.0,1
PRJ-300963,2.15,190.0,100.7,1.0,0.3173,16.0,0.2834,4.0,3.0,3.79,0.0,4.0,1
PRJ-300964,2.97,322.0,168.8,2.0,0.2791,9.0,0.2779,4.0,3.0,-8.52,1.0,2.0,0
PRJ-300965,6.28,399.0,8.4,3.0,0.2724,26.0,0.3424,1.0,3.0,-12.32,0.0,3.0,0
PRJ-300966,37.91,83.0,38.8,8.0,0.3663,48.0,0.7336,1.0,4.0,10.49,0.0,1.0,0
PRJ-300967,14.33,373.0,45.6,8.0,0.3175,21.0,0.3995,3.0,4.0,-5.43,1.0,2.0,0
PRJ-300968,7.65,272.0,48.3,5.0,0.1061,45.0,0.1841,2.0,1.0,-10.87,1.0,6.0,0
PRJ-300969,5.73,62.0,28.7,8.0,0.4197,38.0,0.3551,1.0,2.0,-10.72,0.0,4.0,0
PRJ-300970,4.95,474.0,10.3,1.0,0.1214,19.0,0.3211,1.0,1.0,19.79,1.0,4.0,0
PRJ-300971,8.05,176.0,40.4,5.0,0.1729,38.0,0.1975,3.0,3.0,-14.12,0.0,8.0,1
PRJ-300972,7.73,477.0,45.9,4.0,0.4096,30.0,0.6758,4.0,3.0,-2.85,0.0,6.0,0
PRJ-300973,10.37,147.0,37.7,1.0,0.4522,11.0,0.5213,4.0,3.0,-2.13,0.0,3.0,1
PRJ-300974,16.67,313.0,46.8,5.0,0.2465,25.0,0.1005,3.0,1.0,7.84,0.0,1.0,0
PRJ-300975,11.49,228.0,57.2,4.0,0.2383,15.0,0.3544,4.0,4.0,-10.15,0.0,2.0,1
PRJ-300976,20.08,487.0,41.6,7.0,0.236,32.0,0.2697,0.0,1.0,-10.52,0.0,0.0,0
PRJ-300977,9.87,516.0,28.5,4.0,0.1457,2.0,0.2002,4.0,4.0,9.28,0.0,0.0,0
PRJ-300978,32.66,426.0,47.0,4.0,0.1275,4.0,0.2689,1.0,2.0,29.35,0.0,1.0,1
PRJ-300979,19.77,463.0,60.5,2.0,0.2816,22.0,0.1123,1.0,3.0,-7.21,0.0,0.0,0
PRJ-300980,14.08,425.0,50.2,4.0,0.0731,30.0,0.2948,4.0,1.0,-8.02,0.0,7.0,0
PRJ-300981,16.7,190.0,176.3,1.0,0.1403,28.0,0.1984,3.0,2.0,29.42,0.0,4.0,1
PRJ-300982,8.21,500.0,63.7,5.0,0.1403,4.0,0.2886,0.0,2.0,-4.72,0.0,5.0,0
PRJ-300983,10.26,307.0,48.5,4.0,0.1476,6.0,0.2681,1.0,3.0,-4.24,0.0,5.0,1
PRJ-300984,9.99,215.0,25.0,3.0,0.4354,6.0,0.4442,3.0,3.0,2.16,0.0,3.0,0
PRJ-300985,7.01,140.0,25.6,3.0,0.2568,5.0,0.5874,0.0,3.0,4.88,0.0,7.0,0
PRJ-300986,4.34,396.0,37.7,8.0,0.101,49.0,0.3585,0.0,3.0,2.96,0.0,0.0,0
PRJ-300987,17.29,182.0,38.7,6.0,0.1931,16.0,0.3127,1.0,4.0,11.54,0.0,3.0,0
PRJ-300988,22.12,368.0,37.5,7.0,0.1343,47.0,0.6228,1.0,1.0,-16.75,0.0,4.0,0
PRJ-300989,15.73,77.0,65.7,4.0,0.0427,29.0,0.453,1.0,3.0,-2.74,1.0,5.0,0
PRJ-300990,11.47,359.0,98.5,4.0,0.2874,59.0,0.4602,3.0,4.0,13.04,0.0,5.0,1
PRJ-300991,41.92,363.0,79.0,1.0,0.3713,59.0,0.605,2.0,1.0,-27.57,0.0,0.0,1
PRJ-300992,7.58,304.0,72.7,6.0,0.3635,36.0,0.4295,2.0,4.0,-15.8,0.0,2.0,0
PRJ-300993,14.39,370.0,22.7,1.0,0.4502,54.0,0.1671,3.0,3.0,8.49,1.0,0.0,0
PRJ-300994,24.15,536.0,108.6,8.0,0.2318,24.0,0.7066,4.0,4.0,0.99,0.0,1.0,1
PRJ-300995,5.34,460.0,24.6,6.0,0.0686,23.0,0.4791,1.0,2.0,-7.76,0.0,7.0,0
PRJ-300996,18.15,262.0,59.4,4.0,0.1706,7.0,0.4091,2.0,3.0,3.77,0.0,3.0,0
PRJ-300997,34.0,476.0,69.6,6.0,0.168,33.0,0.7062,4.0,3.0,5.27,0.0,1.0,1
PRJ-300998,12.12,517.0,110.8,8.0,0.1494,39.0,0.3988,1.0,2.0,-10.67,0.0,0.0,0
PRJ-300999,13.56,124.0,155.6,2.0,0.1144,33.0,0.2641,0.0,3.0,-0.92,0.0,6.0,0
PRJ-301000,7.61,222.0,36.5,6.0,0.2204,13.0,0.1693,3.0,3.0,-14.11,0.0,5.0,0
PRJ-301001,16.58,412.0,55.8,7.0,0.3305,20.0,0.3085,4.0,4.0,13.84,0.0,7.0,1
PRJ-301002,6.89,299.0,104.0,5.0,0.4043,15.0,0.2705,3.0,4.0,-18.73,0.0,7.0,1
PRJ-301003,11.64,111.0,164.5,6.0,0.1772,51.0,0.4688,3.0,4.0,-1.55,0.0,8.0,0
PRJ-301004,3.95,278.0,39.7,5.0,0.0856,8.0,0.5298,0.0,3.0,9.52,1.0,2.0,0
PRJ-301005,1.55,229.0,23.7,2.0,0.5532,17.0,0.155,1.0,2.0,24.02,0.0,1.0,1
PRJ-301006,8.72,410.0,14.1,8.0,0.0678,19.0,0.2136,1.0,3.0,-2.31,0.0,1.0,0
PRJ-301007,8.62,300.0,8.9,3.0,0.2144,25.0,0.2043,3.0,1.0,33.0,1.0,7.0,0
PRJ-301008,9.25,114.0,27.3,4.0,0.1957,18.0,0.5331,1.0,1.0,-13.64,0.0,7.0,0
PRJ-301009,19.39,69.0,90.4,8.0,0.0943,54.0,0.2803,2.0,4.0,7.06,0.0,2.0,0
PRJ-301010,22.52,187.0,94.0,1.0,0.5713,30.0,0.471,0.0,2.0,-8.38,0.0,6.0,1
PRJ-301011,14.79,122.0,63.7,4.0,0.0822,20.0,0.375,0.0,1.0,19.67,0.0,1.0,0
PRJ-301012,18.53,478.0,38.3,5.0,0.2472,20.0,0.0585,1.0,3.0,-1.06,1.0,3.0,1
PRJ-301013,7.03,179.0,65.8,2.0,0.1713,30.0,0.5036,4.0,1.0,-12.37,0.0,5.0,1
PRJ-301014,5.87,359.0,50.8,6.0,0.2259,21.0,0.5689,0.0,4.0,14.88,0.0,8.0,1
PRJ-301015,16.8,108.0,39.8,5.0,0.3228,52.0,0.1992,1.0,4.0,-5.26,1.0,1.0,0
PRJ-301016,5.29,263.0,61.6,3.0,0.3853,7.0,0.2671,2.0,3.0,-15.59,0.0,1.0,1
PRJ-301017,4.86,507.0,37.0,2.0,0.1911,19.0,0.2236,4.0,2.0,-3.85,0.0,6.0,1
PRJ-301018,55.75,363.0,61.3,3.0,0.0456,25.0,0.4977,0.0,2.0,12.11,0.0,3.0,1
PRJ-301019,12.65,187.0,68.5,7.0,0.4409,57.0,0.5831,3.0,1.0,-1.79,1.0,7.0,0
PRJ-301020,8.63,415.0,80.6,5.0,0.4986,17.0,0.2666,3.0,2.0,-4.71,1.0,1.0,1
PRJ-301021,7.95,293.0,10.8,7.0,0.2154,12.0,0.0769,3.0,3.0,-0.04,1.0,7.0,0
PRJ-301022,4.03,161.0,109.6,6.0,0.3125,23.0,0.2248,3.0,3.0,-28.87,1.0,3.0,0
PRJ-301023,14.59,538.0,45.9,7.0,0.2121,41.0,0.4935,0.0,2.0,34.32,0.0,1.0,0
PRJ-301024,9.85,509.0,156.8,7.0,0.2723,59.0,0.1946,0.0,3.0,-0.67,0.0,8.0,0
PRJ-301025,22.11,325.0,90.8,5.0,0.2241,3.0,0.29,4.0,2.0,11.56,0.0,0.0,1
PRJ-301026,17.14,61.0,24.3,3.0,0.5179,38.0,0.3972,4.0,2.0,17.94,1.0,3.0,1
PRJ-301027,9.62,248.0,73.5,6.0,0.2548,32.0,0.4935,2.0,3.0,-12.93,1.0,5.0,0
PRJ-301028,2.55,299.0,104.3,8.0,0.3669,20.0,0.3647,1.0,4.0,-15.39,0.0,5.0,0
PRJ-301029,12.67,505.0,41.3,3.0,0.3706,9.0,0.0923,4.0,4.0,19.09,1.0,6.0,0
PRJ-301030,11.92,407.0,22.7,4.0,0.1364,39.0,0.3945,4.0,3.0,-9.87,0.0,8.0,0
PRJ-301031,2.19,155.0,19.5,8.0,0.0412,37.0,0.3096,1.0,1.0,-4.74,0.0,6.0,0
PRJ-301032,15.88,297.0,13.6,5.0,0.1164,7.0,0.4696,0.0,2.0,-9.18,0.0,1.0,0
PRJ-301033,5.15,133.0,5.8,2.0,0.0719,37.0,0.1217,3.0,1.0,-36.05,1.0,1.0,0
PRJ-301034,22.85,279.0,46.6,3.0,0.5173,30.0,0.4672,4.0,4.0,-2.79,1.0,7.0,0
PRJ-301035,11.44,310.0,20.4,3.0,0.1504,24.0,0.3088,1.0,4.0,-0.96,0.0,6.0,0
PRJ-301036,7.79,297.0,29.6,4.0,0.3261,31.0,0.4115,0.0,2.0,12.77,0.0,3.0,1
PRJ-301037,13.88,256.0,159.2,8.0,0.1416,55.0,0.3441,3.0,1.0,-5.52,0.0,5.0,0
PRJ-301038,13.32,261.0,68.7,7.0,0.1997,26.0,0.6906,0.0,2.0,-7.45,1.0,8.0,1
PRJ-301039,12.99,439.0,23.7,8.0,0.46,53.0,0.1992,4.0,4.0,6.37,0.0,2.0,0
PRJ-301040,20.96,295.0,208.3,6.0,0.605,1.0,0.5457,1.0,1.0,10.66,0.0,7.0,1
PRJ-301041,14.44,65.0,61.0,5.0,0.0736,44.0,0.4085,1.0,2.0,-14.12,0.0,2.0,0
PRJ-301042,7.31,411.0,196.5,6.0,0.3269,44.0,0.1916,4.0,1.0,-23.94,0.0,4.0,1
PRJ-301043,10.06,350.0,134.7,4.0,0.0523,43.0,0.104,1.0,3.0,26.66,0.0,8.0,0
PRJ-301044,28.06,389.0,62.5,1.0,0.2303,22.0,0.7721,0.0,4.0,18.63,1.0,2.0,0
PRJ-301045,6.85,396.0,46.3,1.0,0.3048,4.0,0.2621,3.0,1.0,-8.2,0.0,7.0,0
PRJ-301046,15.72,130.0,89.5,5.0,0.0962,3.0,0.1388,2.0,2.0,-4.13,0.0,0.0,0
PRJ-301047,21.45,526.0,58.7,6.0,0.2649,19.0,0.1717,2.0,2.0,-0.69,1.0,2.0,0
PRJ-301048,16.71,535.0,34.6,3.0,0.1057,7.0,0.0776,0.0,1.0,-10.55,0.0,1.0,1
PRJ-301049,12.72,117.0,32.9,1.0,0.0991,12.0,0.7319,1.0,3.0,-7.3,0.0,1.0,0
PRJ-301050,14.06,153.0,99.5,1.0,0.4677,1.0,0.646,3.0,1.0,-1.71,0.0,1.0,1
PRJ-301051,17.4,166.0,23.6,3.0,0.5219,23.0,0.361,4.0,4.0,-17.32,0.0,6.0,0
PRJ-301052,6.79,523.0,98.6,7.0,0.5591,54.0,0.4248,0.0,2.0,27.84,0.0,6.0,0
PRJ-301053,11.97,506.0,51.8,4.0,0.2804,6.0,0.3136,0.0,2.0,-20.53,0.0,2.0,1
PRJ-301054,41.77,176.0,11.2,8.0,0.2161,21.0,0.2118,0.0,3.0,-25.5,0.0,6.0,0
PRJ-301055,16.03,357.0,104.0,8.0,0.1361,19.0,0.526,4.0,4.0,10.6,1.0,0.0,0
PRJ-301056,13.02,165.0,24.2,7.0,0.0702,26.0,0.1567,2.0,1.0,-5.03,1.0,2.0,0
PRJ-301057,9.38,63.0,27.1,8.0,0.5612,34.0,0.143,0.0,1.0,4.84,0.0,5.0,1
PRJ-301058,6.85,159.0,42.8,2.0,0.1358,55.0,0.4298,3.0,4.0,-0.26,0.0,7.0,0
PRJ-301059,14.37,83.0,48.3,8.0,0.3381,9.0,0.3769,3.0,1.0,-4.84,0.0,4.0,0
PRJ-301060,15.02,464.0,62.8,8.0,0.2397,18.0,0.1516,0.0,1.0,-1.43,0.0,3.0,0
PRJ-301061,11.44,433.0,100.4,7.0,0.432,6.0,0.3131,1.0,4.0,4.6,0.0,1.0,0
PRJ-301062,52.2,136.0,98.1,2.0,0.3184,2.0,0.7188,1.0,4.0,13.41,0.0,4.0,1
PRJ-301063,7.28,325.0,32.0,3.0,0.1501,42.0,0.2605,3.0,3.0,-9.32,0.0,8.0,0
PRJ-301064,6.11,146.0,32.9,6.0,0.1014,17.0,0.4643,2.0,3.0,5.4,0.0,8.0,0
PRJ-301065,9.47,324.0,93.1,1.0,0.0514,14.0,0.7552,3.0,1.0,-5.82,1.0,6.0,0
PRJ-301066,11.69,488.0,20.5,7.0,0.0621,26.0,0.3107,2.0,1.0,-4.64,0.0,0.0,0
PRJ-301067,6.59,480.0,51.8,4.0,0.0816,28.0,0.0634,1.0,1.0,-10.79,1.0,1.0,0
PRJ-301068,14.14,457.0,128.1,1.0,0.1035,26.0,0.3591,0.0,1.0,-3.75,1.0,3.0,1
PRJ-301069,15.15,164.0,36.1,3.0,0.4075,50.0,0.2178,1.0,4.0,-14.98,1.0,8.0,0
PRJ-301070,18.72,139.0,13.4,4.0,0.2116,40.0,0.7017,2.0,2.0,-13.9,0.0,6.0,0
PRJ-301071,8.45,124.0,24.2,6.0,0.449,22.0,0.5917,3.0,1.0,-11.19,0.0,3.0,0
PRJ-301072,26.61,107.0,25.6,5.0,0.282,11.0,0.7752,4.0,1.0,-27.38,0.0,4.0,1
PRJ-301073,17.93,348.0,22.4,3.0,0.1876,5.0,0.5543,0.0,2.0,-11.64,1.0,2.0,1
PRJ-301074,7.17,370.0,41.3,5.0,0.2374,42.0,0.3193,4.0,2.0,-6.29,0.0,6.0,0
PRJ-301075,6.57,481.0,193.9,8.0,0.1578,47.0,0.4043,1.0,4.0,4.03,0.0,0.0,0
PRJ-301076,9.92,89.0,72.1,3.0,0.2952,41.0,0.3264,4.0,4.0,-17.01,0.0,0.0,0
PRJ-301077,15.18,176.0,44.4,3.0,0.1316,44.0,0.6376,0.0,3.0,-0.78,0.0,5.0,0
PRJ-301078,16.62,405.0,47.4,1.0,0.1541,38.0,0.1938,4.0,4.0,4.16,0.0,4.0,0
PRJ-301079,17.91,382.0,28.5,4.0,0.1697,36.0,0.5076,2.0,4.0,-3.61,0.0,5.0,1
PRJ-301080,40.14,256.0,47.3,3.0,0.0545,57.0,0.6041,3.0,1.0,1.86,1.0,2.0,0
PRJ-301081,3.13,120.0,124.3,7.0,0.5065,32.0,0.5631,1.0,1.0,2.15,0.0,3.0,0
PRJ-301082,11.23,284.0,53.1,1.0,0.2678,54.0,0.4514,4.0,1.0,-4.81,0.0,5.0,1
PRJ-301083,38.09,130.0,97.7,5.0,0.4335,45.0,0.2638,3.0,2.0,-8.47,1.0,3.0,0
PRJ-301084,19.27,310.0,88.9,7.0,0.2955,26.0,0.511,1.0,2.0,1.54,1.0,7.0,0
PRJ-301085,5.84,491.0,188.1,3.0,0.2757,21.0,0.1981,3.0,1.0,-13.53,0.0,4.0,0
PRJ-301086,13.68,141.0,87.8,1.0,0.2923,9.0,0.4813,0.0,3.0,-27.51,0.0,1.0,1
PRJ-301087,10.79,103.0,179.6,6.0,0.0933,19.0,0.2609,1.0,2.0,-9.28,0.0,0.0,0
PRJ-301088,10.53,410.0,102.7,5.0,0.23,31.0,0.1435,0.0,1.0,-7.38,0.0,0.0,0
PRJ-301089,8.33,57.0,62.9,5.0,0.1071,37.0,0.1927,2.0,4.0,1.21,0.0,4.0,0
PRJ-301090,12.96,531.0,26.5,8.0,0.4741,50.0,0.1488,3.0,3.0,0.67,0.0,7.0,0
PRJ-301091,23.6,428.0,97.3,1.0,0.1485,9.0,0.2336,2.0,4.0,-8.34,0.0,8.0,0
PRJ-301092,8.86,244.0,103.0,2.0,0.124,9.0,0.6428,3.0,4.0,0.41,0.0,7.0,1
PRJ-301093,17.99,224.0,104.9,4.0,0.1812,37.0,0.421,1.0,1.0,10.22,1.0,7.0,0
PRJ-301094,20.01,236.0,2.2,5.0,0.0825,0.0,0.4938,3.0,1.0,-2.81,0.0,2.0,0
PRJ-301095,26.48,241.0,35.3,8.0,0.0773,52.0,0.0381,3.0,2.0,-11.77,0.0,5.0,0
PRJ-301096,6.49,460.0,71.5,5.0,0.4658,12.0,0.2033,4.0,4.0,-5.49,0.0,4.0,1
PRJ-301097,12.29,440.0,37.5,2.0,0.1799,30.0,0.3159,1.0,2.0,7.93,1.0,8.0,0
PRJ-301098,7.68,146.0,32.7,7.0,0.0903,4.0,0.4313,1.0,4.0,-17.93,0.0,0.0,0
PRJ-301099,12.98,134.0,28.4,4.0,0.1786,4.0,0.2906,2.0,1.0,7.28,0.0,8.0,0
PRJ-301100,12.92,312.0,11.6,7.0,0.4853,53.0,0.2778,0.0,2.0,-7.31,0.0,3.0,0
PRJ-301101,5.39,366.0,68.8,3.0,0.095,39.0,0.3005,4.0,1.0,12.37,0.0,6.0,0
PRJ-301102,13.48,404.0,30.9,7.0,0.4425,56.0,0.1781,2.0,2.0,2.56,0.0,3.0,0
PRJ-301103,41.37,200.0,36.1,5.0,0.1252,52.0,0.326,3.0,4.0,6.45,0.0,1.0,0
PRJ-301104,16.67,283.0,44.4,5.0,0.1537,59.0,0.5805,1.0,2.0,10.18,1.0,7.0,0
PRJ-301105,4.62,96.0,76.9,8.0,0.2926,11.0,0.6497,1.0,4.0,12.29,0.0,0.0,0
PRJ-301106,6.21,270.0,61.6,2.0,0.484,43.0,0.3398,2.0,1.0,9.34,0.0,0.0,1
PRJ-301107,11.88,385.0,59.6,3.0,0.1166,36.0,0.182,2.0,1.0,-12.06,0.0,7.0,1
PRJ-301108,6.31,195.0,4.7,2.0,0.1756,12.0,0.2503,3.0,3.0,8.16,0.0,7.0,0
PRJ-301109,25.6,202.0,99.0,7.0,0.1878,11.0,0.214,4.0,4.0,-16.95,0.0,5.0,0
PRJ-301110,4.22,273.0,150.4,7.0,0.2078,23.0,0.2722,3.0,2.0,-15.02,0.0,1.0,0
PRJ-301111,16.74,473.0,58.4,7.0,0.6507,49.0,0.4571,3.0,4.0,-1.83,0.0,5.0,0
PRJ-301112,3.59,344.0,19.9,2.0,0.2423,27.0,0.5599,0.0,4.0,14.16,0.0,4.0,0
PRJ-301113,11.76,499.0,33.4,3.0,0.0695,15.0,0.3693,2.0,2.0,-2.1,1.0,4.0,1
PRJ-301114,5.67,75.0,20.7,4.0,0.2612,34.0,0.2795,0.0,1.0,-10.34,0.0,1.0,0
PRJ-301115,18.7,465.0,138.8,7.0,0.3962,37.0,0.1457,2.0,3.0,6.66,0.0,0.0,1
PRJ-301116,22.99,66.0,36.0,7.0,0.2856,37.0,0.4637,4.0,3.0,-6.34,0.0,4.0,0
PRJ-301117,15.15,204.0,60.4,8.0,0.2881,35.0,0.1713,3.0,2.0,4.73,0.0,0.0,0
PRJ-301118,23.65,256.0,43.0,7.0,0.1927,22.0,0.1627,1.0,3.0,0.83,0.0,8.0,0
PRJ-301119,1.83,162.0,74.4,8.0,0.3367,22.0,0.1986,0.0,1.0,-12.24,0.0,2.0,0
PRJ-301120,13.37,534.0,25.0,3.0,0.2141,22.0,0.4592,1.0,2.0,12.92,0.0,7.0,0
PRJ-301121,16.59,486.0,58.6,5.0,0.1126,54.0,0.2477,3.0,1.0,-20.47,1.0,5.0,0
PRJ-301122,17.96,327.0,36.2,5.0,0.2678,25.0,0.2993,1.0,3.0,-11.45,0.0,4.0,1
PRJ-301123,15.97,269.0,108.1,2.0,0.0265,54.0,0.2703,2.0,3.0,7.01,0.0,5.0,0
PRJ-301124,18.21,422.0,5.4,8.0,0.396,18.0,0.3984,2.0,4.0,33.76,0.0,0.0,1
PRJ-301125,13.27,395.0,39.5,1.0,0.1923,20.0,0.2564,0.0,1.0,-21.88,1.0,0.0,1
PRJ-301126,4.65,282.0,101.1,7.0,0.1986,21.0,0.0972,3.0,4.0,-2.18,0.0,3.0,0
PRJ-301127,8.29,454.0,93.1,3.0,0.3462,20.0,0.3013,4.0,4.0,-28.94,0.0,3.0,0
PRJ-301128,25.68,140.0,12.5,2.0,0.2638,19.0,0.42,2.0,4.0,-2.42,0.0,3.0,0
PRJ-301129,23.92,182.0,86.2,5.0,0.0967,39.0,0.3536,2.0,3.0,-8.49,1.0,1.0,0
PRJ-301130,16.4,53.0,23.0,4.0,0.1991,57.0,0.6613,3.0,3.0,-0.2,1.0,1.0,0
PRJ-301131,18.95,103.0,29.3,4.0,0.1668,17.0,0.3777,3.0,3.0,16.31,0.0,3.0,1
PRJ-301132,22.19,143.0,97.3,8.0,0.1646,18.0,0.306,1.0,1.0,9.73,0.0,7.0,0
PRJ-301133,16.28,354.0,38.9,6.0,0.1118,18.0,0.381,2.0,3.0,-4.86,0.0,4.0,0
PRJ-301134,25.24,468.0,11.6,5.0,0.3238,14.0,0.4137,2.0,2.0,7.87,0.0,3.0,0
PRJ-301135,24.72,337.0,18.1,7.0,0.545,1.0,0.1651,4.0,3.0,0.34,0.0,4.0,1
PRJ-301136,49.29,265.0,52.2,7.0,0.3906,0.0,0.458,4.0,4.0,-13.0,0.0,2.0,1
PRJ-301137,8.53,178.0,37.8,2.0,0.4007,5.0,0.1173,2.0,4.0,-1.19,0.0,7.0,0
PRJ-301138,8.64,95.0,37.3,4.0,0.0632,8.0,0.7245,4.0,3.0,5.17,0.0,6.0,1
PRJ-301139,15.51,334.0,73.5,8.0,0.0292,39.0,0.1113,3.0,3.0,44.09,0.0,0.0,0
PRJ-301140,36.74,114.0,64.2,7.0,0.1864,7.0,0.1574,2.0,1.0,15.37,0.0,2.0,0
PRJ-301141,26.47,436.0,40.0,1.0,0.254,19.0,0.42,2.0,2.0,8.22,0.0,1.0,0
PRJ-301142,20.43,247.0,94.2,2.0,0.5242,27.0,0.2125,3.0,1.0,-21.82,1.0,8.0,1
PRJ-301143,27.58,218.0,73.9,3.0,0.0963,4.0,0.0917,4.0,3.0,1.96,1.0,4.0,0
PRJ-301144,16.78,58.0,61.5,5.0,0.1817,28.0,0.5558,0.0,2.0,16.88,0.0,3.0,0
PRJ-301145,10.0,164.0,33.2,7.0,0.3293,55.0,0.4129,3.0,2.0,6.34,0.0,6.0,0
PRJ-301146,42.32,51.0,104.6,4.0,0.0857,0.0,0.5209,4.0,3.0,13.6,0.0,3.0,1
PRJ-301147,16.0,403.0,36.9,2.0,0.1497,17.0,0.1066,4.0,4.0,5.95,0.0,7.0,0
PRJ-301148,24.39,287.0,39.7,5.0,0.1785,5.0,0.3055,0.0,2.0,12.18,0.0,2.0,0
PRJ-301149,1.82,434.0,140.9,2.0,0.1681,12.0,0.2245,2.0,2.0,-20.74,0.0,4.0,0
PRJ-301150,2.08,324.0,24.1,6.0,0.3798,50.0,0.6527,2.0,2.0,19.65,0.0,0.0,0
PRJ-301151,13.65,517.0,23.8,8.0,0.1388,31.0,0.29,1.0,2.0,9.64,0.0,8.0,0
PRJ-301152,6.31,432.0,40.9,6.0,0.359,20.0,0.184,2.0,2.0,14.09,1.0,6.0,0
PRJ-301153,14.48,118.0,19.7,8.0,0.2873,49.0,0.4085,4.0,1.0,1.56,0.0,5.0,0
PRJ-301154,8.63,102.0,20.2,5.0,0.1023,55.0,0.0927,0.0,1.0,6.39,0.0,5.0,0
PRJ-301155,53.65,485.0,138.2,7.0,0.1343,52.0,0.2872,3.0,2.0,8.76,0.0,7.0,1
PRJ-301156,23.19,178.0,40.4,8.0,0.0997,30.0,0.2756,1.0,4.0,-2.12,0.0,5.0,0
PRJ-301157,29.23,423.0,63.0,2.0,0.0442,18.0,0.141,3.0,3.0,-9.57,0.0,3.0,0
PRJ-301158,2.39,356.0,13.7,6.0,0.2526,30.0,0.394,3.0,2.0,-13.37,1.0,6.0,0
PRJ-301159,20.26,392.0,22.3,3.0,0.2412,44.0,0.1028,3.0,1.0,-1.57,0.0,2.0,0
PRJ-301160,10.82,177.0,151.0,1.0,0.4902,26.0,0.3056,0.0,1.0,-10.43,0.0,7.0,1
PRJ-301161,29.58,199.0,19.9,2.0,0.0606,31.0,0.4629,2.0,4.0,-8.71,0.0,6.0,0
PRJ-301162,18.44,319.0,64.4,2.0,0.1909,46.0,0.4355,3.0,3.0,17.63,1.0,1.0,1
PRJ-301163,11.9,55.0,2.0,2.0,0.2071,35.0,0.3155,3.0,3.0,19.46,0.0,4.0,0
PRJ-301164,5.02,199.0,12.7,1.0,0.2691,45.0,0.7989,1.0,2.0,-4.25,1.0,3.0,0
PRJ-301165,13.48,296.0,39.9,8.0,0.3737,26.0,0.3461,4.0,4.0,15.61,1.0,5.0,0
PRJ-301166,25.33,146.0,92.2,4.0,0.3791,48.0,0.1771,1.0,4.0,-2.27,0.0,0.0,1
PRJ-301167,30.63,186.0,50.1,2.0,0.3973,10.0,0.3444,3.0,1.0,-4.53,0.0,7.0,1
PRJ-301168,9.55,531.0,42.7,3.0,0.1114,41.0,0.4466,1.0,3.0,4.42,0.0,8.0,0
PRJ-301169,48.42,188.0,78.2,6.0,0.4921,49.0,0.5017,3.0,2.0,-8.96,1.0,5.0,1
PRJ-301170,24.11,491.0,58.0,6.0,0.5722,25.0,0.4104,1.0,4.0,-4.04,0.0,5.0,0
PRJ-301171,6.41,503.0,9.5,1.0,0.2011,32.0,0.3305,3.0,2.0,16.09,0.0,2.0,0
PRJ-301172,5.38,378.0,47.6,2.0,0.2223,36.0,0.5817,0.0,1.0,3.98,0.0,7.0,0
PRJ-301173,11.29,120.0,33.8,5.0,0.4372,24.0,0.2749,3.0,3.0,4.56,0.0,1.0,0
PRJ-301174,9.54,146.0,41.5,8.0,0.2924,28.0,0.3237,2.0,2.0,-2.74,0.0,4.0,1
PRJ-301175,16.87,507.0,33.0,1.0,0.3005,40.0,0.3699,3.0,2.0,-3.82,0.0,0.0,0
PRJ-301176,12.55,45.0,48.1,7.0,0.1325,44.0,0.2954,4.0,1.0,1.37,1.0,7.0,0
PRJ-301177,10.1,294.0,66.0,1.0,0.7676,25.0,0.4197,4.0,2.0,9.31,0.0,6.0,1
PRJ-301178,3.75,340.0,15.5,4.0,0.221,53.0,0.2807,2.0,4.0,4.11,0.0,5.0,0
PRJ-301179,18.8,459.0,27.6,2.0,0.4147,50.0,0.236,3.0,3.0,7.29,0.0,5.0,0
PRJ-301180,3.51,488.0,76.4,4.0,0.1363,43.0,0.5231,0.0,2.0,-21.63,0.0,0.0,0
PRJ-301181,24.16,185.0,83.2,8.0,0.439,8.0,0.1884,0.0,3.0,-12.06,0.0,3.0,0
PRJ-301182,2.59,293.0,125.2,2.0,0.4635,23.0,0.464,1.0,3.0,-7.37,0.0,3.0,0
PRJ-301183,3.36,358.0,50.8,6.0,0.4901,1.0,0.4874,1.0,2.0,5.21,0.0,1.0,1
PRJ-301184,6.39,522.0,26.3,3.0,0.3572,55.0,0.3243,2.0,1.0,4.37,0.0,3.0,1
PRJ-301185,8.95,320.0,28.0,6.0,0.2316,34.0,0.2542,1.0,4.0,7.79,0.0,1.0,0
PRJ-301186,7.71,105.0,49.6,1.0,0.6412,19.0,0.5784,2.0,1.0,-4.14,0.0,4.0,0
PRJ-301187,8.93,502.0,22.2,3.0,0.2781,15.0,0.5193,3.0,1.0,1.28,1.0,5.0,0
PRJ-301188,14.67,298.0,119.4,8.0,0.0751,40.0,0.6004,2.0,2.0,21.26,1.0,4.0,0
PRJ-301189,6.5,133.0,32.8,6.0,0.4724,7.0,0.0985,0.0,3.0,0.4,0.0,1.0,0
PRJ-301190,14.76,139.0,108.3,8.0,0.1861,21.0,0.2615,2.0,3.0,-22.32,1.0,1.0,0
PRJ-301191,1.84,146.0,19.7,6.0,0.2675,1.0,0.097,4.0,4.0,5.82,1.0,4.0,0
PRJ-301192,6.32,402.0,41.6,2.0,0.0266,44.0,0.4166,3.0,4.0,14.2,0.0,1.0,0
PRJ-301193,3.24,514.0,36.8,4.0,0.2951,46.0,0.4466,0.0,3.0,13.7,0.0,3.0,0
PRJ-301194,23.99,263.0,13.4,8.0,0.2275,44.0,0.3603,4.0,4.0,-3.93,1.0,6.0,0
PRJ-301195,7.14,93.0,39.1,6.0,0.2234,57.0,0.4704,4.0,3.0,-3.12,1.0,6.0,0
PRJ-301196,18.05,484.0,57.8,5.0,0.0986,29.0,0.429,3.0,4.0,9.08,0.0,2.0,0
PRJ-301197,2.82,359.0,4.9,7.0,0.3312,36.0,0.1434,4.0,1.0,1.7,0.0,7.0,0
PRJ-301198,30.32,327.0,70.4,1.0,0.1067,51.0,0.3834,2.0,3.0,6.57,0.0,6.0,0
PRJ-301199,13.05,74.0,61.5,8.0,0.2418,46.0,0.4738,4.0,1.0,-6.89,0.0,8.0,0
PRJ-301200,12.06,525.0,47.3,2.0,0.2331,27.0,0.2097,0.0,4.0,4.38,0.0,4.0,0
PRJ-301201,3.78,83.0,80.6,8.0,0.3117,50.0,0.4536,0.0,3.0,-6.46,0.0,8.0,0
PRJ-301202,5.75,347.0,84.5,7.0,0.2118,46.0,0.4578,2.0,2.0,-2.57,0.0,5.0,0
PRJ-301203,10.33,340.0,238.4,4.0,0.2322,48.0,0.2219,2.0,2.0,-12.99,0.0,4.0,0
PRJ-301204,5.92,299.0,12.7,4.0,0.2353,29.0,0.325,2.0,4.0,-9.75,1.0,3.0,1
PRJ-301205,22.5,317.0,131.4,1.0,0.2955,19.0,0.2982,3.0,2.0,-17.21,0.0,6.0,1
PRJ-301206,12.78,241.0,95.4,3.0,0.3793,46.0,0.3333,3.0,4.0,-18.84,1.0,6.0,1
PRJ-301207,5.97,328.0,61.5,2.0,0.2467,0.0,0.7847,4.0,2.0,-11.29,1.0,5.0,1
PRJ-301208,20.35,225.0,20.1,6.0,0.476,52.0,0.4454,1.0,4.0,5.07,0.0,3.0,0
PRJ-301209,9.39,279.0,34.7,2.0,0.2101,37.0,0.4217,2.0,1.0,2.84,0.0,4.0,0
PRJ-301210,19.76,380.0,30.8,7.0,0.1241,49.0,0.3382,3.0,1.0,10.0,0.0,5.0,0
PRJ-301211,8.36,412.0,43.6,3.0,0.5595,56.0,0.2683,1.0,3.0,-5.52,0.0,5.0,0
PRJ-301212,17.25,120.0,78.4,7.0,0.3576,43.0,0.3766,2.0,4.0,-18.16,0.0,6.0,0
PRJ-301213,9.16,536.0,115.1,3.0,0.2543,53.0,0.1354,1.0,2.0,4.2,0.0,6.0,0
PRJ-301214,22.51,92.0,156.8,7.0,0.2557,38.0,0.1322,1.0,2.0,-0.25,0.0,8.0,0
PRJ-301215,2.87,181.0,34.9,6.0,0.1737,0.0,0.6011,2.0,1.0,-1.67,1.0,7.0,0
PRJ-301216,4.72,216.0,54.5,8.0,0.0611,22.0,0.3118,2.0,3.0,-13.09,0.0,1.0,0
PRJ-301217,10.98,205.0,23.6,5.0,0.5189,54.0,0.4306,3.0,4.0,-4.45,0.0,2.0,0
PRJ-301218,7.37,219.0,98.5,3.0,0.5025,13.0,0.5858,0.0,2.0,8.08,0.0,0.0,1
PRJ-301219,8.96,204.0,64.3,6.0,0.0843,0.0,0.1171,4.0,2.0,-14.48,0.0,0.0,0
PRJ-301220,18.55,260.0,40.5,1.0,0.4672,25.0,0.2709,1.0,2.0,-22.06,0.0,0.0,0
PRJ-301221,8.83,422.0,11.9,8.0,0.3435,31.0,0.2155,2.0,1.0,1.71,0.0,1.0,1
PRJ-301222,15.11,454.0,55.1,6.0,0.0979,29.0,0.4997,3.0,1.0,-9.74,0.0,1.0,0
PRJ-301223,6.29,217.0,59.4,1.0,0.225,51.0,0.3697,4.0,3.0,8.86,0.0,7.0,0
PRJ-301224,2.44,172.0,8.4,2.0,0.1824,10.0,0.6664,0.0,3.0,-4.07,1.0,5.0,0
PRJ-301225,19.68,379.0,15.7,1.0,0.2236,24.0,0.1509,3.0,4.0,-12.6,1.0,5.0,1
PRJ-301226,34.67,74.0,54.1,6.0,0.1615,35.0,0.3646,2.0,1.0,1.68,1.0,1.0,0
PRJ-301227,14.08,265.0,147.8,6.0,0.1169,41.0,0.4499,2.0,2.0,-0.48,0.0,5.0,0
PRJ-301228,11.4,153.0,105.6,2.0,0.2318,50.0,0.5488,2.0,3.0,-0.46,0.0,8.0,0
PRJ-301229,13.1,345.0,41.4,5.0,0.3156,13.0,0.5394,0.0,4.0,-13.01,0.0,6.0,0
PRJ-301230,27.72,83.0,36.7,4.0,0.1741,53.0,0.4331,0.0,1.0,14.44,0.0,0.0,0
PRJ-301231,14.19,455.0,26.9,4.0,0.6065,58.0,0.473,2.0,3.0,-7.2,0.0,1.0,1
PRJ-301232,20.3,178.0,24.6,5.0,0.2822,59.0,0.2818,3.0,1.0,17.19,1.0,0.0,0
PRJ-301233,19.73,299.0,38.9,7.0,0.5056,2.0,0.5774,1.0,2.0,-20.64,0.0,6.0,0
PRJ-301234,23.73,328.0,177.5,8.0,0.1008,22.0,0.4645,3.0,1.0,10.34,1.0,8.0,0
PRJ-301235,11.23,280.0,36.5,2.0,0.115,37.0,0.3575,0.0,3.0,5.97,0.0,1.0,0
PRJ-301236,8.28,266.0,48.2,8.0,0.2009,17.0,0.3203,3.0,3.0,-3.64,0.0,8.0,0
PRJ-301237,17.37,177.0,16.8,5.0,0.4108,2.0,0.6842,4.0,3.0,-20.0,1.0,4.0,1
PRJ-301238,22.67,427.0,72.4,2.0,0.2794,15.0,0.4259,0.0,4.0,0.63,0.0,4.0,0
PRJ-301239,25.44,300.0,47.5,8.0,0.4655,2.0,0.3146,0.0,4.0,-22.27,0.0,1.0,1
PRJ-301240,29.88,151.0,34.8,3.0,0.0333,44.0,0.505,3.0,3.0,-5.55,0.0,0.0,0
PRJ-301241,21.38,174.0,20.7,4.0,0.2682,16.0,0.3575,4.0,4.0,9.37,0.0,2.0,1
PRJ-301242,7.96,262.0,25.6,8.0,0.7979,39.0,0.2038,3.0,1.0,-2.46,0.0,4.0,0
PRJ-301243,14.07,462.0,32.9,5.0,0.072,0.0,0.7718,0.0,3.0,-2.48,1.0,5.0,0
PRJ-301244,13.25,520.0,34.7,2.0,0.2405,47.0,0.2115,0.0,4.0,16.46,0.0,1.0,0
PRJ-301245,12.29,237.0,20.5,1.0,0.1972,12.0,0.3162,0.0,3.0,1.5,0.0,8.0,0
PRJ-301246,17.4,240.0,44.2,7.0,0.1927,14.0,0.4937,0.0,2.0,20.48,0.0,1.0,0
PRJ-301247,10.53,108.0,56.1,3.0,0.0473,9.0,0.197,3.0,1.0,-4.06,1.0,3.0,1
PRJ-301248,10.54,315.0,81.6,1.0,0.5412,4.0,0.2478,1.0,1.0,12.13,0.0,3.0,1
PRJ-301249,35.99,163.0,142.4,1.0,0.1519,54.0,0.2599,4.0,3.0,-1.91,0.0,5.0,0
PRJ-301250,11.64,450.0,8.2,8.0,0.0789,56.0,0.3491,0.0,1.0,4.05,0.0,7.0,0
PRJ-301251,23.62,309.0,62.3,5.0,0.1157,2.0,0.2707,0.0,4.0,-10.01,0.0,7.0,0
PRJ-301252,24.5,154.0,37.9,5.0,0.0977,16.0,0.5845,4.0,4.0,2.9,0.0,7.0,0
PRJ-301253,14.33,498.0,5.7,5.0,0.0824,36.0,0.2508,1.0,4.0,3.69,0.0,2.0,0
PRJ-301254,10.83,448.0,28.5,4.0,0.2191,33.0,0.2534,3.0,2.0,1.4,0.0,4.0,0
PRJ-301255,6.48,193.0,75.7,8.0,0.4113,40.0,0.2703,2.0,1.0,-20.91,1.0,7.0,1
PRJ-301256,3.47,104.0,68.9,5.0,0.3672,54.0,0.0996,3.0,3.0,12.24,0.0,5.0,0
PRJ-301257,18.21,175.0,52.2,6.0,0.1475,49.0,0.2268,4.0,3.0,3.61,1.0,6.0,0
PRJ-301258,15.89,231.0,26.1,8.0,0.2317,18.0,0.3881,0.0,1.0,5.2,0.0,4.0,0
PRJ-301259,19.98,246.0,118.0,1.0,0.1829,22.0,0.3303,2.0,4.0,18.06,1.0,2.0,1
PRJ-301260,8.66,452.0,18.3,3.0,0.1792,20.0,0.3734,0.0,2.0,-0.98,0.0,0.0,0
PRJ-301261,38.27,524.0,35.2,7.0,0.0705,10.0,0.1492,2.0,3.0,8.07,1.0,4.0,0
PRJ-301262,16.82,414.0,40.4,1.0,0.1379,34.0,0.5581,4.0,2.0,9.17,1.0,6.0,1
PRJ-301263,11.34,463.0,44.9,3.0,0.2204,7.0,0.0751,1.0,2.0,-3.38,0.0,7.0,1
PRJ-301264,2.33,106.0,199.5,2.0,0.2199,6.0,0.4752,2.0,4.0,0.01,1.0,8.0,0
PRJ-301265,9.36,119.0,134.6,6.0,0.4539,8.0,0.743,0.0,1.0,-9.54,1.0,4.0,0
PRJ-301266,20.59,494.0,67.4,7.0,0.3945,44.0,0.2776,0.0,2.0,-29.45,0.0,8.0,0
PRJ-301267,29.39,348.0,47.8,3.0,0.3925,31.0,0.5137,0.0,4.0,-9.07,0.0,6.0,0
PRJ-301268,12.58,161.0,47.4,6.0,0.3456,18.0,0.2266,1.0,4.0,-16.61,1.0,7.0,0
PRJ-301269,32.43,436.0,79.7,7.0,0.2521,35.0,0.4612,3.0,3.0,-18.07,0.0,2.0,1
PRJ-301270,6.12,131.0,103.0,8.0,0.6165,43.0,0.4557,0.0,1.0,-8.54,1.0,1.0,0
PRJ-301271,16.2,425.0,17.9,8.0,0.3914,47.0,0.3623,4.0,4.0,28.32,1.0,2.0,1
PRJ-301272,16.51,482.0,143.3,4.0,0.0993,27.0,0.5452,3.0,1.0,-14.03,0.0,1.0,1
PRJ-301273,18.31,286.0,65.0,1.0,0.1582,48.0,0.5544,0.0,1.0,6.08,0.0,7.0,0
PRJ-301274,13.77,369.0,30.7,6.0,0.4048,19.0,0.2479,2.0,3.0,-22.61,1.0,5.0,1
PRJ-301275,15.63,407.0,42.9,5.0,0.0646,50.0,0.3847,2.0,3.0,3.49,0.0,3.0,0
PRJ-301276,6.01,480.0,67.5,4.0,0.2362,11.0,0.0778,4.0,2.0,8.05,0.0,1.0,1
PRJ-301277,27.64,333.0,69.9,5.0,0.2848,9.0,0.2577,3.0,4.0,-13.44,0.0,6.0,0
PRJ-301278,22.16,190.0,20.8,6.0,0.6043,45.0,0.5347,4.0,3.0,-7.87,0.0,4.0,0
PRJ-301279,15.22,144.0,46.0,3.0,0.571,44.0,0.5357,1.0,3.0,-11.27,1.0,8.0,1
PRJ-301280,22.49,220.0,55.9,3.0,0.2068,52.0,0.3796,0.0,1.0,5.91,0.0,2.0,0
PRJ-301281,28.19,72.0,104.1,3.0,0.0212,4.0,0.6551,1.0,2.0,3.38,0.0,8.0,1
PRJ-301282,18.14,390.0,111.8,4.0,0.269,54.0,0.3167,4.0,3.0,9.5,0.0,4.0,0
PRJ-301283,40.85,227.0,16.0,6.0,0.0135,52.0,0.459,4.0,2.0,-1.97,0.0,4.0,0
PRJ-301284,19.12,397.0,49.6,1.0,0.0323,33.0,0.3496,2.0,3.0,-18.48,1.0,6.0,0
PRJ-301285,6.72,75.0,29.4,3.0,0.1393,31.0,0.4064,1.0,1.0,-13.42,1.0,5.0,0
PRJ-301286,14.72,204.0,66.4,6.0,0.0169,9.0,0.4224,2.0,3.0,-16.41,0.0,0.0,1
PRJ-301287,23.05,240.0,193.0,1.0,0.114,38.0,0.2688,1.0,1.0,-10.43,0.0,2.0,0
PRJ-301288,28.21,88.0,95.9,7.0,0.3638,46.0,0.5379,0.0,4.0,-7.13,1.0,0.0,0
PRJ-301289,13.96,455.0,70.7,7.0,0.1844,37.0,0.4749,0.0,2.0,-5.74,0.0,5.0,0
PRJ-301290,6.34,340.0,85.0,3.0,0.225,13.0,0.5975,4.0,4.0,-1.91,0.0,5.0,1
PRJ-301291,10.67,462.0,128.2,6.0,0.0973,33.0,0.2168,3.0,3.0,-22.58,0.0,7.0,0
PRJ-301292,4.45,441.0,90.1,4.0,0.451,9.0,0.5845,3.0,2.0,9.64,0.0,7.0,0
PRJ-301293,20.4,61.0,18.7,3.0,0.3109,31.0,0.6979,2.0,4.0,3.24,0.0,1.0,0
PRJ-301294,9.28,473.0,150.5,2.0,0.0956,52.0,0.2635,1.0,3.0,-4.7,0.0,4.0,0
PRJ-301295,7.51,79.0,53.4,8.0,0.2054,55.0,0.2999,4.0,4.0,-6.75,0.0,0.0,0
PRJ-301296,21.69,476.0,64.5,7.0,0.2988,43.0,0.5728,4.0,1.0,-6.41,0.0,4.0,1
PRJ-301297,32.02,376.0,111.7,8.0,0.0862,20.0,0.2604,2.0,1.0,-4.56,0.0,3.0,1
PRJ-301298,7.48,450.0,186.9,2.0,0.0585,20.0,0.4504,4.0,4.0,5.19,1.0,4.0,0
PRJ-301299,14.02,292.0,35.1,8.0,0.0914,46.0,0.0729,1.0,2.0,-2.04,0.0,4.0,0
PRJ-301300,10.98,124.0,107.6,6.0,0.61,0.0,0.2554,0.0,3.0,3.23,0.0,8.0,0
PRJ-301301,29.03,118.0,33.4,5.0,0.1425,21.0,0.2227,0.0,1.0,0.83,0.0,0.0,0
PRJ-301302,11.86,103.0,60.7,3.0,0.111,33.0,0.1956,1.0,1.0,-7.34,1.0,6.0,0
PRJ-301303,5.9,443.0,13.4,2.0,0.0949,2.0,0.4037,4.0,2.0,-19.46,0.0,3.0,0
PRJ-301304,12.24,309.0,33.5,3.0,0.1118,48.0,0.2191,0.0,4.0,16.36,0.0,7.0,0
PRJ-301305,25.3,152.0,58.5,2.0,0.1564,22.0,0.4162,3.0,3.0,7.28,0.0,1.0,0
PRJ-301306,10.54,106.0,73.4,7.0,0.0606,50.0,0.55,0.0,1.0,15.3,0.0,8.0,0
PRJ-301307,8.06,83.0,70.5,8.0,0.5658,9.0,0.3649,2.0,2.0,-6.11,0.0,8.0,0
PRJ-301308,11.49,172.0,98.4,8.0,0.0842,2.0,0.4905,4.0,2.0,3.95,0.0,8.0,0
PRJ-301309,6.04,416.0,37.6,8.0,0.1822,26.0,0.4144,2.0,4.0,-7.43,1.0,5.0,0
PRJ-301310,10.97,486.0,46.5,2.0,0.0573,57.0,0.4484,2.0,1.0,7.83,0.0,6.0,1
PRJ-301311,8.5,346.0,48.2,6.0,0.0804,4.0,0.3379,0.0,1.0,18.79,0.0,5.0,0
PRJ-301312,45.49,537.0,39.8,7.0,0.1086,7.0,0.607,4.0,2.0,18.17,0.0,5.0,1
PRJ-301313,2.73,240.0,24.1,5.0,0.7546,47.0,0.2177,2.0,3.0,0.41,0.0,0.0,0
PRJ-301314,6.7,209.0,53.6,5.0,0.1588,6.0,0.2569,2.0,4.0,8.81,0.0,2.0,0
PRJ-301315,8.05,387.0,87.7,4.0,0.0738,35.0,0.1743,0.0,4.0,6.18,1.0,0.0,0
PRJ-301316,6.08,111.0,63.6,7.0,0.3311,2.0,0.6069,0.0,4.0,1.65,0.0,1.0,0
PRJ-301317,16.31,496.0,36.0,6.0,0.3901,2.0,0.3155,3.0,1.0,5.14,0.0,3.0,0
PRJ-301318,7.39,431.0,54.4,6.0,0.2966,23.0,0.4985,4.0,2.0,-9.28,1.0,7.0,1
PRJ-301319,4.1,61.0,34.3,1.0,0.0842,38.0,0.5157,4.0,4.0,-18.46,0.0,1.0,0
PRJ-301320,13.2,137.0,74.7,8.0,0.0523,35.0,0.309,2.0,3.0,5.17,0.0,2.0,0
PRJ-301321,10.12,355.0,89.7,5.0,0.3509,57.0,0.2668,4.0,4.0,-13.17,0.0,0.0,0
PRJ-301322,7.64,410.0,91.1,8.0,0.361,3.0,0.1712,3.0,3.0,-10.18,0.0,2.0,1
PRJ-301323,28.58,152.0,42.9,6.0,0.0464,3.0,0.5361,0.0,2.0,-5.3,0.0,2.0,1
PRJ-301324,16.67,414.0,34.9,5.0,0.038,46.0,0.359,2.0,2.0,18.04,0.0,5.0,0
PRJ-301325,15.47,279.0,98.4,7.0,0.2591,21.0,0.2219,2.0,2.0,-0.82,0.0,8.0,0
PRJ-301326,16.91,379.0,40.4,2.0,0.1141,12.0,0.2113,3.0,4.0,-10.59,0.0,8.0,0
PRJ-301327,16.35,254.0,53.8,4.0,0.2664,53.0,0.2097,3.0,1.0,-14.8,0.0,8.0,0
PRJ-301328,10.48,269.0,63.1,1.0,0.2688,19.0,0.3152,1.0,1.0,-2.14,0.0,1.0,0
PRJ-301329,7.44,238.0,50.6,6.0,0.3681,2.0,0.5104,2.0,3.0,-2.59,0.0,5.0,1
PRJ-301330,13.4,122.0,82.2,3.0,0.1855,1.0,0.4208,0.0,3.0,-14.02,0.0,3.0,0
PRJ-301331,10.35,139.0,14.9,1.0,0.3609,55.0,0.3577,3.0,3.0,1.6,0.0,4.0,1
PRJ-301332,2.71,128.0,69.9,7.0,0.2378,9.0,0.0933,2.0,3.0,-19.73,0.0,4.0,0
PRJ-301333,5.69,442.0,27.0,2.0,0.2567,59.0,0.7455,2.0,1.0,-12.94,0.0,3.0,1
PRJ-301334,9.46,254.0,37.1,2.0,0.1782,11.0,0.3407,4.0,1.0,16.34,0.0,5.0,0
PRJ-301335,21.99,232.0,57.6,2.0,0.0769,23.0,0.5781,0.0,3.0,-14.04,0.0,8.0,0
PRJ-301336,13.44,468.0,11.5,5.0,0.2601,3.0,0.4931,1.0,1.0,-1.63,1.0,3.0,1
PRJ-301337,6.52,484.0,44.7,3.0,0.4898,27.0,0.2074,0.0,4.0,4.59,0.0,1.0,0
PRJ-301338,5.33,160.0,39.1,5.0,0.1977,57.0,0.5772,2.0,4.0,21.81,0.0,2.0,0
PRJ-301339,25.01,220.0,46.5,3.0,0.3699,59.0,0.341,3.0,4.0,18.24,1.0,2.0,0
PRJ-301340,10.82,248.0,37.5,7.0,0.3091,22.0,0.183,2.0,3.0,7.78,1.0,6.0,0
PRJ-301341,1.31,460.0,54.0,3.0,0.2358,3.0,0.2798,4.0,4.0,-12.95,0.0,5.0,0
PRJ-301342,11.3,377.0,33.3,7.0,0.4472,41.0,0.4522,0.0,1.0,-11.52,0.0,2.0,1
PRJ-301343,19.05,314.0,49.1,4.0,0.1402,19.0,0.4101,0.0,1.0,-5.78,0.0,6.0,0
PRJ-301344,5.21,161.0,57.5,1.0,0.2459,52.0,0.4959,4.0,3.0,29.2,1.0,1.0,1
PRJ-301345,12.76,235.0,100.8,4.0,0.4189,3.0,0.2181,1.0,2.0,5.92,0.0,0.0,0
PRJ-301346,13.58,59.0,115.7,2.0,0.1395,5.0,0.5356,4.0,4.0,-0.71,0.0,1.0,1
PRJ-301347,5.45,393.0,16.2,4.0,0.352,44.0,0.4056,1.0,3.0,2.21,1.0,2.0,1
PRJ-301348,26.45,499.0,106.0,1.0,0.2768,39.0,0.3161,2.0,1.0,16.3,1.0,8.0,1
PRJ-301349,13.74,434.0,24.0,7.0,0.1362,39.0,0.1632,4.0,1.0,-7.35,0.0,1.0,0
PRJ-301350,9.43,198.0,49.4,5.0,0.1204,32.0,0.2439,0.0,1.0,0.83,0.0,6.0,0
PRJ-301351,10.87,283.0,12.3,2.0,0.1959,51.0,0.1492,1.0,4.0,-2.8,0.0,0.0,0
PRJ-301352,4.7,519.0,7.0,8.0,0.116,40.0,0.6483,3.0,4.0,-8.75,1.0,7.0,0
PRJ-301353,4.56,255.0,185.7,3.0,0.2719,11.0,0.336,2.0,3.0,-3.06,0.0,6.0,1
PRJ-301354,8.82,460.0,50.4,2.0,0.0643,48.0,0.2829,1.0,3.0,4.15,1.0,2.0,1
PRJ-301355,9.21,330.0,42.6,1.0,0.2082,32.0,0.7397,3.0,2.0,3.45,0.0,5.0,0
PRJ-301356,10.38,291.0,62.3,2.0,0.0586,10.0,0.2729,1.0,2.0,16.69,0.0,4.0,0
PRJ-301357,27.93,334.0,43.3,1.0,0.0365,42.0,0.4503,0.0,4.0,-7.56,0.0,6.0,0
PRJ-301358,18.39,155.0,88.9,4.0,0.3018,40.0,0.7133,2.0,2.0,2.75,0.0,7.0,0
PRJ-301359,3.04,255.0,59.9,5.0,0.0417,16.0,0.2711,1.0,3.0,-14.4,0.0,2.0,1
PRJ-301360,24.66,195.0,79.4,3.0,0.6661,11.0,0.1176,0.0,4.0,-0.98,1.0,4.0,1
PRJ-301361,8.77,420.0,27.3,8.0,0.2354,53.0,0.205,4.0,4.0,-18.54,0.0,8.0,0
PRJ-301362,19.54,348.0,14.1,8.0,0.3506,51.0,0.1192,0.0,3.0,5.63,0.0,2.0,1
PRJ-301363,9.27,242.0,95.8,3.0,0.3324,11.0,0.5293,3.0,3.0,21.7,0.0,8.0,1
PRJ-301364,13.16,452.0,64.2,6.0,0.2432,41.0,0.2013,2.0,3.0,12.31,0.0,5.0,0
PRJ-301365,4.97,269.0,18.7,4.0,0.0501,7.0,0.4167,2.0,4.0,-4.75,0.0,3.0,0
PRJ-301366,15.14,516.0,19.0,3.0,0.1175,54.0,0.1267,3.0,3.0,11.62,1.0,6.0,0
PRJ-301367,20.98,344.0,54.9,2.0,0.3538,16.0,0.39,3.0,4.0,-17.89,0.0,1.0,1
PRJ-301368,3.49,483.0,75.2,5.0,0.2841,10.0,0.5242,1.0,4.0,5.19,0.0,3.0,0
PRJ-301369,21.18,533.0,23.8,2.0,0.5214,47.0,0.1434,3.0,4.0,30.43,1.0,2.0,1
PRJ-301370,7.42,206.0,132.3,6.0,0.2203,57.0,0.078,1.0,3.0,5.08,0.0,0.0,0
PRJ-301371,33.59,174.0,82.0,8.0,0.3781,42.0,0.3204,1.0,4.0,-3.28,0.0,4.0,0
PRJ-301372,19.77,458.0,100.3,3.0,0.1856,53.0,0.1974,4.0,2.0,-4.1,0.0,3.0,0
PRJ-301373,17.62,159.0,53.9,5.0,0.1961,53.0,0.0533,4.0,3.0,3.22,0.0,6.0,0
PRJ-301374,10.91,417.0,50.6,8.0,0.4254,17.0,0.2983,1.0,3.0,-0.66,0.0,6.0,0
PRJ-301375,50.66,132.0,17.2,6.0,0.0558,37.0,0.5763,1.0,4.0,-5.87,0.0,0.0,0
PRJ-301376,8.81,475.0,27.5,4.0,0.2917,41.0,0.3957,2.0,1.0,-2.0,0.0,5.0,0
PRJ-301377,5.79,386.0,46.1,8.0,0.2744,55.0,0.5007,2.0,2.0,-20.15,0.0,7.0,0
PRJ-301378,7.61,302.0,65.4,1.0,0.1816,32.0,0.2479,1.0,4.0,8.64,1.0,1.0,0
PRJ-301379,23.41,267.0,57.4,5.0,0.1661,32.0,0.4574,0.0,1.0,12.72,0.0,2.0,0
PRJ-301380,12.99,360.0,8.5,3.0,0.1366,49.0,0.3899,4.0,2.0,8.14,1.0,3.0,0
PRJ-301381,11.74,237.0,22.7,2.0,0.6052,55.0,0.5714,2.0,2.0,-4.41,1.0,7.0,0
PRJ-301382,8.9,241.0,60.1,5.0,0.1472,3.0,0.2572,1.0,2.0,4.13,1.0,5.0,0
PRJ-301383,11.33,146.0,66.6,6.0,0.3763,52.0,0.7316,3.0,1.0,4.72,0.0,5.0,0
PRJ-301384,8.48,123.0,37.0,6.0,0.2931,23.0,0.406,0.0,3.0,-3.8,1.0,6.0,0
PRJ-301385,18.7,486.0,77.2,6.0,0.1976,28.0,0.3303,2.0,1.0,13.61,1.0,4.0,1
PRJ-301386,10.22,415.0,76.4,3.0,0.0977,25.0,0.3711,3.0,1.0,9.86,0.0,5.0,0
PRJ-301387,7.71,264.0,177.7,4.0,0.1909,0.0,0.3406,3.0,3.0,11.83,1.0,1.0,0
PRJ-301388,22.18,456.0,50.9,1.0,0.159,34.0,0.6778,3.0,1.0,3.74,1.0,3.0,1
PRJ-301389,5.93,345.0,35.9,5.0,0.3416,59.0,0.5307,1.0,2.0,-18.24,1.0,5.0,0
PRJ-301390,13.11,341.0,24.0,7.0,0.1904,43.0,0.5411,4.0,4.0,-26.89,0.0,5.0,0
PRJ-301391,2.69,100.0,15.3,4.0,0.3783,29.0,0.6092,2.0,1.0,-6.08,1.0,4.0,0
PRJ-301392,4.28,311.0,74.3,3.0,0.333,1.0,0.4413,3.0,1.0,-10.34,0.0,5.0,0
PRJ-301393,9.47,98.0,68.7,3.0,0.4055,44.0,0.1116,1.0,2.0,-0.99,0.0,5.0,1
PRJ-301394,8.37,383.0,17.1,6.0,0.5001,40.0,0.2419,0.0,1.0,-14.06,0.0,8.0,0
PRJ-301395,8.36,78.0,74.6,6.0,0.2567,27.0,0.2589,4.0,3.0,-13.98,0.0,8.0,0
PRJ-301396,19.89,299.0,56.0,4.0,0.5932,21.0,0.7232,4.0,1.0,-24.69,0.0,2.0,1
PRJ-301397,20.63,226.0,40.1,2.0,0.3619,21.0,0.3277,3.0,2.0,-16.83,0.0,1.0,0
PRJ-301398,14.83,109.0,7.7,4.0,0.2014,12.0,0.2178,1.0,1.0,-5.6,0.0,4.0,1
PRJ-301399,5.7,279.0,68.2,3.0,0.2091,21.0,0.2339,1.0,2.0,-7.35,0.0,6.0,0
PRJ-301400,11.27,144.0,144.3,1.0,0.6069,9.0,0.4476,2.0,2.0,12.24,0.0,0.0,1
PRJ-301401,36.54,166.0,26.6,4.0,0.362,21.0,0.6367,0.0,3.0,-4.13,0.0,5.0,0
PRJ-301402,47.61,485.0,56.0,7.0,0.2872,56.0,0.307,2.0,1.0,-19.49,0.0,3.0,0
PRJ-301403,22.32,218.0,72.0,5.0,0.2543,34.0,0.3234,0.0,2.0,-3.66,0.0,8.0,0
PRJ-301404,5.86,244.0,4.3,2.0,0.319,34.0,0.5292,3.0,4.0,5.46,0.0,5.0,0
PRJ-301405,11.34,48.0,23.1,7.0,0.3536,48.0,0.5476,0.0,3.0,-28.62,1.0,2.0,0
PRJ-301406,14.2,193.0,13.1,2.0,0.2412,52.0,0.2059,0.0,2.0,14.36,1.0,7.0,0
PRJ-301407,12.83,218.0,143.7,5.0,0.3829,34.0,0.3819,3.0,1.0,4.85,0.0,7.0,0
PRJ-301408,23.8,400.0,4.0,5.0,0.2883,21.0,0.1584,3.0,4.0,16.57,0.0,3.0,0
PRJ-301409,19.33,103.0,40.0,6.0,0.461,31.0,0.2953,0.0,1.0,5.49,0.0,1.0,0
PRJ-301410,5.63,505.0,60.7,7.0,0.3339,52.0,0.1865,3.0,4.0,-5.37,0.0,0.0,0
PRJ-301411,7.84,108.0,26.4,3.0,0.4041,18.0,0.12,1.0,2.0,-0.96,1.0,6.0,0
PRJ-301412,22.26,368.0,5.2,7.0,0.2,58.0,0.2781,4.0,2.0,-6.02,0.0,0.0,0
PRJ-301413,28.5,47.0,41.3,5.0,0.2571,27.0,0.5228,2.0,4.0,9.73,1.0,6.0,0
PRJ-301414,14.32,450.0,26.1,3.0,0.1646,43.0,0.3152,0.0,4.0,-9.58,0.0,0.0,0
PRJ-301415,30.71,389.0,65.5,1.0,0.0199,10.0,0.1548,0.0,3.0,3.85,1.0,4.0,0
PRJ-301416,13.27,459.0,82.8,5.0,0.3855,59.0,0.3429,0.0,1.0,13.56,0.0,8.0,1
PRJ-301417,6.37,505.0,17.2,4.0,0.1555,44.0,0.4333,1.0,3.0,2.54,0.0,3.0,0
PRJ-301418,18.23,457.0,28.4,4.0,0.2385,53.0,0.2211,1.0,4.0,0.75,0.0,3.0,0
PRJ-301419,60.66,352.0,29.6,6.0,0.3353,46.0,0.4387,3.0,1.0,4.86,0.0,8.0,0
PRJ-301420,4.73,460.0,82.0,6.0,0.2656,25.0,0.2665,2.0,4.0,-8.39,0.0,4.0,0
PRJ-301421,30.0,92.0,51.6,2.0,0.0876,14.0,0.1313,4.0,1.0,-26.22,0.0,6.0,0
PRJ-301422,17.58,364.0,17.9,3.0,0.1694,48.0,0.0826,1.0,3.0,-12.03,1.0,8.0,0
PRJ-301423,7.51,534.0,100.2,8.0,0.1235,34.0,0.2733,2.0,3.0,-9.52,0.0,6.0,0
PRJ-301424,2.74,231.0,26.4,5.0,0.0795,14.0,0.1637,4.0,2.0,3.92,0.0,2.0,0
PRJ-301425,2.04,527.0,32.5,4.0,0.403,17.0,0.2864,3.0,3.0,-10.95,1.0,6.0,0
PRJ-301426,8.35,295.0,21.9,8.0,0.2712,11.0,0.5556,4.0,2.0,-9.4,0.0,3.0,0
PRJ-301427,15.77,276.0,54.5,6.0,0.517,58.0,0.4897,4.0,2.0,8.95,0.0,2.0,1
PRJ-301428,21.24,193.0,36.9,7.0,0.3088,42.0,0.2635,0.0,1.0,4.61,0.0,0.0,0
PRJ-301429,24.4,98.0,120.4,4.0,0.3013,17.0,0.5682,0.0,4.0,14.35,1.0,1.0,0
PRJ-301430,14.88,478.0,52.1,2.0,0.2072,12.0,0.5428,0.0,1.0,-1.33,1.0,3.0,1
PRJ-301431,13.4,401.0,23.0,6.0,0.4465,51.0,0.2436,4.0,4.0,-18.43,1.0,1.0,0
PRJ-301432,9.69,243.0,48.0,7.0,0.2691,43.0,0.2243,3.0,2.0,25.54,0.0,1.0,0
PRJ-301433,16.02,520.0,131.9,5.0,0.0991,42.0,0.153,4.0,1.0,7.24,1.0,5.0,0
PRJ-301434,7.6,135.0,16.0,4.0,0.1176,3.0,0.2679,3.0,2.0,-7.13,1.0,6.0,0
PRJ-301435,4.92,430.0,68.2,1.0,0.1233,57.0,0.4027,3.0,1.0,10.33,0.0,4.0,1
PRJ-301436,12.86,268.0,7.8,2.0,0.1699,26.0,0.7004,0.0,4.0,2.31,0.0,5.0,0
PRJ-301437,20.22,353.0,114.9,8.0,0.6005,43.0,0.7568,2.0,4.0,14.6,0.0,2.0,0
PRJ-301438,4.17,63.0,33.2,2.0,0.3296,10.0,0.5666,4.0,3.0,2.75,1.0,1.0,0
PRJ-301439,8.35,347.0,22.5,6.0,0.1781,36.0,0.2986,2.0,4.0,-5.08,0.0,1.0,0
PRJ-301440,12.54,381.0,126.6,6.0,0.1317,5.0,0.2804,0.0,4.0,3.27,0.0,7.0,0
PRJ-301441,12.37,529.0,45.6,4.0,0.1321,27.0,0.1489,0.0,1.0,11.62,0.0,2.0,0
PRJ-301442,17.28,216.0,47.0,8.0,0.2461,14.0,0.6477,1.0,4.0,-9.52,1.0,3.0,1
PRJ-301443,35.9,81.0,33.6,6.0,0.4463,28.0,0.2638,3.0,4.0,0.61,1.0,2.0,0
PRJ-301444,2.05,75.0,34.8,8.0,0.4637,52.0,0.373,4.0,4.0,-14.47,0.0,7.0,0
PRJ-301445,36.9,119.0,6.9,3.0,0.3425,0.0,0.5732,3.0,3.0,5.76,0.0,5.0,1
PRJ-301446,34.91,193.0,67.5,6.0,0.301,27.0,0.1918,3.0,4.0,0.62,1.0,0.0,0
PRJ-301447,21.46,456.0,13.2,7.0,0.0435,59.0,0.484,3.0,3.0,7.58,0.0,5.0,0
PRJ-301448,14.14,141.0,91.1,8.0,0.1286,58.0,0.2733,2.0,3.0,12.06,1.0,6.0,0
PRJ-301449,7.7,116.0,18.9,4.0,0.3084,34.0,0.2304,4.0,3.0,-7.99,0.0,6.0,0
PRJ-301450,21.3,60.0,50.3,3.0,0.5375,39.0,0.0964,3.0,4.0,2.23,0.0,5.0,0
PRJ-301451,14.63,234.0,29.2,7.0,0.6878,35.0,0.3592,0.0,1.0,2.74,0.0,6.0,0
PRJ-301452,9.83,343.0,33.6,6.0,0.4665,27.0,0.4165,4.0,1.0,-7.76,0.0,0.0,1
PRJ-301453,20.95,184.0,39.0,3.0,0.0616,10.0,0.2828,2.0,2.0,-11.97,0.0,6.0,1
PRJ-301454,23.28,290.0,60.2,3.0,0.0491,48.0,0.5207,0.0,4.0,18.33,0.0,6.0,0
PRJ-301455,28.36,165.0,124.2,7.0,0.2024,25.0,0.7555,1.0,2.0,-5.04,0.0,0.0,0
PRJ-301456,7.1,441.0,33.0,5.0,0.4453,52.0,0.3807,4.0,2.0,-5.09,0.0,8.0,0
PRJ-301457,26.1,57.0,5.6,8.0,0.1625,13.0,0.2891,2.0,2.0,-3.06,0.0,5.0,0
PRJ-301458,9.96,144.0,106.7,6.0,0.3012,11.0,0.6605,4.0,3.0,6.07,1.0,7.0,0
PRJ-301459,14.17,325.0,74.8,8.0,0.5983,13.0,0.1558,0.0,1.0,-5.71,1.0,8.0,0
PRJ-301460,16.03,462.0,18.2,3.0,0.4447,39.0,0.7074,2.0,4.0,-9.39,0.0,0.0,0
PRJ-301461,24.78,243.0,15.3,7.0,0.3817,32.0,0.2157,1.0,2.0,1.83,0.0,8.0,0
PRJ-301462,19.6,79.0,62.1,2.0,0.2397,39.0,0.1842,3.0,3.0,8.46,0.0,6.0,0
PRJ-301463,9.72,318.0,54.5,6.0,0.1991,14.0,0.272,0.0,1.0,5.48,0.0,0.0,0
PRJ-301464,2.24,178.0,145.0,4.0,0.2869,21.0,0.3503,0.0,4.0,-7.48,0.0,0.0,0
PRJ-301465,17.14,195.0,67.9,5.0,0.122,39.0,0.1942,2.0,3.0,-13.11,1.0,3.0,0
PRJ-301466,13.78,501.0,27.7,7.0,0.3236,30.0,0.1824,4.0,1.0,-11.61,0.0,2.0,0
PRJ-301467,4.69,511.0,22.6,1.0,0.5326,22.0,0.4186,4.0,4.0,3.95,0.0,2.0,0
PRJ-301468,14.89,173.0,49.0,2.0,0.0429,19.0,0.8288,1.0,3.0,6.35,0.0,6.0,0
PRJ-301469,12.43,337.0,7.4,5.0,0.0443,22.0,0.2105,0.0,3.0,-5.81,0.0,1.0,0
PRJ-301470,28.19,312.0,10.7,4.0,0.3087,16.0,0.329,1.0,4.0,-6.56,0.0,8.0,0
PRJ-301471,38.47,520.0,16.3,5.0,0.0966,42.0,0.2789,4.0,2.0,-14.5,1.0,6.0,1
PRJ-301472,22.92,513.0,27.1,4.0,0.1826,9.0,0.4392,3.0,2.0,-0.82,1.0,8.0,0
PRJ-301473,11.95,218.0,45.1,1.0,0.5785,40.0,0.2832,3.0,2.0,8.22,0.0,3.0,1
PRJ-301474,13.21,57.0,71.1,8.0,0.1912,4.0,0.3038,0.0,4.0,-8.11,0.0,5.0,0
PRJ-301475,6.92,46.0,111.0,6.0,0.4209,24.0,0.3626,4.0,3.0,12.58,0.0,7.0,0
PRJ-301476,7.91,47.0,96.9,5.0,0.209,29.0,0.2178,3.0,1.0,-12.59,0.0,2.0,0
PRJ-301477,11.48,431.0,86.8,2.0,0.2987,55.0,0.2753,3.0,4.0,-9.53,0.0,6.0,0
PRJ-301478,10.67,411.0,32.6,2.0,0.2702,39.0,0.395,1.0,2.0,-1.89,0.0,8.0,1
PRJ-301479,4.48,454.0,23.1,5.0,0.3739,19.0,0.4717,2.0,4.0,1.86,0.0,3.0,0
PRJ-301480,28.37,114.0,61.2,1.0,0.1014,22.0,0.2125,0.0,1.0,-3.0,0.0,4.0,0
PRJ-301481,30.88,74.0,64.1,4.0,0.361,43.0,0.3887,2.0,3.0,3.16,0.0,1.0,1
PRJ-301482,27.8,129.0,17.9,8.0,0.0358,52.0,0.5474,3.0,1.0,2.68,1.0,7.0,0
PRJ-301483,31.54,354.0,38.9,8.0,0.2487,47.0,0.6177,0.0,2.0,14.23,0.0,0.0,0
PRJ-301484,45.44,49.0,21.5,5.0,0.1447,54.0,0.3782,4.0,4.0,0.85,0.0,3.0,0
PRJ-301485,7.02,372.0,10.3,2.0,0.6782,13.0,0.4284,2.0,1.0,-3.99,0.0,3.0,0
PRJ-301486,44.24,485.0,57.9,1.0,0.312,29.0,0.4755,3.0,1.0,4.81,0.0,4.0,1
PRJ-301487,9.68,117.0,85.6,2.0,0.0833,28.0,0.4754,2.0,1.0,-21.35,0.0,3.0,1
PRJ-301488,18.84,410.0,136.2,3.0,0.3035,25.0,0.6735,3.0,1.0,-16.51,0.0,3.0,1
PRJ-301489,3.7,318.0,41.2,5.0,0.3527,1.0,0.174,3.0,1.0,10.76,0.0,0.0,0
PRJ-301490,8.82,512.0,8.3,6.0,0.1915,13.0,0.2085,2.0,4.0,-6.48,0.0,8.0,0
PRJ-301491,23.33,165.0,152.4,4.0,0.4036,19.0,0.312,2.0,2.0,-9.6,0.0,4.0,0
PRJ-301492,19.42,157.0,161.4,7.0,0.153,24.0,0.3451,1.0,3.0,5.25,1.0,3.0,0
PRJ-301493,9.55,53.0,260.2,2.0,0.3442,16.0,0.3827,1.0,1.0,-1.57,1.0,7.0,0
PRJ-301494,13.2,394.0,194.3,4.0,0.2115,21.0,0.3123,3.0,4.0,11.43,1.0,1.0,1
PRJ-301495,8.17,474.0,55.4,5.0,0.6749,46.0,0.189,1.0,3.0,-5.02,0.0,2.0,0
PRJ-301496,23.29,54.0,46.7,1.0,0.2168,19.0,0.3519,3.0,3.0,15.24,0.0,8.0,0
PRJ-301497,29.56,288.0,79.5,8.0,0.5672,13.0,0.1958,3.0,1.0,-4.21,0.0,0.0,1
PRJ-301498,7.04,403.0,12.5,8.0,0.0769,27.0,0.2709,2.0,2.0,11.13,0.0,6.0,0
PRJ-301499,12.31,431.0,25.8,6.0,0.2458,1.0,0.4474,2.0,4.0,1.03,0.0,8.0,1
PRJ-301500,4.35,505.0,41.7,6.0,0.0467,13.0,0.3295,1.0,3.0,-9.83,0.0,1.0,0
PRJ-301501,14.59,402.0,99.4,2.0,0.404,1.0,0.3218,0.0,2.0,-0.89,1.0,2.0,1
PRJ-301502,17.57,500.0,102.4,2.0,0.3952,4.0,0.2852,0.0,1.0,1.29,0.0,4.0,1
PRJ-301503,15.39,536.0,43.5,2.0,0.3268,45.0,0.7734,3.0,4.0,-1.16,1.0,3.0,0
PRJ-301504,16.68,504.0,13.8,2.0,0.1728,1.0,0.3578,0.0,4.0,-9.39,0.0,0.0,1
PRJ-301505,11.43,261.0,84.6,5.0,0.0543,8.0,0.457,1.0,1.0,17.19,1.0,0.0,0
PRJ-301506,11.62,246.0,12.9,8.0,0.5586,10.0,0.1954,4.0,1.0,2.92,0.0,8.0,0
PRJ-301507,11.25,256.0,29.8,6.0,0.0696,38.0,0.1865,1.0,1.0,-26.44,0.0,5.0,0
PRJ-301508,8.63,515.0,55.1,8.0,0.2092,19.0,0.8138,1.0,4.0,2.45,0.0,6.0,0
PRJ-301509,9.41,184.0,11.4,8.0,0.464,12.0,0.2909,0.0,4.0,6.08,0.0,6.0,0
PRJ-301510,17.06,417.0,24.4,6.0,0.1994,44.0,0.3342,2.0,3.0,-24.03,0.0,3.0,0
PRJ-301511,28.39,354.0,93.7,1.0,0.106,13.0,0.0902,0.0,3.0,-8.54,0.0,2.0,0
PRJ-301512,6.15,75.0,79.5,8.0,0.2789,56.0,0.547,3.0,2.0,11.1,0.0,8.0,0
PRJ-301513,11.59,285.0,15.7,5.0,0.2458,48.0,0.3121,0.0,1.0,1.93,0.0,3.0,0
PRJ-301514,5.22,141.0,60.1,5.0,0.115,53.0,0.3316,1.0,4.0,1.95,0.0,2.0,0
PRJ-301515,8.74,405.0,8.1,8.0,0.5125,40.0,0.4283,3.0,4.0,-14.38,0.0,8.0,0
PRJ-301516,9.81,266.0,73.7,6.0,0.2347,16.0,0.5037,2.0,1.0,-10.26,0.0,0.0,0
PRJ-301517,13.91,221.0,26.4,1.0,0.2893,39.0,0.6439,3.0,3.0,-16.31,1.0,5.0,0
PRJ-301518,13.66,77.0,39.5,7.0,0.1487,45.0,0.2739,1.0,4.0,-22.66,0.0,3.0,0
PRJ-301519,12.23,109.0,50.3,8.0,0.2502,55.0,0.8648,4.0,3.0,-30.7,0.0,7.0,1
PRJ-301520,16.16,423.0,16.7,2.0,0.179,3.0,0.4602,3.0,1.0,25.0,0.0,3.0,1
PRJ-301521,6.6,471.0,24.7,4.0,0.1966,52.0,0.3176,0.0,3.0,-8.74,0.0,3.0,0
PRJ-301522,13.99,189.0,139.6,1.0,0.3862,48.0,0.5122,4.0,2.0,3.4,0.0,2.0,1
PRJ-301523,19.78,454.0,37.3,6.0,0.5458,50.0,0.2118,1.0,3.0,13.51,0.0,2.0,0
PRJ-301524,6.54,318.0,52.4,2.0,0.1285,12.0,0.265,1.0,3.0,1.8,0.0,8.0,0
PRJ-301525,3.17,218.0,53.1,4.0,0.2964,8.0,0.5735,3.0,1.0,-1.16,0.0,1.0,0
PRJ-301526,23.18,268.0,113.0,6.0,0.3132,39.0,0.2493,2.0,4.0,4.3,0.0,0.0,1
PRJ-301527,5.35,386.0,83.0,7.0,0.2983,9.0,0.4373,2.0,4.0,24.57,0.0,1.0,0
PRJ-301528,8.44,495.0,17.5,3.0,0.1004,11.0,0.6833,3.0,1.0,0.67,0.0,7.0,0
PRJ-301529,19.42,288.0,122.8,8.0,0.0461,58.0,0.5393,2.0,4.0,-17.51,0.0,4.0,0
PRJ-301530,6.3,216.0,154.0,1.0,0.1563,54.0,0.4292,0.0,3.0,-13.19,1.0,5.0,1
PRJ-301531,22.17,421.0,17.4,2.0,0.3507,34.0,0.3713,0.0,3.0,-11.39,0.0,2.0,0
PRJ-301532,7.58,304.0,35.4,1.0,0.5077,38.0,0.1683,2.0,3.0,-2.41,0.0,7.0,1
PRJ-301533,6.92,238.0,42.7,6.0,0.0499,32.0,0.2298,0.0,3.0,-14.5,0.0,2.0,0
PRJ-301534,5.24,272.0,36.5,3.0,0.3559,44.0,0.337,4.0,4.0,-7.19,0.0,6.0,0
PRJ-301535,7.63,310.0,73.9,1.0,0.0966,30.0,0.5449,3.0,4.0,-2.05,0.0,5.0,0
PRJ-301536,17.78,114.0,39.7,7.0,0.6046,36.0,0.202,3.0,3.0,11.77,0.0,6.0,0
PRJ-301537,8.44,73.0,30.2,3.0,0.1835,44.0,0.775,3.0,1.0,-10.84,0.0,6.0,0
PRJ-301538,23.23,374.0,76.3,6.0,0.4065,47.0,0.2432,1.0,4.0,7.0,0.0,4.0,1
PRJ-301539,12.57,131.0,5.8,5.0,0.1825,35.0,0.1726,0.0,4.0,2.79,0.0,8.0,0
PRJ-301540,13.32,308.0,55.5,1.0,0.5167,44.0,0.4051,4.0,4.0,8.18,0.0,3.0,1
PRJ-301541,6.77,431.0,67.9,5.0,0.2599,8.0,0.4668,4.0,4.0,-28.74,0.0,0.0,1
PRJ-301542,25.41,151.0,117.6,7.0,0.173,3.0,0.7201,3.0,3.0,-21.61,0.0,6.0,1
PRJ-301543,19.88,233.0,49.5,3.0,0.0162,6.0,0.4096,3.0,2.0,-18.48,0.0,3.0,1
PRJ-301544,19.53,529.0,8.8,7.0,0.2418,44.0,0.3803,0.0,2.0,16.07,0.0,4.0,0
PRJ-301545,10.99,62.0,51.8,3.0,0.5107,18.0,0.1335,1.0,3.0,-9.48,0.0,3.0,0
PRJ-301546,4.77,419.0,8.1,3.0,0.1364,47.0,0.5317,1.0,1.0,-14.2,1.0,2.0,0
PRJ-301547,13.79,127.0,62.7,2.0,0.3493,52.0,0.3831,2.0,3.0,-1.55,1.0,2.0,0
PRJ-301548,17.3,493.0,104.0,2.0,0.1614,42.0,0.4442,3.0,1.0,24.62,1.0,8.0,1
PRJ-301549,17.41,248.0,44.5,2.0,0.1235,24.0,0.3566,1.0,4.0,-8.3,1.0,1.0,0
PRJ-301550,15.94,48.0,39.8,6.0,0.0669,6.0,0.5223,2.0,4.0,-8.1,1.0,8.0,0
PRJ-301551,15.51,400.0,81.7,2.0,0.2308,52.0,0.2683,4.0,4.0,11.38,0.0,2.0,0
PRJ-301552,7.56,117.0,61.0,5.0,0.2563,20.0,0.46,1.0,2.0,2.78,0.0,2.0,0
PRJ-301553,7.83,224.0,77.4,3.0,0.4503,34.0,0.2035,0.0,3.0,-0.17,1.0,2.0,0
PRJ-301554,5.28,293.0,191.6,2.0,0.1298,43.0,0.0189,4.0,2.0,-5.78,0.0,6.0,0
PRJ-301555,23.4,413.0,31.9,7.0,0.4751,55.0,0.5746,4.0,4.0,3.35,0.0,4.0,0
PRJ-301556,37.39,252.0,65.7,5.0,0.0313,31.0,0.4771,4.0,2.0,-32.5,0.0,5.0,1
PRJ-301557,59.97,469.0,124.3,3.0,0.0591,53.0,0.155,3.0,2.0,3.12,0.0,0.0,0
PRJ-301558,14.42,283.0,125.6,6.0,0.2028,43.0,0.2498,3.0,1.0,-15.22,0.0,1.0,0
PRJ-301559,15.54,213.0,70.4,8.0,0.0297,22.0,0.4192,0.0,2.0,17.34,0.0,4.0,0
PRJ-301560,11.29,211.0,38.5,3.0,0.1245,20.0,0.1889,3.0,1.0,12.38,0.0,6.0,0
PRJ-301561,14.28,441.0,76.7,2.0,0.3351,33.0,0.4765,4.0,4.0,9.0,0.0,8.0,1
PRJ-301562,6.28,374.0,77.9,6.0,0.1235,42.0,0.2735,3.0,3.0,23.62,0.0,3.0,0
PRJ-301563,11.14,107.0,87.3,4.0,0.3991,42.0,0.5016,4.0,3.0,31.72,0.0,7.0,0
PRJ-301564,6.96,416.0,18.6,6.0,0.2234,44.0,0.639,0.0,4.0,-0.24,0.0,0.0,0
PRJ-301565,10.18,250.0,151.2,2.0,0.2255,2.0,0.2917,3.0,4.0,0.3,0.0,5.0,1
PRJ-301566,7.4,217.0,124.6,8.0,0.0465,25.0,0.319,0.0,2.0,8.46,0.0,4.0,0
PRJ-301567,17.31,93.0,45.6,1.0,0.1802,9.0,0.2931,2.0,2.0,7.23,0.0,4.0,0
PRJ-301568,18.71,539.0,116.4,3.0,0.1827,2.0,0.4516,0.0,1.0,-28.79,0.0,8.0,1
PRJ-301569,15.23,71.0,43.2,6.0,0.2684,43.0,0.3978,3.0,3.0,-3.55,0.0,3.0,0
PRJ-301570,7.85,538.0,135.4,5.0,0.6571,59.0,0.1364,2.0,3.0,-11.07,1.0,0.0,0
PRJ-301571,5.01,76.0,51.5,3.0,0.3552,54.0,0.2219,3.0,1.0,4.67,0.0,2.0,1
PRJ-301572,18.85,295.0,22.4,8.0,0.1411,52.0,0.5408,3.0,4.0,5.13,0.0,0.0,0
PRJ-301573,12.53,96.0,174.9,3.0,0.3509,18.0,0.1179,0.0,3.0,-0.1,0.0,5.0,0
PRJ-301574,3.08,288.0,84.8,6.0,0.1919,9.0,0.5073,4.0,2.0,-8.68,0.0,5.0,0
PRJ-301575,13.72,458.0,41.0,4.0,0.3121,23.0,0.4138,2.0,3.0,-6.81,1.0,4.0,0
PRJ-301576,15.61,337.0,143.0,4.0,0.1465,26.0,0.4298,0.0,2.0,21.81,1.0,6.0,0
PRJ-301577,3.86,314.0,77.3,7.0,0.2178,52.0,0.6384,4.0,4.0,-29.25,0.0,7.0,0
PRJ-301578,17.5,103.0,37.0,3.0,0.3665,19.0,0.4126,4.0,3.0,36.25,0.0,8.0,0
PRJ-301579,4.31,513.0,144.2,4.0,0.1009,15.0,0.0675,3.0,3.0,22.2,0.0,2.0,1
PRJ-301580,7.26,230.0,87.0,7.0,0.0167,58.0,0.4037,3.0,2.0,-2.2,0.0,2.0,0
PRJ-301581,4.33,311.0,62.2,1.0,0.2109,55.0,0.2459,0.0,2.0,7.53,0.0,2.0,0
PRJ-301582,6.72,489.0,49.0,4.0,0.3341,42.0,0.4793,1.0,3.0,-1.56,0.0,6.0,0
PRJ-301583,5.04,356.0,21.6,3.0,0.2316,8.0,0.3457,4.0,3.0,-2.23,0.0,6.0,0
PRJ-301584,23.31,408.0,3.2,4.0,0.1845,33.0,0.4218,0.0,3.0,-5.66,0.0,0.0,0
PRJ-301585,10.59,136.0,81.0,5.0,0.5223,15.0,0.3036,0.0,4.0,-8.25,0.0,4.0,0
PRJ-301586,9.11,272.0,17.6,4.0,0.2453,9.0,0.3568,0.0,2.0,8.31,0.0,2.0,0
PRJ-301587,24.7,312.0,21.6,8.0,0.0311,2.0,0.1472,3.0,3.0,-10.6,1.0,6.0,0
PRJ-301588,23.91,131.0,42.6,8.0,0.2673,19.0,0.3363,3.0,4.0,0.54,0.0,4.0,1
PRJ-301589,9.62,235.0,43.5,2.0,0.3106,5.0,0.3543,1.0,2.0,-5.04,0.0,7.0,0
PRJ-301590,15.04,456.0,24.3,6.0,0.3873,5.0,0.3339,4.0,2.0,23.28,0.0,4.0,0
PRJ-301591,8.28,506.0,81.0,3.0,0.1708,15.0,0.3048,1.0,2.0,12.85,0.0,5.0,0
PRJ-301592,11.7,452.0,9.5,6.0,0.245,28.0,0.4184,1.0,3.0,-9.07,0.0,3.0,0
PRJ-301593,5.72,507.0,79.9,4.0,0.1097,39.0,0.2527,2.0,4.0,15.45,0.0,4.0,0
PRJ-301594,16.47,539.0,38.8,8.0,0.4929,52.0,0.1971,1.0,3.0,4.55,0.0,5.0,0
PRJ-301595,25.31,143.0,23.2,8.0,0.1177,12.0,0.3306,0.0,3.0,13.2,0.0,8.0,0
PRJ-301596,22.58,468.0,10.5,1.0,0.2633,47.0,0.4175,2.0,4.0,11.25,0.0,2.0,0
PRJ-301597,12.91,351.0,55.5,1.0,0.2818,56.0,0.1951,4.0,1.0,-17.41,0.0,7.0,1
PRJ-301598,2.86,470.0,16.3,1.0,0.031,46.0,0.7925,1.0,2.0,6.69,1.0,4.0,0
PRJ-301599,8.01,360.0,14.0,7.0,0.2106,20.0,0.7103,4.0,1.0,-0.86,0.0,6.0,1
PRJ-301600,11.69,106.0,123.3,2.0,0.3228,18.0,0.4979,4.0,4.0,23.19,0.0,1.0,1
PRJ-301601,4.57,323.0,12.7,6.0,0.2785,31.0,0.3278,0.0,3.0,-11.3,0.0,5.0,0
PRJ-301602,4.01,421.0,9.3,3.0,0.3975,49.0,0.6,4.0,3.0,8.49,0.0,2.0,0
PRJ-301603,29.7,106.0,75.4,3.0,0.2008,39.0,0.5889,4.0,3.0,-14.71,1.0,1.0,0
PRJ-301604,20.95,294.0,58.9,5.0,0.4786,27.0,0.1409,3.0,4.0,25.95,1.0,8.0,0
PRJ-301605,17.3,368.0,30.0,7.0,0.3193,8.0,0.1256,4.0,2.0,6.83,0.0,0.0,1
PRJ-301606,19.44,274.0,20.3,5.0,0.3402,40.0,0.1979,1.0,2.0,-6.38,0.0,8.0,0
PRJ-301607,5.16,440.0,25.7,5.0,0.2251,41.0,0.7321,0.0,1.0,17.27,1.0,6.0,0
PRJ-301608,6.56,107.0,30.7,6.0,0.3717,30.0,0.5411,0.0,4.0,21.16,1.0,0.0,0
PRJ-301609,14.45,215.0,69.2,2.0,0.0402,7.0,0.3295,0.0,3.0,4.83,0.0,1.0,0
PRJ-301610,15.2,515.0,56.5,5.0,0.3402,26.0,0.5879,4.0,3.0,-2.45,0.0,4.0,0
PRJ-301611,4.38,299.0,35.4,3.0,0.3094,49.0,0.3452,2.0,1.0,-14.06,0.0,5.0,0
PRJ-301612,13.79,134.0,35.1,2.0,0.0196,57.0,0.3341,2.0,3.0,-12.21,0.0,1.0,0
PRJ-301613,11.84,102.0,77.8,3.0,0.3052,29.0,0.3151,1.0,3.0,-15.57,0.0,5.0,0
PRJ-301614,22.13,338.0,23.1,2.0,0.2627,50.0,0.2047,2.0,4.0,13.54,0.0,5.0,0
PRJ-301615,15.24,505.0,10.2,3.0,0.18,5.0,0.3005,2.0,4.0,14.13,0.0,6.0,0
PRJ-301616,31.81,69.0,114.3,1.0,0.1885,4.0,0.5167,2.0,1.0,-13.38,0.0,2.0,1
PRJ-301617,9.66,99.0,35.4,6.0,0.054,42.0,0.3245,2.0,2.0,14.6,0.0,4.0,0
PRJ-301618,5.42,230.0,163.2,3.0,0.1114,58.0,0.0991,1.0,3.0,-3.93,0.0,6.0,0
PRJ-301619,31.29,148.0,31.4,6.0,0.1561,4.0,0.2056,3.0,1.0,-7.3,0.0,7.0,1
PRJ-301620,15.76,104.0,47.0,6.0,0.2319,8.0,0.2645,0.0,4.0,5.36,0.0,8.0,1
PRJ-301621,11.88,192.0,21.4,7.0,0.1561,58.0,0.4797,3.0,3.0,-1.21,0.0,3.0,0
PRJ-301622,6.74,363.0,57.2,1.0,0.2902,57.0,0.4918,0.0,4.0,-22.09,1.0,7.0,0
PRJ-301623,9.73,453.0,35.8,5.0,0.4221,27.0,0.3718,2.0,1.0,-4.65,0.0,0.0,0
PRJ-301624,9.38,196.0,39.4,4.0,0.2782,2.0,0.1928,3.0,2.0,-16.98,0.0,2.0,0
PRJ-301625,5.25,391.0,51.0,3.0,0.1098,22.0,0.1179,2.0,4.0,-21.35,1.0,7.0,1
PRJ-301626,2.28,452.0,32.0,7.0,0.172,40.0,0.0966,4.0,2.0,-7.98,0.0,6.0,0
PRJ-301627,9.23,48.0,55.8,1.0,0.1631,18.0,0.3619,4.0,3.0,-1.46,0.0,0.0,0
PRJ-301628,19.76,467.0,26.0,3.0,0.4069,19.0,0.6787,4.0,1.0,-16.69,1.0,0.0,1
PRJ-301629,26.66,135.0,53.6,7.0,0.3271,26.0,0.4302,1.0,2.0,0.46,0.0,4.0,1
PRJ-301630,22.68,384.0,8.2,4.0,0.6466,27.0,0.1628,4.0,1.0,0.73,0.0,6.0,0
PRJ-301631,23.5,416.0,12.7,1.0,0.5752,46.0,0.3639,0.0,3.0,8.16,1.0,0.0,0
PRJ-301632,5.71,463.0,21.1,2.0,0.1806,29.0,0.1827,1.0,4.0,-2.66,0.0,3.0,1
PRJ-301633,14.63,244.0,15.4,3.0,0.1535,31.0,0.4561,1.0,1.0,8.41,0.0,5.0,0
PRJ-301634,17.38,371.0,16.7,2.0,0.3284,24.0,0.6107,1.0,1.0,9.46,0.0,6.0,0
PRJ-301635,18.09,57.0,66.2,6.0,0.0907,38.0,0.551,3.0,2.0,-18.92,0.0,2.0,0
PRJ-301636,11.71,266.0,36.6,2.0,0.344,41.0,0.2236,3.0,4.0,20.87,0.0,6.0,0
PRJ-301637,13.49,522.0,32.0,7.0,0.2124,3.0,0.5248,1.0,2.0,14.64,0.0,5.0,0
PRJ-301638,22.26,123.0,56.2,3.0,0.1714,2.0,0.285,3.0,2.0,-3.74,0.0,7.0,1
PRJ-301639,16.98,119.0,59.4,1.0,0.039,51.0,0.4624,3.0,3.0,-11.81,1.0,3.0,0
PRJ-301640,19.02,391.0,29.0,1.0,0.42,2.0,0.2254,4.0,4.0,10.1,0.0,1.0,0
PRJ-301641,8.94,297.0,95.1,5.0,0.0488,31.0,0.1252,1.0,3.0,-8.5,0.0,8.0,0
PRJ-301642,18.39,270.0,38.3,6.0,0.2258,50.0,0.5348,0.0,2.0,-13.0,0.0,6.0,0
PRJ-301643,13.37,167.0,70.8,2.0,0.1818,31.0,0.291,1.0,1.0,-4.34,0.0,2.0,0
PRJ-301644,20.87,129.0,26.0,3.0,0.1179,5.0,0.3387,0.0,3.0,14.35,0.0,7.0,0
PRJ-301645,7.56,410.0,54.6,7.0,0.1888,15.0,0.3044,3.0,4.0,17.54,0.0,2.0,0
PRJ-301646,19.82,222.0,75.6,7.0,0.2158,9.0,0.1232,4.0,4.0,22.33,0.0,5.0,0
PRJ-301647,9.82,429.0,69.5,6.0,0.3271,4.0,0.4969,0.0,2.0,-3.02,0.0,3.0,1
PRJ-301648,19.87,264.0,65.0,5.0,0.2488,21.0,0.4226,4.0,1.0,-2.0,0.0,5.0,1
PRJ-301649,14.69,241.0,24.9,6.0,0.4981,20.0,0.4544,3.0,4.0,-1.93,0.0,0.0,0
PRJ-301650,12.73,158.0,14.8,3.0,0.3605,39.0,0.4532,3.0,4.0,-7.76,0.0,1.0,0
PRJ-301651,10.19,370.0,13.1,1.0,0.1335,49.0,0.3224,2.0,2.0,-8.15,1.0,7.0,0
PRJ-301652,11.92,185.0,30.7,5.0,0.2633,34.0,0.2381,0.0,3.0,-5.25,0.0,3.0,0
PRJ-301653,9.25,494.0,28.9,5.0,0.0785,32.0,0.1642,4.0,3.0,22.5,0.0,0.0,0
PRJ-301654,10.05,247.0,60.1,7.0,0.1879,48.0,0.3205,1.0,1.0,-10.32,0.0,5.0,1
PRJ-301655,16.7,448.0,45.6,2.0,0.2134,15.0,0.3366,4.0,2.0,2.62,0.0,1.0,1
PRJ-301656,3.45,277.0,13.5,8.0,0.0576,28.0,0.4786,4.0,2.0,7.24,0.0,3.0,0
PRJ-301657,19.7,250.0,85.2,4.0,0.1485,35.0,0.749,0.0,3.0,25.42,1.0,1.0,1
PRJ-301658,19.91,269.0,52.3,4.0,0.402,48.0,0.1326,2.0,2.0,3.59,0.0,6.0,0
PRJ-301659,10.4,263.0,23.4,8.0,0.3618,21.0,0.36,1.0,2.0,-3.34,0.0,1.0,0
PRJ-301660,13.72,282.0,27.1,5.0,0.1674,30.0,0.3749,4.0,3.0,-11.79,1.0,5.0,0
PRJ-301661,6.24,484.0,113.8,1.0,0.5959,13.0,0.6341,0.0,3.0,-10.73,0.0,3.0,0
PRJ-301662,16.01,393.0,15.4,3.0,0.4003,18.0,0.4123,1.0,1.0,-0.14,0.0,6.0,0
PRJ-301663,6.81,62.0,117.9,5.0,0.3439,44.0,0.3802,4.0,2.0,-3.69,0.0,1.0,0
PRJ-301664,1.44,73.0,35.8,2.0,0.0899,50.0,0.1875,3.0,4.0,-0.71,0.0,7.0,0
PRJ-301665,26.03,56.0,37.8,2.0,0.1333,10.0,0.2672,3.0,3.0,6.97,1.0,7.0,1
PRJ-301666,5.75,387.0,56.4,3.0,0.1311,59.0,0.2719,0.0,2.0,-7.85,0.0,1.0,0
PRJ-301667,11.75,146.0,9.9,5.0,0.0404,35.0,0.1841,4.0,3.0,4.51,1.0,8.0,0
PRJ-301668,14.06,235.0,52.2,1.0,0.2666,59.0,0.4144,0.0,4.0,12.47,0.0,4.0,0
PRJ-301669,16.67,454.0,74.6,5.0,0.0968,44.0,0.1886,4.0,4.0,-21.92,0.0,1.0,0
PRJ-301670,12.45,110.0,30.0,6.0,0.3979,7.0,0.107,2.0,3.0,2.12,0.0,4.0,0
PRJ-301671,14.87,120.0,42.8,4.0,0.2961,3.0,0.2259,4.0,4.0,17.23,0.0,1.0,1
PRJ-301672,10.24,84.0,165.6,6.0,0.384,54.0,0.5359,2.0,1.0,5.06,1.0,4.0,1
PRJ-301673,3.93,186.0,80.4,6.0,0.1441,41.0,0.1987,1.0,2.0,-7.51,0.0,2.0,0
PRJ-301674,12.13,89.0,19.6,4.0,0.3192,51.0,0.5542,0.0,4.0,7.39,1.0,6.0,1
PRJ-301675,18.15,356.0,28.5,8.0,0.4637,0.0,0.3891,2.0,1.0,-6.28,0.0,4.0,0
PRJ-301676,6.01,409.0,34.9,5.0,0.2045,9.0,0.263,3.0,1.0,10.61,0.0,0.0,1
PRJ-301677,14.16,136.0,84.0,7.0,0.292,48.0,0.5191,1.0,1.0,5.66,0.0,4.0,0
PRJ-301678,35.73,304.0,19.6,6.0,0.2892,50.0,0.595,1.0,4.0,22.9,1.0,8.0,0
PRJ-301679,11.61,195.0,69.6,8.0,0.3953,16.0,0.7235,2.0,2.0,-1.24,0.0,3.0,0
PRJ-301680,12.01,84.0,70.0,4.0,0.2152,59.0,0.4021,0.0,1.0,5.34,0.0,1.0,0
PRJ-301681,3.7,276.0,44.9,2.0,0.1779,9.0,0.7456,2.0,3.0,-4.07,0.0,2.0,0
PRJ-301682,5.5,390.0,86.0,2.0,0.0689,18.0,0.6061,1.0,4.0,1.3,0.0,4.0,0
PRJ-301683,6.86,157.0,21.4,8.0,0.1458,7.0,0.3427,4.0,3.0,-10.21,0.0,7.0,0
PRJ-301684,17.7,435.0,98.2,7.0,0.0291,34.0,0.1496,1.0,1.0,15.89,0.0,2.0,0
PRJ-301685,6.3,536.0,7.7,3.0,0.3764,26.0,0.1325,3.0,3.0,2.86,0.0,4.0,0
PRJ-301686,2.83,72.0,19.5,4.0,0.0417,36.0,0.3911,3.0,2.0,0.41,0.0,5.0,0
PRJ-301687,15.8,125.0,7.9,1.0,0.3351,17.0,0.7445,3.0,1.0,10.93,0.0,1.0,0
PRJ-301688,7.31,188.0,22.5,8.0,0.5226,31.0,0.4066,2.0,4.0,18.4,0.0,7.0,1
PRJ-301689,3.8,465.0,70.9,4.0,0.4781,28.0,0.3425,3.0,2.0,27.28,1.0,6.0,1
PRJ-301690,19.08,115.0,58.2,4.0,0.1732,17.0,0.7522,2.0,4.0,-10.12,1.0,0.0,1
PRJ-301691,9.45,277.0,51.8,2.0,0.0913,50.0,0.3792,2.0,4.0,8.39,1.0,2.0,0
PRJ-301692,16.75,311.0,22.2,1.0,0.366,51.0,0.4082,2.0,2.0,11.49,0.0,4.0,0
PRJ-301693,3.71,108.0,42.3,7.0,0.091,6.0,0.1476,1.0,4.0,-1.03,0.0,7.0,0
PRJ-301694,2.12,65.0,98.9,2.0,0.1045,17.0,0.3052,1.0,2.0,-7.65,0.0,6.0,1
PRJ-301695,13.29,103.0,23.1,1.0,0.3229,15.0,0.196,4.0,3.0,14.11,0.0,6.0,0
PRJ-301696,5.36,72.0,24.0,8.0,0.3278,16.0,0.2867,0.0,3.0,-10.92,0.0,2.0,0
PRJ-301697,13.17,292.0,24.9,5.0,0.5694,6.0,0.4764,1.0,1.0,4.95,0.0,1.0,0
PRJ-301698,13.36,508.0,49.8,1.0,0.1486,23.0,0.336,2.0,4.0,-8.33,0.0,6.0,0
PRJ-301699,12.27,219.0,66.4,3.0,0.2092,38.0,0.6538,2.0,2.0,0.6,1.0,2.0,0
PRJ-301700,23.39,172.0,77.6,5.0,0.1713,22.0,0.1586,0.0,4.0,-18.56,0.0,8.0,0
PRJ-301701,54.74,161.0,34.9,2.0,0.0818,37.0,0.396,0.0,1.0,-12.39,1.0,5.0,0
PRJ-301702,15.62,530.0,32.2,8.0,0.1894,4.0,0.4676,3.0,4.0,-21.7,0.0,7.0,0
PRJ-301703,35.71,519.0,27.4,8.0,0.1824,50.0,0.0924,2.0,3.0,32.04,0.0,6.0,0
PRJ-301704,9.63,366.0,63.4,8.0,0.1165,31.0,0.6181,0.0,4.0,-17.24,0.0,1.0,0
PRJ-301705,4.65,274.0,10.3,5.0,0.3044,43.0,0.2859,2.0,2.0,10.6,0.0,3.0,0
PRJ-301706,7.66,124.0,38.7,8.0,0.0749,29.0,0.5176,3.0,1.0,-9.08,0.0,3.0,0
PRJ-301707,10.03,504.0,38.9,3.0,0.1441,41.0,0.5227,4.0,1.0,-28.53,0.0,5.0,0
PRJ-301708,37.58,45.0,70.7,5.0,0.2731,33.0,0.5024,0.0,4.0,3.17,0.0,4.0,0
PRJ-301709,12.73,126.0,13.6,6.0,0.6664,9.0,0.3529,1.0,1.0,30.96,0.0,0.0,0
PRJ-301710,23.93,380.0,74.6,5.0,0.174,13.0,0.2983,3.0,1.0,-9.36,0.0,7.0,1
PRJ-301711,9.09,135.0,60.6,7.0,0.0456,49.0,0.6033,1.0,1.0,22.13,0.0,0.0,0
PRJ-301712,8.34,98.0,141.2,1.0,0.37,20.0,0.5712,0.0,1.0,23.64,1.0,5.0,0
PRJ-301713,3.6,340.0,123.7,4.0,0.1586,0.0,0.45,0.0,4.0,-12.9,1.0,2.0,0
PRJ-301714,36.83,57.0,94.1,7.0,0.3651,31.0,0.3002,3.0,2.0,-20.73,0.0,4.0,0
PRJ-301715,28.96,178.0,5.5,2.0,0.5025,42.0,0.3241,2.0,1.0,-9.41,0.0,4.0,0
PRJ-301716,14.25,363.0,15.0,4.0,0.0806,51.0,0.5942,1.0,4.0,13.08,0.0,0.0,1
PRJ-301717,10.43,136.0,86.2,8.0,0.1871,48.0,0.1797,3.0,2.0,-24.2,0.0,4.0,0
PRJ-301718,13.06,420.0,38.0,5.0,0.4817,56.0,0.3725,0.0,4.0,5.94,0.0,4.0,0
PRJ-301719,4.51,91.0,123.5,3.0,0.164,13.0,0.6008,3.0,3.0,1.17,0.0,0.0,0
PRJ-301720,16.73,348.0,45.8,3.0,0.2699,42.0,0.2815,4.0,2.0,-7.89,1.0,5.0,0
PRJ-301721,27.49,82.0,68.9,2.0,0.2742,18.0,0.1257,0.0,4.0,-5.92,0.0,8.0,0
PRJ-301722,28.36,407.0,65.4,6.0,0.0006,52.0,0.3418,2.0,2.0,-2.18,0.0,1.0,0
PRJ-301723,3.71,417.0,44.8,1.0,0.3113,14.0,0.1558,1.0,4.0,1.07,1.0,1.0,0
PRJ-301724,23.79,438.0,87.2,2.0,0.2606,42.0,0.1919,3.0,1.0,19.7,0.0,6.0,0
PRJ-301725,4.53,184.0,72.8,1.0,0.3289,49.0,0.3259,1.0,2.0,-4.98,0.0,7.0,0
PRJ-301726,2.23,161.0,16.4,7.0,0.1787,35.0,0.2789,3.0,4.0,-1.15,0.0,8.0,0
PRJ-301727,24.36,529.0,173.0,8.0,0.2434,25.0,0.3126,3.0,1.0,7.43,0.0,8.0,0
PRJ-301728,8.59,406.0,15.0,1.0,0.5651,27.0,0.3889,3.0,1.0,-11.88,0.0,1.0,0
PRJ-301729,22.24,135.0,23.9,8.0,0.0235,21.0,0.2528,3.0,3.0,19.27,0.0,4.0,0
PRJ-301730,21.01,59.0,68.1,8.0,0.4311,6.0,0.1188,3.0,2.0,-10.0,0.0,7.0,1
PRJ-301731,19.35,220.0,59.3,5.0,0.1416,30.0,0.4818,4.0,3.0,5.65,0.0,7.0,0
PRJ-301732,12.95,374.0,77.2,1.0,0.1517,36.0,0.6408,4.0,2.0,-3.18,0.0,6.0,1
PRJ-301733,4.91,230.0,37.0,6.0,0.2071,43.0,0.5048,1.0,2.0,0.06,0.0,4.0,0
PRJ-301734,10.04,444.0,62.5,5.0,0.4214,3.0,0.1622,0.0,4.0,23.99,0.0,7.0,0
PRJ-301735,28.65,292.0,25.4,7.0,0.1863,39.0,0.5711,0.0,3.0,3.14,0.0,0.0,0
PRJ-301736,22.6,535.0,45.7,3.0,0.0587,17.0,0.5466,2.0,2.0,-8.4,1.0,4.0,1
PRJ-301737,10.41,475.0,113.7,5.0,0.4902,42.0,0.5167,2.0,4.0,-11.16,1.0,1.0,1
PRJ-301738,10.32,278.0,14.9,8.0,0.3484,29.0,0.3217,3.0,2.0,15.16,0.0,8.0,0
PRJ-301739,18.26,458.0,91.0,6.0,0.2926,56.0,0.1259,3.0,1.0,5.36,0.0,4.0,0
PRJ-301740,13.58,266.0,39.1,6.0,0.1329,6.0,0.4149,0.0,3.0,-6.09,0.0,5.0,0
PRJ-301741,10.78,49.0,20.8,8.0,0.0632,15.0,0.0989,3.0,3.0,13.22,0.0,3.0,0
PRJ-301742,17.3,197.0,22.1,4.0,0.3869,43.0,0.7346,3.0,1.0,-9.88,0.0,0.0,0
PRJ-301743,16.93,247.0,38.2,2.0,0.0697,12.0,0.7224,4.0,3.0,-10.54,0.0,6.0,0
PRJ-301744,7.81,528.0,93.9,8.0,0.2879,15.0,0.249,2.0,3.0,-1.76,0.0,0.0,0
PRJ-301745,15.39,454.0,62.2,2.0,0.2445,38.0,0.3343,1.0,3.0,-3.63,0.0,2.0,0
PRJ-301746,16.27,117.0,13.7,5.0,0.2399,30.0,0.4326,1.0,1.0,-21.12,0.0,4.0,0
PRJ-301747,12.3,45.0,87.8,7.0,0.1492,8.0,0.2693,4.0,3.0,-6.2,1.0,0.0,0
PRJ-301748,7.23,306.0,77.9,7.0,0.3091,19.0,0.1495,1.0,1.0,6.71,0.0,7.0,0
PRJ-301749,9.83,309.0,7.8,6.0,0.1743,38.0,0.2412,3.0,4.0,-4.63,0.0,7.0,0
PRJ-301750,6.22,409.0,19.9,4.0,0.2041,3.0,0.4366,2.0,4.0,-0.47,1.0,2.0,1
PRJ-301751,15.66,173.0,100.6,2.0,0.235,57.0,0.3068,0.0,2.0,-12.31,0.0,5.0,0
PRJ-301752,3.72,447.0,45.0,1.0,0.3936,23.0,0.422,2.0,2.0,3.37,0.0,6.0,0
PRJ-301753,30.49,249.0,87.4,3.0,0.3446,27.0,0.5446,4.0,4.0,5.87,0.0,5.0,1
PRJ-301754,26.69,210.0,3.7,8.0,0.0364,39.0,0.6174,1.0,2.0,16.84,0.0,0.0,0
PRJ-301755,16.52,253.0,1.9,6.0,0.4729,12.0,0.3494,1.0,3.0,-3.89,0.0,3.0,0
PRJ-301756,21.78,512.0,71.5,4.0,0.3257,33.0,0.3649,2.0,4.0,-3.13,1.0,3.0,1
PRJ-301757,20.87,238.0,27.6,4.0,0.6013,59.0,0.1017,0.0,4.0,7.6,0.0,4.0,0
PRJ-301758,13.71,322.0,74.4,3.0,0.1163,57.0,0.229,1.0,3.0,-1.85,0.0,8.0,0
PRJ-301759,10.98,486.0,88.2,8.0,0.0609,22.0,0.3764,2.0,4.0,7.55,0.0,1.0,1
PRJ-301760,10.16,54.0,28.0,4.0,0.1568,59.0,0.3103,2.0,4.0,8.76,0.0,6.0,0
PRJ-301761,31.19,310.0,41.8,7.0,0.2862,6.0,0.3286,2.0,3.0,-12.84,0.0,6.0,1
PRJ-301762,7.05,395.0,34.8,1.0,0.0567,53.0,0.626,2.0,2.0,-13.41,0.0,3.0,0
PRJ-301763,7.15,492.0,27.6,4.0,0.1214,24.0,0.4867,2.0,1.0,-6.98,1.0,1.0,0
PRJ-301764,22.99,75.0,53.1,5.0,0.3032,18.0,0.2146,1.0,4.0,-20.68,0.0,7.0,0
PRJ-301765,21.65,404.0,82.0,6.0,0.0118,5.0,0.1359,3.0,3.0,22.27,0.0,7.0,0
PRJ-301766,10.55,442.0,24.1,1.0,0.1756,37.0,0.2374,1.0,1.0,-15.3,0.0,7.0,0
PRJ-301767,17.67,218.0,24.0,6.0,0.2944,4.0,0.3254,0.0,1.0,13.85,0.0,3.0,0
PRJ-301768,19.17,414.0,28.2,7.0,0.2058,43.0,0.325,3.0,1.0,-12.37,1.0,2.0,0
PRJ-301769,4.74,289.0,68.2,1.0,0.1327,2.0,0.0934,4.0,2.0,12.93,0.0,0.0,0
PRJ-301770,27.77,370.0,87.8,3.0,0.3188,31.0,0.2576,0.0,1.0,14.21,0.0,1.0,0
PRJ-301771,19.17,237.0,34.3,4.0,0.0271,27.0,0.2245,2.0,2.0,-20.81,0.0,8.0,0
PRJ-301772,16.72,132.0,5.9,3.0,0.5737,59.0,0.6929,0.0,4.0,-1.34,0.0,0.0,0
PRJ-301773,19.26,455.0,17.7,4.0,0.1282,27.0,0.2805,0.0,4.0,20.51,0.0,7.0,0
PRJ-301774,15.45,152.0,32.7,8.0,0.0412,18.0,0.2849,3.0,4.0,1.22,0.0,5.0,0
PRJ-301775,11.84,137.0,21.4,8.0,0.3269,44.0,0.2379,4.0,4.0,10.84,0.0,0.0,0
PRJ-301776,13.8,483.0,13.6,5.0,0.4959,52.0,0.5367,0.0,1.0,3.13,0.0,8.0,0
PRJ-301777,4.42,508.0,46.7,8.0,0.3902,32.0,0.2669,4.0,4.0,10.67,0.0,0.0,0
PRJ-301778,38.9,346.0,201.4,7.0,0.1518,45.0,0.3504,1.0,4.0,15.19,0.0,1.0,0
PRJ-301779,11.7,332.0,18.8,1.0,0.5232,51.0,0.2479,1.0,1.0,-2.21,0.0,2.0,0
PRJ-301780,38.49,223.0,53.5,4.0,0.1972,27.0,0.1965,2.0,2.0,0.06,0.0,2.0,0
PRJ-301781,13.95,347.0,65.8,7.0,0.5204,52.0,0.3224,2.0,2.0,-3.75,0.0,3.0,1
PRJ-301782,8.29,346.0,69.7,4.0,0.1523,48.0,0.2056,0.0,3.0,-14.85,1.0,1.0,0
PRJ-301783,27.27,300.0,42.8,5.0,0.6065,10.0,0.7528,1.0,1.0,8.43,0.0,4.0,1
PRJ-301784,16.29,369.0,14.3,4.0,0.3312,25.0,0.2358,2.0,1.0,0.97,0.0,5.0,0
PRJ-301785,47.58,319.0,81.7,1.0,0.7438,2.0,0.3781,2.0,4.0,15.12,1.0,6.0,1
PRJ-301786,8.14,480.0,9.3,5.0,0.0252,46.0,0.1855,2.0,2.0,23.35,0.0,0.0,0
PRJ-301787,27.99,375.0,39.4,4.0,0.4098,42.0,0.4548,1.0,1.0,-6.44,1.0,8.0,1
PRJ-301788,28.91,235.0,36.3,7.0,0.1763,2.0,0.4385,1.0,2.0,-4.94,0.0,1.0,0
PRJ-301789,20.19,369.0,15.5,8.0,0.4833,0.0,0.7455,1.0,3.0,-7.43,0.0,5.0,1
PRJ-301790,29.06,158.0,28.2,1.0,0.2971,36.0,0.2714,1.0,1.0,17.4,0.0,6.0,0
PRJ-301791,11.88,151.0,68.0,3.0,0.3384,23.0,0.4251,1.0,3.0,-16.49,1.0,5.0,1
PRJ-301792,7.02,454.0,39.4,4.0,0.2978,2.0,0.5937,1.0,4.0,4.12,1.0,8.0,1
PRJ-301793,8.81,333.0,11.1,6.0,0.1782,3.0,0.2889,2.0,2.0,-17.82,0.0,8.0,0
PRJ-301794,13.32,71.0,74.9,4.0,0.2305,51.0,0.4951,4.0,2.0,17.67,0.0,3.0,0
PRJ-301795,20.85,220.0,138.5,5.0,0.2261,27.0,0.397,0.0,3.0,8.75,0.0,3.0,0
PRJ-301796,7.38,532.0,12.9,8.0,0.2829,45.0,0.531,0.0,3.0,-7.58,1.0,6.0,0
PRJ-301797,10.16,360.0,42.0,5.0,0.4892,26.0,0.4117,2.0,2.0,21.61,0.0,8.0,1
PRJ-301798,7.8,474.0,43.3,1.0,0.3467,55.0,0.609,3.0,4.0,-9.58,0.0,8.0,0
PRJ-301799,23.23,316.0,12.5,4.0,0.317,50.0,0.5358,1.0,2.0,1.47,0.0,3.0,0
PRJ-301800,38.3,66.0,102.9,8.0,0.4061,54.0,0.0869,1.0,3.0,-26.43,0.0,0.0,1
PRJ-301801,6.19,133.0,44.0,4.0,0.5026,38.0,0.6209,0.0,1.0,7.52,1.0,6.0,0
PRJ-301802,18.21,90.0,83.6,8.0,0.0596,0.0,0.4797,4.0,3.0,-4.26,1.0,7.0,1
PRJ-301803,25.07,408.0,56.0,8.0,0.088,24.0,0.3578,1.0,3.0,-2.69,0.0,6.0,0
PRJ-301804,11.19,419.0,100.3,3.0,0.3528,5.0,0.4362,1.0,3.0,-11.57,0.0,8.0,0
PRJ-301805,4.6,271.0,55.4,4.0,0.432,30.0,0.3075,3.0,4.0,-13.23,0.0,7.0,1
PRJ-301806,27.12,403.0,30.9,2.0,0.2432,28.0,0.5584,0.0,2.0,-6.56,0.0,5.0,0
PRJ-301807,4.39,317.0,64.3,2.0,0.5226,32.0,0.2788,1.0,2.0,15.46,0.0,1.0,1
PRJ-301808,32.14,411.0,21.9,3.0,0.0863,56.0,0.2663,1.0,2.0,4.91,0.0,2.0,0
PRJ-301809,7.69,377.0,68.9,4.0,0.5477,13.0,0.4874,3.0,3.0,-10.42,0.0,4.0,0
PRJ-301810,3.93,270.0,18.8,3.0,0.103,52.0,0.4077,0.0,2.0,-26.69,0.0,5.0,0
PRJ-301811,9.28,368.0,40.9,6.0,0.1194,46.0,0.3195,4.0,2.0,23.54,0.0,0.0,0
PRJ-301812,12.63,202.0,34.8,2.0,0.2304,26.0,0.207,1.0,2.0,-29.68,0.0,7.0,1
PRJ-301813,14.44,415.0,52.5,4.0,0.2194,28.0,0.3406,4.0,2.0,13.58,0.0,7.0,0
PRJ-301814,19.19,497.0,111.6,8.0,0.0762,23.0,0.7241,0.0,1.0,5.93,0.0,7.0,0
PRJ-301815,15.3,147.0,27.4,6.0,0.1417,38.0,0.29,1.0,2.0,-2.38,1.0,2.0,0
PRJ-301816,36.38,375.0,79.9,2.0,0.2862,46.0,0.2618,0.0,4.0,-6.89,0.0,6.0,0
PRJ-301817,12.24,99.0,102.6,2.0,0.544,1.0,0.4927,4.0,2.0,9.19,1.0,7.0,1
PRJ-301818,15.83,231.0,78.2,8.0,0.3705,59.0,0.5667,3.0,4.0,13.13,1.0,4.0,1
PRJ-301819,14.98,376.0,52.3,5.0,0.1703,6.0,0.5222,4.0,3.0,13.24,0.0,4.0,1
PRJ-301820,3.59,182.0,50.3,8.0,0.2257,9.0,0.4018,0.0,1.0,13.38,1.0,6.0,0
PRJ-301821,5.38,161.0,26.0,7.0,0.4224,35.0,0.3402,0.0,4.0,-18.12,0.0,6.0,0
PRJ-301822,13.36,235.0,9.4,4.0,0.2926,6.0,0.5314,2.0,1.0,-8.17,0.0,2.0,1
PRJ-301823,17.1,101.0,45.2,5.0,0.1509,44.0,0.2076,4.0,2.0,-7.59,0.0,2.0,0
PRJ-301824,2.65,354.0,108.7,3.0,0.2173,13.0,0.7702,1.0,1.0,0.7,1.0,0.0,0
PRJ-301825,37.42,109.0,119.0,6.0,0.5239,19.0,0.2024,4.0,3.0,3.42,0.0,4.0,0
PRJ-301826,17.99,209.0,11.7,6.0,0.108,35.0,0.5629,4.0,2.0,12.86,1.0,2.0,1
PRJ-301827,12.87,199.0,116.6,6.0,0.48,56.0,0.409,3.0,1.0,-0.32,0.0,6.0,0
PRJ-301828,17.46,524.0,66.5,7.0,0.325,11.0,0.2478,4.0,3.0,9.4,0.0,6.0,0
PRJ-301829,8.91,535.0,61.2,6.0,0.0882,50.0,0.3969,3.0,3.0,-4.23,1.0,6.0,0
PRJ-301830,14.54,84.0,108.1,1.0,0.1683,39.0,0.5693,3.0,2.0,24.71,0.0,7.0,1
PRJ-301831,16.08,122.0,87.9,3.0,0.3792,31.0,0.4167,4.0,3.0,-7.62,1.0,5.0,1
PRJ-301832,27.31,407.0,18.5,5.0,0.3638,52.0,0.2599,1.0,3.0,-7.82,0.0,8.0,1
PRJ-301833,11.51,192.0,23.5,6.0,0.2732,38.0,0.0739,0.0,4.0,3.22,0.0,5.0,0
PRJ-301834,4.48,363.0,8.2,7.0,0.1887,48.0,0.4997,2.0,4.0,13.93,0.0,2.0,0
PRJ-301835,6.89,500.0,59.2,4.0,0.315,35.0,0.3646,3.0,3.0,-9.25,1.0,0.0,0
PRJ-301836,10.9,125.0,20.6,7.0,0.0362,28.0,0.0968,0.0,4.0,-3.5,0.0,8.0,0
PRJ-301837,4.85,521.0,30.0,4.0,0.4546,18.0,0.3783,4.0,2.0,-4.31,0.0,0.0,0
PRJ-301838,6.37,70.0,99.5,2.0,0.482,16.0,0.2047,4.0,4.0,-12.31,0.0,8.0,0
PRJ-301839,6.94,158.0,65.0,4.0,0.1959,3.0,0.1414,2.0,4.0,-6.57,1.0,7.0,1
PRJ-301840,10.4,296.0,66.3,2.0,0.2965,17.0,0.5194,4.0,3.0,-8.17,0.0,3.0,1
PRJ-301841,17.84,480.0,170.8,4.0,0.0932,48.0,0.187,1.0,4.0,16.01,1.0,5.0,0
PRJ-301842,10.07,319.0,1.0,2.0,0.3751,17.0,0.3873,4.0,3.0,2.02,0.0,0.0,1
PRJ-301843,18.62,113.0,21.6,1.0,0.1075,27.0,0.3604,2.0,3.0,-5.99,0.0,6.0,0
PRJ-301844,12.87,168.0,34.7,6.0,0.2799,22.0,0.2558,4.0,3.0,22.49,0.0,0.0,0
PRJ-301845,6.52,421.0,22.9,6.0,0.1238,50.0,0.0841,4.0,3.0,21.83,1.0,7.0,0
PRJ-301846,16.26,322.0,83.1,2.0,0.3752,34.0,0.1809,0.0,2.0,20.73,0.0,6.0,0
PRJ-301847,14.66,51.0,38.1,5.0,0.4279,22.0,0.3488,3.0,3.0,-5.32,1.0,7.0,0
PRJ-301848,18.93,293.0,16.6,5.0,0.1594,55.0,0.047,1.0,4.0,12.46,0.0,4.0,0
PRJ-301849,21.45,246.0,55.5,2.0,0.3394,0.0,0.4092,2.0,2.0,25.78,0.0,7.0,1
PRJ-301850,27.85,45.0,62.5,5.0,0.1511,7.0,0.4184,3.0,4.0,-4.67,0.0,3.0,0
PRJ-301851,18.22,167.0,18.0,3.0,0.1011,7.0,0.2524,0.0,3.0,-2.54,0.0,1.0,0
PRJ-301852,14.35,507.0,39.6,7.0,0.3719,5.0,0.3311,3.0,3.0,-5.19,0.0,4.0,0
PRJ-301853,18.99,393.0,63.6,5.0,0.2884,9.0,0.5558,3.0,3.0,2.67,0.0,5.0,0
PRJ-301854,9.4,80.0,103.3,1.0,0.1633,41.0,0.7049,2.0,1.0,21.93,0.0,2.0,0
PRJ-301855,8.93,52.0,25.1,5.0,0.1679,43.0,0.3018,1.0,2.0,0.83,0.0,4.0,0
PRJ-301856,30.23,216.0,68.7,1.0,0.1062,4.0,0.394,1.0,3.0,-6.71,0.0,7.0,1
PRJ-301857,8.75,275.0,28.4,6.0,0.3665,1.0,0.591,4.0,1.0,-1.14,0.0,6.0,0
PRJ-301858,7.07,269.0,48.1,3.0,0.3603,54.0,0.5263,4.0,1.0,14.22,1.0,4.0,1
PRJ-301859,18.22,389.0,19.5,4.0,0.2532,49.0,0.3034,2.0,2.0,-33.94,0.0,8.0,1
PRJ-301860,9.46,130.0,67.2,6.0,0.1584,47.0,0.3032,4.0,4.0,4.67,0.0,8.0,0
PRJ-301861,21.32,68.0,91.7,7.0,0.1474,41.0,0.6312,3.0,2.0,-2.7,0.0,7.0,0
PRJ-301862,26.58,377.0,40.9,5.0,0.1581,25.0,0.3409,2.0,4.0,-7.78,0.0,0.0,0
PRJ-301863,7.78,489.0,36.9,1.0,0.1987,19.0,0.492,4.0,4.0,-21.08,0.0,1.0,1
PRJ-301864,19.63,128.0,34.2,3.0,0.3109,19.0,0.1118,0.0,3.0,7.41,0.0,7.0,0
PRJ-301865,8.6,223.0,14.9,5.0,0.1754,31.0,0.3239,3.0,4.0,-3.52,0.0,6.0,0
PRJ-301866,11.05,355.0,76.9,1.0,0.2115,2.0,0.4354,0.0,1.0,5.49,0.0,2.0,0
PRJ-301867,15.78,126.0,101.6,3.0,0.1285,55.0,0.3367,2.0,3.0,-13.54,0.0,1.0,0
PRJ-301868,8.94,470.0,23.9,3.0,0.0311,58.0,0.1699,2.0,3.0,-22.8,0.0,7.0,0
PRJ-301869,14.87,156.0,53.1,3.0,0.1541,4.0,0.4464,2.0,1.0,-14.67,1.0,5.0,1
PRJ-301870,11.68,308.0,65.9,8.0,0.4657,31.0,0.3528,3.0,3.0,-2.69,0.0,1.0,1
PRJ-301871,21.62,212.0,28.0,8.0,0.0875,21.0,0.4888,4.0,1.0,-21.79,0.0,2.0,0
PRJ-301872,21.65,375.0,118.7,8.0,0.2611,22.0,0.1668,0.0,1.0,1.73,0.0,1.0,0
PRJ-301873,8.97,143.0,53.8,7.0,0.1127,23.0,0.4011,4.0,1.0,20.0,0.0,0.0,0
PRJ-301874,16.01,93.0,11.7,8.0,0.2388,31.0,0.393,1.0,4.0,-29.92,1.0,2.0,1
PRJ-301875,23.73,297.0,95.0,2.0,0.0617,57.0,0.4479,2.0,2.0,-8.53,0.0,0.0,0
PRJ-301876,6.29,473.0,42.2,4.0,0.2326,44.0,0.1639,2.0,2.0,-2.09,0.0,4.0,0
PRJ-301877,11.63,358.0,32.2,1.0,0.4627,58.0,0.1325,1.0,3.0,-2.33,0.0,4.0,1
PRJ-301878,15.56,419.0,72.8,7.0,0.1187,16.0,0.1685,2.0,1.0,15.73,1.0,1.0,0
PRJ-301879,6.1,259.0,28.8,7.0,0.2257,50.0,0.4151,3.0,4.0,-5.13,0.0,2.0,0
PRJ-301880,9.71,114.0,113.7,1.0,0.264,24.0,0.0669,0.0,1.0,-3.52,0.0,6.0,0
PRJ-301881,34.07,256.0,97.3,2.0,0.1137,22.0,0.3054,0.0,1.0,-4.41,0.0,8.0,0
PRJ-301882,8.73,533.0,124.3,2.0,0.0918,3.0,0.5134,2.0,3.0,5.77,1.0,4.0,0
PRJ-301883,9.4,431.0,164.6,8.0,0.0993,53.0,0.3226,1.0,1.0,19.74,1.0,2.0,0
PRJ-301884,18.09,393.0,65.2,7.0,0.2198,6.0,0.2059,3.0,2.0,0.03,0.0,2.0,0
PRJ-301885,5.58,194.0,45.3,3.0,0.0556,29.0,0.28,0.0,2.0,18.38,0.0,7.0,0
PRJ-301886,11.8,341.0,27.9,1.0,0.547,58.0,0.2262,1.0,1.0,1.14,1.0,1.0,0
PRJ-301887,7.12,353.0,69.8,4.0,0.3294,38.0,0.2051,4.0,3.0,-15.16,1.0,5.0,1
PRJ-301888,14.85,368.0,161.6,5.0,0.4735,7.0,0.483,1.0,4.0,13.36,0.0,7.0,1
PRJ-301889,1.52,486.0,15.0,1.0,0.3594,55.0,0.4076,0.0,1.0,-0.27,0.0,4.0,0
PRJ-301890,13.56,382.0,57.2,4.0,0.106,35.0,0.466,1.0,2.0,17.16,0.0,6.0,0
PRJ-301891,15.84,154.0,11.5,5.0,0.292,14.0,0.2516,2.0,4.0,9.9,0.0,2.0,1
PRJ-301892,9.88,154.0,11.0,8.0,0.2325,15.0,0.0814,2.0,3.0,11.19,0.0,0.0,0
PRJ-301893,10.31,351.0,103.8,2.0,0.3008,51.0,0.3522,4.0,3.0,-9.15,0.0,0.0,1
PRJ-301894,9.07,473.0,92.7,2.0,0.265,35.0,0.451,4.0,1.0,-11.54,0.0,8.0,0
PRJ-301895,11.69,514.0,26.7,4.0,0.3525,23.0,0.3922,1.0,4.0,-0.48,1.0,3.0,1
PRJ-301896,30.48,346.0,17.7,3.0,0.5499,17.0,0.1691,0.0,3.0,-16.28,0.0,2.0,0
PRJ-301897,22.04,307.0,127.5,8.0,0.4706,52.0,0.1944,4.0,4.0,-12.98,0.0,3.0,0
PRJ-301898,11.69,448.0,18.9,7.0,0.0719,21.0,0.3539,4.0,2.0,-9.01,0.0,3.0,0
PRJ-301899,9.71,528.0,13.8,3.0,0.196,32.0,0.4268,0.0,3.0,-14.72,0.0,2.0,0
PRJ-301900,20.76,58.0,19.5,3.0,0.3598,4.0,0.184,4.0,3.0,-1.3,0.0,8.0,1
PRJ-301901,14.24,198.0,61.6,6.0,0.1968,14.0,0.2226,0.0,4.0,0.26,1.0,6.0,0
PRJ-301902,5.99,210.0,179.7,7.0,0.1268,47.0,0.5312,3.0,3.0,-6.32,0.0,1.0,0
PRJ-301903,10.8,324.0,28.3,2.0,0.376,45.0,0.3681,1.0,3.0,-14.98,1.0,5.0,0
PRJ-301904,28.5,190.0,102.9,3.0,0.4123,59.0,0.3143,3.0,2.0,-9.98,1.0,4.0,1
PRJ-301905,17.64,198.0,49.9,5.0,0.4497,6.0,0.2907,4.0,2.0,2.73,0.0,2.0,0
PRJ-301906,9.79,57.0,5.9,7.0,0.1928,31.0,0.6444,4.0,1.0,-2.98,1.0,1.0,0
PRJ-301907,4.26,46.0,29.0,3.0,0.3895,8.0,0.6863,3.0,1.0,1.2,0.0,8.0,0
PRJ-301908,14.81,267.0,93.4,4.0,0.206,44.0,0.4854,2.0,3.0,-10.75,0.0,2.0,0
PRJ-301909,12.92,538.0,90.0,6.0,0.1524,8.0,0.6462,4.0,4.0,4.99,0.0,7.0,0
PRJ-301910,11.45,191.0,25.5,4.0,0.6878,7.0,0.3698,4.0,2.0,9.35,0.0,0.0,1
PRJ-301911,20.91,163.0,76.6,7.0,0.2795,50.0,0.3147,1.0,2.0,-15.71,0.0,5.0,0
PRJ-301912,17.78,175.0,41.5,5.0,0.0238,7.0,0.4684,0.0,2.0,-5.51,0.0,7.0,0
PRJ-301913,4.36,526.0,59.9,8.0,0.1393,52.0,0.4037,0.0,3.0,-19.9,0.0,7.0,0
PRJ-301914,12.97,373.0,106.9,5.0,0.2246,44.0,0.464,3.0,4.0,9.85,0.0,5.0,0
PRJ-301915,5.17,368.0,26.5,8.0,0.282,34.0,0.6769,2.0,1.0,26.68,0.0,7.0,0
PRJ-301916,9.18,138.0,33.4,7.0,0.1523,8.0,0.2212,2.0,1.0,10.82,0.0,4.0,0
PRJ-301917,4.9,492.0,108.3,2.0,0.3583,16.0,0.7577,0.0,1.0,-1.78,1.0,4.0,1
PRJ-301918,5.03,142.0,167.4,8.0,0.3926,12.0,0.338,1.0,1.0,1.88,0.0,4.0,0
PRJ-301919,15.98,523.0,85.5,2.0,0.4456,23.0,0.1625,2.0,2.0,6.83,0.0,8.0,1
PRJ-301920,14.99,516.0,57.2,3.0,0.3637,12.0,0.1751,1.0,1.0,-15.18,0.0,0.0,0
PRJ-301921,12.34,326.0,85.0,1.0,0.1534,11.0,0.2506,4.0,3.0,0.64,1.0,5.0,0
PRJ-301922,8.64,474.0,28.9,1.0,0.2128,19.0,0.2651,2.0,1.0,-0.31,0.0,1.0,0
PRJ-301923,4.65,539.0,47.7,6.0,0.1973,0.0,0.2632,3.0,4.0,-2.72,0.0,0.0,0
PRJ-301924,9.21,332.0,10.9,1.0,0.4205,54.0,0.4292,4.0,1.0,-5.12,0.0,8.0,0
PRJ-301925,15.03,424.0,29.4,2.0,0.2885,50.0,0.3648,2.0,2.0,1.04,0.0,4.0,0
PRJ-301926,14.81,337.0,62.6,4.0,0.1199,16.0,0.4337,0.0,4.0,-12.11,0.0,8.0,1
PRJ-301927,28.14,304.0,53.1,7.0,0.1739,11.0,0.4811,0.0,2.0,-9.07,0.0,7.0,0
PRJ-301928,25.69,210.0,3.8,7.0,0.2894,52.0,0.5722,1.0,4.0,3.28,1.0,5.0,0
PRJ-301929,12.67,369.0,37.7,8.0,0.1446,4.0,0.3629,2.0,4.0,-0.56,0.0,3.0,1
PRJ-301930,9.14,177.0,52.3,1.0,0.1033,45.0,0.5933,0.0,3.0,0.15,0.0,7.0,0
PRJ-301931,7.24,141.0,53.8,2.0,0.1788,7.0,0.3069,2.0,3.0,11.61,0.0,8.0,0
PRJ-301932,4.15,181.0,13.5,4.0,0.1523,4.0,0.4293,3.0,1.0,-1.27,0.0,7.0,0
PRJ-301933,5.58,50.0,77.6,3.0,0.1759,55.0,0.6168,2.0,2.0,-2.57,0.0,7.0,0
PRJ-301934,15.04,507.0,152.0,1.0,0.3659,32.0,0.3666,3.0,1.0,7.8,0.0,0.0,1
PRJ-301935,18.56,172.0,84.3,5.0,0.0966,21.0,0.3306,2.0,4.0,21.17,0.0,4.0,0
PRJ-301936,10.41,440.0,47.8,4.0,0.3108,2.0,0.5093,4.0,4.0,-5.66,0.0,3.0,1
PRJ-301937,46.6,260.0,129.6,4.0,0.2014,38.0,0.4481,4.0,1.0,5.43,1.0,3.0,1
PRJ-301938,5.62,213.0,28.9,1.0,0.2956,33.0,0.4618,3.0,3.0,-3.13,1.0,7.0,0
PRJ-301939,3.87,157.0,70.6,4.0,0.5061,1.0,0.1389,0.0,3.0,-11.4,0.0,1.0,0
PRJ-301940,46.11,451.0,43.9,4.0,0.3223,42.0,0.111,3.0,3.0,-0.31,1.0,8.0,1
PRJ-301941,4.49,299.0,130.6,2.0,0.1518,31.0,0.3571,1.0,4.0,7.29,0.0,8.0,0
PRJ-301942,10.32,267.0,20.2,7.0,0.3204,51.0,0.6577,4.0,1.0,-10.03,0.0,5.0,0
PRJ-301943,7.66,370.0,20.2,8.0,0.2533,44.0,0.4371,0.0,1.0,13.39,0.0,2.0,0
PRJ-301944,15.76,442.0,110.0,8.0,0.3118,35.0,0.4756,2.0,4.0,-4.72,0.0,3.0,0
PRJ-301945,9.8,369.0,67.0,6.0,0.0893,3.0,0.3564,2.0,3.0,-5.34,0.0,2.0,0
PRJ-301946,18.59,276.0,116.1,6.0,0.1379,12.0,0.2425,2.0,3.0,8.98,1.0,5.0,1
PRJ-301947,21.17,487.0,22.1,2.0,0.4655,17.0,0.2279,0.0,2.0,3.21,1.0,4.0,1
PRJ-301948,4.12,488.0,25.8,4.0,0.2007,56.0,0.126,4.0,1.0,-8.8,0.0,4.0,0
PRJ-301949,7.08,523.0,58.8,1.0,0.1164,19.0,0.0887,1.0,2.0,-15.7,0.0,4.0,1
PRJ-301950,19.6,90.0,11.4,5.0,0.4297,31.0,0.3798,1.0,3.0,20.56,1.0,7.0,1
PRJ-301951,23.84,485.0,55.8,7.0,0.1473,53.0,0.2137,1.0,1.0,2.1,0.0,8.0,1
PRJ-301952,14.0,140.0,33.0,6.0,0.161,1.0,0.4639,1.0,1.0,22.47,1.0,4.0,1
PRJ-301953,16.51,351.0,43.7,1.0,0.1861,39.0,0.6559,3.0,4.0,-5.9,0.0,0.0,1
PRJ-301954,29.25,370.0,77.3,5.0,0.3887,53.0,0.1016,1.0,3.0,3.99,1.0,8.0,0
PRJ-301955,9.89,146.0,80.1,8.0,0.1387,51.0,0.3888,4.0,1.0,-14.79,0.0,7.0,0
PRJ-301956,13.9,49.0,146.9,1.0,0.1331,30.0,0.4089,1.0,1.0,-12.08,0.0,3.0,1
PRJ-301957,25.71,512.0,98.7,5.0,0.0564,22.0,0.3468,2.0,1.0,-5.18,0.0,1.0,0
PRJ-301958,26.71,486.0,6.2,3.0,0.3072,11.0,0.4592,4.0,4.0,19.97,0.0,4.0,0
PRJ-301959,11.75,131.0,21.8,8.0,0.1485,35.0,0.4837,3.0,1.0,2.79,1.0,4.0,0
PRJ-301960,7.23,342.0,23.5,5.0,0.2263,53.0,0.1912,3.0,1.0,13.05,0.0,7.0,0
PRJ-301961,11.67,119.0,91.9,7.0,0.0931,31.0,0.4604,2.0,1.0,24.34,0.0,7.0,0
PRJ-301962,12.41,325.0,133.1,5.0,0.1453,39.0,0.4545,4.0,2.0,11.42,1.0,4.0,1
PRJ-301963,7.05,202.0,15.4,8.0,0.1264,16.0,0.1349,1.0,3.0,10.9,1.0,7.0,0
PRJ-301964,7.79,417.0,93.5,3.0,0.283,44.0,0.186,4.0,2.0,1.59,0.0,7.0,1
PRJ-301965,26.73,328.0,47.8,6.0,0.241,25.0,0.4262,0.0,2.0,17.38,1.0,8.0,1
PRJ-301966,17.0,291.0,42.7,4.0,0.0919,21.0,0.3416,2.0,4.0,4.37,0.0,5.0,1
PRJ-301967,10.35,382.0,28.5,5.0,0.5149,14.0,0.1151,1.0,4.0,13.67,0.0,5.0,0
PRJ-301968,5.86,280.0,38.1,6.0,0.3425,39.0,0.369,3.0,1.0,-3.85,0.0,0.0,0
PRJ-301969,7.86,51.0,56.0,2.0,0.2863,0.0,0.5971,3.0,4.0,8.34,0.0,6.0,0
PRJ-301970,3.65,339.0,31.5,7.0,0.278,55.0,0.4971,0.0,3.0,5.14,1.0,5.0,0
PRJ-301971,14.24,430.0,64.6,6.0,0.0812,58.0,0.104,3.0,3.0,-3.85,0.0,8.0,0
PRJ-301972,7.57,287.0,42.9,4.0,0.1228,57.0,0.337,4.0,4.0,-16.88,1.0,4.0,0
PRJ-301973,14.96,131.0,39.2,5.0,0.0252,57.0,0.3917,1.0,2.0,3.88,0.0,3.0,0
PRJ-301974,19.48,48.0,73.6,6.0,0.1755,50.0,0.3778,3.0,4.0,5.45,0.0,1.0,0
PRJ-301975,15.1,191.0,60.0,4.0,0.3956,49.0,0.6435,3.0,4.0,-11.99,0.0,3.0,0
PRJ-301976,9.52,425.0,4.1,6.0,0.5272,25.0,0.206,0.0,3.0,1.79,0.0,1.0,0
PRJ-301977,6.81,204.0,66.6,5.0,0.0838,10.0,0.2635,0.0,1.0,3.59,1.0,5.0,1
PRJ-301978,5.28,518.0,57.6,7.0,0.1209,0.0,0.4136,1.0,2.0,13.34,0.0,6.0,0
PRJ-301979,25.15,209.0,103.1,2.0,0.2063,1.0,0.4818,0.0,4.0,3.74,0.0,7.0,0
PRJ-301980,14.69,256.0,59.3,1.0,0.3539,42.0,0.9206,1.0,4.0,8.45,1.0,3.0,0
PRJ-301981,9.88,421.0,36.4,4.0,0.2966,11.0,0.1457,0.0,2.0,-1.74,0.0,2.0,0
PRJ-301982,17.89,348.0,27.6,7.0,0.1236,9.0,0.2509,4.0,4.0,-3.7,0.0,8.0,0
PRJ-301983,22.71,65.0,9.3,1.0,0.0645,52.0,0.5491,3.0,3.0,-1.62,1.0,6.0,0
PRJ-301984,7.67,82.0,47.3,7.0,0.0698,9.0,0.4882,0.0,4.0,-5.39,0.0,5.0,0
PRJ-301985,14.41,142.0,23.8,4.0,0.1012,9.0,0.2601,1.0,3.0,-2.85,1.0,7.0,0
PRJ-301986,14.59,476.0,113.8,2.0,0.0435,28.0,0.295,3.0,4.0,6.24,1.0,5.0,1
PRJ-301987,28.48,56.0,48.9,4.0,0.2109,14.0,0.4253,4.0,3.0,6.55,0.0,5.0,0
PRJ-301988,9.79,80.0,18.1,7.0,0.308,4.0,0.2621,4.0,1.0,5.36,0.0,8.0,0
PRJ-301989,6.64,430.0,6.7,7.0,0.2148,41.0,0.4623,0.0,2.0,3.74,0.0,1.0,0
PRJ-301990,15.43,353.0,9.9,5.0,0.4784,31.0,0.429,3.0,3.0,15.88,0.0,5.0,0
PRJ-301991,18.83,531.0,62.7,5.0,0.3166,28.0,0.5391,4.0,2.0,15.79,0.0,7.0,0
PRJ-301992,13.66,153.0,122.7,7.0,0.5281,14.0,0.4371,4.0,3.0,1.86,0.0,4.0,1
PRJ-301993,29.68,371.0,72.4,8.0,0.0746,39.0,0.4213,0.0,2.0,18.69,0.0,8.0,0
PRJ-301994,9.77,111.0,43.6,7.0,0.0057,33.0,0.7189,0.0,1.0,17.07,1.0,5.0,0
PRJ-301995,13.88,337.0,169.6,8.0,0.1805,33.0,0.2158,4.0,4.0,1.85,0.0,3.0,0
PRJ-301996,4.35,97.0,83.8,7.0,0.1518,55.0,0.2586,1.0,2.0,-7.33,0.0,5.0,0
PRJ-301997,6.39,494.0,59.7,1.0,0.0288,34.0,0.6731,0.0,2.0,-4.29,0.0,1.0,0
PRJ-301998,7.71,250.0,35.6,1.0,0.1286,55.0,0.3859,0.0,2.0,1.05,0.0,8.0,0
PRJ-301999,10.87,171.0,127.0,5.0,0.6647,52.0,0.1179,0.0,3.0,-3.71,0.0,8.0,0
PRJ-302000,4.86,532.0,38.5,8.0,0.4174,6.0,0.3027,2.0,1.0,-11.73,0.0,4.0,0
PRJ-302001,17.74,77.0,23.7,3.0,0.1368,13.0,0.471,1.0,1.0,-12.39,1.0,0.0,0
PRJ-302002,7.25,440.0,45.1,8.0,0.5567,41.0,0.5217,0.0,3.0,-5.07,0.0,2.0,0
PRJ-302003,41.62,297.0,52.3,7.0,0.1926,8.0,0.4339,1.0,1.0,-6.99,0.0,8.0,0
PRJ-302004,7.42,385.0,88.9,2.0,0.2974,43.0,0.5414,1.0,4.0,-22.73,0.0,7.0,0
PRJ-302005,12.97,173.0,23.2,4.0,0.443,24.0,0.1408,3.0,1.0,10.1,1.0,3.0,1
PRJ-302006,11.94,481.0,27.2,2.0,0.058,18.0,0.4472,0.0,4.0,12.45,1.0,5.0,1
PRJ-302007,6.02,268.0,28.4,1.0,0.4978,32.0,0.2482,4.0,4.0,7.14,0.0,6.0,1
PRJ-302008,10.9,252.0,43.2,6.0,0.1903,17.0,0.4063,0.0,3.0,-25.25,1.0,7.0,0
PRJ-302009,10.81,270.0,18.5,2.0,0.1543,29.0,0.1142,1.0,3.0,-2.28,1.0,3.0,0
PRJ-302010,21.19,191.0,112.9,5.0,0.4631,45.0,0.2912,4.0,4.0,5.45,0.0,7.0,1
PRJ-302011,15.8,202.0,10.0,6.0,0.3335,32.0,0.3526,1.0,3.0,14.96,0.0,2.0,0
PRJ-302012,17.57,114.0,129.5,4.0,0.2303,59.0,0.1098,4.0,1.0,26.09,0.0,6.0,0
PRJ-302013,20.9,285.0,82.8,1.0,0.3882,29.0,0.1722,1.0,3.0,0.15,0.0,1.0,1
PRJ-302014,17.75,279.0,21.9,1.0,0.1419,48.0,0.465,0.0,2.0,1.87,0.0,4.0,0
PRJ-302015,14.33,233.0,40.5,4.0,0.2521,31.0,0.4364,4.0,1.0,5.86,0.0,5.0,0
PRJ-302016,7.66,532.0,25.2,1.0,0.1134,50.0,0.4625,3.0,1.0,-7.03,0.0,5.0,0
PRJ-302017,13.75,100.0,83.8,7.0,0.3113,55.0,0.4917,0.0,2.0,-9.2,1.0,6.0,0
PRJ-302018,6.71,495.0,120.5,2.0,0.2653,52.0,0.4741,2.0,1.0,10.62,0.0,8.0,0
PRJ-302019,11.45,474.0,273.3,1.0,0.3408,2.0,0.3446,2.0,4.0,8.16,1.0,1.0,1
PRJ-302020,10.49,56.0,69.1,2.0,0.1136,9.0,0.5538,3.0,2.0,-2.41,0.0,8.0,1
PRJ-302021,10.94,392.0,10.3,6.0,0.0856,56.0,0.2813,1.0,3.0,-18.81,0.0,7.0,0
PRJ-302022,4.9,148.0,20.4,5.0,0.175,47.0,0.209,1.0,1.0,-25.65,0.0,1.0,0
PRJ-302023,1.53,65.0,66.6,6.0,0.144,35.0,0.2717,1.0,3.0,-0.87,0.0,2.0,0
PRJ-302024,9.26,471.0,41.9,3.0,0.2416,38.0,0.3236,4.0,4.0,-0.46,0.0,0.0,0
PRJ-302025,23.96,102.0,82.0,3.0,0.1029,2.0,0.3617,1.0,3.0,-2.94,0.0,3.0,1
PRJ-302026,12.85,192.0,60.5,6.0,0.1588,30.0,0.424,1.0,4.0,10.79,1.0,1.0,1
PRJ-302027,22.89,92.0,22.2,1.0,0.282,3.0,0.5508,3.0,2.0,2.6,0.0,1.0,0
PRJ-302028,6.74,115.0,36.8,4.0,0.2346,37.0,0.3382,0.0,1.0,-23.72,0.0,7.0,0
PRJ-302029,8.96,75.0,84.8,1.0,0.0588,34.0,0.5321,1.0,2.0,23.99,0.0,7.0,0
PRJ-302030,43.15,461.0,63.0,4.0,0.1758,38.0,0.3272,2.0,3.0,-30.14,0.0,5.0,1
PRJ-302031,7.02,74.0,82.6,8.0,0.2343,41.0,0.1192,4.0,1.0,-6.58,0.0,1.0,0
PRJ-302032,17.36,420.0,14.3,7.0,0.0454,59.0,0.3965,1.0,2.0,-11.99,1.0,2.0,0
PRJ-302033,17.34,122.0,23.6,6.0,0.3183,31.0,0.3601,3.0,3.0,5.83,0.0,2.0,0
PRJ-302034,16.17,497.0,107.3,6.0,0.033,48.0,0.4924,1.0,3.0,-15.43,1.0,8.0,1
PRJ-302035,17.5,464.0,14.9,4.0,0.1388,26.0,0.584,1.0,2.0,7.94,0.0,0.0,0
PRJ-302036,6.96,356.0,79.2,6.0,0.1755,44.0,0.501,4.0,1.0,-3.75,0.0,0.0,0
PRJ-302037,9.56,454.0,13.2,7.0,0.1829,16.0,0.1895,0.0,2.0,8.66,0.0,8.0,0
PRJ-302038,1.77,192.0,51.7,5.0,0.6682,25.0,0.3841,0.0,2.0,-28.72,1.0,6.0,1
PRJ-302039,29.07,432.0,32.5,1.0,0.2117,36.0,0.5662,0.0,1.0,-2.39,0.0,6.0,0
PRJ-302040,17.43,154.0,21.9,6.0,0.28,58.0,0.4064,0.0,2.0,8.39,0.0,2.0,0
PRJ-302041,7.71,349.0,54.8,2.0,0.141,53.0,0.4403,2.0,4.0,-13.61,0.0,6.0,0
PRJ-302042,6.79,500.0,103.8,3.0,0.3605,16.0,0.639,0.0,3.0,3.73,0.0,2.0,1
PRJ-302043,24.21,403.0,26.6,2.0,0.1287,25.0,0.4808,4.0,1.0,3.33,0.0,8.0,0
PRJ-302044,7.35,178.0,5.1,1.0,0.6969,4.0,0.462,3.0,4.0,3.0,0.0,4.0,1
PRJ-302045,7.7,410.0,42.9,7.0,0.2466,41.0,0.3825,1.0,2.0,-4.34,0.0,3.0,0
PRJ-302046,5.84,482.0,21.7,6.0,0.2216,4.0,0.3985,2.0,2.0,8.74,0.0,4.0,1
PRJ-302047,19.51,485.0,86.0,4.0,0.6168,1.0,0.4061,2.0,2.0,4.18,0.0,4.0,1
PRJ-302048,22.69,410.0,32.4,4.0,0.0594,44.0,0.4532,2.0,4.0,3.48,0.0,7.0,0
PRJ-302049,10.54,407.0,27.5,6.0,0.2585,26.0,0.3226,4.0,1.0,-6.94,0.0,1.0,0
PRJ-302050,22.78,433.0,35.5,5.0,0.4144,11.0,0.2915,1.0,4.0,-11.81,0.0,4.0,1
PRJ-302051,15.32,409.0,103.7,2.0,0.2417,45.0,0.2233,2.0,4.0,5.74,0.0,4.0,1
PRJ-302052,5.6,111.0,65.4,4.0,0.3155,46.0,0.4084,1.0,1.0,-8.47,0.0,3.0,0
PRJ-302053,27.79,443.0,18.9,7.0,0.348,50.0,0.2155,0.0,2.0,17.31,1.0,6.0,0
PRJ-302054,5.8,134.0,14.3,5.0,0.0549,48.0,0.2475,3.0,3.0,24.45,0.0,7.0,0
PRJ-302055,11.04,320.0,128.3,7.0,0.2565,32.0,0.4243,0.0,2.0,-8.48,1.0,1.0,0
PRJ-302056,10.56,213.0,26.9,5.0,0.4188,56.0,0.5644,3.0,4.0,-9.87,1.0,8.0,0
PRJ-302057,9.36,150.0,105.9,4.0,0.1051,33.0,0.1813,4.0,4.0,5.31,0.0,0.0,0
PRJ-302058,2.87,184.0,41.5,6.0,0.618,41.0,0.3307,3.0,4.0,3.66,0.0,2.0,0
PRJ-302059,37.8,86.0,24.0,2.0,0.2468,8.0,0.0741,2.0,2.0,-0.38,0.0,2.0,1
PRJ-302060,3.15,262.0,25.7,6.0,0.0589,32.0,0.1994,3.0,1.0,6.92,0.0,5.0,0
PRJ-302061,28.86,252.0,43.1,6.0,0.4575,17.0,0.1795,3.0,3.0,8.48,1.0,0.0,1
PRJ-302062,6.63,244.0,4.8,3.0,0.0594,48.0,0.4917,2.0,4.0,-9.26,1.0,1.0,0
PRJ-302063,8.21,90.0,24.7,3.0,0.1656,40.0,0.2066,2.0,4.0,-10.25,0.0,7.0,0
PRJ-302064,27.14,345.0,160.4,1.0,0.1107,42.0,0.2239,1.0,2.0,-22.4,0.0,2.0,0
PRJ-302065,16.37,128.0,192.6,2.0,0.2523,46.0,0.3608,1.0,2.0,-20.27,1.0,7.0,1
PRJ-302066,4.46,468.0,27.0,1.0,0.1039,37.0,0.1245,0.0,3.0,-11.44,0.0,1.0,0
PRJ-302067,4.39,56.0,76.2,5.0,0.3229,4.0,0.5018,1.0,2.0,-4.02,0.0,2.0,0
PRJ-302068,14.88,72.0,64.1,1.0,0.4559,13.0,0.525,1.0,3.0,9.62,0.0,1.0,0
PRJ-302069,5.73,193.0,16.3,5.0,0.1808,57.0,0.381,0.0,2.0,7.37,0.0,2.0,0
PRJ-302070,16.86,246.0,77.2,1.0,0.2262,41.0,0.6464,4.0,2.0,5.63,0.0,4.0,0
PRJ-302071,17.95,525.0,34.8,7.0,0.2346,57.0,0.0505,0.0,1.0,-2.36,0.0,5.0,0
PRJ-302072,7.13,305.0,50.0,6.0,0.0592,4.0,0.498,1.0,4.0,26.81,0.0,2.0,1
PRJ-302073,8.51,232.0,88.4,3.0,0.146,11.0,0.3294,3.0,3.0,-14.26,0.0,7.0,1
PRJ-302074,15.19,459.0,36.8,6.0,0.1122,39.0,0.4408,0.0,4.0,-3.0,0.0,1.0,0
PRJ-302075,6.92,164.0,36.4,2.0,0.2633,2.0,0.2231,3.0,2.0,4.1,1.0,6.0,0
PRJ-302076,12.86,489.0,71.2,6.0,0.1346,4.0,0.1642,3.0,3.0,-13.0,0.0,0.0,0
PRJ-302077,44.74,244.0,108.1,6.0,0.218,20.0,0.6112,3.0,1.0,-3.61,0.0,5.0,1
PRJ-302078,15.66,199.0,68.3,4.0,0.4528,40.0,0.5563,3.0,4.0,-17.3,0.0,2.0,1
PRJ-302079,9.45,194.0,37.9,6.0,0.3244,57.0,0.4535,4.0,4.0,-4.06,0.0,3.0,0
PRJ-302080,40.15,49.0,100.2,8.0,0.1478,58.0,0.3612,2.0,2.0,17.71,1.0,8.0,0
PRJ-302081,20.38,378.0,62.1,4.0,0.046,26.0,0.7143,4.0,2.0,2.02,1.0,5.0,0
PRJ-302082,5.82,330.0,124.2,3.0,0.3331,44.0,0.6033,4.0,1.0,23.18,0.0,8.0,1
PRJ-302083,6.61,359.0,147.1,4.0,0.461,18.0,0.2551,4.0,1.0,17.06,0.0,5.0,1
PRJ-302084,3.42,367.0,67.5,5.0,0.1445,42.0,0.4468,4.0,1.0,-17.7,0.0,0.0,1
PRJ-302085,15.02,58.0,118.2,1.0,0.0878,53.0,0.5416,3.0,2.0,-13.8,0.0,1.0,0
PRJ-302086,2.53,479.0,120.7,8.0,0.1242,37.0,0.2779,4.0,2.0,17.22,0.0,4.0,0
PRJ-302087,40.12,298.0,45.0,4.0,0.6303,8.0,0.533,2.0,3.0,-1.14,0.0,0.0,1
PRJ-302088,10.22,387.0,120.6,8.0,0.5543,16.0,0.3887,0.0,1.0,-17.7,0.0,2.0,1
PRJ-302089,21.17,62.0,51.8,8.0,0.3194,56.0,0.5149,1.0,2.0,11.46,0.0,5.0,0
PRJ-302090,9.61,421.0,82.5,1.0,0.3863,47.0,0.4122,1.0,4.0,18.49,0.0,0.0,0
PRJ-302091,14.85,380.0,47.9,1.0,0.4041,48.0,0.2426,0.0,1.0,17.9,0.0,2.0,0
PRJ-302092,11.14,227.0,11.9,2.0,0.1269,3.0,0.3409,2.0,4.0,6.01,0.0,4.0,0
PRJ-302093,12.62,508.0,175.9,5.0,0.5228,23.0,0.3141,4.0,4.0,14.29,0.0,0.0,0
PRJ-302094,25.33,367.0,80.2,3.0,0.2216,30.0,0.6662,4.0,2.0,6.27,0.0,3.0,0
PRJ-302095,33.03,494.0,85.3,1.0,0.1744,47.0,0.1517,1.0,3.0,-11.57,0.0,0.0,0
PRJ-302096,31.47,451.0,55.8,5.0,0.1849,6.0,0.1859,1.0,1.0,13.38,0.0,4.0,1
PRJ-302097,66.11,146.0,120.1,3.0,0.2228,45.0,0.3627,0.0,2.0,-2.56,0.0,1.0,0
PRJ-302098,7.45,538.0,44.2,7.0,0.5061,36.0,0.1596,2.0,1.0,22.24,0.0,0.0,0
PRJ-302099,15.78,412.0,46.5,7.0,0.2471,34.0,0.5515,0.0,4.0,-4.1,1.0,0.0,0
PRJ-302100,7.57,138.0,19.1,7.0,0.0901,51.0,0.3123,0.0,3.0,-2.79,1.0,4.0,0
PRJ-302101,24.69,437.0,60.2,5.0,0.1212,46.0,0.3724,1.0,2.0,-12.98,0.0,6.0,0
PRJ-302102,6.02,257.0,115.9,6.0,0.359,42.0,0.2038,3.0,2.0,8.72,0.0,1.0,1
PRJ-302103,25.6,472.0,44.6,1.0,0.3338,30.0,0.4147,4.0,3.0,22.83,0.0,8.0,1
PRJ-302104,13.96,130.0,16.7,7.0,0.486,58.0,0.4946,4.0,4.0,9.64,0.0,1.0,0
PRJ-302105,11.57,173.0,99.6,4.0,0.2694,50.0,0.4013,4.0,1.0,1.03,0.0,1.0,0
PRJ-302106,12.46,217.0,71.7,1.0,0.0738,17.0,0.2675,0.0,1.0,-5.37,0.0,5.0,1
PRJ-302107,5.29,268.0,162.2,1.0,0.4084,47.0,0.0949,1.0,2.0,-7.84,0.0,6.0,0
PRJ-302108,5.62,357.0,25.7,3.0,0.4276,34.0,0.3961,2.0,2.0,14.73,1.0,3.0,0
PRJ-302109,14.12,154.0,80.4,3.0,0.1157,54.0,0.0828,4.0,1.0,-7.53,1.0,4.0,0
PRJ-302110,14.06,394.0,16.0,2.0,0.5259,22.0,0.4793,0.0,4.0,-24.98,0.0,8.0,1
PRJ-302111,7.8,57.0,49.0,7.0,0.0941,47.0,0.6576,2.0,1.0,36.1,0.0,6.0,0
PRJ-302112,10.15,208.0,56.5,4.0,0.1816,15.0,0.5363,0.0,2.0,3.56,0.0,6.0,0
PRJ-302113,16.64,371.0,10.5,3.0,0.0054,55.0,0.4166,1.0,4.0,-4.47,0.0,1.0,0
PRJ-302114,6.89,176.0,110.1,6.0,0.1699,10.0,0.3685,3.0,3.0,-7.96,0.0,4.0,1
PRJ-302115,3.14,258.0,89.9,4.0,0.4155,10.0,0.3154,1.0,2.0,6.65,1.0,1.0,0
PRJ-302116,29.72,344.0,71.7,7.0,0.1468,58.0,0.2112,3.0,3.0,-13.77,0.0,4.0,0
PRJ-302117,14.77,167.0,17.0,5.0,0.319,16.0,0.1083,1.0,1.0,-7.42,0.0,7.0,0
PRJ-302118,8.79,522.0,28.0,6.0,0.2496,31.0,0.1499,4.0,2.0,5.22,1.0,5.0,0
PRJ-302119,7.55,464.0,97.4,7.0,0.1662,27.0,0.5444,0.0,4.0,-10.49,0.0,7.0,1
PRJ-302120,6.84,525.0,48.6,1.0,0.1677,47.0,0.2941,1.0,4.0,-14.04,0.0,1.0,0
PRJ-302121,24.63,290.0,41.3,1.0,0.2274,14.0,0.6663,3.0,2.0,-6.29,0.0,8.0,0
PRJ-302122,4.68,214.0,118.2,6.0,0.1663,20.0,0.3811,4.0,4.0,-3.34,0.0,8.0,0
PRJ-302123,15.76,537.0,54.9,5.0,0.0138,53.0,0.2974,0.0,1.0,-2.88,0.0,1.0,0
PRJ-302124,15.75,405.0,18.5,2.0,0.2509,55.0,0.1416,3.0,4.0,-3.21,0.0,6.0,0
PRJ-302125,19.73,437.0,96.6,1.0,0.5309,10.0,0.4009,4.0,2.0,3.4,1.0,4.0,0
PRJ-302126,9.38,135.0,16.3,8.0,0.4149,29.0,0.2624,4.0,2.0,-8.31,0.0,1.0,0
PRJ-302127,28.17,475.0,48.9,1.0,0.2551,27.0,0.4118,3.0,1.0,3.59,0.0,3.0,1
PRJ-302128,20.1,306.0,60.9,4.0,0.2662,30.0,0.2943,2.0,2.0,-6.95,1.0,2.0,0
PRJ-302129,9.16,427.0,82.6,2.0,0.2877,31.0,0.3964,1.0,2.0,-1.41,0.0,7.0,0
PRJ-302130,7.31,453.0,12.7,4.0,0.3257,2.0,0.4254,3.0,4.0,-7.61,0.0,0.0,0
PRJ-302131,11.16,97.0,3.8,6.0,0.2973,52.0,0.15,2.0,2.0,-21.71,0.0,4.0,0
PRJ-302132,8.95,94.0,4.0,5.0,0.1236,14.0,0.5728,1.0,4.0,3.66,0.0,6.0,0
PRJ-302133,6.5,77.0,128.5,1.0,0.4315,15.0,0.2373,2.0,4.0,12.83,0.0,1.0,0
PRJ-302134,12.82,363.0,10.6,1.0,0.2822,48.0,0.424,0.0,4.0,3.09,0.0,6.0,0
PRJ-302135,10.19,497.0,151.3,8.0,0.1874,58.0,0.3842,4.0,3.0,-14.79,0.0,2.0,0
PRJ-302136,32.35,59.0,103.9,3.0,0.2307,54.0,0.3113,0.0,3.0,-15.9,0.0,3.0,1
PRJ-302137,8.94,113.0,21.7,4.0,0.128,17.0,0.3956,2.0,3.0,10.2,0.0,5.0,0
PRJ-302138,7.26,285.0,5.9,7.0,0.2086,44.0,0.3791,2.0,4.0,5.01,1.0,7.0,0
PRJ-302139,12.28,238.0,51.9,7.0,0.1568,9.0,0.1773,4.0,4.0,1.9,0.0,4.0,0
PRJ-302140,14.47,95.0,31.9,3.0,0.2406,24.0,0.6345,2.0,1.0,10.25,0.0,6.0,0
PRJ-302141,15.19,346.0,119.5,2.0,0.414,15.0,0.2319,3.0,1.0,8.08,1.0,6.0,1
PRJ-302142,15.09,493.0,60.4,4.0,0.3231,13.0,0.1519,2.0,3.0,1.53,1.0,6.0,0
PRJ-302143,12.56,149.0,49.4,3.0,0.3026,52.0,0.1279,3.0,3.0,16.76,1.0,8.0,0
PRJ-302144,11.97,46.0,41.5,6.0,0.0144,53.0,0.1633,1.0,3.0,20.63,0.0,7.0,0
PRJ-302145,18.01,156.0,82.5,6.0,0.284,9.0,0.3246,3.0,3.0,15.4,0.0,3.0,0
PRJ-302146,6.09,136.0,45.9,3.0,0.1335,22.0,0.0529,4.0,2.0,9.2,1.0,1.0,0
PRJ-302147,7.3,275.0,171.8,4.0,0.0537,1.0,0.6358,3.0,2.0,1.4,0.0,4.0,1
PRJ-302148,3.87,98.0,10.1,6.0,0.3398,49.0,0.2926,2.0,4.0,0.58,1.0,8.0,0
PRJ-302149,6.16,223.0,37.9,5.0,0.2461,17.0,0.3657,1.0,1.0,8.99,0.0,5.0,0
PRJ-302150,23.14,104.0,74.1,5.0,0.1165,35.0,0.6927,2.0,2.0,-6.72,0.0,5.0,1
PRJ-302151,17.54,379.0,67.2,7.0,0.1175,32.0,0.4675,0.0,2.0,-0.71,0.0,6.0,0
PRJ-302152,35.01,277.0,171.5,6.0,0.202,11.0,0.5054,0.0,2.0,-7.21,1.0,1.0,1
PRJ-302153,29.98,82.0,26.1,6.0,0.0111,21.0,0.2368,2.0,1.0,-0.85,0.0,2.0,0
PRJ-302154,17.63,66.0,1.6,4.0,0.2135,6.0,0.4771,1.0,1.0,-9.85,0.0,6.0,0
PRJ-302155,13.49,286.0,98.4,7.0,0.3698,9.0,0.4279,3.0,2.0,-2.59,0.0,5.0,0
PRJ-302156,12.44,337.0,58.3,1.0,0.1165,50.0,0.45,1.0,4.0,-4.71,0.0,8.0,1
PRJ-302157,2.42,131.0,99.0,1.0,0.311,21.0,0.1452,0.0,3.0,12.86,1.0,2.0,0
PRJ-302158,11.55,205.0,64.8,6.0,0.5102,27.0,0.2656,2.0,4.0,13.95,1.0,5.0,0
PRJ-302159,8.21,345.0,3.0,5.0,0.2273,41.0,0.3455,2.0,4.0,6.9,1.0,3.0,0
PRJ-302160,6.35,278.0,67.9,3.0,0.4332,52.0,0.2896,1.0,2.0,-17.72,1.0,5.0,1
PRJ-302161,15.88,102.0,26.0,5.0,0.1922,26.0,0.3407,1.0,3.0,7.19,1.0,4.0,0
PRJ-302162,10.64,238.0,38.0,1.0,0.1009,52.0,0.3082,2.0,3.0,10.52,0.0,4.0,0
PRJ-302163,12.94,142.0,44.7,5.0,0.1613,34.0,0.2254,2.0,4.0,-3.92,0.0,4.0,1
PRJ-302164,5.71,503.0,16.2,3.0,0.1673,3.0,0.3106,3.0,1.0,9.21,0.0,7.0,0
PRJ-302165,20.64,442.0,25.2,5.0,0.2486,56.0,0.1357,1.0,4.0,11.26,0.0,5.0,1
PRJ-302166,8.92,199.0,86.5,3.0,0.193,15.0,0.4447,4.0,2.0,-19.39,0.0,2.0,0
PRJ-302167,15.34,161.0,86.4,6.0,0.397,44.0,0.7329,3.0,2.0,11.54,0.0,2.0,1
PRJ-302168,9.43,111.0,8.8,1.0,0.3859,52.0,0.1506,0.0,3.0,-2.55,0.0,4.0,0
PRJ-302169,2.14,409.0,58.8,7.0,0.2149,48.0,0.2445,3.0,3.0,-16.43,0.0,8.0,0
PRJ-302170,16.29,499.0,93.4,4.0,0.196,36.0,0.6429,2.0,2.0,1.92,0.0,1.0,0
PRJ-302171,11.11,180.0,54.3,2.0,0.0858,17.0,0.6819,2.0,3.0,-4.63,1.0,5.0,0
PRJ-302172,3.68,361.0,61.4,8.0,0.5129,38.0,0.1596,2.0,2.0,10.24,1.0,1.0,0
PRJ-302173,5.23,161.0,9.6,1.0,0.0888,30.0,0.4542,1.0,1.0,7.37,0.0,1.0,1
PRJ-302174,21.02,498.0,116.4,5.0,0.4779,39.0,0.3998,4.0,3.0,6.54,1.0,6.0,0
PRJ-302175,3.81,193.0,17.7,1.0,0.2389,20.0,0.3388,1.0,3.0,-9.36,0.0,6.0,0
PRJ-302176,8.76,92.0,36.4,8.0,0.0844,41.0,0.2039,4.0,2.0,-4.68,0.0,5.0,0
PRJ-302177,36.9,481.0,94.0,2.0,0.2965,29.0,0.2556,0.0,4.0,-3.67,1.0,3.0,0
PRJ-302178,16.56,513.0,145.2,3.0,0.1293,58.0,0.0978,1.0,4.0,7.79,1.0,0.0,0
PRJ-302179,19.23,241.0,38.9,6.0,0.4357,6.0,0.2673,4.0,2.0,16.52,0.0,2.0,1
PRJ-302180,10.03,494.0,200.6,8.0,0.0526,43.0,0.2618,3.0,1.0,6.58,0.0,2.0,0
PRJ-302181,3.45,165.0,55.8,4.0,0.4,31.0,0.2397,1.0,2.0,-9.95,0.0,7.0,0
PRJ-302182,13.76,179.0,51.0,3.0,0.2999,34.0,0.2682,2.0,3.0,-5.12,0.0,2.0,1
PRJ-302183,5.49,310.0,20.3,3.0,0.0921,31.0,0.1574,2.0,3.0,4.93,0.0,4.0,0
PRJ-302184,5.12,342.0,37.0,8.0,0.038,8.0,0.5002,3.0,4.0,13.93,0.0,3.0,0
PRJ-302185,12.75,235.0,59.6,8.0,0.1838,34.0,0.1164,2.0,1.0,-1.28,1.0,0.0,0
PRJ-302186,5.77,440.0,74.9,1.0,0.194,25.0,0.5772,0.0,4.0,8.11,1.0,8.0,0
PRJ-302187,11.81,436.0,72.3,8.0,0.3632,14.0,0.1582,3.0,1.0,-18.68,0.0,5.0,0
PRJ-302188,7.47,104.0,33.8,7.0,0.0472,55.0,0.494,4.0,3.0,-6.55,0.0,6.0,0
PRJ-302189,11.54,535.0,127.7,5.0,0.0245,13.0,0.4226,3.0,1.0,8.7,0.0,1.0,0
PRJ-302190,8.37,123.0,52.4,3.0,0.6583,25.0,0.3737,1.0,2.0,-28.74,0.0,6.0,1
PRJ-302191,11.75,305.0,49.7,4.0,0.3301,22.0,0.5337,1.0,2.0,13.07,0.0,6.0,0
PRJ-302192,28.46,254.0,19.0,7.0,0.4961,27.0,0.3693,0.0,2.0,4.63,0.0,4.0,0
PRJ-302193,19.5,268.0,80.5,3.0,0.3544,32.0,0.3777,2.0,2.0,1.04,0.0,4.0,0
PRJ-302194,10.9,108.0,47.5,3.0,0.0939,37.0,0.393,1.0,1.0,-24.46,0.0,2.0,0
PRJ-302195,25.69,214.0,39.3,4.0,0.28,20.0,0.2886,4.0,4.0,11.36,1.0,2.0,0
PRJ-302196,15.49,60.0,13.6,1.0,0.4696,20.0,0.6136,1.0,3.0,23.53,0.0,6.0,1
PRJ-302197,24.6,526.0,14.2,4.0,0.4834,42.0,0.3519,0.0,4.0,-2.98,0.0,8.0,0
PRJ-302198,4.12,116.0,64.4,2.0,0.0647,41.0,0.5016,3.0,1.0,-5.86,1.0,4.0,1
PRJ-302199,5.82,284.0,140.7,1.0,0.2883,35.0,0.4492,2.0,2.0,-3.5,0.0,2.0,0
PRJ-302200,13.66,151.0,41.9,4.0,0.1606,31.0,0.268,3.0,2.0,9.0,0.0,3.0,0
PRJ-302201,10.72,133.0,41.7,7.0,0.0234,6.0,0.3243,0.0,4.0,12.16,1.0,2.0,0
PRJ-302202,11.77,238.0,81.2,8.0,0.3011,33.0,0.6947,4.0,2.0,6.9,1.0,4.0,0
PRJ-302203,17.12,524.0,113.5,4.0,0.129,13.0,0.3728,0.0,1.0,-3.11,1.0,2.0,0
PRJ-302204,13.75,281.0,31.1,7.0,0.6083,4.0,0.2035,1.0,2.0,13.15,0.0,7.0,0
PRJ-302205,20.69,520.0,19.3,2.0,0.2112,36.0,0.4885,0.0,1.0,-13.69,0.0,4.0,1
PRJ-302206,20.33,454.0,46.5,6.0,0.3229,31.0,0.6169,3.0,3.0,14.17,1.0,2.0,1
PRJ-302207,6.02,260.0,71.6,6.0,0.292,31.0,0.468,1.0,3.0,15.83,0.0,3.0,0
PRJ-302208,2.19,491.0,4.0,3.0,0.0699,43.0,0.406,2.0,4.0,-4.71,0.0,0.0,0
PRJ-302209,5.75,217.0,35.0,4.0,0.301,20.0,0.4479,2.0,2.0,21.11,0.0,3.0,0
PRJ-302210,5.48,293.0,42.8,6.0,0.4594,20.0,0.5627,1.0,1.0,12.02,1.0,6.0,0
PRJ-302211,12.36,381.0,38.4,3.0,0.3464,10.0,0.3849,3.0,3.0,0.04,0.0,6.0,1
PRJ-302212,12.26,336.0,12.2,5.0,0.0808,4.0,0.0441,1.0,2.0,-4.09,0.0,0.0,0
PRJ-302213,10.3,455.0,35.1,2.0,0.3705,55.0,0.5364,4.0,1.0,9.38,1.0,8.0,1
PRJ-302214,15.87,125.0,43.4,5.0,0.3187,17.0,0.4199,3.0,2.0,-7.66,0.0,4.0,0
PRJ-302215,47.08,291.0,22.4,1.0,0.2128,26.0,0.3252,4.0,3.0,17.4,0.0,4.0,0
PRJ-302216,10.15,374.0,59.9,4.0,0.1445,54.0,0.4235,0.0,3.0,-6.73,1.0,4.0,0
PRJ-302217,14.03,208.0,90.0,5.0,0.4166,12.0,0.3148,4.0,2.0,29.57,0.0,5.0,0
PRJ-302218,11.77,474.0,92.3,7.0,0.1172,10.0,0.2931,4.0,3.0,3.59,0.0,4.0,0
PRJ-302219,7.87,194.0,27.5,4.0,0.5526,43.0,0.4641,2.0,2.0,-15.9,0.0,6.0,1
PRJ-302220,17.22,194.0,70.6,1.0,0.3379,21.0,0.3701,4.0,1.0,15.71,1.0,1.0,0
PRJ-302221,9.81,206.0,66.3,1.0,0.042,15.0,0.3052,2.0,4.0,-4.62,0.0,6.0,1
PRJ-302222,6.75,379.0,162.1,5.0,0.3071,46.0,0.3161,2.0,1.0,-22.38,0.0,1.0,1
PRJ-302223,7.11,103.0,70.8,7.0,0.2574,15.0,0.2078,2.0,4.0,22.73,0.0,7.0,0
PRJ-302224,21.16,115.0,74.0,8.0,0.226,0.0,0.4363,3.0,1.0,32.87,1.0,4.0,0
PRJ-302225,16.95,430.0,103.0,7.0,0.2022,49.0,0.4273,4.0,2.0,6.36,1.0,6.0,0
PRJ-302226,8.48,147.0,15.6,3.0,0.4332,58.0,0.3453,1.0,3.0,7.79,0.0,0.0,0
PRJ-302227,15.7,96.0,51.3,4.0,0.1528,54.0,0.1598,2.0,2.0,5.61,0.0,8.0,0
PRJ-302228,11.86,175.0,146.7,8.0,0.2019,6.0,0.5234,2.0,1.0,7.48,0.0,1.0,1
PRJ-302229,14.19,242.0,148.7,7.0,0.4438,28.0,0.1911,3.0,4.0,-3.63,0.0,8.0,1
PRJ-302230,7.72,61.0,35.1,4.0,0.2919,53.0,0.5532,2.0,2.0,-0.03,1.0,5.0,0
PRJ-302231,5.61,458.0,144.0,4.0,0.2227,37.0,0.5141,0.0,3.0,-2.27,1.0,5.0,0
PRJ-302232,9.77,103.0,39.5,1.0,0.292,17.0,0.6499,4.0,1.0,0.09,0.0,5.0,0
PRJ-302233,6.31,245.0,61.6,2.0,0.0953,21.0,0.4161,4.0,1.0,-14.41,0.0,3.0,0
PRJ-302234,5.98,145.0,10.2,5.0,0.1356,18.0,0.6152,4.0,3.0,11.66,0.0,4.0,1
PRJ-302235,4.29,190.0,123.7,5.0,0.283,38.0,0.6728,2.0,2.0,1.32,1.0,8.0,0
PRJ-302236,2.2,67.0,37.9,5.0,0.0672,39.0,0.4281,1.0,4.0,8.63,1.0,3.0,0
PRJ-302237,8.58,514.0,12.7,3.0,0.494,43.0,0.2814,3.0,2.0,6.05,0.0,3.0,1
PRJ-302238,23.66,508.0,44.2,2.0,0.0544,16.0,0.5623,4.0,4.0,-27.16,0.0,8.0,0
PRJ-302239,20.09,107.0,2.6,4.0,0.1415,43.0,0.468,4.0,2.0,5.51,1.0,2.0,1
PRJ-302240,31.13,142.0,78.7,8.0,0.2022,26.0,0.1111,2.0,3.0,9.99,0.0,7.0,0
PRJ-302241,5.8,483.0,108.3,8.0,0.2015,2.0,0.4667,0.0,1.0,-10.15,0.0,0.0,0
PRJ-302242,17.93,250.0,19.9,1.0,0.1563,46.0,0.3662,1.0,2.0,0.09,0.0,1.0,0
PRJ-302243,10.87,75.0,19.2,3.0,0.4744,5.0,0.7437,0.0,3.0,-4.01,0.0,8.0,1
PRJ-302244,7.12,112.0,74.6,5.0,0.3719,0.0,0.4963,2.0,2.0,4.84,0.0,3.0,0
PRJ-302245,21.99,249.0,81.3,2.0,0.0295,42.0,0.344,4.0,3.0,-1.7,1.0,7.0,0
PRJ-302246,10.94,321.0,28.7,3.0,0.4403,5.0,0.4666,3.0,3.0,-20.77,0.0,1.0,1
PRJ-302247,3.14,357.0,22.5,2.0,0.2477,31.0,0.0982,1.0,4.0,-11.69,1.0,2.0,0
PRJ-302248,19.95,120.0,95.3,4.0,0.2633,20.0,0.314,0.0,3.0,7.52,1.0,1.0,1
PRJ-302249,15.02,228.0,11.4,8.0,0.51,56.0,0.5544,0.0,3.0,5.39,0.0,3.0,0
PRJ-302250,12.83,174.0,33.5,8.0,0.1634,18.0,0.3892,1.0,1.0,28.73,1.0,5.0,0
PRJ-302251,5.01,309.0,22.0,1.0,0.5723,6.0,0.2033,4.0,1.0,0.38,0.0,2.0,0
PRJ-302252,13.82,204.0,73.8,6.0,0.383,8.0,0.8878,0.0,3.0,-20.46,0.0,6.0,0
PRJ-302253,28.51,145.0,23.6,8.0,0.339,59.0,0.3091,1.0,1.0,17.52,0.0,8.0,0
PRJ-302254,14.75,448.0,104.3,7.0,0.384,57.0,0.2884,1.0,3.0,12.6,0.0,6.0,0
PRJ-302255,3.86,326.0,32.4,1.0,0.0449,8.0,0.1902,4.0,3.0,-9.12,0.0,0.0,0
PRJ-302256,15.48,279.0,64.5,4.0,0.3004,20.0,0.2865,3.0,2.0,10.22,0.0,8.0,0
PRJ-302257,14.85,111.0,24.0,7.0,0.2196,1.0,0.6105,4.0,2.0,3.87,1.0,0.0,0
PRJ-302258,18.87,80.0,55.7,8.0,0.4032,49.0,0.1777,4.0,2.0,-10.16,1.0,5.0,0
PRJ-302259,14.58,439.0,26.8,3.0,0.3658,53.0,0.6538,0.0,3.0,3.87,0.0,6.0,0
PRJ-302260,6.0,524.0,18.2,3.0,0.2475,42.0,0.5063,3.0,1.0,-6.69,0.0,5.0,0
PRJ-302261,12.37,333.0,80.9,2.0,0.4082,30.0,0.3544,0.0,1.0,-17.11,0.0,1.0,0
PRJ-302262,9.89,64.0,23.4,8.0,0.0457,22.0,0.2964,3.0,2.0,-1.77,1.0,7.0,0
PRJ-302263,13.36,283.0,23.8,2.0,0.2762,17.0,0.2435,0.0,2.0,8.22,0.0,0.0,0
PRJ-302264,22.5,183.0,52.1,3.0,0.3236,42.0,0.8673,3.0,2.0,-0.26,0.0,8.0,0
PRJ-302265,7.45,72.0,59.1,2.0,0.1842,34.0,0.1639,1.0,1.0,-7.4,0.0,5.0,0
PRJ-302266,34.06,115.0,17.5,8.0,0.0073,27.0,0.3145,3.0,2.0,6.82,0.0,1.0,0
PRJ-302267,15.42,292.0,69.6,1.0,0.5384,22.0,0.4977,0.0,3.0,-2.26,0.0,4.0,0
PRJ-302268,20.02,256.0,25.2,5.0,0.0133,43.0,0.4594,1.0,1.0,-10.45,1.0,1.0,0
PRJ-302269,18.35,323.0,13.4,2.0,0.2006,59.0,0.551,4.0,1.0,3.07,0.0,3.0,0
PRJ-302270,15.02,388.0,37.4,4.0,0.1585,7.0,0.4214,3.0,4.0,-2.37,0.0,2.0,1
PRJ-302271,16.83,176.0,36.9,5.0,0.3804,46.0,0.2871,4.0,2.0,22.39,0.0,0.0,0
PRJ-302272,1.18,186.0,65.4,6.0,0.0625,27.0,0.3694,3.0,2.0,11.02,1.0,3.0,0
PRJ-302273,18.33,380.0,166.2,5.0,0.4369,39.0,0.2994,2.0,4.0,10.02,0.0,0.0,0
PRJ-302274,6.33,142.0,51.4,4.0,0.1859,47.0,0.461,1.0,3.0,-20.89,0.0,2.0,0
PRJ-302275,11.38,82.0,72.1,3.0,0.1474,19.0,0.2545,1.0,3.0,9.17,0.0,7.0,0
PRJ-302276,14.95,467.0,9.9,7.0,0.4042,12.0,0.6051,2.0,2.0,11.05,0.0,3.0,0
PRJ-302277,23.13,148.0,107.7,6.0,0.3377,1.0,0.3,2.0,2.0,-19.34,0.0,8.0,1
PRJ-302278,6.33,104.0,42.5,6.0,0.169,57.0,0.4364,0.0,3.0,-9.99,0.0,1.0,0
PRJ-302279,8.73,410.0,14.6,7.0,0.0901,47.0,0.1835,4.0,3.0,-8.94,0.0,3.0,0
PRJ-302280,9.55,308.0,104.9,2.0,0.2588,43.0,0.7745,1.0,1.0,13.0,0.0,5.0,0
PRJ-302281,13.46,117.0,44.0,8.0,0.2526,2.0,0.117,0.0,1.0,14.68,0.0,7.0,0
PRJ-302282,9.95,466.0,93.2,8.0,0.1848,55.0,0.3769,0.0,1.0,-8.84,0.0,5.0,0
PRJ-302283,16.88,166.0,178.3,4.0,0.2922,6.0,0.3507,0.0,4.0,-13.84,0.0,7.0,0
PRJ-302284,3.23,379.0,11.1,2.0,0.4823,17.0,0.687,3.0,3.0,-25.62,0.0,4.0,1
PRJ-302285,10.79,367.0,24.3,3.0,0.226,35.0,0.4119,1.0,2.0,-19.59,1.0,7.0,0
PRJ-302286,30.25,455.0,81.9,4.0,0.0656,0.0,0.2475,0.0,4.0,-8.54,0.0,4.0,1
PRJ-302287,9.97,405.0,46.4,8.0,0.1727,45.0,0.371,2.0,1.0,-7.63,1.0,8.0,0
PRJ-302288,15.45,393.0,3.1,3.0,0.2794,55.0,0.3368,2.0,3.0,-0.07,0.0,0.0,0
PRJ-302289,20.94,70.0,34.1,8.0,0.0628,24.0,0.5639,3.0,2.0,7.17,0.0,8.0,0
PRJ-302290,15.13,509.0,38.8,2.0,0.0928,7.0,0.3073,0.0,3.0,2.79,0.0,1.0,0
PRJ-302291,35.94,107.0,44.0,8.0,0.3592,35.0,0.372,4.0,1.0,-7.96,0.0,2.0,0
PRJ-302292,12.57,170.0,23.5,8.0,0.3377,46.0,0.1188,0.0,2.0,-1.23,0.0,6.0,0
PRJ-302293,17.42,265.0,126.9,5.0,0.5477,58.0,0.5495,0.0,4.0,-9.91,0.0,0.0,1
PRJ-302294,13.83,187.0,9.9,1.0,0.1227,16.0,0.1043,1.0,1.0,-5.33,1.0,5.0,0
PRJ-302295,26.55,338.0,62.0,5.0,0.2872,16.0,0.1182,1.0,1.0,-3.05,0.0,3.0,0
PRJ-302296,9.02,71.0,28.9,8.0,0.1918,4.0,0.2101,4.0,2.0,9.1,0.0,1.0,0
PRJ-302297,37.73,269.0,27.2,8.0,0.4785,2.0,0.1384,1.0,2.0,10.94,0.0,6.0,1
PRJ-302298,7.58,217.0,115.5,4.0,0.5034,44.0,0.3948,3.0,3.0,-9.96,1.0,5.0,0
PRJ-302299,32.05,365.0,37.1,4.0,0.1813,13.0,0.3112,0.0,3.0,0.22,0.0,3.0,1
PRJ-302300,5.83,302.0,62.2,4.0,0.0229,18.0,0.238,2.0,3.0,8.54,0.0,6.0,0
PRJ-302301,17.78,419.0,85.8,2.0,0.1355,26.0,0.386,3.0,1.0,-1.64,0.0,4.0,0
PRJ-302302,11.86,126.0,48.1,6.0,0.4144,4.0,0.4403,3.0,2.0,-4.29,0.0,3.0,0
PRJ-302303,20.67,515.0,116.6,8.0,0.2167,46.0,0.3306,2.0,3.0,12.06,0.0,3.0,0
PRJ-302304,15.7,239.0,13.1,3.0,0.2467,34.0,0.3499,2.0,4.0,7.73,0.0,6.0,0
PRJ-302305,19.97,218.0,65.1,7.0,0.2976,25.0,0.4119,3.0,2.0,-0.47,0.0,3.0,0
PRJ-302306,5.69,316.0,167.4,1.0,0.2895,13.0,0.271,2.0,4.0,-11.08,0.0,3.0,1
PRJ-302307,3.65,125.0,61.0,1.0,0.4764,35.0,0.106,2.0,3.0,-19.0,0.0,4.0,0
PRJ-302308,5.05,448.0,7.5,8.0,0.2896,43.0,0.2841,4.0,2.0,2.25,0.0,4.0,0
PRJ-302309,4.96,175.0,66.8,1.0,0.2341,33.0,0.3522,1.0,4.0,7.34,0.0,7.0,1
PRJ-302310,5.64,504.0,130.4,4.0,0.2366,45.0,0.2577,4.0,1.0,-12.63,1.0,6.0,1
PRJ-302311,7.93,118.0,34.5,8.0,0.0438,29.0,0.3543,0.0,1.0,11.87,0.0,7.0,0
PRJ-302312,7.89,472.0,34.1,3.0,0.1643,7.0,0.1977,2.0,3.0,-4.05,0.0,6.0,0
PRJ-302313,12.05,240.0,79.5,3.0,0.2343,9.0,0.2535,4.0,2.0,-20.9,0.0,8.0,0
PRJ-302314,6.65,345.0,69.4,1.0,0.1786,47.0,0.3374,1.0,2.0,5.88,0.0,3.0,0
PRJ-302315,7.03,476.0,49.4,6.0,0.0187,4.0,0.6885,0.0,3.0,-1.14,0.0,2.0,1
PRJ-302316,10.37,108.0,25.0,3.0,0.4589,27.0,0.0922,3.0,3.0,-1.76,1.0,6.0,0
PRJ-302317,22.46,216.0,31.4,1.0,0.1974,12.0,0.2963,2.0,4.0,10.09,0.0,4.0,0
PRJ-302318,8.91,514.0,18.8,4.0,0.1312,45.0,0.2705,2.0,2.0,18.11,0.0,2.0,0
PRJ-302319,11.53,118.0,6.6,2.0,0.139,16.0,0.3649,4.0,4.0,7.01,0.0,6.0,0
PRJ-302320,12.79,95.0,107.8,7.0,0.1179,45.0,0.2751,1.0,4.0,-4.92,0.0,0.0,0
PRJ-302321,6.1,303.0,82.6,6.0,0.3778,11.0,0.5916,1.0,4.0,-20.76,0.0,4.0,1
PRJ-302322,9.51,57.0,76.8,8.0,0.1064,36.0,0.572,1.0,3.0,7.48,0.0,1.0,1
PRJ-302323,7.42,536.0,75.8,8.0,0.2846,11.0,0.6783,2.0,4.0,0.65,0.0,3.0,0
PRJ-302324,21.14,492.0,39.8,7.0,0.513,28.0,0.4335,3.0,1.0,-9.36,0.0,1.0,0
PRJ-302325,20.07,138.0,35.6,5.0,0.1309,36.0,0.2666,3.0,1.0,-6.22,1.0,1.0,0
PRJ-302326,6.91,130.0,14.7,2.0,0.2981,9.0,0.3313,1.0,1.0,17.97,0.0,4.0,0
PRJ-302327,11.38,430.0,87.7,1.0,0.5668,27.0,0.4031,1.0,4.0,11.43,0.0,5.0,0
PRJ-302328,17.43,302.0,234.9,1.0,0.2963,42.0,0.6082,3.0,4.0,13.59,1.0,7.0,1
PRJ-302329,14.61,452.0,64.7,2.0,0.488,15.0,0.3941,1.0,1.0,12.68,0.0,8.0,1
PRJ-302330,15.63,523.0,96.8,8.0,0.203,3.0,0.2093,0.0,1.0,3.14,1.0,0.0,1
PRJ-302331,6.13,243.0,97.0,2.0,0.3013,14.0,0.1949,0.0,3.0,-12.41,0.0,6.0,0
PRJ-302332,31.33,170.0,136.3,1.0,0.3272,23.0,0.3883,1.0,2.0,1.29,0.0,5.0,1
PRJ-302333,7.83,351.0,22.1,8.0,0.168,8.0,0.2888,0.0,3.0,7.88,0.0,4.0,0
PRJ-302334,7.68,359.0,10.1,4.0,0.365,48.0,0.2651,3.0,4.0,-1.37,0.0,3.0,0
PRJ-302335,4.63,259.0,55.3,4.0,0.4045,41.0,0.4945,1.0,3.0,3.21,0.0,5.0,0
PRJ-302336,10.68,193.0,42.8,3.0,0.0486,30.0,0.1698,0.0,4.0,6.72,0.0,5.0,0
PRJ-302337,23.95,174.0,221.7,8.0,0.4055,28.0,0.4808,3.0,1.0,11.63,0.0,1.0,1
PRJ-302338,14.52,303.0,19.0,3.0,0.1293,47.0,0.3203,4.0,1.0,11.35,0.0,3.0,0
PRJ-302339,11.24,255.0,165.7,7.0,0.5743,39.0,0.4142,0.0,4.0,-4.38,0.0,6.0,0
PRJ-302340,19.16,271.0,43.2,8.0,0.5461,41.0,0.5818,1.0,1.0,-15.83,0.0,8.0,0
PRJ-302341,23.58,92.0,16.9,4.0,0.0688,22.0,0.2368,3.0,1.0,18.44,0.0,5.0,0
PRJ-302342,20.04,480.0,145.3,6.0,0.0451,0.0,0.4844,3.0,3.0,3.89,1.0,8.0,1
PRJ-302343,2.94,394.0,22.5,1.0,0.0739,5.0,0.3698,2.0,4.0,-3.5,1.0,2.0,1
PRJ-302344,19.26,499.0,97.2,7.0,0.2219,44.0,0.3528,2.0,4.0,-22.3,1.0,1.0,1
PRJ-302345,16.03,455.0,56.5,8.0,0.092,49.0,0.2039,2.0,3.0,8.58,0.0,8.0,0
PRJ-302346,6.8,351.0,165.3,2.0,0.1536,5.0,0.4574,2.0,3.0,5.95,0.0,2.0,1
PRJ-302347,16.07,197.0,112.3,1.0,0.2957,2.0,0.4733,1.0,2.0,-3.31,0.0,2.0,0
PRJ-302348,23.98,368.0,42.3,1.0,0.1509,14.0,0.2313,4.0,2.0,4.63,0.0,0.0,0
PRJ-302349,8.07,325.0,145.8,7.0,0.1059,22.0,0.4763,3.0,1.0,16.92,0.0,3.0,0
PRJ-302350,20.94,502.0,70.8,2.0,0.3829,10.0,0.4162,2.0,3.0,-15.19,0.0,2.0,1
PRJ-302351,14.72,159.0,50.5,4.0,0.1835,35.0,0.2854,3.0,4.0,13.51,0.0,4.0,0
PRJ-302352,1.4,57.0,55.6,3.0,0.3111,53.0,0.5083,1.0,2.0,-11.17,1.0,0.0,0
PRJ-302353,11.79,108.0,99.9,3.0,0.2076,39.0,0.2782,0.0,3.0,-14.16,0.0,8.0,0
PRJ-302354,14.35,131.0,40.5,2.0,0.3141,19.0,0.5127,1.0,2.0,-3.22,0.0,4.0,0
PRJ-302355,9.77,373.0,31.6,4.0,0.0402,28.0,0.1578,4.0,3.0,16.42,1.0,3.0,0
PRJ-302356,15.08,117.0,25.5,8.0,0.5302,56.0,0.3377,3.0,2.0,-9.32,0.0,7.0,0
PRJ-302357,10.97,111.0,64.0,3.0,0.1414,47.0,0.2763,2.0,3.0,-1.65,0.0,5.0,0
PRJ-302358,42.46,241.0,27.2,7.0,0.2155,9.0,0.2694,2.0,1.0,-17.73,0.0,7.0,0
PRJ-302359,9.31,432.0,101.0,6.0,0.2284,28.0,0.2525,3.0,4.0,6.22,0.0,2.0,0
PRJ-302360,6.94,255.0,39.7,7.0,0.0496,4.0,0.1348,4.0,1.0,-10.25,0.0,2.0,0
PRJ-302361,20.28,179.0,74.9,5.0,0.3483,50.0,0.1984,2.0,2.0,-5.46,0.0,0.0,0
PRJ-302362,10.12,185.0,116.7,3.0,0.2657,41.0,0.2038,1.0,2.0,10.81,0.0,0.0,0
PRJ-302363,11.36,450.0,139.0,3.0,0.352,14.0,0.3538,0.0,4.0,-8.17,0.0,3.0,1
PRJ-302364,10.73,259.0,59.1,3.0,0.4932,44.0,0.1079,0.0,3.0,5.09,0.0,7.0,0
PRJ-302365,19.58,227.0,5.5,5.0,0.0191,28.0,0.7547,2.0,1.0,3.76,0.0,7.0,0
PRJ-302366,5.61,427.0,5.9,4.0,0.1904,47.0,0.1959,3.0,4.0,2.87,1.0,8.0,0
PRJ-302367,20.91,227.0,99.0,4.0,0.3125,1.0,0.5153,0.0,4.0,-12.28,0.0,3.0,1
PRJ-302368,16.87,221.0,21.0,3.0,0.0585,25.0,0.0757,0.0,4.0,2.14,0.0,4.0,0
PRJ-302369,34.13,416.0,38.2,8.0,0.0035,34.0,0.1797,2.0,3.0,-2.17,0.0,5.0,0
PRJ-302370,13.64,207.0,109.6,6.0,0.4726,6.0,0.4131,0.0,2.0,-3.27,0.0,8.0,1
PRJ-302371,5.9,297.0,31.9,8.0,0.6097,24.0,0.5641,4.0,4.0,8.63,0.0,6.0,0
PRJ-302372,13.73,374.0,14.8,8.0,0.0872,44.0,0.4877,4.0,4.0,-15.15,1.0,3.0,0
PRJ-302373,14.85,144.0,39.3,5.0,0.2735,40.0,0.5761,2.0,4.0,-7.86,1.0,4.0,0
PRJ-302374,25.28,108.0,85.8,1.0,0.3882,6.0,0.2148,3.0,4.0,-0.15,0.0,8.0,0
PRJ-302375,5.89,465.0,31.4,8.0,0.274,44.0,0.4421,1.0,4.0,18.27,0.0,2.0,0
PRJ-302376,3.86,192.0,77.5,4.0,0.1351,43.0,0.5482,0.0,1.0,-21.73,0.0,1.0,0
PRJ-302377,13.92,213.0,15.3,4.0,0.477,25.0,0.4914,2.0,3.0,2.35,1.0,8.0,0
PRJ-302378,35.04,336.0,24.8,4.0,0.223,49.0,0.5588,3.0,4.0,-2.16,0.0,8.0,0
PRJ-302379,18.46,95.0,39.7,1.0,0.0793,36.0,0.2696,1.0,3.0,9.09,0.0,2.0,0
PRJ-302380,19.14,67.0,119.8,6.0,0.1364,59.0,0.2102,1.0,4.0,-8.61,0.0,4.0,0
PRJ-302381,4.54,250.0,34.9,1.0,0.4338,43.0,0.2594,4.0,2.0,-2.48,0.0,1.0,0
PRJ-302382,12.46,524.0,30.7,6.0,0.4222,59.0,0.4246,2.0,4.0,-10.78,0.0,7.0,0
PRJ-302383,25.57,329.0,30.8,7.0,0.3015,50.0,0.2491,2.0,2.0,-5.01,1.0,6.0,1
PRJ-302384,14.97,331.0,77.4,4.0,0.193,20.0,0.2269,1.0,3.0,7.57,0.0,1.0,1
PRJ-302385,3.67,346.0,91.9,4.0,0.0464,6.0,0.2182,3.0,3.0,4.87,1.0,0.0,1
PRJ-302386,12.3,471.0,116.1,6.0,0.1076,37.0,0.2572,1.0,4.0,-3.25,0.0,8.0,0
PRJ-302387,17.65,458.0,183.2,7.0,0.3339,32.0,0.5107,2.0,1.0,10.73,0.0,4.0,1
PRJ-302388,11.43,56.0,64.3,1.0,0.4999,59.0,0.2437,0.0,4.0,29.19,0.0,1.0,0
PRJ-302389,6.42,312.0,27.5,4.0,0.0724,55.0,0.4601,1.0,2.0,-9.51,0.0,3.0,0
PRJ-302390,20.67,315.0,44.4,3.0,0.3819,0.0,0.2366,4.0,3.0,6.31,0.0,2.0,0
PRJ-302391,9.06,155.0,22.1,1.0,0.0726,17.0,0.5283,3.0,2.0,0.62,0.0,2.0,0
PRJ-302392,15.9,527.0,55.7,1.0,0.3454,30.0,0.3261,1.0,1.0,13.02,1.0,7.0,0
PRJ-302393,12.08,174.0,25.6,5.0,0.422,37.0,0.3464,0.0,4.0,-6.6,0.0,4.0,0
PRJ-302394,8.82,457.0,115.7,7.0,0.3196,23.0,0.7804,1.0,1.0,12.06,0.0,1.0,0
PRJ-302395,37.48,94.0,60.6,5.0,0.3324,16.0,0.6359,4.0,1.0,-1.26,0.0,4.0,1
PRJ-302396,8.16,342.0,141.7,2.0,0.2121,27.0,0.3309,3.0,2.0,-2.76,1.0,7.0,1
PRJ-302397,12.76,409.0,89.6,4.0,0.1385,48.0,0.0994,4.0,1.0,1.94,1.0,3.0,1
PRJ-302398,12.06,294.0,83.8,8.0,0.0261,56.0,0.2849,3.0,3.0,1.91,0.0,6.0,0
PRJ-302399,13.7,97.0,14.7,7.0,0.3531,44.0,0.4104,2.0,4.0,-10.81,1.0,8.0,0
PRJ-302400,35.78,106.0,77.3,1.0,0.2187,9.0,0.7412,4.0,2.0,0.39,0.0,5.0,1
PRJ-302401,17.67,344.0,180.5,6.0,0.3923,56.0,0.3943,1.0,3.0,16.08,0.0,8.0,1
PRJ-302402,8.77,472.0,35.8,5.0,0.519,31.0,0.4718,0.0,2.0,-13.97,0.0,5.0,1
PRJ-302403,29.08,340.0,103.7,3.0,0.6386,41.0,0.2888,0.0,2.0,5.66,0.0,0.0,1
PRJ-302404,19.63,94.0,10.7,3.0,0.1312,40.0,0.5465,3.0,1.0,12.24,0.0,6.0,0
PRJ-302405,8.88,433.0,19.1,6.0,0.5053,29.0,0.723,3.0,1.0,-0.34,0.0,7.0,0
PRJ-302406,26.37,272.0,46.9,8.0,0.2654,31.0,0.4762,3.0,1.0,-2.8,0.0,3.0,0
PRJ-302407,4.51,81.0,31.2,3.0,0.1497,32.0,0.0992,1.0,3.0,0.13,0.0,4.0,0
PRJ-302408,5.44,227.0,25.2,8.0,0.4677,7.0,0.2786,3.0,2.0,-11.16,0.0,2.0,0
PRJ-302409,3.49,145.0,31.3,7.0,0.1405,46.0,0.362,2.0,3.0,-2.47,1.0,4.0,0
PRJ-302410,2.47,533.0,71.2,1.0,0.2841,18.0,0.2872,4.0,2.0,20.48,1.0,4.0,1
PRJ-302411,25.2,495.0,104.5,3.0,0.0834,44.0,0.4332,4.0,1.0,-1.52,0.0,6.0,0
PRJ-302412,13.81,97.0,75.7,4.0,0.1991,1.0,0.1779,0.0,2.0,0.17,0.0,5.0,0
PRJ-302413,3.74,328.0,78.9,6.0,0.2701,7.0,0.5646,3.0,3.0,-11.2,0.0,6.0,0
PRJ-302414,11.85,48.0,48.5,2.0,0.1188,15.0,0.4194,0.0,1.0,4.86,0.0,3.0,0
PRJ-302415,21.35,271.0,18.6,4.0,0.1989,17.0,0.3074,0.0,4.0,-12.66,0.0,7.0,0
PRJ-302416,7.18,122.0,45.5,1.0,0.2168,6.0,0.6251,0.0,4.0,-2.37,0.0,1.0,0
PRJ-302417,9.77,415.0,56.8,1.0,0.1694,40.0,0.4859,3.0,3.0,-32.58,0.0,0.0,0
PRJ-302418,38.57,80.0,107.8,4.0,0.0619,3.0,0.1854,4.0,4.0,0.29,1.0,2.0,1
PRJ-302419,10.38,491.0,157.0,6.0,0.0533,6.0,0.1712,0.0,1.0,1.92,0.0,0.0,0
PRJ-302420,3.97,159.0,66.9,4.0,0.1545,36.0,0.5276,4.0,4.0,-9.01,0.0,1.0,0
PRJ-302421,8.4,175.0,100.2,4.0,0.1758,39.0,0.5093,1.0,4.0,-6.44,1.0,6.0,0
PRJ-302422,3.55,483.0,4.1,4.0,0.209,39.0,0.215,1.0,4.0,-8.21,0.0,3.0,0
PRJ-302423,18.6,491.0,39.2,6.0,0.249,51.0,0.4906,1.0,1.0,8.06,0.0,5.0,1
PRJ-302424,6.47,92.0,48.3,6.0,0.0618,47.0,0.6608,0.0,3.0,-6.51,1.0,0.0,0
PRJ-302425,6.33,98.0,74.3,5.0,0.5337,22.0,0.1701,2.0,1.0,16.54,0.0,7.0,0
PRJ-302426,40.75,467.0,159.5,1.0,0.2428,38.0,0.3645,3.0,3.0,17.15,0.0,5.0,1
PRJ-302427,5.01,528.0,64.0,1.0,0.5609,13.0,0.5245,3.0,3.0,0.66,0.0,7.0,1
PRJ-302428,4.37,286.0,9.1,3.0,0.176,49.0,0.3434,3.0,2.0,18.51,1.0,6.0,1
PRJ-302429,5.65,126.0,79.5,2.0,0.1163,51.0,0.3953,4.0,4.0,17.39,0.0,4.0,1
PRJ-302430,21.77,120.0,36.8,5.0,0.4651,33.0,0.4448,2.0,1.0,4.8,0.0,4.0,0
PRJ-302431,17.06,176.0,74.1,6.0,0.5019,28.0,0.1924,0.0,2.0,-10.65,0.0,3.0,0
PRJ-302432,8.32,384.0,84.3,3.0,0.1369,37.0,0.3162,1.0,3.0,4.4,0.0,4.0,1
PRJ-302433,7.8,92.0,8.4,4.0,0.2222,49.0,0.7595,3.0,3.0,2.71,1.0,4.0,1
PRJ-302434,16.22,362.0,46.3,2.0,0.0181,54.0,0.1403,3.0,4.0,-6.5,0.0,2.0,0
PRJ-302435,14.16,442.0,47.7,4.0,0.1282,4.0,0.426,0.0,3.0,24.14,0.0,2.0,0
PRJ-302436,10.85,116.0,63.4,4.0,0.2429,36.0,0.3981,3.0,3.0,7.73,0.0,1.0,0
PRJ-302437,17.44,532.0,27.0,1.0,0.5815,12.0,0.3335,1.0,3.0,-14.3,0.0,1.0,0
PRJ-302438,5.38,533.0,20.7,6.0,0.1076,3.0,0.2717,0.0,4.0,4.92,0.0,1.0,0
PRJ-302439,6.55,192.0,157.7,3.0,0.0553,0.0,0.2151,4.0,1.0,0.68,0.0,7.0,1
PRJ-302440,18.03,100.0,58.7,6.0,0.1782,5.0,0.5504,1.0,3.0,5.33,0.0,4.0,0
PRJ-302441,14.92,206.0,22.7,6.0,0.3081,26.0,0.286,0.0,1.0,-1.96,0.0,1.0,0
PRJ-302442,12.41,172.0,31.9,2.0,0.0984,51.0,0.0834,4.0,2.0,-15.07,0.0,8.0,0
PRJ-302443,39.86,183.0,162.7,8.0,0.0289,52.0,0.3424,0.0,3.0,12.78,0.0,1.0,0
PRJ-302444,19.95,502.0,122.3,1.0,0.3625,46.0,0.6277,1.0,3.0,21.62,0.0,1.0,1
PRJ-302445,8.5,121.0,29.0,5.0,0.2846,38.0,0.4317,1.0,4.0,-4.95,0.0,1.0,1
PRJ-302446,6.97,201.0,18.9,7.0,0.267,36.0,0.2563,2.0,3.0,-1.62,0.0,3.0,0
PRJ-302447,15.39,434.0,20.3,5.0,0.2812,1.0,0.2571,2.0,4.0,13.56,0.0,2.0,1
PRJ-302448,25.15,73.0,113.5,5.0,0.247,49.0,0.324,1.0,4.0,-5.67,0.0,8.0,1
PRJ-302449,3.16,75.0,34.8,4.0,0.1875,1.0,0.2995,2.0,4.0,10.29,0.0,0.0,0
PRJ-302450,14.67,194.0,12.1,1.0,0.134,47.0,0.2821,3.0,4.0,-0.8,0.0,4.0,0
PRJ-302451,9.66,524.0,32.8,6.0,0.2236,43.0,0.3521,2.0,4.0,-9.68,0.0,1.0,0
PRJ-302452,13.81,460.0,62.9,8.0,0.2719,15.0,0.4127,2.0,1.0,-6.94,0.0,4.0,1
PRJ-302453,4.14,504.0,45.7,7.0,0.0338,5.0,0.513,3.0,1.0,-0.5,1.0,4.0,0
PRJ-302454,25.14,472.0,123.8,1.0,0.0766,52.0,0.242,2.0,2.0,0.42,0.0,1.0,0
PRJ-302455,29.48,103.0,63.5,2.0,0.4123,13.0,0.4569,3.0,1.0,-13.74,0.0,7.0,0
PRJ-302456,18.79,243.0,70.1,7.0,0.246,31.0,0.1896,3.0,4.0,2.36,0.0,8.0,0
PRJ-302457,33.23,307.0,96.0,6.0,0.104,41.0,0.3976,3.0,1.0,-26.47,1.0,8.0,1
PRJ-302458,9.33,127.0,92.5,3.0,0.5295,27.0,0.3115,1.0,1.0,8.07,0.0,8.0,0
PRJ-302459,14.44,536.0,32.6,2.0,0.0428,14.0,0.2362,2.0,3.0,9.28,0.0,2.0,0
PRJ-302460,18.97,343.0,19.2,4.0,0.6784,29.0,0.1056,1.0,2.0,-9.17,1.0,3.0,1
PRJ-302461,15.52,467.0,59.8,1.0,0.0153,29.0,0.2662,2.0,3.0,0.69,0.0,3.0,0
PRJ-302462,10.17,173.0,53.7,1.0,0.1378,26.0,0.2324,0.0,1.0,-5.27,0.0,1.0,0
PRJ-302463,10.93,398.0,63.9,1.0,0.1416,23.0,0.5464,0.0,4.0,-4.78,1.0,1.0,0
PRJ-302464,27.82,97.0,67.9,7.0,0.229,3.0,0.2491,1.0,3.0,-3.09,0.0,5.0,0
PRJ-302465,11.99,56.0,149.7,1.0,0.1685,20.0,0.6034,4.0,1.0,-1.68,0.0,4.0,0
PRJ-302466,24.25,362.0,40.4,5.0,0.0344,21.0,0.4646,3.0,4.0,-6.23,1.0,0.0,0
PRJ-302467,11.58,78.0,69.9,3.0,0.3465,15.0,0.411,3.0,1.0,3.07,1.0,5.0,0
PRJ-302468,24.16,181.0,19.1,7.0,0.3338,6.0,0.2984,4.0,1.0,18.12,0.0,8.0,0
PRJ-302469,12.87,438.0,25.2,2.0,0.3018,24.0,0.3393,1.0,1.0,5.57,0.0,7.0,0
PRJ-302470,17.97,291.0,51.1,8.0,0.14,55.0,0.2605,4.0,1.0,-2.28,0.0,3.0,0
PRJ-302471,7.59,231.0,22.0,1.0,0.1646,10.0,0.4986,3.0,1.0,14.67,0.0,2.0,0
PRJ-302472,14.42,188.0,80.7,7.0,0.3344,41.0,0.3666,2.0,2.0,13.79,0.0,6.0,0
PRJ-302473,7.67,375.0,72.1,2.0,0.2395,57.0,0.1927,2.0,2.0,10.58,0.0,7.0,0
PRJ-302474,9.17,517.0,29.3,1.0,0.2958,57.0,0.3588,1.0,4.0,4.99,1.0,5.0,0
PRJ-302475,9.69,410.0,42.8,1.0,0.0609,18.0,0.1961,2.0,2.0,5.14,0.0,5.0,0
PRJ-302476,10.8,222.0,114.3,7.0,0.1704,8.0,0.6354,4.0,4.0,7.99,0.0,4.0,1
PRJ-302477,22.42,253.0,59.2,3.0,0.3512,43.0,0.4611,3.0,1.0,14.09,0.0,8.0,0
PRJ-302478,8.92,96.0,209.8,4.0,0.2841,18.0,0.2085,2.0,4.0,-8.19,0.0,3.0,0
PRJ-302479,13.46,115.0,42.8,7.0,0.5108,17.0,0.2073,1.0,3.0,-1.7,0.0,2.0,0
PRJ-302480,24.21,177.0,46.9,3.0,0.0824,43.0,0.288,4.0,3.0,10.89,0.0,0.0,1
PRJ-302481,17.73,236.0,51.1,5.0,0.4019,15.0,0.2519,4.0,2.0,1.31,0.0,2.0,1
PRJ-302482,3.21,535.0,10.5,3.0,0.469,31.0,0.5708,4.0,4.0,1.12,0.0,0.0,1
PRJ-302483,4.06,476.0,45.2,1.0,0.3555,28.0,0.1329,2.0,1.0,10.5,0.0,0.0,1
PRJ-302484,15.71,100.0,43.9,8.0,0.245,50.0,0.2681,4.0,3.0,-11.25,0.0,4.0,1
PRJ-302485,8.62,208.0,86.0,3.0,0.3052,43.0,0.2278,2.0,2.0,11.39,0.0,4.0,0
PRJ-302486,3.66,72.0,117.5,7.0,0.2713,22.0,0.5464,1.0,3.0,-10.92,0.0,3.0,0
PRJ-302487,8.18,76.0,39.9,4.0,0.2591,0.0,0.523,0.0,4.0,-4.36,0.0,3.0,0
PRJ-302488,16.1,230.0,5.4,7.0,0.3687,14.0,0.603,2.0,3.0,-18.81,1.0,4.0,0
PRJ-302489,9.62,519.0,57.3,2.0,0.3355,10.0,0.4914,4.0,4.0,-5.5,1.0,8.0,1
PRJ-302490,12.61,136.0,21.8,5.0,0.2973,47.0,0.2142,4.0,1.0,6.86,0.0,1.0,0
PRJ-302491,10.22,381.0,61.2,3.0,0.0416,46.0,0.1589,3.0,1.0,2.31,0.0,7.0,0
PRJ-302492,7.4,239.0,60.0,8.0,0.1348,2.0,0.5789,1.0,2.0,-2.92,0.0,0.0,0
PRJ-302493,14.24,312.0,27.4,3.0,0.2169,21.0,0.3298,0.0,1.0,5.25,0.0,8.0,0
PRJ-302494,3.38,475.0,57.7,7.0,0.1173,8.0,0.4838,3.0,4.0,5.4,1.0,3.0,0
PRJ-302495,6.76,455.0,12.5,4.0,0.4304,51.0,0.5429,2.0,3.0,-12.86,0.0,6.0,0
PRJ-302496,19.9,454.0,64.0,4.0,0.2671,43.0,0.2903,2.0,3.0,13.14,0.0,5.0,0
PRJ-302497,4.16,248.0,91.8,6.0,0.188,7.0,0.319,1.0,4.0,6.95,0.0,3.0,0
PRJ-302498,12.19,69.0,74.5,6.0,0.5155,41.0,0.3746,0.0,2.0,-17.37,0.0,2.0,0
PRJ-302499,9.1,532.0,33.3,4.0,0.1799,48.0,0.3102,2.0,3.0,19.46,0.0,5.0,1
PRJ-302500,8.52,537.0,87.0,1.0,0.192,3.0,0.0624,1.0,3.0,-3.33,0.0,1.0,0
PRJ-302501,21.11,469.0,80.1,1.0,0.2949,37.0,0.4994,2.0,3.0,-12.72,0.0,6.0,1
PRJ-302502,23.77,281.0,82.7,5.0,0.1403,31.0,0.3934,0.0,3.0,-15.32,1.0,0.0,1
PRJ-302503,5.64,183.0,127.3,1.0,0.104,10.0,0.2559,3.0,3.0,-18.8,0.0,6.0,1
PRJ-302504,10.86,131.0,68.6,5.0,0.02,55.0,0.3471,3.0,4.0,-5.78,1.0,6.0,1
PRJ-302505,2.76,228.0,19.8,8.0,0.2943,0.0,0.3021,2.0,3.0,-8.94,0.0,6.0,0
PRJ-302506,20.36,210.0,23.0,7.0,0.2738,29.0,0.5707,0.0,4.0,-13.43,0.0,8.0,0
PRJ-302507,11.77,181.0,68.6,6.0,0.2845,52.0,0.1846,2.0,4.0,-3.8,1.0,1.0,0
PRJ-302508,3.95,515.0,44.6,3.0,0.2066,18.0,0.2115,1.0,3.0,18.29,0.0,2.0,0
PRJ-302509,6.99,371.0,38.2,6.0,0.0427,17.0,0.3515,0.0,3.0,-8.4,0.0,3.0,1
PRJ-302510,5.28,155.0,78.4,2.0,0.3506,43.0,0.4597,4.0,3.0,-3.94,0.0,8.0,0
PRJ-302511,6.71,361.0,16.4,8.0,0.1314,14.0,0.2466,4.0,1.0,6.83,0.0,0.0,0
PRJ-302512,2.95,393.0,79.5,1.0,0.1154,30.0,0.338,4.0,3.0,21.64,0.0,1.0,0
PRJ-302513,27.64,303.0,42.5,5.0,0.0859,11.0,0.4252,1.0,4.0,2.24,0.0,2.0,0
PRJ-302514,5.8,513.0,65.3,4.0,0.5344,4.0,0.2847,0.0,3.0,5.49,0.0,3.0,1
PRJ-302515,12.18,523.0,17.9,1.0,0.1426,21.0,0.6575,0.0,2.0,10.12,0.0,6.0,0
PRJ-302516,16.0,258.0,81.7,2.0,0.4463,8.0,0.6727,2.0,2.0,5.84,0.0,1.0,1
PRJ-302517,23.79,278.0,103.2,6.0,0.0357,31.0,0.4778,1.0,1.0,-19.93,0.0,3.0,1
PRJ-302518,12.46,152.0,329.4,5.0,0.4389,29.0,0.198,4.0,3.0,-9.21,1.0,3.0,1
PRJ-302519,10.11,432.0,62.2,2.0,0.6156,28.0,0.4484,0.0,3.0,8.46,0.0,0.0,0
PRJ-302520,12.81,505.0,100.7,2.0,0.2609,58.0,0.435,4.0,3.0,-6.45,0.0,4.0,1
PRJ-302521,5.62,370.0,21.9,6.0,0.1796,51.0,0.2457,1.0,4.0,-15.62,0.0,8.0,0
PRJ-302522,5.95,144.0,122.7,6.0,0.4763,26.0,0.1987,4.0,3.0,-3.26,1.0,2.0,0
PRJ-302523,9.95,301.0,13.5,4.0,0.1075,11.0,0.0667,4.0,3.0,6.61,1.0,1.0,0
PRJ-302524,2.26,438.0,156.3,1.0,0.11,12.0,0.617,3.0,3.0,6.11,0.0,2.0,1
PRJ-302525,7.52,65.0,57.7,1.0,0.0582,44.0,0.2322,1.0,1.0,0.57,0.0,2.0,0
PRJ-302526,8.72,337.0,14.8,2.0,0.2309,50.0,0.582,3.0,3.0,-22.15,0.0,3.0,0
PRJ-302527,36.35,370.0,39.0,1.0,0.1935,54.0,0.6145,2.0,3.0,2.46,0.0,0.0,0
PRJ-302528,25.73,310.0,100.0,5.0,0.2938,55.0,0.3233,4.0,3.0,-15.54,0.0,8.0,0
PRJ-302529,15.96,363.0,45.3,4.0,0.3229,2.0,0.1246,3.0,4.0,6.67,0.0,7.0,1
PRJ-302530,20.69,488.0,44.8,2.0,0.1494,49.0,0.2143,2.0,1.0,4.46,0.0,1.0,0
PRJ-302531,5.91,106.0,93.6,5.0,0.4282,45.0,0.3137,2.0,2.0,-6.56,0.0,2.0,0
PRJ-302532,13.04,327.0,48.3,6.0,0.2934,9.0,0.6131,0.0,2.0,-16.16,0.0,4.0,0
PRJ-302533,19.09,438.0,117.4,2.0,0.1964,16.0,0.1861,3.0,1.0,13.61,1.0,2.0,1
PRJ-302534,5.95,451.0,32.4,6.0,0.1858,58.0,0.1842,4.0,2.0,3.52,0.0,6.0,0
PRJ-302535,4.07,276.0,9.5,1.0,0.3258,26.0,0.6296,2.0,4.0,-11.2,1.0,7.0,0
PRJ-302536,14.89,538.0,50.5,5.0,0.1007,41.0,0.2724,2.0,2.0,17.7,0.0,2.0,0
PRJ-302537,4.41,205.0,55.2,4.0,0.5279,3.0,0.7036,1.0,1.0,0.53,0.0,5.0,0
PRJ-302538,16.91,263.0,31.4,1.0,0.3337,38.0,0.4492,2.0,3.0,-7.76,1.0,2.0,1
PRJ-302539,23.53,452.0,64.0,7.0,0.6576,17.0,0.1702,2.0,1.0,12.72,0.0,8.0,1
PRJ-302540,6.09,262.0,11.3,2.0,0.4563,46.0,0.3463,4.0,2.0,9.58,0.0,2.0,1
PRJ-302541,6.44,214.0,65.4,7.0,0.0883,6.0,0.4854,4.0,3.0,7.06,0.0,6.0,0
PRJ-302542,23.1,320.0,18.9,3.0,0.3112,59.0,0.3764,1.0,2.0,2.97,0.0,5.0,0
PRJ-302543,12.5,352.0,14.7,6.0,0.0704,13.0,0.4459,0.0,2.0,-13.42,0.0,2.0,1
PRJ-302544,21.2,525.0,54.0,6.0,0.2304,24.0,0.4793,2.0,4.0,-12.8,1.0,0.0,1
PRJ-302545,10.2,350.0,13.6,4.0,0.1737,1.0,0.227,4.0,4.0,-4.82,0.0,2.0,1
PRJ-302546,10.73,136.0,6.3,6.0,0.1165,5.0,0.2818,1.0,1.0,-23.79,0.0,8.0,0
PRJ-302547,12.29,71.0,71.8,4.0,0.1931,56.0,0.3848,3.0,4.0,3.4,1.0,4.0,0
PRJ-302548,31.85,523.0,20.9,5.0,0.1735,42.0,0.8395,0.0,3.0,-0.97,0.0,5.0,0
PRJ-302549,20.16,254.0,77.2,2.0,0.1396,53.0,0.1284,4.0,2.0,0.6,0.0,4.0,0
PRJ-302550,7.34,144.0,41.2,4.0,0.67,50.0,0.1812,0.0,2.0,18.78,0.0,3.0,0
PRJ-302551,13.66,155.0,54.0,2.0,0.2568,39.0,0.5928,1.0,2.0,-13.74,0.0,4.0,0
PRJ-302552,9.72,97.0,101.1,4.0,0.3472,38.0,0.3207,1.0,2.0,1.63,0.0,2.0,1
PRJ-302553,8.51,143.0,69.0,1.0,0.0394,19.0,0.2522,1.0,4.0,-13.65,0.0,4.0,0
PRJ-302554,16.61,431.0,78.3,4.0,0.1051,42.0,0.3315,3.0,4.0,15.28,0.0,3.0,1
PRJ-302555,14.5,369.0,76.3,7.0,0.336,56.0,0.1444,0.0,4.0,-12.35,0.0,8.0,0
PRJ-302556,6.14,341.0,28.9,3.0,0.2496,14.0,0.4299,0.0,3.0,22.72,0.0,3.0,0
PRJ-302557,12.31,50.0,66.7,4.0,0.2356,58.0,0.231,0.0,3.0,-11.58,1.0,3.0,0
PRJ-302558,8.33,377.0,23.4,7.0,0.0887,31.0,0.1167,0.0,1.0,3.72,0.0,5.0,0
PRJ-302559,15.94,524.0,66.9,1.0,0.1049,47.0,0.4301,2.0,3.0,6.12,0.0,3.0,0
PRJ-302560,8.08,502.0,39.7,6.0,0.1711,21.0,0.5248,0.0,2.0,10.37,0.0,3.0,0
PRJ-302561,10.77,240.0,46.4,5.0,0.4622,40.0,0.422,0.0,4.0,-12.87,0.0,7.0,1
PRJ-302562,8.68,342.0,144.6,3.0,0.2042,33.0,0.4034,3.0,1.0,-14.25,0.0,3.0,1
PRJ-302563,3.3,192.0,74.1,3.0,0.1996,19.0,0.455,3.0,1.0,-5.59,0.0,7.0,0
PRJ-302564,30.87,484.0,30.9,5.0,0.4043,1.0,0.155,0.0,1.0,8.32,0.0,1.0,0
PRJ-302565,12.22,500.0,11.3,4.0,0.0932,52.0,0.5381,2.0,1.0,0.07,0.0,2.0,0
PRJ-302566,31.54,155.0,55.3,4.0,0.1254,41.0,0.5403,1.0,4.0,12.97,0.0,2.0,0
PRJ-302567,12.59,285.0,12.9,6.0,0.1081,29.0,0.5018,4.0,2.0,-10.01,0.0,7.0,0
PRJ-302568,18.54,161.0,157.0,4.0,0.3229,32.0,0.2052,3.0,3.0,-3.04,0.0,5.0,1
PRJ-302569,7.69,349.0,47.4,7.0,0.3854,37.0,0.2606,4.0,2.0,-0.92,0.0,7.0,0
PRJ-302570,7.82,189.0,94.2,3.0,0.1556,1.0,0.3352,3.0,1.0,-1.54,0.0,2.0,0
PRJ-302571,11.77,389.0,15.7,6.0,0.2287,10.0,0.122,1.0,1.0,7.06,1.0,2.0,0
PRJ-302572,31.36,530.0,72.7,5.0,0.5844,59.0,0.5577,2.0,3.0,14.86,1.0,7.0,0
PRJ-302573,6.3,476.0,108.0,8.0,0.2807,1.0,0.2036,4.0,3.0,-7.04,0.0,2.0,0
PRJ-302574,2.75,135.0,77.0,4.0,0.353,6.0,0.6521,3.0,2.0,-5.57,0.0,1.0,0
PRJ-302575,22.77,109.0,89.3,2.0,0.182,59.0,0.3542,0.0,2.0,3.58,0.0,6.0,0
PRJ-302576,19.27,448.0,68.0,4.0,0.0653,47.0,0.0696,1.0,3.0,4.02,1.0,7.0,0
PRJ-302577,9.02,85.0,36.9,6.0,0.2406,37.0,0.0411,3.0,1.0,12.95,1.0,6.0,0
PRJ-302578,38.99,243.0,24.3,4.0,0.2125,55.0,0.5764,2.0,1.0,1.13,0.0,0.0,0
PRJ-302579,40.03,536.0,27.8,8.0,0.2892,41.0,0.4402,2.0,4.0,-2.44,0.0,6.0,1
PRJ-302580,3.13,266.0,159.5,2.0,0.457,5.0,0.2584,2.0,1.0,21.0,0.0,2.0,0
PRJ-302581,7.56,49.0,59.6,3.0,0.404,3.0,0.2426,1.0,3.0,3.97,1.0,0.0,0
PRJ-302582,11.71,527.0,115.0,8.0,0.1431,52.0,0.1726,1.0,2.0,8.6,1.0,8.0,0
PRJ-302583,15.66,395.0,32.4,7.0,0.0239,25.0,0.4261,4.0,2.0,-18.93,0.0,6.0,0
PRJ-302584,14.18,208.0,85.7,1.0,0.0979,21.0,0.3311,2.0,1.0,-1.65,0.0,7.0,0
PRJ-302585,12.19,347.0,22.8,8.0,0.0744,17.0,0.3334,1.0,4.0,13.56,0.0,8.0,0
PRJ-302586,5.63,348.0,42.1,4.0,0.1546,47.0,0.2325,4.0,4.0,1.38,0.0,6.0,0
PRJ-302587,16.94,318.0,35.5,6.0,0.1419,50.0,0.1692,2.0,2.0,-0.82,0.0,3.0,0
PRJ-302588,17.55,520.0,147.6,1.0,0.4755,37.0,0.2348,3.0,4.0,-22.64,0.0,2.0,1
PRJ-302589,21.77,433.0,26.3,2.0,0.3435,29.0,0.273,3.0,2.0,-1.56,1.0,1.0,1
PRJ-302590,5.08,173.0,79.1,6.0,0.2415,35.0,0.0952,1.0,4.0,15.03,0.0,5.0,0
PRJ-302591,10.49,536.0,69.3,3.0,0.4372,23.0,0.1668,1.0,3.0,0.15,0.0,5.0,1
PRJ-302592,8.72,521.0,17.1,1.0,0.2976,21.0,0.2138,2.0,2.0,5.75,0.0,8.0,1
PRJ-302593,5.01,68.0,115.8,6.0,0.0461,8.0,0.219,0.0,4.0,-3.81,1.0,1.0,0
PRJ-302594,10.38,192.0,125.0,2.0,0.259,28.0,0.3595,1.0,3.0,-3.92,0.0,8.0,0
PRJ-302595,5.84,349.0,59.8,7.0,0.3727,23.0,0.5104,3.0,3.0,0.75,0.0,1.0,0
PRJ-302596,4.43,479.0,52.7,2.0,0.1661,16.0,0.3868,1.0,1.0,6.06,1.0,4.0,0
PRJ-302597,19.43,399.0,9.3,1.0,0.33,21.0,0.3535,0.0,4.0,9.4,1.0,0.0,1
PRJ-302598,8.99,329.0,14.8,4.0,0.4582,42.0,0.4345,4.0,3.0,8.59,0.0,1.0,0
PRJ-302599,7.31,196.0,41.2,3.0,0.2588,47.0,0.2915,1.0,4.0,-3.93,0.0,2.0,0
PRJ-302600,25.15,92.0,23.4,6.0,0.4713,48.0,0.3272,3.0,4.0,2.59,0.0,7.0,0
PRJ-302601,17.89,486.0,94.3,2.0,0.5215,50.0,0.6425,0.0,4.0,-15.16,0.0,5.0,0
PRJ-302602,2.55,308.0,14.2,8.0,0.3441,59.0,0.4329,4.0,4.0,3.13,0.0,0.0,0
PRJ-302603,15.73,271.0,12.9,4.0,0.0367,22.0,0.3471,3.0,3.0,-23.97,0.0,2.0,0
PRJ-302604,15.68,530.0,74.2,6.0,0.147,53.0,0.2928,3.0,4.0,-18.1,0.0,4.0,0
PRJ-302605,10.09,126.0,65.9,7.0,0.3848,24.0,0.3251,1.0,2.0,2.47,0.0,4.0,1
PRJ-302606,9.83,170.0,56.7,8.0,0.156,49.0,0.2388,3.0,1.0,6.49,0.0,4.0,1
PRJ-302607,3.58,467.0,85.9,5.0,0.0536,58.0,0.5368,3.0,2.0,-14.49,0.0,6.0,1
PRJ-302608,38.72,185.0,30.2,2.0,0.0652,47.0,0.1704,3.0,3.0,6.7,0.0,3.0,1
PRJ-302609,10.36,511.0,36.8,5.0,0.3219,22.0,0.1602,2.0,3.0,-1.95,0.0,4.0,0
PRJ-302610,15.18,469.0,64.5,4.0,0.385,22.0,0.3601,2.0,4.0,13.63,1.0,4.0,1
PRJ-302611,10.75,94.0,59.6,5.0,0.0513,37.0,0.3553,2.0,2.0,17.49,1.0,7.0,0
PRJ-302612,7.39,271.0,25.2,2.0,0.1495,59.0,0.3978,2.0,2.0,-26.81,0.0,7.0,0
PRJ-302613,20.38,417.0,105.0,5.0,0.1743,8.0,0.2777,4.0,3.0,23.09,0.0,1.0,0
PRJ-302614,13.39,287.0,17.6,8.0,0.2605,15.0,0.357,1.0,4.0,11.01,0.0,6.0,1
PRJ-302615,10.41,151.0,39.3,6.0,0.076,25.0,0.1926,2.0,4.0,7.3,0.0,8.0,0
PRJ-302616,15.08,67.0,18.8,8.0,0.437,48.0,0.2281,4.0,3.0,-3.94,0.0,6.0,0
PRJ-302617,11.42,48.0,205.0,1.0,0.1615,14.0,0.2077,1.0,4.0,6.27,0.0,1.0,0
PRJ-302618,32.87,133.0,53.7,6.0,0.2658,27.0,0.1377,0.0,4.0,4.46,0.0,2.0,0
PRJ-302619,19.95,174.0,22.1,1.0,0.3751,14.0,0.5701,4.0,1.0,10.36,0.0,5.0,0
PRJ-302620,16.69,194.0,35.7,2.0,0.2646,42.0,0.4015,3.0,4.0,4.44,0.0,0.0,1
PRJ-302621,3.9,468.0,63.8,7.0,0.2471,14.0,0.3139,1.0,3.0,6.82,0.0,4.0,0
PRJ-302622,17.06,296.0,93.8,1.0,0.3509,5.0,0.4093,0.0,2.0,9.07,0.0,8.0,1
PRJ-302623,16.79,114.0,24.1,4.0,0.0525,28.0,0.3981,2.0,4.0,-23.11,0.0,2.0,1
PRJ-302624,5.91,86.0,129.3,1.0,0.0379,0.0,0.1628,3.0,2.0,-3.27,0.0,3.0,0
PRJ-302625,3.83,109.0,52.2,3.0,0.2883,17.0,0.5584,1.0,4.0,0.21,0.0,1.0,0
PRJ-302626,19.43,200.0,74.7,1.0,0.3691,57.0,0.4294,3.0,4.0,-4.4,0.0,8.0,1
PRJ-302627,20.98,410.0,33.5,4.0,0.4318,49.0,0.2194,3.0,1.0,13.7,1.0,0.0,1
PRJ-302628,7.85,69.0,67.3,6.0,0.2967,37.0,0.2334,1.0,3.0,19.59,0.0,0.0,0
PRJ-302629,7.61,246.0,31.5,6.0,0.3097,26.0,0.5745,2.0,4.0,1.89,0.0,7.0,0
PRJ-302630,13.24,266.0,37.3,8.0,0.5982,48.0,0.1241,3.0,1.0,1.85,0.0,4.0,0
PRJ-302631,8.97,118.0,96.3,1.0,0.2612,3.0,0.2815,1.0,4.0,1.55,1.0,1.0,0
PRJ-302632,3.77,74.0,71.8,4.0,0.315,26.0,0.2545,1.0,2.0,-18.62,0.0,7.0,0
PRJ-302633,5.86,158.0,40.4,5.0,0.4846,26.0,0.5963,3.0,2.0,-10.37,0.0,5.0,0
PRJ-302634,14.83,120.0,92.7,1.0,0.407,1.0,0.3907,1.0,3.0,-10.24,0.0,5.0,0
PRJ-302635,6.1,438.0,62.3,1.0,0.1417,5.0,0.2368,2.0,4.0,9.84,0.0,1.0,0
PRJ-302636,21.65,498.0,7.6,3.0,0.37,25.0,0.5672,2.0,4.0,-4.58,1.0,0.0,0
PRJ-302637,16.62,353.0,46.5,7.0,0.2772,8.0,0.1579,0.0,2.0,-0.77,0.0,4.0,0
PRJ-302638,15.21,420.0,94.8,5.0,0.0575,59.0,0.5955,3.0,2.0,-1.9,0.0,7.0,0
PRJ-302639,13.06,421.0,156.3,5.0,0.2615,8.0,0.3745,3.0,3.0,-3.02,0.0,0.0,0
PRJ-302640,7.16,479.0,20.2,5.0,0.2733,1.0,0.5151,3.0,4.0,25.21,0.0,5.0,1
PRJ-302641,18.09,93.0,90.6,7.0,0.1716,47.0,0.3091,0.0,1.0,1.39,0.0,3.0,0
PRJ-302642,7.02,538.0,51.9,5.0,0.2058,24.0,0.4848,0.0,1.0,16.94,0.0,6.0,0
PRJ-302643,22.41,271.0,17.1,6.0,0.2073,25.0,0.2825,4.0,1.0,-8.35,1.0,5.0,0
PRJ-302644,29.73,313.0,18.5,3.0,0.1081,15.0,0.2963,0.0,1.0,-13.25,0.0,8.0,0
PRJ-302645,13.34,439.0,20.9,7.0,0.1753,0.0,0.1094,3.0,2.0,10.79,0.0,7.0,0
PRJ-302646,27.33,289.0,12.3,1.0,0.104,43.0,0.2901,3.0,3.0,1.96,0.0,2.0,1
PRJ-302647,5.92,176.0,15.7,3.0,0.3,30.0,0.5686,1.0,1.0,7.63,0.0,8.0,0
PRJ-302648,16.74,54.0,53.5,3.0,0.1515,23.0,0.2969,1.0,4.0,21.73,1.0,5.0,0
PRJ-302649,11.98,128.0,7.4,2.0,0.2295,12.0,0.2163,0.0,3.0,2.32,0.0,7.0,0
PRJ-302650,19.65,86.0,24.5,5.0,0.0618,8.0,0.676,4.0,3.0,4.77,0.0,3.0,0
PRJ-302651,2.66,233.0,37.6,8.0,0.2196,43.0,0.3834,1.0,2.0,-3.97,0.0,2.0,0
PRJ-302652,18.91,430.0,24.6,2.0,0.3053,4.0,0.103,4.0,1.0,1.67,1.0,0.0,1
PRJ-302653,7.64,210.0,13.9,8.0,0.1349,56.0,0.4617,3.0,2.0,3.24,0.0,1.0,0
PRJ-302654,12.38,340.0,50.7,7.0,0.3436,32.0,0.7968,0.0,2.0,5.93,0.0,6.0,0
PRJ-302655,38.31,136.0,24.1,8.0,0.1188,10.0,0.4822,4.0,3.0,3.54,0.0,2.0,0
PRJ-302656,17.09,337.0,25.9,1.0,0.393,53.0,0.3546,4.0,2.0,-18.56,0.0,8.0,0
PRJ-302657,15.69,517.0,44.9,8.0,0.7752,16.0,0.3669,3.0,3.0,18.33,0.0,8.0,1
PRJ-302658,14.88,201.0,78.8,4.0,0.2157,17.0,0.3995,4.0,1.0,1.07,1.0,6.0,0
PRJ-302659,23.89,284.0,29.5,5.0,0.4383,42.0,0.5724,3.0,1.0,19.05,1.0,8.0,1
PRJ-302660,20.07,521.0,30.8,3.0,0.1902,7.0,0.4199,3.0,3.0,-9.89,0.0,5.0,1
PRJ-302661,14.99,345.0,16.5,5.0,0.2643,37.0,0.1666,0.0,1.0,-5.98,0.0,8.0,0
PRJ-302662,13.81,242.0,94.1,5.0,0.2435,16.0,0.1904,2.0,3.0,-2.43,0.0,2.0,0
PRJ-302663,13.22,104.0,51.3,7.0,0.203,49.0,0.4864,1.0,2.0,-4.92,0.0,6.0,0
PRJ-302664,11.55,508.0,90.0,3.0,0.4055,27.0,0.4877,1.0,4.0,4.34,1.0,1.0,0
PRJ-302665,5.02,346.0,100.2,1.0,0.3766,38.0,0.3856,3.0,2.0,13.09,1.0,3.0,1
PRJ-302666,16.86,73.0,29.2,5.0,0.4536,27.0,0.1718,4.0,1.0,16.49,0.0,3.0,1
PRJ-302667,8.18,319.0,85.3,7.0,0.2297,11.0,0.6255,1.0,4.0,-5.6,0.0,7.0,1
PRJ-302668,10.64,524.0,55.2,1.0,0.1349,19.0,0.6295,0.0,1.0,-7.18,0.0,3.0,0
PRJ-302669,20.93,506.0,31.4,7.0,0.3467,50.0,0.1486,4.0,3.0,9.23,0.0,7.0,0
PRJ-302670,11.73,141.0,27.4,7.0,0.3334,30.0,0.473,3.0,3.0,-12.66,0.0,7.0,0
PRJ-302671,11.14,249.0,50.3,5.0,0.1435,9.0,0.1661,0.0,2.0,8.05,0.0,2.0,0
PRJ-302672,13.37,533.0,59.6,8.0,0.2329,4.0,0.2455,2.0,4.0,-2.84,0.0,2.0,0
PRJ-302673,9.75,432.0,5.4,4.0,0.2464,5.0,0.3474,3.0,4.0,-5.29,0.0,2.0,0
PRJ-302674,37.8,322.0,35.3,2.0,0.1925,48.0,0.393,0.0,2.0,-33.76,0.0,4.0,1
PRJ-302675,34.63,195.0,57.8,6.0,0.3965,56.0,0.2696,2.0,4.0,3.18,0.0,8.0,0
PRJ-302676,34.08,422.0,68.1,5.0,0.4604,30.0,0.3553,2.0,1.0,14.01,0.0,7.0,0
PRJ-302677,14.91,331.0,44.6,8.0,0.4866,35.0,0.355,4.0,4.0,-14.22,1.0,5.0,1
PRJ-302678,7.82,304.0,66.6,2.0,0.1753,31.0,0.3601,1.0,2.0,3.39,0.0,5.0,1
PRJ-302679,21.28,503.0,27.4,2.0,0.1175,19.0,0.2581,0.0,3.0,5.99,0.0,8.0,0
PRJ-302680,9.8,231.0,65.4,6.0,0.032,46.0,0.3764,2.0,2.0,-6.33,0.0,2.0,0
PRJ-302681,22.46,354.0,59.1,3.0,0.0495,15.0,0.3807,0.0,4.0,5.18,0.0,5.0,1
PRJ-302682,7.57,66.0,99.1,2.0,0.1152,44.0,0.456,3.0,2.0,10.76,0.0,3.0,0
PRJ-302683,15.61,397.0,133.8,6.0,0.1879,5.0,0.4292,2.0,2.0,2.2,0.0,8.0,0
PRJ-302684,24.47,315.0,100.8,2.0,0.4148,34.0,0.4945,2.0,1.0,6.64,0.0,4.0,0
PRJ-302685,10.17,478.0,40.4,7.0,0.1159,33.0,0.0808,3.0,2.0,-3.13,0.0,4.0,0
PRJ-302686,10.15,209.0,17.4,3.0,0.2852,7.0,0.5971,4.0,2.0,9.75,0.0,7.0,0
PRJ-302687,4.12,503.0,24.4,6.0,0.5083,52.0,0.628,0.0,3.0,-20.56,0.0,7.0,1
PRJ-302688,7.74,329.0,131.4,5.0,0.2359,11.0,0.2481,0.0,2.0,9.24,0.0,3.0,1
PRJ-302689,14.72,148.0,52.3,5.0,0.1472,40.0,0.6224,4.0,4.0,14.78,0.0,4.0,1
PRJ-302690,16.18,124.0,60.8,3.0,0.1468,28.0,0.203,4.0,3.0,-9.01,1.0,3.0,0
PRJ-302691,17.71,141.0,89.9,1.0,0.1133,45.0,0.1944,4.0,2.0,-9.31,0.0,8.0,0
PRJ-302692,3.07,194.0,49.9,6.0,0.3943,26.0,0.2342,0.0,1.0,19.42,0.0,0.0,0
PRJ-302693,9.83,317.0,111.4,4.0,0.1467,35.0,0.4457,0.0,2.0,4.63,0.0,3.0,0
PRJ-302694,4.48,474.0,15.4,8.0,0.446,44.0,0.3091,1.0,1.0,-18.28,0.0,7.0,0
PRJ-302695,14.25,537.0,70.4,8.0,0.2036,0.0,0.5142,4.0,1.0,-2.63,0.0,4.0,1
PRJ-302696,3.58,380.0,159.2,1.0,0.3088,12.0,0.3061,4.0,4.0,-20.66,0.0,6.0,1
PRJ-302697,5.45,287.0,117.5,3.0,0.1072,26.0,0.1656,4.0,4.0,-2.69,0.0,1.0,0
PRJ-302698,19.86,348.0,122.2,4.0,0.3947,21.0,0.37,1.0,1.0,-0.34,0.0,7.0,0
PRJ-302699,8.36,208.0,14.0,4.0,0.4426,2.0,0.5918,1.0,3.0,7.36,0.0,7.0,0
PRJ-302700,27.47,166.0,58.4,6.0,0.1014,38.0,0.4267,1.0,3.0,0.35,0.0,1.0,0
PRJ-302701,18.01,310.0,45.3,3.0,0.3894,4.0,0.2373,4.0,3.0,19.16,1.0,2.0,1
PRJ-302702,10.21,454.0,24.3,2.0,0.2184,45.0,0.2213,0.0,4.0,1.37,0.0,4.0,0
PRJ-302703,21.84,76.0,59.1,3.0,0.3559,10.0,0.1835,2.0,2.0,-22.89,0.0,0.0,0
PRJ-302704,10.8,99.0,17.6,7.0,0.0393,36.0,0.567,0.0,2.0,7.38,0.0,2.0,0
PRJ-302705,19.15,132.0,66.5,4.0,0.1992,53.0,0.406,4.0,3.0,1.29,0.0,1.0,0
PRJ-302706,7.47,148.0,22.7,3.0,0.1762,21.0,0.2387,1.0,4.0,-2.05,0.0,4.0,0
PRJ-302707,22.64,118.0,64.1,7.0,0.1332,12.0,0.2538,3.0,1.0,12.66,1.0,8.0,0
PRJ-302708,3.83,109.0,25.3,1.0,0.1277,13.0,0.1143,2.0,1.0,9.99,0.0,6.0,0
PRJ-302709,5.45,58.0,38.6,4.0,0.0604,27.0,0.4178,1.0,1.0,-10.36,1.0,3.0,0
PRJ-302710,6.13,217.0,35.7,1.0,0.5717,17.0,0.3167,3.0,3.0,3.25,0.0,8.0,0
PRJ-302711,8.03,402.0,44.6,5.0,0.2414,52.0,0.5155,3.0,2.0,18.24,1.0,1.0,1
PRJ-302712,15.06,122.0,48.1,8.0,0.4282,50.0,0.5685,4.0,4.0,0.93,0.0,1.0,0
PRJ-302713,12.15,206.0,35.9,4.0,0.3252,40.0,0.5682,3.0,1.0,-15.45,0.0,5.0,1
PRJ-302714,19.29,526.0,20.6,8.0,0.3129,20.0,0.2318,3.0,3.0,4.76,0.0,5.0,0
PRJ-302715,24.68,128.0,103.7,7.0,0.3579,7.0,0.2092,3.0,1.0,-3.73,0.0,8.0,0
PRJ-302716,3.53,533.0,49.7,6.0,0.3379,13.0,0.3036,0.0,4.0,0.4,0.0,7.0,0
PRJ-302717,26.54,298.0,60.0,2.0,0.3959,27.0,0.5573,3.0,1.0,-11.5,1.0,6.0,1
PRJ-302718,10.64,403.0,35.9,1.0,0.3955,48.0,0.7396,1.0,4.0,4.04,1.0,4.0,1
PRJ-302719,33.67,205.0,209.0,1.0,0.2098,46.0,0.3141,3.0,4.0,-6.96,0.0,5.0,1
PRJ-302720,7.24,205.0,53.0,3.0,0.2311,58.0,0.1484,0.0,1.0,9.69,0.0,2.0,0
PRJ-302721,2.83,239.0,107.4,4.0,0.2518,26.0,0.3664,2.0,1.0,16.21,1.0,5.0,0
PRJ-302722,18.14,108.0,39.1,2.0,0.1316,33.0,0.4971,1.0,2.0,2.24,0.0,3.0,0
PRJ-302723,17.43,201.0,72.4,8.0,0.0917,13.0,0.555,1.0,4.0,-11.41,1.0,4.0,0
PRJ-302724,5.55,487.0,43.2,6.0,0.0325,41.0,0.1662,2.0,4.0,-9.06,1.0,3.0,0
PRJ-302725,5.96,46.0,95.8,6.0,0.1671,38.0,0.5487,4.0,3.0,2.13,1.0,3.0,0
PRJ-302726,20.2,328.0,32.9,6.0,0.2242,4.0,0.6131,3.0,4.0,3.83,1.0,5.0,1
PRJ-302727,15.53,385.0,18.5,5.0,0.2434,24.0,0.1735,4.0,1.0,-6.32,0.0,2.0,0
PRJ-302728,9.94,114.0,59.9,8.0,0.2626,55.0,0.4926,2.0,2.0,-2.41,1.0,8.0,0
PRJ-302729,16.55,99.0,100.2,4.0,0.2234,30.0,0.1698,4.0,2.0,6.97,0.0,4.0,0
PRJ-302730,14.55,318.0,44.2,2.0,0.1846,26.0,0.5312,3.0,4.0,12.85,0.0,6.0,0
PRJ-302731,6.42,153.0,32.1,3.0,0.264,7.0,0.6262,0.0,3.0,-0.1,0.0,0.0,0
PRJ-302732,21.15,529.0,15.4,2.0,0.1639,47.0,0.2135,3.0,2.0,7.34,0.0,6.0,0
PRJ-302733,18.65,139.0,101.2,8.0,0.0905,54.0,0.1768,2.0,1.0,-0.05,0.0,0.0,0
PRJ-302734,12.34,109.0,23.6,5.0,0.3062,54.0,0.4299,2.0,3.0,3.76,0.0,2.0,0
PRJ-302735,20.21,209.0,35.5,4.0,0.1384,55.0,0.4918,1.0,1.0,-7.82,0.0,5.0,0
PRJ-302736,36.27,209.0,34.8,1.0,0.2202,56.0,0.3217,0.0,4.0,4.69,0.0,4.0,0
PRJ-302737,5.91,124.0,47.0,6.0,0.5283,18.0,0.3571,4.0,1.0,16.4,1.0,3.0,0
PRJ-302738,10.24,374.0,72.0,6.0,0.1934,45.0,0.4902,1.0,1.0,4.4,0.0,0.0,0
PRJ-302739,10.58,216.0,170.0,7.0,0.2635,17.0,0.2803,1.0,4.0,5.03,0.0,7.0,1
PRJ-302740,19.93,305.0,61.8,2.0,0.0935,21.0,0.59,3.0,1.0,-10.69,0.0,6.0,0
PRJ-302741,7.96,165.0,15.5,6.0,0.4679,10.0,0.1749,4.0,1.0,4.1,0.0,6.0,1
PRJ-302742,19.24,92.0,45.2,3.0,0.233,2.0,0.5295,1.0,3.0,-24.65,0.0,2.0,1
PRJ-302743,8.63,75.0,62.5,2.0,0.2565,35.0,0.2994,4.0,3.0,7.85,0.0,7.0,0
PRJ-302744,5.43,71.0,112.6,2.0,0.1058,4.0,0.4528,0.0,3.0,17.26,0.0,1.0,0
PRJ-302745,12.82,475.0,103.9,3.0,0.0862,11.0,0.2537,4.0,2.0,-6.37,1.0,4.0,0
PRJ-302746,8.5,175.0,43.8,6.0,0.0741,11.0,0.355,1.0,1.0,-2.86,0.0,0.0,0
PRJ-302747,13.66,196.0,51.9,1.0,0.142,36.0,0.0336,0.0,3.0,11.47,1.0,7.0,0
PRJ-302748,15.83,331.0,57.6,8.0,0.3917,29.0,0.4069,2.0,1.0,-9.87,0.0,2.0,0
PRJ-302749,3.72,92.0,52.1,8.0,0.5416,56.0,0.2275,4.0,1.0,5.62,0.0,5.0,0
PRJ-302750,9.18,342.0,45.1,8.0,0.5142,39.0,0.4196,4.0,4.0,-9.01,0.0,4.0,0
PRJ-302751,12.83,303.0,136.3,7.0,0.2294,10.0,0.6765,1.0,3.0,6.88,0.0,8.0,0
PRJ-302752,20.26,436.0,27.7,3.0,0.0848,15.0,0.1668,0.0,4.0,-2.91,1.0,0.0,0
PRJ-302753,18.73,106.0,91.7,4.0,0.1717,13.0,0.2317,0.0,4.0,-33.05,0.0,4.0,1
PRJ-302754,6.81,53.0,80.4,2.0,0.0827,27.0,0.482,0.0,1.0,-12.61,1.0,3.0,0
PRJ-302755,10.94,427.0,43.8,8.0,0.2478,5.0,0.2238,3.0,4.0,-1.12,1.0,6.0,0
PRJ-302756,16.36,228.0,26.2,7.0,0.2326,25.0,0.4544,2.0,1.0,22.4,0.0,1.0,0
PRJ-302757,10.44,75.0,49.6,2.0,0.112,18.0,0.3423,4.0,3.0,-2.93,0.0,2.0,0
PRJ-302758,7.28,320.0,74.2,8.0,0.1166,6.0,0.0667,0.0,3.0,-8.6,0.0,3.0,0
PRJ-302759,11.85,274.0,1.9,1.0,0.2428,52.0,0.4451,3.0,1.0,3.73,0.0,7.0,0
PRJ-302760,15.39,515.0,17.4,7.0,0.1947,20.0,0.3561,4.0,2.0,-36.99,1.0,1.0,1
PRJ-302761,6.35,512.0,3.9,2.0,0.3145,0.0,0.3069,3.0,4.0,15.3,0.0,6.0,1
PRJ-302762,17.5,311.0,60.5,6.0,0.4213,44.0,0.3769,4.0,3.0,7.4,1.0,5.0,0
PRJ-302763,13.32,123.0,58.5,8.0,0.1603,38.0,0.4628,4.0,3.0,-6.06,0.0,5.0,0
PRJ-302764,17.9,415.0,19.3,8.0,0.0421,21.0,0.1555,1.0,1.0,8.67,0.0,4.0,0
PRJ-302765,11.67,144.0,24.5,2.0,0.4517,23.0,0.5139,4.0,2.0,3.62,0.0,1.0,0
PRJ-302766,32.95,459.0,56.1,2.0,0.5363,11.0,0.2721,0.0,1.0,-1.6,0.0,3.0,0
PRJ-302767,15.2,342.0,11.0,1.0,0.3866,19.0,0.3314,4.0,4.0,6.56,0.0,4.0,0
PRJ-302768,19.18,220.0,77.4,7.0,0.1104,9.0,0.4325,4.0,1.0,-1.05,1.0,2.0,1
PRJ-302769,17.45,530.0,40.0,2.0,0.0977,10.0,0.7301,3.0,3.0,2.03,1.0,8.0,1
PRJ-302770,10.84,299.0,47.1,4.0,0.2394,23.0,0.1669,3.0,1.0,6.67,1.0,3.0,1
PRJ-302771,14.34,235.0,50.2,4.0,0.1675,49.0,0.3339,1.0,4.0,-4.52,0.0,8.0,0
PRJ-302772,8.09,138.0,15.8,3.0,0.4071,10.0,0.5951,3.0,2.0,-1.51,0.0,0.0,0
PRJ-302773,31.5,366.0,50.4,4.0,0.2991,49.0,0.0362,2.0,2.0,-14.03,0.0,8.0,0
PRJ-302774,16.28,178.0,71.0,3.0,0.1794,49.0,0.2904,0.0,4.0,-15.42,0.0,2.0,0
PRJ-302775,6.98,120.0,26.6,2.0,0.4328,2.0,0.3878,2.0,2.0,-20.4,0.0,8.0,0
PRJ-302776,27.18,103.0,24.1,4.0,0.0972,16.0,0.2937,4.0,3.0,4.37,0.0,4.0,0
PRJ-302777,11.21,362.0,163.1,7.0,0.4478,34.0,0.346,2.0,2.0,-3.77,0.0,6.0,0
PRJ-302778,20.89,500.0,22.0,1.0,0.1497,9.0,0.4821,2.0,3.0,-14.12,0.0,2.0,0
PRJ-302779,3.65,170.0,34.0,8.0,0.4174,24.0,0.5677,4.0,2.0,-4.62,0.0,5.0,0
PRJ-302780,24.18,152.0,120.3,4.0,0.1098,42.0,0.3201,4.0,2.0,-12.73,1.0,8.0,0
PRJ-302781,15.86,348.0,10.2,3.0,0.2001,0.0,0.2456,4.0,2.0,2.2,0.0,7.0,1
PRJ-302782,6.6,115.0,42.9,4.0,0.2568,38.0,0.1731,4.0,3.0,11.84,0.0,6.0,0
PRJ-302783,15.69,88.0,70.0,8.0,0.8394,18.0,0.4559,1.0,4.0,15.93,0.0,4.0,0
PRJ-302784,29.58,360.0,45.0,7.0,0.2248,47.0,0.5539,1.0,4.0,-1.86,0.0,2.0,0
PRJ-302785,8.26,304.0,8.6,7.0,0.5762,11.0,0.1401,3.0,2.0,-2.12,0.0,2.0,1
PRJ-302786,8.18,59.0,17.4,2.0,0.3518,42.0,0.2632,3.0,1.0,-21.66,0.0,2.0,0
PRJ-302787,10.73,162.0,7.2,8.0,0.0667,45.0,0.288,3.0,1.0,-17.54,0.0,7.0,0
PRJ-302788,12.75,143.0,40.7,6.0,0.6196,26.0,0.523,3.0,3.0,16.03,0.0,0.0,0
PRJ-302789,21.74,382.0,62.6,1.0,0.132,26.0,0.4244,3.0,4.0,2.09,0.0,0.0,1
PRJ-302790,16.42,374.0,26.5,4.0,0.0638,24.0,0.3491,0.0,3.0,13.48,0.0,2.0,0
PRJ-302791,10.73,415.0,36.0,7.0,0.3783,47.0,0.4158,2.0,4.0,-22.62,0.0,3.0,1
PRJ-302792,14.74,94.0,35.9,5.0,0.2178,24.0,0.2856,3.0,3.0,-0.91,0.0,8.0,0
PRJ-302793,32.55,464.0,107.3,5.0,0.1462,58.0,0.21,3.0,3.0,-20.82,0.0,7.0,0
PRJ-302794,18.23,148.0,55.5,3.0,0.1808,9.0,0.398,1.0,1.0,-26.03,0.0,1.0,0
PRJ-302795,11.49,536.0,50.2,1.0,0.1559,24.0,0.5876,3.0,1.0,-10.74,0.0,7.0,1
PRJ-302796,10.52,476.0,95.8,8.0,0.2849,32.0,0.4022,2.0,3.0,21.87,0.0,6.0,0
PRJ-302797,14.19,272.0,13.0,7.0,0.0884,33.0,0.5027,3.0,1.0,-9.67,1.0,3.0,0
PRJ-302798,21.58,433.0,55.0,3.0,0.0955,27.0,0.5076,1.0,2.0,15.02,0.0,3.0,1
PRJ-302799,7.48,376.0,30.3,2.0,0.2236,58.0,0.3907,4.0,3.0,-3.09,1.0,3.0,0
PRJ-302800,19.78,427.0,117.4,5.0,0.373,29.0,0.5807,1.0,2.0,14.77,0.0,7.0,1
PRJ-302801,11.34,54.0,96.3,7.0,0.0164,9.0,0.4545,0.0,4.0,8.18,0.0,3.0,0
PRJ-302802,12.46,86.0,30.3,1.0,0.2258,22.0,0.4059,1.0,3.0,15.82,0.0,8.0,0
PRJ-302803,48.48,493.0,37.8,6.0,0.265,3.0,0.4363,1.0,3.0,-5.71,0.0,6.0,1
PRJ-302804,18.56,431.0,20.8,7.0,0.1606,17.0,0.1975,1.0,2.0,3.2,0.0,3.0,0
PRJ-302805,8.68,349.0,86.0,4.0,0.1817,28.0,0.6325,3.0,4.0,1.44,0.0,2.0,0
PRJ-302806,15.83,199.0,73.3,1.0,0.2747,4.0,0.2868,0.0,1.0,30.48,0.0,3.0,1
PRJ-302807,22.25,253.0,39.5,1.0,0.2047,29.0,0.175,1.0,2.0,10.78,1.0,4.0,0
PRJ-302808,18.68,239.0,39.1,2.0,0.293,13.0,0.6743,0.0,3.0,-1.73,0.0,8.0,0
PRJ-302809,2.51,259.0,32.4,8.0,0.1736,55.0,0.2139,2.0,4.0,24.4,0.0,2.0,0
PRJ-302810,12.13,355.0,112.5,4.0,0.175,8.0,0.3911,1.0,2.0,25.39,0.0,1.0,0
PRJ-302811,16.27,420.0,42.3,2.0,0.2176,27.0,0.1392,2.0,3.0,-7.72,0.0,7.0,0
PRJ-302812,15.46,234.0,33.4,8.0,0.3243,10.0,0.2332,1.0,2.0,3.35,0.0,3.0,0
PRJ-302813,9.15,457.0,80.2,7.0,0.1243,26.0,0.355,3.0,3.0,-4.58,1.0,8.0,0
PRJ-302814,18.88,89.0,3.5,2.0,0.1983,28.0,0.6617,4.0,3.0,-18.88,0.0,4.0,0
PRJ-302815,24.25,444.0,37.3,6.0,0.2779,29.0,0.3964,0.0,3.0,2.2,0.0,0.0,0
PRJ-302816,3.81,379.0,88.0,3.0,0.0596,28.0,0.3276,1.0,2.0,-36.64,0.0,4.0,0
PRJ-302817,3.56,297.0,130.0,1.0,0.2573,26.0,0.6435,2.0,1.0,0.97,0.0,4.0,1
PRJ-302818,15.74,230.0,27.4,1.0,0.1934,17.0,0.4475,1.0,3.0,-0.62,1.0,7.0,1
PRJ-302819,19.85,228.0,67.4,5.0,0.5898,53.0,0.1515,3.0,4.0,-0.76,0.0,5.0,1
PRJ-302820,8.28,223.0,27.3,7.0,0.1538,38.0,0.2896,3.0,3.0,-2.56,0.0,2.0,0
PRJ-302821,2.61,513.0,172.4,8.0,0.0421,37.0,0.4051,2.0,2.0,-5.18,0.0,2.0,0
PRJ-302822,12.26,58.0,52.6,6.0,0.101,24.0,0.6664,2.0,2.0,-20.51,0.0,0.0,1
PRJ-302823,15.6,358.0,72.9,8.0,0.0485,47.0,0.2342,0.0,1.0,-16.81,0.0,2.0,0
PRJ-302824,10.17,534.0,4.6,2.0,0.1424,40.0,0.5677,0.0,1.0,-0.69,0.0,3.0,1
PRJ-302825,22.59,314.0,32.1,2.0,0.239,9.0,0.5968,4.0,4.0,-0.6,0.0,0.0,1
PRJ-302826,15.01,361.0,80.4,1.0,0.2904,26.0,0.3839,2.0,3.0,10.32,0.0,2.0,1
PRJ-302827,7.69,341.0,12.9,2.0,0.1099,52.0,0.5474,1.0,2.0,-5.7,1.0,4.0,0
PRJ-302828,8.24,295.0,52.5,7.0,0.4884,52.0,0.3501,4.0,2.0,-12.89,0.0,8.0,0
PRJ-302829,12.43,356.0,134.0,2.0,0.2089,58.0,0.6143,4.0,4.0,-3.73,0.0,2.0,0
PRJ-302830,9.72,492.0,83.6,4.0,0.0136,45.0,0.3271,0.0,2.0,-26.4,0.0,5.0,0
PRJ-302831,3.4,397.0,69.1,7.0,0.1515,57.0,0.1947,4.0,4.0,2.12,0.0,0.0,0
PRJ-302832,14.21,465.0,33.7,8.0,0.0649,15.0,0.5856,0.0,1.0,6.87,0.0,3.0,0
PRJ-302833,8.38,318.0,16.5,2.0,0.2344,58.0,0.4609,0.0,3.0,15.85,1.0,4.0,0
PRJ-302834,9.37,427.0,44.7,2.0,0.4226,56.0,0.4005,0.0,2.0,3.31,0.0,2.0,0
PRJ-302835,5.87,478.0,75.1,1.0,0.1524,41.0,0.5668,3.0,4.0,-13.54,0.0,5.0,1
PRJ-302836,30.05,149.0,20.8,1.0,0.1233,40.0,0.4308,2.0,4.0,-8.31,0.0,1.0,0
PRJ-302837,17.88,470.0,83.1,4.0,0.4965,40.0,0.3381,1.0,4.0,-2.21,0.0,8.0,0
PRJ-302838,34.58,384.0,54.6,3.0,0.271,6.0,0.412,4.0,3.0,-8.45,1.0,1.0,0
PRJ-302839,10.14,263.0,24.2,8.0,0.1651,4.0,0.337,1.0,3.0,-14.09,1.0,4.0,0
PRJ-302840,18.52,428.0,9.8,4.0,0.319,14.0,0.3415,1.0,2.0,-7.3,1.0,4.0,0
PRJ-302841,14.37,128.0,12.7,3.0,0.2022,16.0,0.6142,2.0,3.0,11.61,0.0,3.0,0
PRJ-302842,7.9,390.0,43.4,4.0,0.2266,3.0,0.1798,4.0,3.0,4.46,0.0,3.0,0
PRJ-302843,10.07,330.0,102.4,6.0,0.4678,47.0,0.3616,2.0,3.0,10.22,0.0,1.0,0
PRJ-302844,17.86,484.0,24.5,3.0,0.2492,2.0,0.4181,4.0,2.0,-9.47,0.0,2.0,0
PRJ-302845,5.86,352.0,111.8,2.0,0.5088,21.0,0.4924,4.0,1.0,16.45,0.0,6.0,0
PRJ-302846,22.72,305.0,8.5,4.0,0.2223,6.0,0.1727,2.0,1.0,4.15,1.0,6.0,0
PRJ-302847,13.62,304.0,49.2,5.0,0.5041,37.0,0.6636,3.0,3.0,4.82,0.0,0.0,1
PRJ-302848,20.92,319.0,45.5,3.0,0.0491,57.0,0.3102,2.0,2.0,-0.69,0.0,2.0,0
PRJ-302849,15.64,485.0,63.0,5.0,0.2081,35.0,0.6242,3.0,1.0,-29.72,1.0,8.0,1
PRJ-302850,3.83,433.0,54.0,3.0,0.0675,33.0,0.828,1.0,4.0,16.52,0.0,6.0,0
PRJ-302851,12.14,91.0,33.3,8.0,0.0736,34.0,0.0782,3.0,4.0,3.64,0.0,2.0,0
PRJ-302852,23.02,308.0,33.5,8.0,0.3364,16.0,0.2355,0.0,2.0,-12.25,0.0,5.0,0
PRJ-302853,13.5,187.0,89.8,6.0,0.2349,22.0,0.5199,0.0,3.0,24.83,0.0,1.0,0
PRJ-302854,12.34,126.0,51.2,7.0,0.1156,18.0,0.1607,0.0,1.0,0.2,0.0,0.0,0
PRJ-302855,13.49,473.0,4.3,1.0,0.3273,53.0,0.6722,1.0,1.0,-4.49,0.0,5.0,0
PRJ-302856,3.22,469.0,36.1,6.0,0.0644,21.0,0.1172,0.0,2.0,-11.74,1.0,4.0,0
PRJ-302857,24.48,510.0,38.7,4.0,0.505,14.0,0.3759,3.0,4.0,-7.58,0.0,5.0,0
PRJ-302858,2.19,239.0,38.5,7.0,0.1185,30.0,0.6073,2.0,4.0,-19.32,0.0,6.0,0
PRJ-302859,27.61,255.0,80.9,1.0,0.393,46.0,0.5563,3.0,4.0,-5.38,0.0,5.0,1
PRJ-302860,9.66,430.0,29.4,2.0,0.0725,22.0,0.3262,1.0,1.0,-1.55,0.0,4.0,0
PRJ-302861,16.33,140.0,57.4,2.0,0.272,1.0,0.1674,4.0,3.0,6.63,0.0,2.0,1
PRJ-302862,3.02,71.0,135.5,5.0,0.3774,24.0,0.3679,4.0,2.0,-21.86,0.0,7.0,0
PRJ-302863,19.72,253.0,102.9,8.0,0.1203,50.0,0.2163,4.0,1.0,-9.68,0.0,7.0,0
PRJ-302864,17.7,356.0,27.2,8.0,0.2949,51.0,0.7835,4.0,2.0,-14.84,0.0,4.0,1
PRJ-302865,17.03,270.0,52.4,4.0,0.1029,45.0,0.5908,3.0,4.0,10.84,0.0,0.0,0
PRJ-302866,2.93,149.0,1.8,1.0,0.3,31.0,0.4249,0.0,1.0,8.07,0.0,6.0,0
PRJ-302867,7.19,302.0,72.1,7.0,0.0511,58.0,0.3331,0.0,4.0,-22.94,1.0,8.0,0
PRJ-302868,15.69,511.0,15.4,5.0,0.2877,6.0,0.3957,4.0,3.0,-3.33,0.0,1.0,1
PRJ-302869,24.08,180.0,47.0,1.0,0.3557,7.0,0.3142,1.0,1.0,16.78,0.0,4.0,1
PRJ-302870,6.46,243.0,42.3,6.0,0.1612,42.0,0.3278,4.0,4.0,8.83,0.0,2.0,0
PRJ-302871,6.59,199.0,99.3,8.0,0.2239,48.0,0.3926,3.0,2.0,-4.18,1.0,2.0,0
PRJ-302872,15.05,190.0,57.7,7.0,0.1746,12.0,0.3608,2.0,2.0,5.12,0.0,2.0,0
PRJ-302873,45.87,369.0,42.0,8.0,0.183,18.0,0.3943,3.0,4.0,9.55,1.0,5.0,0
PRJ-302874,7.99,230.0,75.6,8.0,0.1038,13.0,0.3316,1.0,1.0,21.15,0.0,3.0,0
PRJ-302875,9.59,352.0,110.5,6.0,0.3682,14.0,0.3774,0.0,4.0,-5.22,0.0,3.0,1
PRJ-302876,8.66,54.0,2.9,5.0,0.3003,1.0,0.5318,1.0,1.0,16.33,0.0,6.0,0
PRJ-302877,11.36,372.0,28.6,1.0,0.4912,12.0,0.1083,2.0,4.0,-6.6,0.0,0.0,0
PRJ-302878,25.25,97.0,138.2,6.0,0.1235,41.0,0.391,1.0,4.0,-7.19,0.0,2.0,1
PRJ-302879,11.76,231.0,183.7,8.0,0.3353,43.0,0.0797,4.0,3.0,-2.21,0.0,2.0,0
PRJ-302880,48.56,476.0,24.1,7.0,0.2178,52.0,0.4398,2.0,3.0,1.91,1.0,2.0,0
PRJ-302881,13.18,211.0,88.7,8.0,0.2975,56.0,0.2178,0.0,2.0,9.05,1.0,6.0,0
PRJ-302882,26.74,390.0,24.0,2.0,0.6487,12.0,0.6314,1.0,1.0,-1.16,0.0,2.0,1
PRJ-302883,10.07,219.0,18.4,2.0,0.4103,39.0,0.498,1.0,3.0,-6.11,0.0,7.0,0
PRJ-302884,5.03,491.0,43.3,7.0,0.0679,23.0,0.4922,3.0,4.0,-10.29,0.0,1.0,0
PRJ-302885,11.75,515.0,96.0,8.0,0.0185,15.0,0.6638,2.0,2.0,7.12,1.0,4.0,1
PRJ-302886,17.19,494.0,39.1,5.0,0.256,41.0,0.2867,2.0,3.0,0.47,0.0,8.0,0
PRJ-302887,7.23,240.0,95.1,8.0,0.176,23.0,0.2056,4.0,3.0,3.54,0.0,4.0,0
PRJ-302888,24.21,202.0,101.3,6.0,0.0764,36.0,0.481,3.0,1.0,4.74,0.0,0.0,0
PRJ-302889,8.95,345.0,32.3,2.0,0.4441,14.0,0.3173,0.0,2.0,16.73,0.0,4.0,0
PRJ-302890,5.87,449.0,31.6,5.0,0.2601,25.0,0.5437,1.0,4.0,13.43,1.0,5.0,0
PRJ-302891,43.07,303.0,40.0,4.0,0.1535,4.0,0.31,4.0,4.0,8.98,1.0,1.0,1
PRJ-302892,6.97,410.0,48.4,7.0,0.1408,2.0,0.3185,3.0,2.0,-1.82,0.0,2.0,1
PRJ-302893,8.77,478.0,44.0,3.0,0.1062,46.0,0.6017,1.0,3.0,-15.35,0.0,3.0,0
PRJ-302894,18.99,417.0,51.8,2.0,0.2417,53.0,0.3432,1.0,1.0,-5.77,0.0,1.0,0
PRJ-302895,9.84,227.0,34.3,4.0,0.2257,6.0,0.424,1.0,2.0,-1.1,0.0,3.0,0
PRJ-302896,6.02,168.0,16.8,4.0,0.3929,40.0,0.3598,2.0,4.0,-8.2,0.0,1.0,0
PRJ-302897,8.19,259.0,159.9,8.0,0.278,38.0,0.2397,1.0,2.0,6.78,0.0,6.0,0
PRJ-302898,35.97,329.0,28.5,1.0,0.4154,16.0,0.104,2.0,2.0,0.81,0.0,1.0,1
PRJ-302899,17.58,462.0,9.5,7.0,0.2374,25.0,0.5326,4.0,3.0,-10.78,0.0,0.0,0
PRJ-302900,19.78,193.0,79.8,2.0,0.2484,17.0,0.3245,3.0,2.0,16.32,1.0,8.0,0
PRJ-302901,14.59,124.0,19.9,2.0,0.1811,4.0,0.5131,0.0,4.0,5.3,0.0,2.0,1
PRJ-302902,16.19,201.0,74.3,4.0,0.1137,49.0,0.1737,2.0,1.0,1.21,0.0,1.0,0
PRJ-302903,9.35,339.0,27.5,5.0,0.0631,18.0,0.4625,0.0,4.0,13.06,0.0,5.0,0
PRJ-302904,13.44,159.0,180.4,8.0,0.2675,31.0,0.4354,2.0,1.0,-9.45,1.0,6.0,0
PRJ-302905,2.75,242.0,122.4,5.0,0.3092,4.0,0.2963,3.0,4.0,-7.47,0.0,1.0,0
PRJ-302906,22.12,172.0,41.4,2.0,0.4144,2.0,0.5056,1.0,1.0,-4.31,0.0,6.0,0
PRJ-302907,9.29,532.0,69.2,4.0,0.2321,37.0,0.1535,4.0,1.0,6.29,0.0,3.0,0
PRJ-302908,5.34,298.0,59.5,8.0,0.323,24.0,0.6708,4.0,3.0,3.96,0.0,1.0,0
PRJ-302909,13.94,402.0,26.6,6.0,0.3493,40.0,0.2264,1.0,3.0,37.54,0.0,4.0,0
PRJ-302910,10.83,302.0,77.8,2.0,0.1708,52.0,0.1608,1.0,3.0,-11.63,0.0,8.0,0
PRJ-302911,21.64,50.0,51.5,6.0,0.3916,53.0,0.5431,4.0,3.0,1.04,1.0,1.0,0
PRJ-302912,11.92,175.0,57.1,6.0,0.1327,4.0,0.19,1.0,2.0,-3.19,0.0,3.0,0
PRJ-302913,8.07,460.0,73.4,3.0,0.1118,17.0,0.7697,4.0,1.0,5.31,0.0,2.0,1
PRJ-302914,12.11,298.0,44.9,5.0,0.2867,12.0,0.4355,2.0,3.0,10.41,0.0,8.0,0
PRJ-302915,28.62,393.0,23.8,3.0,0.3153,10.0,0.4774,0.0,2.0,2.8,0.0,5.0,0
PRJ-302916,22.08,422.0,69.2,2.0,0.1663,27.0,0.5714,4.0,3.0,4.42,0.0,6.0,1
PRJ-302917,17.55,322.0,82.7,8.0,0.066,28.0,0.3411,0.0,3.0,-4.31,0.0,6.0,0
PRJ-302918,22.68,330.0,83.0,3.0,0.0538,58.0,0.6619,3.0,3.0,19.61,0.0,5.0,1
PRJ-302919,18.4,161.0,84.2,3.0,0.3213,48.0,0.2321,1.0,4.0,-5.66,0.0,4.0,1
PRJ-302920,6.62,168.0,63.1,1.0,0.1269,3.0,0.3914,4.0,3.0,-37.58,1.0,4.0,1
PRJ-302921,19.88,118.0,10.1,4.0,0.1848,33.0,0.2405,3.0,1.0,-7.18,1.0,0.0,0
PRJ-302922,24.34,192.0,185.8,6.0,0.6043,13.0,0.553,4.0,1.0,28.59,0.0,8.0,1
PRJ-302923,25.19,356.0,82.3,8.0,0.0551,56.0,0.3991,0.0,3.0,-14.19,0.0,6.0,0
PRJ-302924,5.67,504.0,35.9,7.0,0.1297,15.0,0.4099,1.0,4.0,5.78,1.0,7.0,0
PRJ-302925,8.79,262.0,90.9,7.0,0.2851,5.0,0.1229,3.0,2.0,-9.58,0.0,3.0,0
PRJ-302926,7.92,342.0,17.9,8.0,0.2534,56.0,0.4738,1.0,3.0,5.59,0.0,8.0,0
PRJ-302927,10.0,471.0,74.6,6.0,0.2021,43.0,0.2599,4.0,2.0,13.27,0.0,4.0,0
PRJ-302928,16.42,380.0,39.0,7.0,0.051,41.0,0.2564,4.0,1.0,-5.5,0.0,1.0,0
PRJ-302929,13.72,174.0,18.8,3.0,0.2262,39.0,0.1452,2.0,2.0,15.36,0.0,8.0,1
PRJ-302930,13.72,184.0,18.5,6.0,0.4406,43.0,0.3304,1.0,4.0,13.0,0.0,5.0,0
PRJ-302931,4.65,360.0,66.5,6.0,0.2633,14.0,0.5066,0.0,4.0,3.83,0.0,3.0,0
PRJ-302932,8.57,187.0,72.4,4.0,0.071,40.0,0.3723,4.0,3.0,-0.87,0.0,2.0,0
PRJ-302933,26.33,168.0,22.4,6.0,0.1601,12.0,0.5396,0.0,1.0,-2.67,1.0,8.0,0
PRJ-302934,24.28,338.0,39.4,6.0,0.4984,54.0,0.4822,3.0,1.0,-9.77,1.0,4.0,1
PRJ-302935,11.79,359.0,61.9,4.0,0.5723,22.0,0.3075,3.0,3.0,-13.48,0.0,2.0,1
PRJ-302936,19.92,170.0,31.8,7.0,0.3033,55.0,0.2136,3.0,1.0,7.01,0.0,3.0,0
PRJ-302937,15.5,68.0,165.6,1.0,0.2337,19.0,0.4516,3.0,2.0,4.13,0.0,6.0,0
PRJ-302938,21.28,425.0,67.1,3.0,0.3705,11.0,0.5034,2.0,2.0,4.99,0.0,8.0,1
PRJ-302939,20.46,238.0,45.0,3.0,0.1592,20.0,0.3385,0.0,2.0,12.11,1.0,3.0,0
PRJ-302940,12.41,358.0,100.5,7.0,0.3206,33.0,0.5686,4.0,2.0,-0.28,0.0,5.0,0
PRJ-302941,17.62,130.0,71.2,5.0,0.1476,43.0,0.3143,3.0,3.0,16.04,0.0,8.0,0
PRJ-302942,16.15,200.0,62.3,8.0,0.1154,1.0,0.187,4.0,2.0,-19.56,0.0,3.0,0
PRJ-302943,12.63,344.0,68.0,8.0,0.0555,5.0,0.4247,1.0,2.0,21.56,0.0,6.0,1
PRJ-302944,10.92,106.0,83.7,4.0,0.4349,16.0,0.3674,1.0,2.0,-0.37,0.0,6.0,0
PRJ-302945,33.01,201.0,29.4,6.0,0.191,44.0,0.6951,0.0,1.0,-8.46,1.0,2.0,1
PRJ-302946,12.64,400.0,7.5,2.0,0.2932,17.0,0.2694,2.0,2.0,-1.35,0.0,1.0,0
PRJ-302947,19.16,426.0,106.3,1.0,0.4441,29.0,0.2346,2.0,4.0,18.98,0.0,4.0,0
PRJ-302948,31.49,219.0,51.7,4.0,0.0997,59.0,0.2749,3.0,1.0,-7.93,1.0,5.0,0
PRJ-302949,17.6,101.0,34.1,3.0,0.104,10.0,0.6083,3.0,2.0,1.19,1.0,8.0,0
PRJ-302950,17.11,57.0,23.7,6.0,0.502,11.0,0.4886,4.0,4.0,-12.42,0.0,3.0,0
PRJ-302951,12.68,320.0,21.0,5.0,0.2335,40.0,0.3611,1.0,2.0,4.82,0.0,5.0,1
PRJ-302952,16.33,388.0,55.9,2.0,0.2822,46.0,0.6581,0.0,3.0,15.03,0.0,4.0,1
PRJ-302953,10.33,338.0,48.0,4.0,0.2729,22.0,0.5424,3.0,3.0,3.45,0.0,7.0,0
PRJ-302954,52.35,245.0,101.4,4.0,0.0539,11.0,0.2158,3.0,3.0,-4.34,1.0,2.0,0
PRJ-302955,4.72,55.0,73.6,1.0,0.347,7.0,0.3571,0.0,3.0,-4.91,0.0,2.0,0
PRJ-302956,11.37,156.0,82.7,5.0,0.3458,58.0,0.2726,3.0,2.0,1.35,0.0,4.0,1
PRJ-302957,17.78,62.0,97.9,8.0,0.1634,35.0,0.438,1.0,4.0,6.57,0.0,6.0,0
PRJ-302958,17.12,273.0,58.1,8.0,0.2366,22.0,0.7205,3.0,3.0,10.43,0.0,1.0,0
PRJ-302959,10.32,197.0,133.4,8.0,0.3232,19.0,0.1659,2.0,1.0,-12.49,0.0,1.0,0
PRJ-302960,3.59,80.0,28.1,8.0,0.2337,9.0,0.2289,1.0,4.0,-5.82,0.0,4.0,0
PRJ-302961,5.29,346.0,96.5,8.0,0.3865,17.0,0.5262,2.0,3.0,17.38,1.0,7.0,1
PRJ-302962,14.33,228.0,7.4,1.0,0.2486,46.0,0.3744,2.0,1.0,5.98,0.0,7.0,0
PRJ-302963,2.88,521.0,7.8,4.0,0.1676,28.0,0.5295,3.0,1.0,1.77,0.0,4.0,0
PRJ-302964,18.56,251.0,17.4,5.0,0.1741,54.0,0.4479,3.0,1.0,9.4,0.0,4.0,0
PRJ-302965,25.54,89.0,45.2,7.0,0.2806,31.0,0.2679,1.0,1.0,-28.07,0.0,0.0,0
PRJ-302966,20.63,394.0,6.5,3.0,0.2573,36.0,0.1525,2.0,4.0,8.08,0.0,2.0,0
PRJ-302967,23.19,393.0,44.0,6.0,0.1914,42.0,0.3826,0.0,4.0,30.3,0.0,2.0,0
PRJ-302968,2.95,504.0,35.7,7.0,0.3898,10.0,0.3676,4.0,2.0,0.91,0.0,8.0,0
PRJ-302969,10.59,387.0,175.2,5.0,0.0249,29.0,0.5019,4.0,4.0,3.35,0.0,4.0,0
PRJ-302970,6.27,224.0,13.3,2.0,0.1793,52.0,0.2959,0.0,1.0,-3.91,0.0,3.0,0
PRJ-302971,4.03,376.0,54.0,1.0,0.1998,32.0,0.2778,0.0,2.0,-11.46,1.0,4.0,0
PRJ-302972,9.17,440.0,72.4,4.0,0.2434,15.0,0.4243,1.0,3.0,-5.96,0.0,6.0,1
PRJ-302973,31.02,300.0,127.5,2.0,0.1221,34.0,0.3699,0.0,2.0,10.76,1.0,6.0,0
PRJ-302974,36.25,438.0,81.4,6.0,0.1349,39.0,0.5066,2.0,1.0,6.8,0.0,4.0,1
PRJ-302975,6.85,523.0,107.2,2.0,0.1586,55.0,0.15,2.0,3.0,-10.45,0.0,4.0,0
PRJ-302976,13.22,418.0,59.8,8.0,0.1734,45.0,0.1849,2.0,2.0,-7.59,0.0,5.0,0
PRJ-302977,16.18,293.0,25.7,8.0,0.2752,6.0,0.3501,0.0,3.0,-7.35,0.0,7.0,0
PRJ-302978,10.64,288.0,11.9,7.0,0.1496,35.0,0.1316,4.0,2.0,1.99,0.0,1.0,0
PRJ-302979,26.66,459.0,86.6,6.0,0.2534,39.0,0.5753,3.0,4.0,-2.38,0.0,7.0,0
PRJ-302980,9.26,477.0,34.3,1.0,0.1468,44.0,0.3607,4.0,3.0,-0.83,0.0,6.0,0
PRJ-302981,8.25,174.0,5.3,8.0,0.5714,2.0,0.5064,3.0,2.0,-12.89,0.0,5.0,1
PRJ-302982,7.11,49.0,37.2,1.0,0.1482,16.0,0.3174,1.0,1.0,19.48,0.0,5.0,0
PRJ-302983,10.59,444.0,47.8,5.0,0.1714,15.0,0.3949,2.0,3.0,3.6,0.0,1.0,0
PRJ-302984,1.69,161.0,118.1,7.0,0.1299,11.0,0.2449,0.0,3.0,-6.27,0.0,4.0,0
PRJ-302985,10.93,538.0,39.8,1.0,0.0452,47.0,0.1335,1.0,1.0,-9.55,1.0,5.0,1
PRJ-302986,13.75,62.0,48.1,4.0,0.0445,27.0,0.2975,4.0,4.0,-4.62,0.0,1.0,0
PRJ-302987,14.31,495.0,48.7,4.0,0.0969,21.0,0.2987,3.0,4.0,14.05,0.0,3.0,0
PRJ-302988,6.0,380.0,94.9,2.0,0.297,32.0,0.3855,1.0,1.0,18.11,0.0,2.0,1
PRJ-302989,14.14,195.0,26.3,1.0,0.0444,1.0,0.2664,2.0,3.0,-7.61,1.0,0.0,0
PRJ-302990,13.95,62.0,65.6,8.0,0.065,13.0,0.2672,0.0,4.0,-5.25,0.0,8.0,0
PRJ-302991,14.15,463.0,31.8,8.0,0.2902,30.0,0.4956,1.0,3.0,-20.06,0.0,4.0,0
PRJ-302992,20.88,104.0,116.2,1.0,0.1795,12.0,0.3224,1.0,1.0,-19.33,0.0,2.0,1
PRJ-302993,5.82,92.0,134.6,3.0,0.3511,26.0,0.2076,0.0,1.0,1.6,0.0,7.0,0
PRJ-302994,10.72,436.0,54.2,4.0,0.3384,19.0,0.1672,2.0,1.0,-3.77,0.0,0.0,0
PRJ-302995,3.42,380.0,62.3,2.0,0.3636,55.0,0.2887,0.0,1.0,-4.31,1.0,3.0,0
PRJ-302996,19.7,108.0,40.5,1.0,0.1016,52.0,0.7841,2.0,3.0,-5.95,0.0,5.0,1
PRJ-302997,6.49,214.0,7.8,5.0,0.101,56.0,0.255,2.0,1.0,3.85,0.0,3.0,0
PRJ-302998,22.89,374.0,49.0,4.0,0.0615,22.0,0.5738,1.0,1.0,1.56,0.0,5.0,0
PRJ-302999,23.39,371.0,45.6,7.0,0.2713,16.0,0.3033,2.0,1.0,12.49,0.0,1.0,0
PRJ-303000,11.43,224.0,36.4,3.0,0.1752,30.0,0.4412,1.0,4.0,31.22,0.0,2.0,0
PRJ-303001,11.04,249.0,39.9,5.0,0.1045,49.0,0.4384,3.0,2.0,-12.85,0.0,5.0,0
PRJ-303002,4.43,84.0,66.2,3.0,0.1143,48.0,0.2013,2.0,1.0,-14.83,0.0,0.0,0
PRJ-303003,12.95,49.0,62.4,1.0,0.2429,30.0,0.2052,0.0,2.0,19.39,1.0,2.0,1
PRJ-303004,20.77,523.0,40.8,6.0,0.4844,33.0,0.251,3.0,2.0,-0.69,1.0,4.0,0
PRJ-303005,15.29,159.0,123.4,6.0,0.2051,32.0,0.1735,4.0,1.0,9.69,0.0,5.0,0
PRJ-303006,28.64,503.0,6.4,6.0,0.3271,27.0,0.4793,1.0,4.0,-13.46,1.0,6.0,0
PRJ-303007,9.9,65.0,27.4,1.0,0.1848,6.0,0.4722,2.0,2.0,-12.72,0.0,0.0,1
PRJ-303008,9.9,534.0,86.5,6.0,0.4569,20.0,0.12,3.0,1.0,10.41,0.0,0.0,0
PRJ-303009,6.8,256.0,9.3,5.0,0.5581,50.0,0.6029,1.0,3.0,-15.01,0.0,3.0,0
PRJ-303010,40.37,444.0,6.3,4.0,0.2779,51.0,0.5642,3.0,3.0,17.23,0.0,8.0,0
PRJ-303011,4.4,460.0,27.1,5.0,0.1791,36.0,0.4807,1.0,1.0,10.13,0.0,6.0,0
PRJ-303012,19.85,219.0,46.0,1.0,0.2658,58.0,0.7719,0.0,4.0,-8.23,0.0,6.0,0
PRJ-303013,21.04,410.0,32.8,2.0,0.4258,57.0,0.3921,4.0,1.0,18.7,0.0,0.0,1
PRJ-303014,20.48,210.0,55.8,2.0,0.1308,30.0,0.2471,3.0,1.0,6.53,1.0,4.0,0
PRJ-303015,7.2,435.0,7.0,4.0,0.1759,46.0,0.4719,0.0,3.0,-2.4,0.0,0.0,0
PRJ-303016,11.43,519.0,24.8,8.0,0.3101,12.0,0.3764,0.0,2.0,1.14,0.0,7.0,0
PRJ-303017,18.1,444.0,77.2,1.0,0.2955,27.0,0.357,0.0,4.0,-23.19,0.0,8.0,1
PRJ-303018,8.35,405.0,65.8,4.0,0.408,24.0,0.3593,4.0,2.0,-16.01,0.0,3.0,1
PRJ-303019,10.39,229.0,29.1,3.0,0.4061,51.0,0.4834,3.0,1.0,9.31,0.0,0.0,0
PRJ-303020,8.45,98.0,52.9,8.0,0.4,24.0,0.1996,4.0,3.0,2.66,0.0,5.0,0
PRJ-303021,13.52,295.0,45.3,5.0,0.6825,19.0,0.397,4.0,2.0,17.59,0.0,6.0,0
PRJ-303022,12.95,109.0,46.3,2.0,0.2387,23.0,0.3145,4.0,4.0,4.78,0.0,0.0,0
PRJ-303023,31.79,296.0,59.2,3.0,0.0371,51.0,0.5703,2.0,1.0,-14.35,0.0,3.0,1
PRJ-303024,18.35,475.0,140.1,5.0,0.0383,37.0,0.3212,4.0,4.0,-12.38,0.0,7.0,0
PRJ-303025,5.16,101.0,142.1,1.0,0.6075,6.0,0.2691,0.0,1.0,-9.8,1.0,2.0,1
PRJ-303026,5.46,490.0,9.5,1.0,0.2261,1.0,0.3987,0.0,4.0,-6.99,0.0,3.0,1
PRJ-303027,20.07,341.0,39.0,6.0,0.2006,20.0,0.4822,3.0,1.0,1.87,0.0,6.0,0
PRJ-303028,12.86,68.0,16.6,7.0,0.5192,49.0,0.3256,0.0,1.0,14.28,1.0,0.0,0
PRJ-303029,38.91,401.0,62.9,6.0,0.2393,52.0,0.4277,1.0,2.0,7.54,0.0,7.0,0
PRJ-303030,38.84,45.0,40.7,2.0,0.1497,9.0,0.5316,1.0,3.0,15.15,1.0,5.0,0
PRJ-303031,6.77,347.0,97.6,7.0,0.4224,1.0,0.4218,4.0,3.0,4.87,1.0,3.0,0
PRJ-303032,15.44,296.0,47.9,2.0,0.4631,15.0,0.6847,0.0,4.0,-5.03,1.0,3.0,0
PRJ-303033,5.51,414.0,127.0,8.0,0.3593,52.0,0.3795,4.0,3.0,-16.63,0.0,0.0,0
PRJ-303034,19.86,231.0,145.9,3.0,0.295,25.0,0.28,3.0,4.0,7.57,1.0,5.0,1
PRJ-303035,34.59,103.0,123.9,4.0,0.2723,2.0,0.2812,4.0,2.0,-1.13,0.0,7.0,1
PRJ-303036,14.09,236.0,4.4,8.0,0.2141,30.0,0.3272,3.0,1.0,9.51,1.0,3.0,0
PRJ-303037,9.67,421.0,58.7,4.0,0.2848,39.0,0.194,0.0,2.0,-7.25,0.0,8.0,0
PRJ-303038,16.46,517.0,36.2,6.0,0.382,5.0,0.2283,0.0,4.0,19.61,0.0,5.0,0
PRJ-303039,22.45,148.0,40.8,5.0,0.2548,38.0,0.116,4.0,2.0,19.66,0.0,5.0,0
PRJ-303040,22.54,218.0,86.6,1.0,0.2046,48.0,0.256,1.0,3.0,-10.47,0.0,5.0,0
PRJ-303041,9.74,479.0,38.2,7.0,0.0124,3.0,0.4367,3.0,1.0,3.95,0.0,2.0,0
PRJ-303042,8.21,199.0,50.2,3.0,0.1771,3.0,0.3646,4.0,2.0,-18.84,1.0,6.0,0
PRJ-303043,14.91,166.0,52.3,4.0,0.4442,50.0,0.3741,0.0,1.0,-9.84,1.0,8.0,0
PRJ-303044,10.18,456.0,6.4,3.0,0.0535,27.0,0.3314,1.0,4.0,-10.48,0.0,7.0,0
PRJ-303045,26.67,288.0,33.7,8.0,0.2386,5.0,0.3405,3.0,1.0,-7.24,0.0,3.0,0
PRJ-303046,10.1,333.0,102.3,5.0,0.1134,8.0,0.1229,2.0,1.0,-3.27,0.0,6.0,0
PRJ-303047,13.44,286.0,5.2,6.0,0.2092,51.0,0.2969,4.0,3.0,-9.33,0.0,8.0,1
PRJ-303048,16.2,343.0,71.6,5.0,0.1495,51.0,0.4826,2.0,2.0,1.84,0.0,7.0,0
PRJ-303049,4.51,178.0,22.5,3.0,0.2252,58.0,0.568,1.0,2.0,-18.36,0.0,2.0,0
PRJ-303050,8.69,407.0,35.5,5.0,0.2755,41.0,0.7004,1.0,3.0,11.91,0.0,0.0,1
PRJ-303051,37.87,224.0,81.8,7.0,0.1661,40.0,0.5805,3.0,1.0,-12.75,0.0,8.0,0
PRJ-303052,21.86,304.0,17.9,1.0,0.2173,53.0,0.4886,1.0,1.0,-1.88,0.0,1.0,0
PRJ-303053,10.01,136.0,38.1,2.0,0.2821,55.0,0.3762,1.0,1.0,-5.1,1.0,6.0,1
PRJ-303054,19.91,50.0,9.6,2.0,0.0546,1.0,0.4462,2.0,4.0,12.35,1.0,1.0,1
PRJ-303055,26.4,327.0,64.7,8.0,0.4277,37.0,0.5275,3.0,3.0,-3.94,0.0,3.0,1
PRJ-303056,11.08,113.0,25.0,5.0,0.2625,45.0,0.2247,0.0,2.0,17.5,0.0,2.0,0
PRJ-303057,21.22,496.0,12.5,3.0,0.3311,58.0,0.2656,2.0,4.0,4.3,0.0,0.0,1
PRJ-303058,19.38,519.0,47.9,2.0,0.2697,3.0,0.4289,2.0,1.0,-11.22,0.0,6.0,1
PRJ-303059,5.57,201.0,9.1,6.0,0.342,47.0,0.1127,0.0,2.0,-2.56,0.0,3.0,0
PRJ-303060,11.12,187.0,34.7,5.0,0.0368,33.0,0.62,1.0,1.0,-0.53,0.0,6.0,0
PRJ-303061,32.3,296.0,23.0,6.0,0.3645,40.0,0.3092,0.0,3.0,8.81,0.0,7.0,0
PRJ-303062,37.21,146.0,56.1,6.0,0.1438,59.0,0.2023,4.0,4.0,2.02,0.0,1.0,1
PRJ-303063,21.97,471.0,57.0,1.0,0.3448,59.0,0.4549,3.0,1.0,-2.66,0.0,6.0,0
PRJ-303064,8.49,95.0,26.7,6.0,0.0753,10.0,0.3476,4.0,4.0,-9.17,0.0,4.0,0
PRJ-303065,2.38,268.0,124.9,6.0,0.1273,29.0,0.2924,1.0,1.0,5.73,1.0,2.0,0
PRJ-303066,7.72,138.0,98.8,3.0,0.3911,24.0,0.3042,2.0,4.0,-4.24,1.0,3.0,1
PRJ-303067,5.04,456.0,20.1,3.0,0.1263,29.0,0.4416,2.0,1.0,-8.66,0.0,5.0,0
PRJ-303068,33.77,116.0,199.8,5.0,0.3807,25.0,0.5061,0.0,1.0,-12.34,0.0,8.0,1
PRJ-303069,3.36,265.0,79.1,4.0,0.2956,51.0,0.1647,4.0,3.0,12.31,0.0,8.0,0
PRJ-303070,5.68,457.0,60.8,8.0,0.0769,53.0,0.783,0.0,4.0,-17.83,0.0,3.0,0
PRJ-303071,14.72,262.0,63.8,1.0,0.4105,40.0,0.739,4.0,1.0,5.76,0.0,3.0,1
PRJ-303072,12.81,136.0,15.3,2.0,0.2891,38.0,0.3814,0.0,4.0,0.25,0.0,8.0,0
PRJ-303073,31.33,122.0,110.0,7.0,0.1054,8.0,0.2309,3.0,2.0,-6.56,0.0,2.0,0
PRJ-303074,18.64,344.0,6.5,6.0,0.3093,20.0,0.1872,4.0,4.0,-8.6,0.0,6.0,0
PRJ-303075,11.66,106.0,63.5,7.0,0.3031,18.0,0.4855,1.0,4.0,0.22,0.0,7.0,0
PRJ-303076,26.97,220.0,99.7,1.0,0.0249,6.0,0.703,1.0,1.0,-6.45,0.0,0.0,0
PRJ-303077,9.82,347.0,21.6,2.0,0.1221,35.0,0.4025,0.0,1.0,-6.92,0.0,4.0,0
PRJ-303078,32.9,232.0,83.1,7.0,0.2043,38.0,0.4651,4.0,1.0,11.93,0.0,1.0,0
PRJ-303079,7.01,454.0,51.5,7.0,0.1187,0.0,0.2393,0.0,3.0,-1.85,1.0,5.0,0
PRJ-303080,12.5,385.0,86.8,7.0,0.1839,27.0,0.5338,3.0,3.0,0.09,0.0,4.0,0
PRJ-303081,2.63,112.0,96.6,8.0,0.242,30.0,0.7831,4.0,1.0,-9.63,0.0,8.0,0
PRJ-303082,22.68,449.0,132.7,2.0,0.3133,27.0,0.2248,3.0,1.0,11.94,0.0,0.0,1
PRJ-303083,14.19,495.0,113.4,1.0,0.1955,14.0,0.3772,3.0,3.0,14.66,0.0,3.0,1
PRJ-303084,32.95,145.0,7.6,3.0,0.1296,1.0,0.4305,0.0,2.0,2.62,0.0,5.0,1
PRJ-303085,10.85,222.0,20.5,8.0,0.3569,14.0,0.3272,2.0,4.0,17.13,1.0,6.0,0
PRJ-303086,4.47,240.0,68.4,5.0,0.2493,59.0,0.549,3.0,3.0,-6.53,1.0,4.0,0
PRJ-303087,17.16,255.0,97.5,1.0,0.2139,53.0,0.2616,4.0,1.0,11.03,0.0,7.0,1
PRJ-303088,8.86,274.0,18.0,6.0,0.3047,41.0,0.3959,1.0,1.0,-4.55,0.0,1.0,0
PRJ-303089,20.69,487.0,78.0,7.0,0.0598,16.0,0.6278,2.0,2.0,-5.79,0.0,5.0,0
PRJ-303090,7.12,367.0,119.0,1.0,0.5012,1.0,0.4696,0.0,3.0,16.78,1.0,4.0,1
PRJ-303091,29.4,488.0,94.9,5.0,0.0776,53.0,0.4518,2.0,2.0,-4.35,0.0,5.0,0
PRJ-303092,13.43,218.0,77.1,6.0,0.5845,25.0,0.4459,2.0,2.0,-11.47,1.0,5.0,0
PRJ-303093,11.69,304.0,45.3,8.0,0.0944,32.0,0.4376,0.0,4.0,-21.78,1.0,4.0,0
PRJ-303094,28.2,97.0,43.6,5.0,0.3546,58.0,0.3092,4.0,2.0,0.1,0.0,0.0,0
PRJ-303095,22.89,181.0,178.6,3.0,0.3933,55.0,0.1638,0.0,1.0,-12.31,0.0,0.0,0
PRJ-303096,7.82,334.0,31.3,8.0,0.2974,33.0,0.3461,3.0,1.0,23.7,0.0,7.0,0
PRJ-303097,22.48,130.0,20.5,3.0,0.2874,43.0,0.3746,3.0,2.0,20.88,0.0,2.0,0
PRJ-303098,19.67,520.0,12.4,6.0,0.1702,33.0,0.5217,4.0,2.0,-35.99,1.0,4.0,0
PRJ-303099,12.13,179.0,73.8,7.0,0.2265,24.0,0.2724,0.0,1.0,19.62,0.0,3.0,0
PRJ-303100,21.37,124.0,66.6,5.0,0.3616,14.0,0.1933,4.0,3.0,-9.38,0.0,2.0,0
PRJ-303101,29.32,431.0,48.6,6.0,0.1423,2.0,0.3809,0.0,3.0,15.03,0.0,2.0,1
PRJ-303102,12.37,89.0,66.5,7.0,0.4955,56.0,0.3495,4.0,2.0,12.71,1.0,5.0,0
PRJ-303103,12.4,205.0,86.8,5.0,0.3446,53.0,0.3281,4.0,3.0,16.1,0.0,2.0,0
PRJ-303104,11.96,143.0,40.3,4.0,0.2934,23.0,0.6196,0.0,4.0,21.59,0.0,8.0,0
PRJ-303105,7.6,388.0,70.0,6.0,0.0783,42.0,0.1587,2.0,3.0,-13.89,0.0,7.0,0
PRJ-303106,12.28,462.0,37.4,4.0,0.0917,6.0,0.5854,3.0,1.0,-12.55,0.0,2.0,1
PRJ-303107,11.4,141.0,71.7,6.0,0.0713,8.0,0.151,4.0,1.0,9.71,0.0,5.0,0
PRJ-303108,10.97,250.0,119.6,1.0,0.3377,51.0,0.3296,0.0,2.0,1.35,1.0,8.0,1
PRJ-303109,10.86,281.0,93.0,1.0,0.2703,56.0,0.4166,0.0,2.0,8.11,1.0,8.0,0
PRJ-303110,5.67,387.0,148.6,4.0,0.1398,36.0,0.1252,3.0,4.0,-4.2,1.0,3.0,1
PRJ-303111,24.33,219.0,31.4,1.0,0.2064,29.0,0.4021,4.0,4.0,10.62,0.0,4.0,0
PRJ-303112,8.68,303.0,25.6,6.0,0.2982,38.0,0.0905,2.0,4.0,-15.55,1.0,6.0,0
PRJ-303113,30.34,294.0,65.5,2.0,0.2765,1.0,0.6387,3.0,3.0,23.53,0.0,5.0,1
PRJ-303114,6.56,50.0,32.2,4.0,0.0985,19.0,0.3601,4.0,3.0,29.63,0.0,4.0,0
PRJ-303115,34.62,327.0,74.0,2.0,0.4802,17.0,0.2655,1.0,4.0,-21.65,0.0,5.0,1
PRJ-303116,10.15,326.0,56.1,8.0,0.0092,31.0,0.3411,1.0,2.0,18.76,1.0,0.0,0
PRJ-303117,22.65,535.0,20.9,7.0,0.2616,51.0,0.1308,4.0,3.0,-20.84,0.0,8.0,0
PRJ-303118,14.1,297.0,67.7,1.0,0.3641,5.0,0.2756,1.0,2.0,6.98,0.0,6.0,0
PRJ-303119,5.13,490.0,22.2,4.0,0.1499,25.0,0.3939,0.0,3.0,-11.45,0.0,1.0,0
PRJ-303120,5.32,217.0,125.4,8.0,0.226,45.0,0.4449,0.0,2.0,5.52,0.0,1.0,1
PRJ-303121,8.19,389.0,41.0,4.0,0.1019,48.0,0.3598,4.0,4.0,-15.0,0.0,2.0,0
PRJ-303122,9.76,491.0,25.3,7.0,0.1521,51.0,0.5465,3.0,3.0,4.89,0.0,8.0,0
PRJ-303123,12.63,121.0,57.4,1.0,0.4977,24.0,0.1029,3.0,3.0,-2.25,0.0,6.0,0
PRJ-303124,16.1,325.0,62.1,4.0,0.3442,56.0,0.5061,1.0,3.0,-3.19,0.0,8.0,0
PRJ-303125,11.56,499.0,30.5,7.0,0.1964,8.0,0.2238,2.0,3.0,4.3,1.0,6.0,0
PRJ-303126,15.55,320.0,29.3,2.0,0.0986,48.0,0.5956,2.0,4.0,-20.49,0.0,6.0,0
PRJ-303127,17.2,486.0,9.0,1.0,0.179,11.0,0.2907,4.0,1.0,7.43,0.0,0.0,0
PRJ-303128,11.22,252.0,89.6,6.0,0.2518,40.0,0.5245,4.0,4.0,-3.76,0.0,1.0,1
PRJ-303129,19.47,483.0,123.0,1.0,0.1666,52.0,0.402,0.0,1.0,-18.59,1.0,4.0,0
PRJ-303130,22.24,356.0,99.4,3.0,0.1987,41.0,0.1355,3.0,4.0,8.15,0.0,3.0,0
PRJ-303131,17.48,282.0,24.7,7.0,0.0075,10.0,0.5006,2.0,2.0,-7.47,0.0,2.0,0
PRJ-303132,18.12,151.0,66.4,8.0,0.2237,52.0,0.2415,3.0,4.0,-0.64,0.0,3.0,1
PRJ-303133,14.67,129.0,58.1,2.0,0.2013,56.0,0.311,2.0,2.0,3.92,0.0,7.0,0
PRJ-303134,25.65,187.0,11.8,4.0,0.4071,29.0,0.2986,4.0,1.0,-0.82,0.0,0.0,0
PRJ-303135,12.82,418.0,30.3,7.0,0.1598,17.0,0.1988,0.0,1.0,-0.39,0.0,6.0,0
PRJ-303136,8.29,276.0,63.0,4.0,0.3268,38.0,0.4753,1.0,1.0,7.07,0.0,5.0,0
PRJ-303137,13.07,237.0,5.2,3.0,0.3662,58.0,0.2521,1.0,2.0,-3.31,0.0,5.0,0
PRJ-303138,5.19,276.0,17.8,5.0,0.3352,58.0,0.3029,3.0,3.0,12.27,1.0,2.0,1
PRJ-303139,4.76,215.0,82.3,7.0,0.2429,5.0,0.177,0.0,3.0,13.76,0.0,5.0,1
PRJ-303140,22.31,444.0,23.9,1.0,0.2637,8.0,0.2948,1.0,4.0,-7.02,0.0,5.0,1
PRJ-303141,30.64,238.0,12.0,1.0,0.3557,32.0,0.2219,1.0,3.0,-6.72,1.0,8.0,0
PRJ-303142,10.36,278.0,95.8,1.0,0.188,51.0,0.0329,1.0,4.0,7.51,0.0,5.0,0
PRJ-303143,22.44,321.0,23.9,3.0,0.2543,2.0,0.5679,3.0,1.0,20.09,0.0,0.0,1
PRJ-303144,3.08,364.0,82.7,3.0,0.1413,41.0,0.4943,0.0,2.0,13.17,0.0,7.0,0
PRJ-303145,17.52,210.0,146.3,4.0,0.4185,15.0,0.1883,4.0,4.0,-10.78,0.0,5.0,0
PRJ-303146,12.85,81.0,17.3,3.0,0.3297,17.0,0.3956,0.0,2.0,-3.5,1.0,0.0,0
PRJ-303147,33.72,386.0,42.2,6.0,0.0911,51.0,0.6066,3.0,3.0,-9.81,0.0,0.0,0
PRJ-303148,11.7,322.0,58.5,3.0,0.2667,17.0,0.3858,0.0,4.0,17.63,0.0,3.0,0
PRJ-303149,6.22,365.0,94.6,7.0,0.3105,11.0,0.5587,2.0,1.0,5.09,1.0,8.0,1
PRJ-303150,4.3,314.0,30.2,3.0,0.4593,57.0,0.152,0.0,2.0,-12.02,0.0,0.0,0
PRJ-303151,13.06,296.0,2.1,2.0,0.4052,53.0,0.1049,2.0,1.0,-5.25,0.0,3.0,0
PRJ-303152,14.65,514.0,17.3,7.0,0.2834,55.0,0.5004,1.0,1.0,-11.33,0.0,7.0,0
PRJ-303153,11.23,71.0,35.5,6.0,0.0735,35.0,0.3421,0.0,4.0,-4.8,0.0,2.0,0
PRJ-303154,22.76,90.0,82.6,1.0,0.2368,15.0,0.4228,1.0,1.0,6.8,0.0,3.0,0
PRJ-303155,28.63,508.0,42.6,2.0,0.2492,43.0,0.1531,3.0,2.0,-7.44,0.0,0.0,0
PRJ-303156,10.28,483.0,78.8,1.0,0.2076,45.0,0.2469,1.0,3.0,1.12,0.0,7.0,1
PRJ-303157,3.48,248.0,34.5,7.0,0.4113,21.0,0.2924,4.0,1.0,3.72,0.0,0.0,0
PRJ-303158,15.61,312.0,54.4,6.0,0.3642,34.0,0.3747,4.0,1.0,-22.92,1.0,7.0,0
PRJ-303159,25.97,267.0,87.1,8.0,0.3469,59.0,0.4836,1.0,2.0,-20.45,1.0,8.0,0
PRJ-303160,10.32,538.0,103.7,3.0,0.4385,34.0,0.2273,2.0,4.0,-5.75,0.0,2.0,1
PRJ-303161,18.11,270.0,168.5,1.0,0.2783,49.0,0.3796,0.0,2.0,-10.69,0.0,7.0,1
PRJ-303162,5.91,421.0,60.1,4.0,0.2632,1.0,0.3096,0.0,1.0,4.94,0.0,7.0,0
PRJ-303163,15.37,225.0,6.9,1.0,0.3184,54.0,0.2566,3.0,4.0,-4.16,0.0,8.0,0
PRJ-303164,18.32,233.0,68.1,2.0,0.043,57.0,0.7235,4.0,2.0,8.6,0.0,1.0,0
PRJ-303165,15.64,378.0,6.3,7.0,0.2126,8.0,0.4043,3.0,3.0,6.0,0.0,3.0,1
PRJ-303166,39.19,242.0,74.1,4.0,0.1424,26.0,0.6262,3.0,4.0,10.33,1.0,8.0,1
PRJ-303167,30.41,51.0,52.9,8.0,0.3359,16.0,0.3741,0.0,2.0,-6.34,0.0,2.0,1
PRJ-303168,20.2,130.0,99.9,5.0,0.4263,33.0,0.6572,3.0,1.0,-2.64,0.0,5.0,0
PRJ-303169,24.48,477.0,34.3,6.0,0.246,50.0,0.192,1.0,2.0,24.09,0.0,6.0,0
PRJ-303170,15.3,226.0,54.9,7.0,0.0336,11.0,0.4178,4.0,2.0,-12.57,0.0,4.0,0
PRJ-303171,12.49,95.0,68.9,4.0,0.7051,40.0,0.2304,1.0,4.0,8.02,0.0,6.0,0
PRJ-303172,9.59,509.0,2.9,3.0,0.2513,7.0,0.3412,0.0,3.0,12.13,0.0,4.0,0
PRJ-303173,5.82,539.0,66.6,7.0,0.3528,23.0,0.4688,1.0,3.0,5.69,0.0,8.0,0
PRJ-303174,31.28,292.0,25.4,7.0,0.4641,32.0,0.3419,2.0,2.0,10.73,1.0,1.0,1
PRJ-303175,40.12,355.0,61.6,3.0,0.6285,27.0,0.157,1.0,3.0,0.0,1.0,1.0,0
PRJ-303176,13.27,418.0,4.8,7.0,0.2493,7.0,0.2784,0.0,1.0,5.8,0.0,3.0,0
PRJ-303177,13.42,77.0,76.6,8.0,0.5587,26.0,0.448,2.0,2.0,2.67,0.0,5.0,0
PRJ-303178,18.81,191.0,72.1,2.0,0.2273,20.0,0.2051,1.0,2.0,-16.9,1.0,6.0,0
PRJ-303179,11.73,323.0,96.9,7.0,0.0337,33.0,0.3563,4.0,4.0,-2.61,1.0,5.0,0
PRJ-303180,6.35,317.0,9.0,1.0,0.3449,19.0,0.0803,2.0,4.0,-18.23,0.0,3.0,1
PRJ-303181,5.08,208.0,165.3,8.0,0.6402,29.0,0.4473,2.0,3.0,7.59,0.0,6.0,1
PRJ-303182,39.26,45.0,14.3,8.0,0.0266,57.0,0.2407,0.0,1.0,2.68,0.0,3.0,0
PRJ-303183,3.84,516.0,54.6,7.0,0.1169,27.0,0.5169,0.0,1.0,11.44,0.0,8.0,0
PRJ-303184,16.02,349.0,36.1,3.0,0.5499,43.0,0.8443,3.0,4.0,-13.65,0.0,6.0,1
PRJ-303185,4.2,418.0,43.5,8.0,0.52,19.0,0.4052,0.0,4.0,1.19,0.0,8.0,0
PRJ-303186,12.12,261.0,149.4,5.0,0.1107,40.0,0.2461,3.0,3.0,1.59,0.0,7.0,0
PRJ-303187,10.25,295.0,16.6,1.0,0.4092,26.0,0.0644,4.0,2.0,24.14,0.0,6.0,0
PRJ-303188,4.69,265.0,134.0,7.0,0.3184,37.0,0.3179,1.0,3.0,-2.33,0.0,4.0,0
PRJ-303189,19.22,257.0,84.6,8.0,0.191,10.0,0.341,0.0,1.0,-6.61,0.0,3.0,0
PRJ-303190,6.04,376.0,47.4,3.0,0.2898,50.0,0.1027,3.0,2.0,0.38,1.0,4.0,0
PRJ-303191,4.26,537.0,47.1,2.0,0.2127,11.0,0.5019,4.0,2.0,19.82,0.0,3.0,0
PRJ-303192,20.56,429.0,72.3,5.0,0.2543,10.0,0.305,2.0,2.0,10.3,0.0,5.0,0
PRJ-303193,10.28,375.0,34.0,3.0,0.1439,41.0,0.1413,2.0,4.0,7.83,0.0,6.0,0
PRJ-303194,7.68,50.0,39.7,6.0,0.2634,17.0,0.6301,3.0,4.0,-2.8,0.0,3.0,0
PRJ-303195,21.35,299.0,54.4,3.0,0.4208,57.0,0.4779,0.0,2.0,-2.64,0.0,3.0,0
PRJ-303196,5.83,518.0,123.7,2.0,0.0888,40.0,0.3178,1.0,4.0,17.9,0.0,5.0,0
PRJ-303197,3.55,241.0,43.0,2.0,0.1386,12.0,0.3521,1.0,3.0,-5.03,0.0,6.0,0
PRJ-303198,27.46,316.0,7.7,6.0,0.0575,58.0,0.3277,0.0,4.0,-5.97,0.0,0.0,0
PRJ-303199,35.95,205.0,56.1,4.0,0.2028,54.0,0.5482,3.0,2.0,-20.15,1.0,8.0,0
PRJ-303200,11.91,139.0,45.1,1.0,0.1135,17.0,0.1534,2.0,1.0,-18.69,1.0,8.0,1
PRJ-303201,1.47,394.0,27.5,5.0,0.0476,37.0,0.3197,1.0,4.0,13.65,0.0,5.0,0
PRJ-303202,11.8,200.0,62.9,7.0,0.1148,26.0,0.6725,1.0,3.0,-24.31,0.0,6.0,0
PRJ-303203,22.12,336.0,28.4,2.0,0.3908,57.0,0.263,4.0,1.0,19.32,1.0,5.0,1
PRJ-303204,25.78,338.0,42.1,2.0,0.4831,57.0,0.2665,2.0,3.0,-3.07,0.0,7.0,0
PRJ-303205,6.3,464.0,54.5,3.0,0.4698,23.0,0.4002,0.0,2.0,4.42,0.0,6.0,1
PRJ-303206,10.62,509.0,58.7,8.0,0.4371,54.0,0.2087,1.0,1.0,12.74,1.0,6.0,0
PRJ-303207,15.23,319.0,66.7,3.0,0.2125,41.0,0.5041,1.0,4.0,-7.23,0.0,5.0,1
PRJ-303208,21.32,69.0,73.8,7.0,0.1871,5.0,0.2048,4.0,4.0,7.19,0.0,3.0,0
PRJ-303209,19.93,333.0,53.6,6.0,0.4832,32.0,0.334,1.0,1.0,-12.28,0.0,4.0,0
PRJ-303210,17.97,482.0,10.1,8.0,0.3292,23.0,0.1455,2.0,3.0,-7.69,0.0,1.0,0
PRJ-303211,25.74,281.0,60.4,5.0,0.1215,58.0,0.3051,3.0,2.0,5.25,1.0,7.0,0
PRJ-303212,12.47,324.0,95.0,3.0,0.582,11.0,0.5135,0.0,4.0,5.0,1.0,2.0,1
PRJ-303213,31.45,422.0,7.5,6.0,0.1211,3.0,0.3694,4.0,4.0,4.33,1.0,0.0,1
PRJ-303214,8.88,262.0,10.2,1.0,0.4804,8.0,0.299,0.0,4.0,17.73,0.0,6.0,0
PRJ-303215,20.13,250.0,24.4,7.0,0.3744,3.0,0.2618,4.0,1.0,-0.93,1.0,6.0,1
PRJ-303216,9.76,283.0,90.9,2.0,0.3859,29.0,0.4547,3.0,1.0,19.3,0.0,6.0,0
PRJ-303217,12.02,466.0,23.1,6.0,0.1385,51.0,0.5674,2.0,1.0,0.72,0.0,1.0,0
PRJ-303218,13.29,286.0,91.8,5.0,0.1858,29.0,0.2181,4.0,4.0,7.24,1.0,6.0,1
PRJ-303219,9.4,206.0,57.6,2.0,0.1471,3.0,0.3879,3.0,2.0,8.8,1.0,7.0,1
PRJ-303220,26.44,340.0,29.5,4.0,0.2739,51.0,0.2767,3.0,1.0,-6.06,1.0,5.0,1
PRJ-303221,10.08,387.0,261.9,5.0,0.1752,54.0,0.2613,4.0,3.0,2.52,0.0,5.0,1
PRJ-303222,12.85,496.0,14.5,7.0,0.0866,45.0,0.3278,1.0,3.0,-17.43,1.0,1.0,0
PRJ-303223,18.67,487.0,49.1,4.0,0.1352,5.0,0.214,3.0,2.0,1.3,0.0,3.0,0
PRJ-303224,49.75,432.0,20.6,1.0,0.2057,13.0,0.3567,1.0,4.0,0.84,0.0,7.0,0
PRJ-303225,19.1,425.0,62.5,1.0,0.1342,6.0,0.3959,0.0,4.0,6.45,0.0,3.0,0
PRJ-303226,13.6,267.0,21.5,6.0,0.4255,39.0,0.372,2.0,3.0,-1.49,0.0,7.0,0
PRJ-303227,3.14,214.0,33.2,8.0,0.4439,19.0,0.0625,4.0,1.0,21.42,0.0,2.0,0
PRJ-303228,11.81,323.0,25.5,4.0,0.2117,3.0,0.3028,3.0,4.0,-20.38,0.0,2.0,1
PRJ-303229,8.3,394.0,38.8,1.0,0.2424,43.0,0.5611,2.0,1.0,-14.1,1.0,3.0,1
PRJ-303230,10.53,301.0,94.4,2.0,0.344,44.0,0.2966,0.0,2.0,-11.48,0.0,5.0,0
PRJ-303231,9.63,147.0,12.4,8.0,0.4921,34.0,0.3673,2.0,4.0,-0.48,0.0,1.0,0
PRJ-303232,18.55,52.0,23.5,6.0,0.275,10.0,0.567,3.0,2.0,-9.35,0.0,0.0,0
PRJ-303233,11.65,73.0,34.5,1.0,0.1655,54.0,0.2894,0.0,2.0,-14.06,0.0,3.0,0
PRJ-303234,7.01,255.0,40.2,3.0,0.1538,23.0,0.3635,2.0,4.0,-6.05,1.0,1.0,0
PRJ-303235,22.69,436.0,118.1,6.0,0.5572,37.0,0.3659,4.0,3.0,-17.67,0.0,4.0,1
PRJ-303236,5.41,436.0,24.5,6.0,0.1449,0.0,0.0903,0.0,4.0,4.36,0.0,0.0,0
PRJ-303237,13.2,444.0,91.5,3.0,0.1345,35.0,0.342,4.0,4.0,3.68,0.0,2.0,0
PRJ-303238,11.87,395.0,128.6,6.0,0.4711,53.0,0.5557,3.0,4.0,-15.23,0.0,2.0,1
PRJ-303239,16.32,56.0,42.3,8.0,0.2022,34.0,0.2766,4.0,1.0,10.45,0.0,0.0,0
PRJ-303240,25.91,482.0,19.3,8.0,0.3212,16.0,0.2658,3.0,1.0,-16.01,0.0,4.0,0
PRJ-303241,54.41,514.0,107.9,7.0,0.3275,24.0,0.6298,0.0,3.0,-6.47,0.0,7.0,0
PRJ-303242,13.59,465.0,86.0,3.0,0.0855,15.0,0.5288,3.0,2.0,2.71,1.0,8.0,0
PRJ-303243,8.21,265.0,17.5,1.0,0.1838,38.0,0.0349,0.0,3.0,0.78,0.0,7.0,0
PRJ-303244,7.69,151.0,142.4,4.0,0.1079,31.0,0.2069,0.0,4.0,-18.76,1.0,7.0,0
PRJ-303245,7.66,493.0,26.6,1.0,0.1212,58.0,0.4602,1.0,2.0,5.34,0.0,8.0,0
PRJ-303246,15.94,136.0,41.7,5.0,0.1338,1.0,0.5803,0.0,3.0,-0.57,1.0,3.0,0
PRJ-303247,2.66,435.0,76.1,5.0,0.0825,58.0,0.3768,1.0,1.0,22.73,0.0,1.0,0
PRJ-303248,5.18,522.0,130.9,3.0,0.5232,16.0,0.4982,0.0,3.0,7.14,1.0,8.0,1
PRJ-303249,15.95,490.0,59.8,2.0,0.2485,6.0,0.3779,1.0,1.0,17.65,0.0,1.0,0
PRJ-303250,23.4,302.0,38.3,5.0,0.3996,15.0,0.4297,4.0,1.0,-11.31,0.0,5.0,1
PRJ-303251,23.49,457.0,33.9,1.0,0.2264,27.0,0.1531,2.0,3.0,-18.93,0.0,2.0,1
PRJ-303252,14.01,456.0,38.3,3.0,0.4617,44.0,0.2644,3.0,1.0,15.91,1.0,5.0,1
PRJ-303253,21.55,527.0,197.4,8.0,0.0413,35.0,0.4101,4.0,1.0,4.18,1.0,0.0,0
PRJ-303254,26.18,223.0,66.1,8.0,0.0515,13.0,0.512,2.0,2.0,21.94,0.0,4.0,0
PRJ-303255,9.98,356.0,53.8,6.0,0.2404,42.0,0.4315,1.0,1.0,13.49,1.0,5.0,0
PRJ-303256,24.56,449.0,86.6,3.0,0.2297,2.0,0.2825,3.0,4.0,12.82,1.0,7.0,1
PRJ-303257,4.02,157.0,40.5,1.0,0.3607,18.0,0.3636,1.0,2.0,5.47,0.0,6.0,0
PRJ-303258,5.08,156.0,126.2,6.0,0.2216,57.0,0.7084,4.0,4.0,-10.28,0.0,4.0,0
PRJ-303259,10.39,237.0,70.2,4.0,0.247,58.0,0.172,1.0,3.0,-12.13,0.0,2.0,0
PRJ-303260,3.67,223.0,37.5,6.0,0.2341,18.0,0.2207,4.0,4.0,-24.32,0.0,7.0,0
PRJ-303261,18.74,417.0,31.4,2.0,0.2363,24.0,0.2203,2.0,4.0,-6.28,1.0,6.0,0
PRJ-303262,9.01,508.0,8.7,7.0,0.0554,21.0,0.5242,1.0,2.0,-0.12,0.0,3.0,1
PRJ-303263,11.95,122.0,94.2,7.0,0.3593,17.0,0.4987,3.0,3.0,-1.21,1.0,2.0,0
PRJ-303264,12.25,205.0,12.2,4.0,0.3844,11.0,0.2849,3.0,4.0,0.2,1.0,1.0,0
PRJ-303265,10.21,505.0,121.3,1.0,0.1435,46.0,0.3154,2.0,3.0,-25.54,0.0,6.0,0
PRJ-303266,7.63,339.0,22.9,4.0,0.272,39.0,0.3813,2.0,3.0,2.37,0.0,8.0,0
PRJ-303267,18.18,146.0,25.6,3.0,0.1167,35.0,0.2026,4.0,1.0,18.35,0.0,2.0,0
PRJ-303268,8.88,343.0,165.4,7.0,0.2032,46.0,0.2291,3.0,3.0,-9.55,0.0,1.0,0
PRJ-303269,12.14,478.0,89.2,2.0,0.3047,54.0,0.1101,0.0,1.0,-17.21,0.0,3.0,0
PRJ-303270,16.43,230.0,52.8,1.0,0.3576,51.0,0.5843,3.0,2.0,-18.89,0.0,7.0,0
PRJ-303271,26.05,284.0,155.0,8.0,0.5407,6.0,0.4189,3.0,2.0,-7.59,0.0,7.0,0
PRJ-303272,24.79,348.0,45.4,2.0,0.2719,46.0,0.4651,2.0,3.0,-4.52,0.0,8.0,1
PRJ-303273,9.42,461.0,32.8,1.0,0.1621,3.0,0.2504,3.0,3.0,2.24,1.0,6.0,0
PRJ-303274,7.36,324.0,56.6,7.0,0.2159,42.0,0.5781,1.0,4.0,9.21,1.0,5.0,0
PRJ-303275,29.35,519.0,98.8,6.0,0.2501,56.0,0.2626,4.0,3.0,-11.63,0.0,1.0,1
PRJ-303276,8.85,418.0,15.4,3.0,0.1798,55.0,0.5314,2.0,4.0,-6.26,0.0,7.0,0
PRJ-303277,17.72,253.0,25.1,4.0,0.224,26.0,0.3308,1.0,2.0,-19.73,0.0,3.0,0
PRJ-303278,3.53,286.0,19.7,6.0,0.05,58.0,0.4221,2.0,3.0,6.78,1.0,2.0,0
PRJ-303279,2.62,389.0,16.7,7.0,0.0759,12.0,0.1224,1.0,3.0,-4.76,1.0,2.0,0
PRJ-303280,13.58,79.0,41.7,3.0,0.2011,55.0,0.2089,0.0,4.0,-2.96,1.0,4.0,0
PRJ-303281,11.08,157.0,16.4,2.0,0.1295,44.0,0.0834,2.0,3.0,15.55,0.0,3.0,0
PRJ-303282,20.65,162.0,7.4,1.0,0.4133,47.0,0.4339,1.0,3.0,1.13,0.0,8.0,0
PRJ-303283,7.69,441.0,24.9,7.0,0.2468,59.0,0.119,2.0,3.0,20.18,0.0,2.0,0
PRJ-303284,15.64,452.0,23.5,7.0,0.3181,45.0,0.5772,0.0,4.0,8.82,0.0,3.0,0
PRJ-303285,19.96,450.0,67.3,8.0,0.1731,59.0,0.2801,1.0,4.0,-5.29,0.0,0.0,1
PRJ-303286,7.9,97.0,92.8,6.0,0.2477,26.0,0.0571,1.0,2.0,-13.54,0.0,1.0,1
PRJ-303287,10.38,191.0,28.4,2.0,0.3629,57.0,0.2466,2.0,1.0,-2.06,1.0,8.0,0
PRJ-303288,5.8,199.0,25.3,2.0,0.3103,48.0,0.8111,0.0,1.0,12.1,0.0,8.0,0
PRJ-303289,21.11,56.0,159.3,2.0,0.0051,9.0,0.3223,0.0,3.0,-16.82,1.0,8.0,1
PRJ-303290,18.33,172.0,90.5,4.0,0.0814,22.0,0.1109,2.0,2.0,-7.4,1.0,0.0,0
PRJ-303291,19.2,258.0,61.9,8.0,0.4002,51.0,0.598,1.0,1.0,-10.11,0.0,3.0,0
PRJ-303292,11.05,483.0,36.6,6.0,0.4409,37.0,0.4506,0.0,3.0,-5.2,0.0,8.0,0
PRJ-303293,18.13,129.0,89.0,4.0,0.1587,7.0,0.323,4.0,1.0,4.65,0.0,4.0,1
PRJ-303294,11.71,470.0,18.2,6.0,0.4089,35.0,0.6048,4.0,2.0,2.27,1.0,3.0,1
PRJ-303295,32.45,450.0,91.9,7.0,0.1506,21.0,0.1657,0.0,1.0,2.03,0.0,5.0,0
PRJ-303296,12.88,123.0,69.7,4.0,0.1484,6.0,0.6225,1.0,1.0,-16.82,0.0,6.0,0
PRJ-303297,23.91,174.0,79.6,7.0,0.0293,10.0,0.2095,0.0,2.0,8.43,0.0,1.0,0
PRJ-303298,11.09,271.0,53.2,1.0,0.5203,12.0,0.2283,4.0,4.0,11.89,0.0,6.0,1
PRJ-303299,28.32,512.0,13.4,3.0,0.1402,21.0,0.1963,0.0,1.0,-2.94,1.0,7.0,0
PRJ-303300,7.34,433.0,18.6,2.0,0.0861,53.0,0.3853,4.0,1.0,-10.81,0.0,4.0,0
PRJ-303301,16.92,526.0,72.5,2.0,0.1168,14.0,0.4606,3.0,4.0,9.73,0.0,2.0,1
PRJ-303302,8.37,199.0,67.2,2.0,0.0842,10.0,0.2096,0.0,4.0,16.0,0.0,7.0,1
PRJ-303303,15.21,494.0,31.1,3.0,0.1363,53.0,0.6726,3.0,3.0,4.5,0.0,2.0,0
PRJ-303304,8.88,518.0,30.5,6.0,0.3873,29.0,0.5539,3.0,4.0,-8.75,0.0,5.0,0
PRJ-303305,12.85,341.0,109.6,5.0,0.2323,59.0,0.4997,1.0,3.0,-12.76,0.0,1.0,1
PRJ-303306,9.76,121.0,48.1,4.0,0.1628,18.0,0.3755,0.0,2.0,6.78,0.0,8.0,0
PRJ-303307,19.52,177.0,23.7,4.0,0.3331,10.0,0.7487,2.0,3.0,-18.79,0.0,1.0,0
PRJ-303308,17.37,108.0,121.9,2.0,0.2841,51.0,0.2593,0.0,4.0,-16.77,1.0,7.0,0
PRJ-303309,8.17,444.0,114.3,6.0,0.3472,7.0,0.379,0.0,4.0,2.52,0.0,5.0,0
PRJ-303310,8.01,199.0,48.0,7.0,0.5083,44.0,0.3124,3.0,2.0,18.83,0.0,3.0,0
PRJ-303311,6.91,392.0,55.9,5.0,0.0904,9.0,0.4747,3.0,1.0,13.79,0.0,8.0,1
PRJ-303312,6.0,177.0,90.7,7.0,0.0703,51.0,0.4733,4.0,3.0,4.56,1.0,2.0,0
PRJ-303313,20.35,528.0,76.3,7.0,0.1294,33.0,0.3348,0.0,1.0,-25.07,0.0,0.0,0
PRJ-303314,6.64,427.0,12.9,7.0,0.1387,8.0,0.5756,0.0,3.0,-29.48,0.0,6.0,0
PRJ-303315,16.04,231.0,124.6,1.0,0.3458,52.0,0.3846,3.0,3.0,-2.09,0.0,1.0,1
PRJ-303316,9.21,280.0,10.4,1.0,0.2741,16.0,0.3227,3.0,3.0,21.18,0.0,0.0,1
PRJ-303317,23.48,74.0,66.7,4.0,0.2737,44.0,0.4298,1.0,4.0,-10.71,1.0,3.0,0
PRJ-303318,37.3,112.0,15.9,1.0,0.0726,11.0,0.3679,2.0,4.0,10.35,0.0,7.0,1
PRJ-303319,1.44,539.0,76.2,1.0,0.0521,25.0,0.4669,2.0,1.0,3.71,0.0,5.0,1
PRJ-303320,7.28,448.0,26.2,2.0,0.2938,15.0,0.2305,3.0,3.0,-6.89,0.0,8.0,0
PRJ-303321,9.11,459.0,27.8,1.0,0.2243,57.0,0.3658,4.0,3.0,-4.93,0.0,3.0,0
PRJ-303322,11.3,363.0,87.1,3.0,0.1113,6.0,0.8242,3.0,2.0,-20.21,0.0,1.0,1
PRJ-303323,10.85,154.0,15.9,3.0,0.213,32.0,0.1098,2.0,2.0,5.28,0.0,0.0,0
PRJ-303324,5.03,97.0,31.0,7.0,0.1098,16.0,0.4616,2.0,4.0,-7.86,0.0,0.0,0
PRJ-303325,37.76,404.0,16.5,8.0,0.0401,47.0,0.1807,1.0,4.0,10.18,1.0,7.0,0
PRJ-303326,11.11,209.0,52.8,2.0,0.122,33.0,0.2801,4.0,3.0,-2.71,1.0,2.0,1
PRJ-303327,17.32,45.0,16.2,4.0,0.2042,29.0,0.3095,1.0,3.0,-3.56,0.0,5.0,0
PRJ-303328,17.66,56.0,62.6,5.0,0.2124,48.0,0.2922,2.0,2.0,-25.37,0.0,5.0,0
PRJ-303329,4.25,321.0,113.2,3.0,0.2917,39.0,0.413,2.0,4.0,3.46,0.0,8.0,1
PRJ-303330,10.14,460.0,5.4,3.0,0.119,39.0,0.5178,4.0,3.0,6.13,0.0,4.0,0
PRJ-303331,20.35,224.0,26.3,6.0,0.2607,22.0,0.5396,0.0,2.0,15.11,0.0,5.0,0
PRJ-303332,29.44,539.0,18.0,4.0,0.2152,13.0,0.5216,0.0,4.0,-10.14,1.0,1.0,1
PRJ-303333,10.29,233.0,13.1,6.0,0.3482,3.0,0.3933,1.0,1.0,3.18,0.0,3.0,0
PRJ-303334,4.83,407.0,61.4,1.0,0.3983,33.0,0.2056,0.0,1.0,4.8,0.0,1.0,0
PRJ-303335,8.59,166.0,56.1,4.0,0.0544,36.0,0.3432,2.0,3.0,-15.32,0.0,4.0,0
PRJ-303336,9.99,345.0,124.1,3.0,0.2698,14.0,0.2336,4.0,3.0,-7.51,0.0,2.0,1
PRJ-303337,9.74,181.0,80.6,3.0,0.3295,17.0,0.3828,1.0,4.0,-14.24,0.0,5.0,0
PRJ-303338,6.92,430.0,50.0,4.0,0.2199,3.0,0.5105,0.0,1.0,-13.24,0.0,8.0,0
PRJ-303339,4.47,270.0,59.3,3.0,0.3061,33.0,0.1305,3.0,2.0,-4.75,1.0,0.0,0
PRJ-303340,5.76,65.0,31.0,7.0,0.4573,56.0,0.4771,4.0,3.0,-8.31,1.0,8.0,0
PRJ-303341,8.64,167.0,60.8,2.0,0.231,39.0,0.1727,1.0,1.0,-0.21,0.0,2.0,0
PRJ-303342,20.14,219.0,10.5,8.0,0.1758,4.0,0.5263,0.0,4.0,7.52,0.0,1.0,1
PRJ-303343,25.07,275.0,42.9,3.0,0.2243,27.0,0.2838,3.0,1.0,7.11,0.0,7.0,0
PRJ-303344,13.78,178.0,68.2,5.0,0.3111,55.0,0.2796,4.0,3.0,9.44,0.0,1.0,1
PRJ-303345,5.88,330.0,41.1,2.0,0.2428,9.0,0.5793,0.0,3.0,-3.19,0.0,8.0,1
PRJ-303346,8.98,521.0,27.2,8.0,0.2241,15.0,0.6042,2.0,4.0,-6.18,0.0,5.0,0
PRJ-303347,2.7,397.0,51.8,6.0,0.1492,48.0,0.1034,2.0,1.0,-14.77,0.0,4.0,0
PRJ-303348,29.79,199.0,23.7,7.0,0.2117,40.0,0.5519,1.0,4.0,8.4,0.0,0.0,0
PRJ-303349,8.06,380.0,39.1,8.0,0.0631,10.0,0.1468,3.0,1.0,11.72,0.0,5.0,0
PRJ-303350,16.41,523.0,86.2,8.0,0.1968,0.0,0.384,1.0,2.0,15.04,1.0,5.0,1
PRJ-303351,23.99,164.0,90.1,3.0,0.2516,7.0,0.4825,1.0,3.0,3.77,0.0,6.0,0
PRJ-303352,34.92,160.0,57.0,3.0,0.323,33.0,0.593,1.0,2.0,-5.6,0.0,8.0,0
PRJ-303353,21.54,64.0,19.6,2.0,0.3557,19.0,0.501,3.0,3.0,-13.04,0.0,8.0,1
PRJ-303354,9.7,461.0,36.1,5.0,0.2176,10.0,0.5154,0.0,1.0,-16.09,0.0,6.0,0
PRJ-303355,17.83,457.0,52.5,8.0,0.0121,3.0,0.1189,1.0,3.0,-23.54,1.0,0.0,0
PRJ-303356,34.13,249.0,26.0,6.0,0.1378,5.0,0.4752,3.0,4.0,12.34,0.0,6.0,0
PRJ-303357,8.0,476.0,147.4,5.0,0.4211,21.0,0.2327,3.0,4.0,4.59,0.0,6.0,0
PRJ-303358,4.31,367.0,26.6,4.0,0.0812,13.0,0.5717,3.0,4.0,28.03,1.0,8.0,0
PRJ-303359,6.96,529.0,49.8,6.0,0.3262,45.0,0.4111,4.0,2.0,-1.45,0.0,4.0,0
PRJ-303360,17.08,501.0,94.1,4.0,0.2771,45.0,0.3627,0.0,1.0,0.69,1.0,3.0,1
PRJ-303361,9.87,520.0,131.7,8.0,0.0397,47.0,0.2057,0.0,3.0,4.34,0.0,1.0,0
PRJ-303362,12.07,239.0,19.2,5.0,0.027,42.0,0.4045,0.0,1.0,7.18,0.0,4.0,0
PRJ-303363,18.93,358.0,10.9,6.0,0.4693,27.0,0.0554,1.0,4.0,-8.1,0.0,8.0,0
PRJ-303364,6.85,127.0,56.5,6.0,0.1142,11.0,0.4771,1.0,3.0,-0.5,0.0,1.0,0
PRJ-303365,11.68,487.0,159.3,6.0,0.122,11.0,0.4532,4.0,2.0,9.25,0.0,6.0,1
PRJ-303366,8.88,202.0,12.8,4.0,0.1334,37.0,0.3285,4.0,2.0,19.08,0.0,4.0,0
PRJ-303367,33.29,266.0,37.2,4.0,0.2436,58.0,0.2085,0.0,1.0,-10.98,0.0,3.0,0
PRJ-303368,21.12,339.0,60.2,4.0,0.2056,44.0,0.1395,0.0,4.0,2.34,0.0,3.0,0
PRJ-303369,9.91,434.0,51.6,8.0,0.2252,49.0,0.1494,0.0,2.0,1.1,0.0,0.0,0
PRJ-303370,9.54,407.0,67.3,1.0,0.2368,50.0,0.2106,4.0,4.0,-3.32,0.0,2.0,0
PRJ-303371,35.63,517.0,119.1,6.0,0.5498,0.0,0.4649,0.0,3.0,12.14,0.0,4.0,1
PRJ-303372,33.85,397.0,95.4,8.0,0.1626,54.0,0.5395,2.0,1.0,27.36,0.0,5.0,0
PRJ-303373,17.01,439.0,36.5,1.0,0.2022,36.0,0.4778,1.0,4.0,4.4,0.0,7.0,0
PRJ-303374,12.45,328.0,12.6,5.0,0.4216,52.0,0.5019,4.0,1.0,-9.37,0.0,8.0,0
PRJ-303375,5.1,250.0,100.5,5.0,0.3281,56.0,0.4039,2.0,2.0,-17.11,0.0,7.0,0
PRJ-303376,7.0,497.0,37.1,3.0,0.2239,7.0,0.4877,3.0,1.0,-0.88,0.0,2.0,0
PRJ-303377,4.82,231.0,51.0,1.0,0.14,55.0,0.4883,1.0,3.0,11.32,0.0,8.0,1
PRJ-303378,24.59,352.0,88.7,6.0,0.3368,32.0,0.5752,3.0,4.0,-2.49,0.0,3.0,1
PRJ-303379,5.15,189.0,98.3,5.0,0.4223,23.0,0.3129,4.0,3.0,3.11,0.0,1.0,0
PRJ-303380,9.46,283.0,85.1,7.0,0.5245,58.0,0.1726,4.0,3.0,23.45,0.0,0.0,1
PRJ-303381,3.08,226.0,141.9,1.0,0.0752,36.0,0.266,2.0,2.0,7.78,0.0,7.0,0
PRJ-303382,4.01,172.0,46.8,8.0,0.0736,38.0,0.6973,0.0,4.0,0.68,0.0,5.0,0
PRJ-303383,19.48,451.0,28.0,6.0,0.228,36.0,0.388,3.0,4.0,-16.14,0.0,7.0,1
PRJ-303384,15.38,424.0,21.4,4.0,0.2935,37.0,0.2288,2.0,1.0,9.66,0.0,1.0,0
PRJ-303385,12.74,392.0,29.4,4.0,0.5584,43.0,0.5405,1.0,1.0,6.7,0.0,6.0,0
PRJ-303386,9.58,86.0,30.4,8.0,0.4807,21.0,0.4997,0.0,3.0,9.91,1.0,4.0,0
PRJ-303387,3.64,168.0,57.2,5.0,0.2515,56.0,0.7172,3.0,4.0,-15.03,0.0,3.0,0
PRJ-303388,8.73,152.0,72.4,5.0,0.217,40.0,0.5793,3.0,2.0,-0.38,0.0,5.0,0
PRJ-303389,11.22,397.0,18.6,6.0,0.1387,27.0,0.667,1.0,3.0,6.96,0.0,4.0,0
PRJ-303390,18.65,486.0,88.9,3.0,0.4973,31.0,0.2241,2.0,3.0,-17.61,0.0,6.0,1
PRJ-303391,23.75,232.0,94.9,3.0,0.2616,3.0,0.6433,4.0,4.0,1.59,0.0,6.0,1
PRJ-303392,19.86,208.0,73.7,7.0,0.1703,5.0,0.5431,3.0,2.0,13.03,0.0,0.0,0
PRJ-303393,15.32,321.0,33.1,3.0,0.2274,43.0,0.3671,4.0,2.0,-7.7,0.0,0.0,0
PRJ-303394,12.61,533.0,116.2,1.0,0.139,22.0,0.4282,3.0,3.0,12.71,1.0,4.0,1
PRJ-303395,14.35,228.0,46.2,4.0,0.1268,56.0,0.3176,0.0,1.0,0.33,1.0,5.0,0
PRJ-303396,8.33,182.0,25.1,1.0,0.3117,25.0,0.1524,3.0,4.0,1.16,1.0,8.0,1
PRJ-303397,13.33,303.0,18.5,5.0,0.3152,52.0,0.474,2.0,2.0,11.81,0.0,6.0,1
PRJ-303398,11.18,498.0,53.7,6.0,0.1847,43.0,0.6774,0.0,2.0,-8.19,0.0,5.0,1
PRJ-303399,44.53,406.0,33.6,8.0,0.3314,1.0,0.1399,2.0,1.0,-15.51,0.0,4.0,1
PRJ-303400,14.59,301.0,14.0,5.0,0.088,20.0,0.3226,0.0,3.0,-3.19,0.0,1.0,0
PRJ-303401,2.55,406.0,10.2,3.0,0.1838,52.0,0.3775,2.0,4.0,3.94,0.0,8.0,0
PRJ-303402,9.24,52.0,59.9,6.0,0.1906,47.0,0.2816,1.0,3.0,4.2,0.0,1.0,0
PRJ-303403,10.37,417.0,12.0,5.0,0.1523,8.0,0.7352,4.0,3.0,3.79,1.0,7.0,0
PRJ-303404,21.57,93.0,3.5,6.0,0.1207,13.0,0.7847,4.0,4.0,-8.93,0.0,4.0,0
PRJ-303405,15.81,238.0,95.9,8.0,0.2442,58.0,0.3305,4.0,3.0,5.7,0.0,8.0,0
PRJ-303406,15.3,218.0,20.7,1.0,0.2793,28.0,0.2977,3.0,2.0,-1.26,1.0,1.0,0
PRJ-303407,27.79,386.0,67.0,6.0,0.2718,44.0,0.474,2.0,3.0,18.32,0.0,7.0,0
PRJ-303408,33.95,163.0,52.9,7.0,0.3979,29.0,0.3863,3.0,2.0,10.67,1.0,2.0,1
PRJ-303409,19.46,163.0,27.5,3.0,0.118,7.0,0.367,3.0,1.0,6.23,0.0,6.0,1
PRJ-303410,9.72,482.0,125.1,4.0,0.3961,33.0,0.401,2.0,3.0,-2.18,0.0,3.0,1
PRJ-303411,9.92,281.0,74.9,4.0,0.2989,6.0,0.1872,1.0,2.0,-4.27,1.0,8.0,0
PRJ-303412,25.62,412.0,44.0,3.0,0.1011,55.0,0.4305,4.0,1.0,-2.72,1.0,7.0,1
PRJ-303413,9.9,333.0,22.5,8.0,0.3643,16.0,0.7233,0.0,2.0,3.3,0.0,2.0,1
PRJ-303414,12.06,351.0,70.7,3.0,0.4447,50.0,0.1776,1.0,3.0,11.74,0.0,3.0,0
PRJ-303415,9.1,384.0,78.7,4.0,0.1617,13.0,0.3606,0.0,4.0,-17.6,1.0,8.0,0
PRJ-303416,5.81,375.0,49.3,5.0,0.3617,4.0,0.4497,1.0,4.0,-6.01,1.0,1.0,0
PRJ-303417,42.42,496.0,44.9,3.0,0.3794,0.0,0.2838,0.0,2.0,14.96,0.0,2.0,1
PRJ-303418,12.11,433.0,74.7,6.0,0.3738,6.0,0.2871,1.0,4.0,-6.84,0.0,8.0,0
PRJ-303419,30.26,195.0,43.2,5.0,0.4468,53.0,0.5006,3.0,2.0,-10.15,0.0,1.0,1
PRJ-303420,9.99,128.0,24.7,2.0,0.3987,5.0,0.3322,1.0,1.0,12.82,1.0,3.0,0
PRJ-303421,8.05,463.0,12.9,2.0,0.3091,7.0,0.2562,1.0,4.0,6.02,1.0,7.0,0
PRJ-303422,18.43,229.0,43.5,1.0,0.5686,13.0,0.315,1.0,2.0,2.65,0.0,1.0,0
PRJ-303423,23.68,199.0,12.5,5.0,0.5498,59.0,0.8056,3.0,4.0,7.32,0.0,7.0,1
PRJ-303424,24.64,99.0,79.4,7.0,0.4728,48.0,0.2779,0.0,4.0,-3.41,0.0,8.0,0
PRJ-303425,11.12,318.0,43.5,8.0,0.2956,15.0,0.4597,0.0,3.0,0.41,0.0,2.0,0
PRJ-303426,19.65,298.0,88.1,6.0,0.5379,25.0,0.2872,4.0,2.0,1.12,0.0,7.0,0
PRJ-303427,8.67,454.0,55.9,8.0,0.0742,34.0,0.5675,4.0,1.0,-3.91,0.0,3.0,0
PRJ-303428,13.22,415.0,67.2,8.0,0.1149,16.0,0.2614,4.0,4.0,-3.98,0.0,4.0,0
PRJ-303429,10.41,402.0,26.7,5.0,0.1761,41.0,0.3627,3.0,1.0,-10.54,0.0,1.0,0
PRJ-303430,9.38,311.0,41.2,4.0,0.0836,16.0,0.3852,4.0,4.0,-6.01,0.0,5.0,0
PRJ-303431,13.58,472.0,55.4,8.0,0.1795,18.0,0.2306,1.0,1.0,-5.27,0.0,1.0,0
PRJ-303432,5.7,531.0,50.7,6.0,0.3146,55.0,0.6099,1.0,1.0,-22.42,0.0,6.0,0
PRJ-303433,22.49,448.0,49.1,7.0,0.0132,27.0,0.5349,4.0,4.0,7.22,1.0,3.0,1
PRJ-303434,9.4,217.0,18.3,2.0,0.2107,55.0,0.1713,4.0,1.0,3.2,0.0,7.0,0
PRJ-303435,21.83,181.0,7.6,8.0,0.6009,46.0,0.5297,3.0,4.0,17.8,0.0,1.0,0
PRJ-303436,6.58,45.0,17.1,4.0,0.1934,18.0,0.559,4.0,1.0,-15.82,0.0,3.0,0
PRJ-303437,9.38,536.0,2.3,7.0,0.272,3.0,0.2372,4.0,3.0,-12.17,1.0,1.0,1
PRJ-303438,5.68,407.0,9.0,4.0,0.5688,8.0,0.5827,1.0,2.0,11.22,0.0,0.0,1
PRJ-303439,5.53,508.0,58.3,8.0,0.2637,21.0,0.2285,3.0,4.0,-14.52,0.0,3.0,1
PRJ-303440,7.2,434.0,37.2,6.0,0.0986,45.0,0.2617,1.0,2.0,-0.57,1.0,8.0,0
PRJ-303441,6.65,257.0,23.4,2.0,0.536,47.0,0.1435,0.0,2.0,-2.95,0.0,7.0,1
PRJ-303442,5.72,116.0,36.6,2.0,0.2754,24.0,0.4612,1.0,3.0,18.37,0.0,6.0,0
PRJ-303443,12.64,68.0,5.9,2.0,0.0806,19.0,0.3886,2.0,1.0,-0.64,0.0,7.0,0
PRJ-303444,18.2,437.0,42.6,3.0,0.2322,43.0,0.4286,0.0,2.0,-0.69,0.0,1.0,0
PRJ-303445,18.81,195.0,13.9,1.0,0.0668,3.0,0.348,2.0,3.0,2.62,0.0,2.0,0
PRJ-303446,3.45,232.0,105.1,5.0,0.0386,24.0,0.3924,1.0,4.0,-10.36,0.0,2.0,0
PRJ-303447,10.37,458.0,69.5,6.0,0.2762,11.0,0.6185,4.0,4.0,-6.13,1.0,8.0,1
PRJ-303448,9.69,283.0,65.3,6.0,0.1199,40.0,0.4322,4.0,4.0,-13.22,0.0,8.0,0
PRJ-303449,28.1,515.0,50.1,8.0,0.5099,40.0,0.341,0.0,4.0,7.77,1.0,0.0,0
PRJ-303450,10.64,315.0,73.8,7.0,0.2572,51.0,0.3809,4.0,3.0,8.27,0.0,5.0,0
PRJ-303451,11.95,456.0,42.8,8.0,0.1669,58.0,0.5651,1.0,1.0,-10.16,0.0,2.0,0
PRJ-303452,4.38,107.0,22.8,5.0,0.4383,12.0,0.4459,2.0,1.0,-3.11,0.0,2.0,0
PRJ-303453,7.07,241.0,66.1,7.0,0.0865,13.0,0.2363,0.0,4.0,1.89,0.0,5.0,0
PRJ-303454,4.19,135.0,91.4,7.0,0.1888,24.0,0.6464,2.0,1.0,-16.64,0.0,1.0,1
PRJ-303455,13.17,72.0,19.3,7.0,0.3566,31.0,0.4256,2.0,2.0,6.39,0.0,8.0,0
PRJ-303456,28.65,535.0,10.3,4.0,0.3221,43.0,0.2342,2.0,1.0,-12.86,0.0,2.0,0
PRJ-303457,7.24,301.0,150.7,5.0,0.4968,14.0,0.6159,0.0,2.0,-20.32,0.0,7.0,1
PRJ-303458,10.69,220.0,114.2,8.0,0.4606,33.0,0.3167,2.0,2.0,0.7,1.0,0.0,0
PRJ-303459,6.68,231.0,46.4,4.0,0.0993,55.0,0.3623,3.0,2.0,7.25,0.0,6.0,0
PRJ-303460,8.2,164.0,4.3,5.0,0.1428,4.0,0.0886,0.0,4.0,10.77,0.0,0.0,1
PRJ-303461,13.35,105.0,55.6,6.0,0.178,54.0,0.235,0.0,1.0,5.53,0.0,3.0,0
PRJ-303462,37.09,497.0,204.6,2.0,0.8449,10.0,0.3402,1.0,4.0,-8.19,1.0,1.0,1
PRJ-303463,27.79,97.0,73.4,1.0,0.1452,23.0,0.4735,0.0,2.0,22.17,0.0,8.0,1
PRJ-303464,32.88,235.0,69.1,6.0,0.0659,9.0,0.3614,3.0,2.0,0.76,0.0,2.0,1
PRJ-303465,21.95,120.0,43.8,7.0,0.4317,2.0,0.3815,0.0,3.0,-11.13,0.0,0.0,0
PRJ-303466,10.6,505.0,64.6,5.0,0.3378,16.0,0.3131,1.0,4.0,11.6,1.0,6.0,0
PRJ-303467,9.65,146.0,73.1,6.0,0.1149,36.0,0.5097,2.0,4.0,3.48,0.0,0.0,0
PRJ-303468,7.27,240.0,52.2,1.0,0.0459,22.0,0.4729,0.0,1.0,24.38,0.0,6.0,0
PRJ-303469,1.86,418.0,39.0,2.0,0.1726,37.0,0.0966,1.0,4.0,18.57,1.0,6.0,0
PRJ-303470,10.49,327.0,52.8,6.0,0.2295,44.0,0.6364,0.0,3.0,-4.76,0.0,6.0,0
PRJ-303471,28.9,233.0,51.0,6.0,0.7055,37.0,0.6159,0.0,1.0,-14.65,0.0,1.0,0
PRJ-303472,28.7,324.0,5.4,2.0,0.1787,40.0,0.307,2.0,1.0,-5.99,0.0,6.0,1
PRJ-303473,45.59,261.0,179.3,5.0,0.1205,17.0,0.299,1.0,1.0,-27.78,1.0,8.0,1
PRJ-303474,14.0,188.0,69.1,1.0,0.2274,48.0,0.3628,1.0,1.0,0.42,0.0,1.0,1
PRJ-303475,5.09,341.0,102.3,7.0,0.2066,1.0,0.3893,3.0,1.0,11.79,0.0,4.0,0
PRJ-303476,17.45,225.0,57.0,1.0,0.3922,50.0,0.3973,4.0,4.0,0.29,1.0,2.0,0
PRJ-303477,37.34,520.0,30.0,7.0,0.3098,1.0,0.4679,0.0,2.0,5.75,0.0,1.0,1
PRJ-303478,31.26,274.0,87.7,2.0,0.2052,37.0,0.344,3.0,2.0,9.27,1.0,0.0,1
PRJ-303479,8.92,419.0,9.7,3.0,0.1438,46.0,0.1749,1.0,3.0,17.93,0.0,8.0,0
PRJ-303480,5.44,161.0,71.1,8.0,0.3462,54.0,0.1673,0.0,1.0,1.99,1.0,7.0,0
PRJ-303481,5.33,364.0,87.0,7.0,0.0998,31.0,0.1891,1.0,2.0,-2.61,0.0,2.0,1
PRJ-303482,7.6,321.0,43.2,3.0,0.083,48.0,0.3634,0.0,2.0,-6.85,0.0,2.0,0
PRJ-303483,8.41,413.0,66.3,2.0,0.0459,16.0,0.2001,1.0,1.0,19.23,0.0,2.0,0
PRJ-303484,10.08,273.0,5.6,1.0,0.338,17.0,0.429,4.0,4.0,-7.1,0.0,2.0,0
PRJ-303485,18.93,401.0,68.4,4.0,0.3487,54.0,0.4035,1.0,1.0,22.22,0.0,1.0,0
PRJ-303486,9.85,74.0,34.9,5.0,0.27,32.0,0.3145,1.0,4.0,-3.96,1.0,4.0,0
PRJ-303487,12.84,386.0,66.5,4.0,0.2955,53.0,0.7008,1.0,3.0,-10.03,0.0,8.0,1
PRJ-303488,3.99,417.0,44.7,8.0,0.148,30.0,0.2343,3.0,2.0,5.13,1.0,6.0,0
PRJ-303489,7.28,290.0,44.3,7.0,0.1992,48.0,0.3128,3.0,4.0,2.95,0.0,6.0,0
PRJ-303490,7.05,61.0,68.0,3.0,0.0598,10.0,0.5827,2.0,3.0,-19.9,0.0,7.0,0
PRJ-303491,3.52,325.0,36.3,8.0,0.58,37.0,0.2487,3.0,4.0,8.38,0.0,7.0,1
PRJ-303492,9.68,431.0,43.0,4.0,0.2009,12.0,0.3524,1.0,4.0,-22.1,0.0,1.0,1
PRJ-303493,4.01,273.0,155.1,1.0,0.7128,36.0,0.1696,1.0,1.0,21.77,0.0,3.0,1
PRJ-303494,9.22,91.0,106.9,7.0,0.2502,19.0,0.1246,1.0,3.0,-17.04,1.0,2.0,0
PRJ-303495,13.49,240.0,39.0,6.0,0.1975,31.0,0.6659,3.0,2.0,3.54,0.0,5.0,0
PRJ-303496,29.21,537.0,45.4,3.0,0.1542,54.0,0.5574,0.0,1.0,6.51,0.0,8.0,0
PRJ-303497,6.8,179.0,28.3,8.0,0.0519,10.0,0.3637,1.0,4.0,11.56,0.0,6.0,0
PRJ-303498,13.25,307.0,35.0,8.0,0.0169,43.0,0.2822,2.0,2.0,-17.23,0.0,1.0,0
PRJ-303499,7.96,220.0,36.3,8.0,0.2159,43.0,0.701,2.0,4.0,6.27,0.0,8.0,0
PRJ-303500,3.85,397.0,50.3,8.0,0.2683,18.0,0.4958,3.0,3.0,-12.84,0.0,5.0,0
PRJ-303501,29.42,257.0,6.5,3.0,0.3104,31.0,0.6855,3.0,4.0,3.01,0.0,4.0,1
PRJ-303502,13.89,235.0,34.2,5.0,0.2756,54.0,0.1286,0.0,3.0,-23.24,1.0,1.0,0
PRJ-303503,16.89,331.0,29.8,2.0,0.4818,32.0,0.3341,2.0,4.0,6.29,0.0,2.0,0
PRJ-303504,32.39,328.0,116.6,6.0,0.2023,8.0,0.0766,3.0,1.0,15.69,0.0,7.0,1
PRJ-303505,9.19,292.0,45.0,4.0,0.2213,41.0,0.2356,1.0,3.0,-3.41,0.0,1.0,0
PRJ-303506,4.91,172.0,55.4,8.0,0.2544,6.0,0.6729,0.0,3.0,1.11,0.0,1.0,0
PRJ-303507,6.73,98.0,33.4,8.0,0.3662,22.0,0.2834,1.0,4.0,7.42,0.0,2.0,0
PRJ-303508,4.59,386.0,45.2,3.0,0.5351,50.0,0.624,0.0,4.0,4.08,0.0,7.0,1
PRJ-303509,24.52,213.0,35.0,3.0,0.0609,42.0,0.2196,3.0,4.0,-19.19,0.0,0.0,0
PRJ-303510,38.23,348.0,50.8,1.0,0.0843,40.0,0.124,2.0,3.0,-14.65,1.0,1.0,0
PRJ-303511,13.4,231.0,66.2,5.0,0.0629,14.0,0.3725,1.0,3.0,-4.85,0.0,1.0,0
PRJ-303512,19.27,467.0,14.5,4.0,0.3242,1.0,0.5366,3.0,4.0,1.37,0.0,1.0,0
PRJ-303513,22.53,394.0,72.9,8.0,0.1344,51.0,0.401,2.0,1.0,-5.69,1.0,4.0,0
PRJ-303514,33.72,244.0,21.1,7.0,0.2674,14.0,0.3109,3.0,2.0,1.16,0.0,8.0,1
PRJ-303515,37.26,209.0,158.7,4.0,0.118,59.0,0.3027,2.0,1.0,12.11,0.0,0.0,0
PRJ-303516,2.96,415.0,50.1,5.0,0.4892,19.0,0.423,3.0,3.0,-4.34,0.0,8.0,0
PRJ-303517,8.12,48.0,54.9,6.0,0.3857,35.0,0.2751,3.0,3.0,-13.24,0.0,0.0,0
PRJ-303518,12.42,73.0,56.5,8.0,0.2873,42.0,0.6465,1.0,1.0,5.98,1.0,2.0,0
PRJ-303519,7.45,86.0,47.7,8.0,0.3373,22.0,0.5343,4.0,3.0,14.71,1.0,0.0,0
PRJ-303520,10.25,216.0,26.1,4.0,0.1739,47.0,0.5812,3.0,4.0,3.44,0.0,8.0,1
PRJ-303521,16.19,291.0,55.0,3.0,0.4307,17.0,0.4778,4.0,2.0,-5.6,0.0,4.0,0
PRJ-303522,15.91,189.0,52.7,6.0,0.3261,26.0,0.4121,0.0,4.0,-2.1,0.0,6.0,0
PRJ-303523,22.07,138.0,23.5,3.0,0.476,53.0,0.2073,0.0,1.0,-5.77,1.0,0.0,1
PRJ-303524,12.6,199.0,14.7,2.0,0.0674,18.0,0.4135,2.0,1.0,3.47,0.0,5.0,0
PRJ-303525,1.98,289.0,87.4,3.0,0.1786,19.0,0.4292,2.0,1.0,-25.3,0.0,4.0,0
PRJ-303526,9.68,192.0,34.2,3.0,0.1434,5.0,0.1624,4.0,4.0,1.15,1.0,3.0,0
PRJ-303527,15.19,329.0,40.8,5.0,0.1379,48.0,0.2356,1.0,4.0,-2.1,0.0,5.0,0
PRJ-303528,23.06,234.0,52.9,6.0,0.0339,3.0,0.3657,3.0,1.0,10.8,0.0,2.0,1
PRJ-303529,21.02,507.0,25.5,2.0,0.3923,24.0,0.5613,0.0,1.0,-17.04,0.0,2.0,0
PRJ-303530,11.5,536.0,58.5,1.0,0.0888,16.0,0.327,4.0,3.0,-13.79,0.0,6.0,1
PRJ-303531,7.76,369.0,42.3,2.0,0.1845,52.0,0.2868,4.0,4.0,4.24,0.0,8.0,0
PRJ-303532,11.86,319.0,45.4,8.0,0.3322,28.0,0.3254,2.0,2.0,15.63,0.0,7.0,1
PRJ-303533,3.29,60.0,99.2,3.0,0.291,25.0,0.4238,3.0,3.0,-1.73,0.0,8.0,0
PRJ-303534,8.29,353.0,51.5,5.0,0.2493,31.0,0.316,3.0,4.0,-2.78,1.0,3.0,1
PRJ-303535,25.75,233.0,39.3,5.0,0.1191,34.0,0.2623,2.0,1.0,-9.39,0.0,8.0,0
PRJ-303536,11.83,188.0,19.5,3.0,0.1849,13.0,0.1624,4.0,4.0,0.46,1.0,8.0,0
PRJ-303537,15.61,437.0,56.3,7.0,0.4719,7.0,0.7807,4.0,2.0,-11.58,0.0,8.0,1
PRJ-303538,4.45,65.0,84.9,1.0,0.1598,10.0,0.5297,1.0,4.0,-15.93,0.0,1.0,0
PRJ-303539,22.96,173.0,39.8,5.0,0.1769,58.0,0.273,3.0,4.0,6.49,1.0,0.0,0
PRJ-303540,11.11,428.0,84.5,4.0,0.3072,2.0,0.2837,3.0,1.0,-10.45,0.0,5.0,0
PRJ-303541,15.27,502.0,56.8,7.0,0.172,33.0,0.3831,4.0,3.0,8.01,0.0,2.0,0
PRJ-303542,17.46,299.0,48.6,2.0,0.1408,44.0,0.4465,0.0,2.0,-0.76,0.0,3.0,0
PRJ-303543,22.44,306.0,61.9,8.0,0.1242,37.0,0.1624,3.0,4.0,11.73,0.0,2.0,0
PRJ-303544,13.8,523.0,15.3,7.0,0.1347,48.0,0.0922,2.0,4.0,-13.01,0.0,1.0,0
PRJ-303545,11.29,90.0,34.6,6.0,0.2712,7.0,0.3266,0.0,4.0,9.56,0.0,1.0,0
PRJ-303546,5.19,283.0,35.6,4.0,0.4379,23.0,0.5788,0.0,2.0,0.1,0.0,7.0,0
PRJ-303547,4.16,164.0,41.2,6.0,0.2456,41.0,0.703,0.0,4.0,-17.75,1.0,5.0,0
PRJ-303548,13.62,281.0,142.0,2.0,0.257,3.0,0.3255,1.0,1.0,-8.64,0.0,5.0,0
PRJ-303549,15.34,493.0,49.8,1.0,0.1752,25.0,0.6,4.0,3.0,-8.28,1.0,7.0,1
PRJ-303550,16.99,340.0,13.1,6.0,0.3274,47.0,0.5251,1.0,1.0,4.72,0.0,8.0,0
PRJ-303551,6.83,535.0,28.3,4.0,0.4103,25.0,0.5717,2.0,1.0,-11.45,0.0,7.0,1
PRJ-303552,8.34,294.0,45.4,3.0,0.2615,47.0,0.6111,2.0,4.0,-14.8,0.0,8.0,0
PRJ-303553,13.46,472.0,51.4,3.0,0.1374,28.0,0.513,1.0,4.0,-4.85,0.0,1.0,0
PRJ-303554,9.08,129.0,2.2,5.0,0.3149,6.0,0.3924,1.0,1.0,11.08,0.0,0.0,0
PRJ-303555,47.9,203.0,65.7,5.0,0.146,32.0,0.4893,3.0,3.0,1.49,0.0,3.0,1
PRJ-303556,8.22,180.0,67.7,6.0,0.18,24.0,0.3851,3.0,4.0,-3.46,0.0,3.0,0
PRJ-303557,16.02,425.0,18.7,8.0,0.0663,48.0,0.185,2.0,2.0,7.03,0.0,7.0,0
PRJ-303558,20.63,298.0,83.3,7.0,0.0574,50.0,0.6117,0.0,4.0,-11.68,0.0,1.0,0
PRJ-303559,21.43,155.0,39.6,3.0,0.2304,20.0,0.2932,1.0,4.0,21.47,0.0,6.0,1
PRJ-303560,8.97,130.0,22.0,2.0,0.1063,54.0,0.245,1.0,2.0,19.94,0.0,6.0,0
PRJ-303561,17.51,235.0,17.5,2.0,0.0793,52.0,0.4327,1.0,2.0,-5.68,0.0,7.0,0
PRJ-303562,16.16,120.0,64.7,5.0,0.2774,29.0,0.5218,3.0,2.0,1.01,1.0,5.0,0
PRJ-303563,18.0,390.0,29.9,7.0,0.1167,6.0,0.6429,3.0,3.0,-1.45,0.0,0.0,0
PRJ-303564,13.34,464.0,55.3,3.0,0.1842,42.0,0.5583,4.0,4.0,-6.43,0.0,7.0,1
PRJ-303565,20.72,524.0,17.0,8.0,0.1068,31.0,0.4513,3.0,3.0,10.84,0.0,1.0,1
PRJ-303566,14.39,161.0,36.0,4.0,0.273,39.0,0.4437,1.0,2.0,-17.72,0.0,1.0,0
PRJ-303567,4.76,262.0,61.8,7.0,0.2876,40.0,0.3651,4.0,4.0,-4.64,0.0,6.0,0
PRJ-303568,14.11,294.0,97.2,3.0,0.3618,45.0,0.3943,4.0,4.0,5.93,0.0,3.0,0
PRJ-303569,15.2,290.0,104.3,2.0,0.065,58.0,0.1673,3.0,2.0,18.47,1.0,6.0,0
PRJ-303570,19.81,269.0,95.8,5.0,0.2177,19.0,0.2052,0.0,4.0,16.12,0.0,7.0,1
PRJ-303571,13.63,153.0,212.6,5.0,0.4798,23.0,0.4114,3.0,1.0,-8.47,0.0,7.0,0
PRJ-303572,34.23,100.0,55.9,4.0,0.1824,10.0,0.0749,2.0,4.0,-9.65,0.0,3.0,0
PRJ-303573,11.55,244.0,16.6,4.0,0.3031,40.0,0.4078,3.0,3.0,-5.27,0.0,8.0,0
PRJ-303574,8.65,90.0,28.9,6.0,0.1483,42.0,0.3506,2.0,3.0,16.92,0.0,2.0,0
PRJ-303575,27.84,76.0,102.4,6.0,0.2231,47.0,0.3055,0.0,2.0,4.59,1.0,8.0,0
PRJ-303576,11.34,304.0,25.9,2.0,0.0635,9.0,0.2745,4.0,3.0,33.9,0.0,6.0,0
PRJ-303577,12.82,470.0,1.4,6.0,0.2829,49.0,0.5043,4.0,4.0,7.31,0.0,4.0,1
PRJ-303578,15.21,312.0,37.0,3.0,0.0835,36.0,0.368,3.0,4.0,19.95,0.0,7.0,0
PRJ-303579,14.4,56.0,82.1,7.0,0.5892,55.0,0.2241,4.0,4.0,-1.39,1.0,7.0,1
PRJ-303580,17.91,461.0,28.4,4.0,0.0648,0.0,0.2205,1.0,4.0,-10.13,1.0,5.0,0
PRJ-303581,19.09,383.0,105.8,2.0,0.2906,20.0,0.2735,1.0,4.0,28.56,1.0,3.0,0
PRJ-303582,8.13,195.0,151.2,2.0,0.33,57.0,0.2059,3.0,3.0,-16.12,0.0,8.0,1
PRJ-303583,5.51,180.0,55.0,8.0,0.0018,50.0,0.7404,4.0,2.0,3.05,0.0,7.0,0
PRJ-303584,5.99,490.0,169.0,6.0,0.5364,38.0,0.4313,0.0,2.0,1.17,0.0,8.0,1
PRJ-303585,25.97,280.0,126.5,2.0,0.2818,57.0,0.4525,1.0,4.0,-7.36,1.0,6.0,1
PRJ-303586,10.73,114.0,83.9,5.0,0.3119,38.0,0.3037,3.0,2.0,4.06,1.0,6.0,0
PRJ-303587,20.51,184.0,60.4,1.0,0.1985,28.0,0.5708,3.0,1.0,-2.07,0.0,4.0,1
PRJ-303588,19.42,175.0,56.6,7.0,0.3595,16.0,0.1839,1.0,1.0,-10.69,1.0,7.0,0
PRJ-303589,12.81,243.0,43.3,7.0,0.2309,41.0,0.206,1.0,3.0,-15.72,0.0,3.0,0
PRJ-303590,6.76,216.0,69.4,7.0,0.1277,31.0,0.4702,2.0,3.0,5.01,0.0,2.0,0
PRJ-303591,19.71,315.0,6.2,4.0,0.2641,19.0,0.3622,4.0,4.0,-9.67,0.0,7.0,1
PRJ-303592,12.53,204.0,130.3,2.0,0.2056,9.0,0.3864,3.0,4.0,-6.54,0.0,4.0,1
PRJ-303593,5.26,362.0,171.0,4.0,0.089,15.0,0.2099,4.0,1.0,-10.17,0.0,6.0,1
PRJ-303594,9.13,288.0,5.6,5.0,0.0651,30.0,0.4299,1.0,4.0,-9.85,0.0,3.0,0
PRJ-303595,3.92,510.0,80.4,3.0,0.1271,16.0,0.2074,4.0,4.0,-2.07,0.0,5.0,0
PRJ-303596,9.42,454.0,123.4,4.0,0.1159,35.0,0.4082,2.0,4.0,-15.22,0.0,1.0,0
PRJ-303597,13.25,209.0,51.1,1.0,0.0786,3.0,0.5646,0.0,3.0,-4.07,1.0,5.0,1
PRJ-303598,11.67,65.0,41.7,5.0,0.2249,20.0,0.5128,4.0,3.0,6.59,1.0,5.0,0
PRJ-303599,10.77,334.0,34.7,2.0,0.2494,34.0,0.3259,0.0,1.0,7.0,0.0,1.0,0
PRJ-303600,13.16,212.0,29.6,7.0,0.3657,43.0,0.7785,1.0,3.0,-6.32,0.0,2.0,0
PRJ-303601,17.23,491.0,58.5,7.0,0.3732,51.0,0.3044,2.0,1.0,-9.09,1.0,4.0,0
PRJ-303602,21.54,245.0,105.2,5.0,0.2142,8.0,0.2408,4.0,1.0,13.95,0.0,7.0,0
PRJ-303603,23.36,188.0,7.0,2.0,0.6003,17.0,0.4566,4.0,1.0,4.56,0.0,1.0,0
PRJ-303604,7.51,212.0,20.2,6.0,0.1244,38.0,0.2058,1.0,3.0,5.87,0.0,3.0,1
PRJ-303605,24.8,473.0,27.9,8.0,0.2782,1.0,0.4421,1.0,3.0,14.76,0.0,1.0,0
PRJ-303606,12.54,100.0,11.3,6.0,0.1248,32.0,0.5514,2.0,1.0,12.26,0.0,5.0,0
PRJ-303607,9.99,518.0,74.3,7.0,0.1845,16.0,0.5566,0.0,4.0,10.3,0.0,3.0,1
PRJ-303608,6.12,160.0,67.4,8.0,0.3157,31.0,0.6347,0.0,4.0,-21.52,0.0,7.0,1
PRJ-303609,1.88,464.0,87.5,7.0,0.3922,46.0,0.2161,2.0,4.0,-7.14,1.0,8.0,1
PRJ-303610,16.48,314.0,4.4,2.0,0.3253,10.0,0.1874,2.0,3.0,-16.54,0.0,5.0,0
PRJ-303611,16.08,327.0,80.3,7.0,0.1799,26.0,0.0471,4.0,4.0,15.91,0.0,5.0,1
PRJ-303612,8.57,146.0,104.8,7.0,0.1386,44.0,0.3656,1.0,1.0,-4.52,0.0,7.0,0
PRJ-303613,8.75,402.0,75.4,6.0,0.2573,46.0,0.3962,4.0,4.0,-9.43,0.0,5.0,0
PRJ-303614,11.39,366.0,48.0,2.0,0.3423,18.0,0.431,3.0,3.0,3.46,0.0,8.0,1
PRJ-303615,9.87,283.0,43.0,4.0,0.1819,13.0,0.1433,4.0,2.0,7.26,0.0,4.0,0
PRJ-303616,7.28,271.0,62.8,8.0,0.2908,25.0,0.417,0.0,4.0,5.44,0.0,0.0,0
PRJ-303617,5.65,340.0,57.5,8.0,0.119,38.0,0.4298,2.0,1.0,-0.05,1.0,2.0,0
PRJ-303618,24.97,278.0,28.6,1.0,0.3853,42.0,0.3332,2.0,3.0,14.11,0.0,3.0,0
PRJ-303619,9.1,527.0,4.9,4.0,0.1724,43.0,0.5347,4.0,2.0,-4.27,0.0,1.0,0
PRJ-303620,16.02,65.0,32.1,5.0,0.2957,17.0,0.1518,4.0,4.0,-18.3,0.0,5.0,0
PRJ-303621,18.05,169.0,157.9,1.0,0.4198,48.0,0.1998,4.0,1.0,-4.99,0.0,8.0,0
PRJ-303622,16.53,466.0,6.0,2.0,0.2719,47.0,0.3005,3.0,1.0,-5.46,1.0,5.0,0
PRJ-303623,18.66,437.0,56.8,5.0,0.3222,41.0,0.2774,4.0,4.0,7.45,0.0,3.0,1
PRJ-303624,16.41,217.0,133.5,6.0,0.3521,44.0,0.2701,2.0,3.0,10.95,1.0,3.0,0
PRJ-303625,8.03,295.0,89.0,1.0,0.3972,54.0,0.2646,2.0,2.0,-9.31,1.0,4.0,0
PRJ-303626,10.25,58.0,98.7,4.0,0.3526,49.0,0.6002,4.0,3.0,-25.95,0.0,7.0,0
PRJ-303627,24.55,132.0,91.1,6.0,0.2191,7.0,0.3708,1.0,4.0,23.45,0.0,2.0,0
PRJ-303628,8.92,512.0,11.5,8.0,0.4074,45.0,0.6089,0.0,2.0,2.22,0.0,3.0,0
PRJ-303629,12.55,363.0,117.6,8.0,0.25,33.0,0.2296,3.0,4.0,-24.85,0.0,4.0,0
PRJ-303630,17.28,64.0,129.0,3.0,0.1867,25.0,0.5923,3.0,4.0,-19.75,0.0,8.0,0
PRJ-303631,30.16,437.0,15.4,6.0,0.2421,26.0,0.3719,1.0,2.0,2.6,1.0,8.0,0
PRJ-303632,23.22,244.0,34.5,5.0,0.4397,9.0,0.2204,1.0,2.0,-6.29,0.0,1.0,0
PRJ-303633,6.57,326.0,51.7,2.0,0.3555,59.0,0.2615,1.0,1.0,14.78,1.0,6.0,0
PRJ-303634,15.7,469.0,34.9,5.0,0.39,3.0,0.2041,4.0,1.0,-6.24,0.0,1.0,1
PRJ-303635,14.57,459.0,26.5,2.0,0.3197,32.0,0.3263,2.0,1.0,-0.99,0.0,6.0,1
PRJ-303636,10.31,112.0,27.0,1.0,0.3574,55.0,0.2913,3.0,1.0,-7.29,1.0,4.0,0
PRJ-303637,12.79,226.0,80.1,3.0,0.254,41.0,0.3253,4.0,3.0,-1.73,0.0,7.0,0
PRJ-303638,7.97,179.0,96.7,3.0,0.2707,57.0,0.3846,0.0,1.0,0.66,1.0,1.0,0
PRJ-303639,11.26,497.0,27.1,2.0,0.1685,55.0,0.255,2.0,1.0,16.01,0.0,8.0,0
PRJ-303640,8.97,431.0,96.3,1.0,0.5481,1.0,0.3235,3.0,2.0,3.56,1.0,8.0,1
PRJ-303641,13.42,365.0,34.7,5.0,0.1338,8.0,0.3851,0.0,2.0,0.98,0.0,6.0,0
PRJ-303642,10.06,73.0,16.4,1.0,0.1862,6.0,0.4422,2.0,4.0,8.91,0.0,3.0,0
PRJ-303643,31.57,442.0,61.7,7.0,0.3733,20.0,0.2896,2.0,3.0,15.7,0.0,6.0,1
PRJ-303644,13.71,322.0,49.9,1.0,0.3122,23.0,0.5482,2.0,1.0,-16.01,0.0,7.0,0
PRJ-303645,12.07,180.0,63.4,6.0,0.1715,19.0,0.5746,0.0,2.0,-7.98,0.0,8.0,0
PRJ-303646,10.86,264.0,62.6,2.0,0.2339,9.0,0.5634,0.0,3.0,2.44,0.0,2.0,0
PRJ-303647,10.08,265.0,57.9,5.0,0.3186,7.0,0.0944,1.0,1.0,-0.03,0.0,2.0,0
PRJ-303648,5.26,191.0,45.6,2.0,0.4682,30.0,0.3431,2.0,1.0,-7.38,0.0,3.0,0
PRJ-303649,20.48,495.0,94.8,4.0,0.3321,33.0,0.5146,0.0,2.0,-23.5,0.0,5.0,1
PRJ-303650,27.86,499.0,75.8,6.0,0.44,18.0,0.3535,3.0,2.0,-3.42,1.0,8.0,1
PRJ-303651,8.88,70.0,35.7,2.0,0.253,18.0,0.224,2.0,2.0,4.49,1.0,2.0,0
PRJ-303652,24.48,508.0,35.0,2.0,0.1144,29.0,0.6285,4.0,3.0,17.28,0.0,2.0,1
PRJ-303653,47.61,244.0,10.4,6.0,0.1578,9.0,0.4245,1.0,3.0,0.33,0.0,2.0,0
PRJ-303654,37.41,440.0,12.2,6.0,0.1673,9.0,0.8613,3.0,2.0,0.08,0.0,3.0,1
PRJ-303655,27.11,431.0,43.1,4.0,0.2301,1.0,0.4499,3.0,2.0,-9.41,0.0,1.0,1
PRJ-303656,5.73,341.0,86.6,1.0,0.1498,21.0,0.3852,3.0,4.0,0.02,0.0,7.0,0
PRJ-303657,5.69,413.0,23.3,3.0,0.0951,1.0,0.4724,3.0,4.0,-5.98,0.0,4.0,0
PRJ-303658,18.61,382.0,78.3,2.0,0.2087,21.0,0.038,0.0,1.0,6.77,0.0,6.0,0
PRJ-303659,12.63,466.0,56.4,6.0,0.3672,23.0,0.2441,2.0,1.0,5.48,0.0,6.0,0
PRJ-303660,2.83,254.0,24.7,3.0,0.0142,15.0,0.1894,1.0,3.0,16.96,0.0,7.0,0
PRJ-303661,9.58,410.0,51.3,4.0,0.7033,36.0,0.2827,0.0,3.0,3.39,1.0,3.0,1
PRJ-303662,18.1,529.0,49.8,3.0,0.2303,8.0,0.6336,0.0,3.0,6.48,1.0,4.0,1
PRJ-303663,11.36,513.0,25.6,2.0,0.1502,12.0,0.2335,0.0,4.0,-16.45,0.0,2.0,0
PRJ-303664,12.67,118.0,74.7,7.0,0.2097,57.0,0.5981,1.0,2.0,4.06,0.0,0.0,0
PRJ-303665,5.68,291.0,92.4,4.0,0.2049,54.0,0.8609,2.0,2.0,8.87,0.0,4.0,0
PRJ-303666,9.49,297.0,38.3,5.0,0.2831,6.0,0.4194,3.0,1.0,1.38,0.0,6.0,1
PRJ-303667,18.66,354.0,18.0,3.0,0.3742,12.0,0.1533,1.0,1.0,-0.53,0.0,3.0,0
PRJ-303668,9.19,365.0,95.5,1.0,0.3214,34.0,0.2674,2.0,4.0,-2.13,0.0,3.0,0
PRJ-303669,25.69,464.0,11.4,6.0,0.1456,16.0,0.2467,2.0,3.0,19.75,0.0,1.0,1
PRJ-303670,12.86,308.0,60.1,6.0,0.4946,9.0,0.118,3.0,4.0,-19.54,1.0,0.0,1
PRJ-303671,16.44,392.0,23.3,1.0,0.1836,18.0,0.3765,2.0,3.0,15.08,0.0,1.0,0
PRJ-303672,18.39,490.0,16.6,8.0,0.0327,59.0,0.3611,0.0,4.0,4.84,1.0,6.0,0
PRJ-303673,17.94,95.0,31.5,7.0,0.5956,9.0,0.2388,2.0,4.0,-5.87,0.0,4.0,1
PRJ-303674,6.44,363.0,49.8,7.0,0.1319,37.0,0.3583,2.0,2.0,6.47,0.0,0.0,0
PRJ-303675,7.24,226.0,20.0,4.0,0.2594,59.0,0.2933,2.0,4.0,4.95,0.0,3.0,0
PRJ-303676,2.8,493.0,14.0,6.0,0.5531,49.0,0.5206,2.0,1.0,-11.86,0.0,2.0,1
PRJ-303677,10.23,318.0,8.1,1.0,0.1346,43.0,0.1125,4.0,2.0,12.71,0.0,2.0,0
PRJ-303678,6.88,343.0,133.5,5.0,0.449,18.0,0.4167,4.0,2.0,2.5,0.0,5.0,1
PRJ-303679,9.01,418.0,63.6,2.0,0.2506,18.0,0.16,3.0,1.0,-9.36,0.0,2.0,1
PRJ-303680,10.93,164.0,24.8,8.0,0.2242,36.0,0.3422,0.0,1.0,18.52,0.0,0.0,0
PRJ-303681,13.95,314.0,65.9,8.0,0.1283,58.0,0.0574,0.0,2.0,7.32,0.0,4.0,0
PRJ-303682,11.47,427.0,49.4,2.0,0.2356,20.0,0.5979,1.0,2.0,4.72,1.0,0.0,1
PRJ-303683,11.34,429.0,80.2,5.0,0.1704,38.0,0.3903,0.0,2.0,12.52,1.0,2.0,0
PRJ-303684,15.63,157.0,40.8,5.0,0.214,58.0,0.466,1.0,3.0,0.39,0.0,8.0,0
PRJ-303685,12.32,459.0,90.3,7.0,0.2023,46.0,0.3284,4.0,1.0,10.42,0.0,3.0,0
PRJ-303686,21.41,125.0,28.0,4.0,0.2567,57.0,0.4866,2.0,3.0,9.68,0.0,0.0,0
PRJ-303687,12.35,176.0,56.0,8.0,0.1449,20.0,0.3422,4.0,2.0,-6.48,0.0,1.0,0
PRJ-303688,30.27,469.0,86.5,3.0,0.1687,40.0,0.3628,2.0,4.0,-1.86,0.0,1.0,0
PRJ-303689,6.27,349.0,58.1,3.0,0.3015,13.0,0.1057,2.0,4.0,-5.48,0.0,5.0,1
PRJ-303690,10.11,313.0,161.4,6.0,0.2995,2.0,0.3796,3.0,3.0,16.8,0.0,2.0,1
PRJ-303691,8.07,320.0,79.2,5.0,0.4662,26.0,0.2709,4.0,3.0,-17.69,0.0,7.0,0
PRJ-303692,14.29,524.0,65.1,1.0,0.0367,47.0,0.6838,0.0,2.0,4.28,0.0,4.0,0
PRJ-303693,6.27,157.0,36.3,6.0,0.335,25.0,0.2454,3.0,1.0,16.46,0.0,4.0,0
PRJ-303694,4.48,193.0,56.9,3.0,0.2865,16.0,0.5606,3.0,3.0,-14.55,0.0,6.0,0
PRJ-303695,7.1,287.0,108.5,7.0,0.2861,59.0,0.2235,0.0,1.0,0.8,1.0,7.0,0
PRJ-303696,4.71,463.0,32.7,7.0,0.0349,24.0,0.2058,1.0,4.0,14.57,1.0,6.0,0
PRJ-303697,11.02,316.0,22.6,4.0,0.4889,8.0,0.2782,3.0,2.0,-4.27,0.0,8.0,0
PRJ-303698,13.92,404.0,32.8,7.0,0.2203,10.0,0.4727,1.0,3.0,1.79,0.0,4.0,0
PRJ-303699,4.04,449.0,31.4,8.0,0.2611,8.0,0.129,1.0,1.0,-2.6,0.0,4.0,1
PRJ-303700,9.7,486.0,71.6,6.0,0.0762,58.0,0.4015,0.0,2.0,-11.35,0.0,3.0,0
PRJ-303701,23.18,273.0,149.0,5.0,0.1411,37.0,0.5264,2.0,2.0,-4.49,0.0,1.0,0
PRJ-303702,27.33,271.0,12.0,8.0,0.1393,0.0,0.2713,3.0,3.0,-7.7,1.0,5.0,1
PRJ-303703,19.57,85.0,50.4,7.0,0.3716,33.0,0.4419,4.0,1.0,-18.45,0.0,3.0,0
PRJ-303704,2.14,84.0,20.1,4.0,0.4285,25.0,0.2865,2.0,2.0,17.37,0.0,3.0,0
PRJ-303705,13.14,286.0,61.9,1.0,0.1777,32.0,0.1633,2.0,2.0,5.37,1.0,1.0,0
PRJ-303706,24.84,415.0,67.3,5.0,0.1843,51.0,0.5668,2.0,3.0,-4.59,0.0,8.0,0
PRJ-303707,9.07,459.0,31.5,4.0,0.2159,24.0,0.1797,2.0,3.0,-5.69,0.0,0.0,0
PRJ-303708,5.33,247.0,73.0,3.0,0.2196,18.0,0.2981,0.0,2.0,-5.07,0.0,3.0,0
PRJ-303709,23.71,327.0,27.3,2.0,0.122,21.0,0.3718,4.0,3.0,-9.02,0.0,1.0,1
PRJ-303710,25.85,447.0,27.3,6.0,0.0836,42.0,0.3295,0.0,1.0,-4.65,0.0,5.0,0
PRJ-303711,12.26,202.0,23.8,8.0,0.4183,5.0,0.2396,4.0,2.0,-10.91,0.0,6.0,0
PRJ-303712,5.36,123.0,33.1,5.0,0.1632,37.0,0.2835,2.0,4.0,8.42,0.0,2.0,0
PRJ-303713,3.69,500.0,46.8,2.0,0.3787,47.0,0.274,3.0,3.0,-22.34,0.0,7.0,0
PRJ-303714,15.21,315.0,42.9,1.0,0.0879,59.0,0.3149,2.0,1.0,2.42,0.0,8.0,0
PRJ-303715,8.12,122.0,53.9,6.0,0.1532,26.0,0.3603,0.0,3.0,-10.6,1.0,5.0,0
PRJ-303716,11.78,169.0,70.4,2.0,0.2727,27.0,0.5498,0.0,4.0,10.93,0.0,0.0,0
PRJ-303717,10.98,206.0,54.5,1.0,0.2074,53.0,0.5021,4.0,2.0,-2.06,0.0,3.0,1
PRJ-303718,6.84,144.0,131.8,2.0,0.1566,48.0,0.6255,1.0,1.0,4.25,0.0,7.0,0
PRJ-303719,3.56,261.0,49.4,2.0,0.4121,29.0,0.6668,3.0,2.0,-7.47,1.0,1.0,1
PRJ-303720,9.23,447.0,82.1,3.0,0.0978,22.0,0.2045,2.0,4.0,15.6,0.0,7.0,1
PRJ-303721,13.47,410.0,10.4,3.0,0.2153,54.0,0.275,2.0,3.0,-14.92,0.0,3.0,0
PRJ-303722,13.87,498.0,53.9,2.0,0.2844,24.0,0.1574,2.0,3.0,-7.99,1.0,5.0,0
PRJ-303723,7.77,458.0,42.5,7.0,0.2797,55.0,0.2212,4.0,1.0,-11.79,1.0,2.0,0
PRJ-303724,25.53,199.0,39.6,7.0,0.3864,26.0,0.1386,4.0,1.0,-0.81,0.0,6.0,1
PRJ-303725,5.73,73.0,107.0,3.0,0.1742,33.0,0.3595,1.0,1.0,1.08,0.0,8.0,0
PRJ-303726,22.07,120.0,165.5,3.0,0.2122,31.0,0.132,3.0,2.0,-15.16,0.0,5.0,0
PRJ-303727,13.19,437.0,70.9,7.0,0.2019,47.0,0.4027,0.0,1.0,-12.66,0.0,7.0,0
PRJ-303728,9.28,213.0,7.9,8.0,0.39,46.0,0.1928,4.0,4.0,-13.32,0.0,1.0,0
PRJ-303729,16.46,401.0,30.2,7.0,0.1303,6.0,0.3946,1.0,2.0,-17.58,0.0,0.0,0
PRJ-303730,10.56,271.0,12.4,5.0,0.3723,50.0,0.5234,0.0,3.0,-8.24,0.0,8.0,0
PRJ-303731,4.44,487.0,52.9,8.0,0.1002,7.0,0.4362,4.0,4.0,20.85,0.0,5.0,1
PRJ-303732,5.45,296.0,64.6,6.0,0.0979,48.0,0.2768,0.0,2.0,1.68,0.0,8.0,0
PRJ-303733,10.13,490.0,9.5,6.0,0.1295,42.0,0.1515,3.0,2.0,-7.96,0.0,4.0,0
PRJ-303734,8.5,169.0,120.0,1.0,0.3088,35.0,0.5512,1.0,1.0,-3.22,0.0,8.0,1
PRJ-303735,21.76,429.0,16.3,6.0,0.1646,3.0,0.3057,2.0,2.0,-18.7,0.0,5.0,1
PRJ-303736,8.24,304.0,62.4,3.0,0.105,51.0,0.4425,4.0,1.0,-17.98,0.0,3.0,0
PRJ-303737,7.91,139.0,118.3,5.0,0.1424,42.0,0.3851,4.0,3.0,-10.27,0.0,4.0,0
PRJ-303738,7.24,160.0,53.7,5.0,0.1693,34.0,0.2136,0.0,2.0,-15.24,0.0,2.0,0
PRJ-303739,6.83,200.0,25.8,1.0,0.2755,13.0,0.7098,4.0,1.0,10.28,0.0,1.0,1
PRJ-303740,6.98,121.0,24.5,4.0,0.2552,46.0,0.2391,3.0,4.0,22.69,0.0,1.0,0
PRJ-303741,4.91,508.0,54.7,5.0,0.3645,14.0,0.1895,4.0,4.0,10.35,0.0,3.0,0
PRJ-303742,13.55,150.0,82.2,1.0,0.3314,26.0,0.2635,1.0,1.0,-9.51,0.0,7.0,0
PRJ-303743,11.14,341.0,60.8,7.0,0.1675,21.0,0.3604,4.0,4.0,0.11,0.0,8.0,0
PRJ-303744,10.85,327.0,24.1,8.0,0.0178,25.0,0.4674,2.0,3.0,6.16,0.0,8.0,0
PRJ-303745,3.85,311.0,41.7,1.0,0.1908,55.0,0.3595,4.0,3.0,4.78,1.0,6.0,0
PRJ-303746,15.59,355.0,21.2,1.0,0.3059,46.0,0.2814,4.0,4.0,17.9,0.0,0.0,1
PRJ-303747,16.57,498.0,21.0,2.0,0.207,42.0,0.2971,2.0,1.0,-14.38,0.0,0.0,0
PRJ-303748,29.39,524.0,20.0,4.0,0.1291,41.0,0.6008,1.0,4.0,1.8,0.0,7.0,0
PRJ-303749,16.02,477.0,34.8,5.0,0.2406,45.0,0.2811,3.0,4.0,-0.64,0.0,5.0,1
PRJ-303750,33.02,272.0,45.2,2.0,0.3438,44.0,0.4638,0.0,3.0,-4.07,0.0,3.0,0
PRJ-303751,7.65,405.0,49.4,7.0,0.3437,46.0,0.3954,4.0,1.0,-18.7,0.0,1.0,0
PRJ-303752,30.35,137.0,58.5,3.0,0.3614,2.0,0.1289,2.0,3.0,-17.51,0.0,7.0,1
PRJ-303753,16.34,481.0,25.3,3.0,0.2355,49.0,0.3414,4.0,1.0,15.48,0.0,6.0,0
PRJ-303754,15.08,141.0,46.0,5.0,0.1642,18.0,0.1566,1.0,2.0,10.24,0.0,5.0,0
PRJ-303755,10.67,101.0,50.4,7.0,0.3234,10.0,0.4299,2.0,3.0,-13.71,0.0,2.0,0
PRJ-303756,9.26,455.0,100.7,2.0,0.2366,11.0,0.2257,2.0,2.0,-21.7,0.0,6.0,1
PRJ-303757,8.04,419.0,9.8,3.0,0.4437,56.0,0.1388,1.0,3.0,0.34,0.0,8.0,0
PRJ-303758,30.98,113.0,13.0,3.0,0.4315,49.0,0.2753,4.0,2.0,-0.96,0.0,7.0,0
PRJ-303759,10.45,522.0,68.4,4.0,0.1972,23.0,0.2647,0.0,1.0,-19.39,1.0,1.0,1
PRJ-303760,16.52,100.0,73.6,4.0,0.3316,54.0,0.6554,4.0,2.0,24.67,1.0,3.0,1
PRJ-303761,18.81,69.0,68.6,8.0,0.0686,33.0,0.3284,0.0,3.0,14.88,1.0,7.0,0
PRJ-303762,18.64,518.0,68.1,2.0,0.1087,50.0,0.7326,0.0,4.0,-12.96,0.0,1.0,0
PRJ-303763,13.59,155.0,10.9,4.0,0.3438,48.0,0.401,0.0,4.0,15.74,0.0,0.0,0
PRJ-303764,30.01,161.0,149.2,3.0,0.4095,14.0,0.1446,4.0,4.0,2.75,0.0,2.0,0
PRJ-303765,15.72,438.0,93.0,5.0,0.1011,51.0,0.3443,3.0,4.0,8.69,0.0,3.0,0
PRJ-303766,7.91,345.0,11.1,7.0,0.1117,58.0,0.3796,3.0,2.0,-10.11,0.0,2.0,0
PRJ-303767,9.54,302.0,37.5,8.0,0.0474,30.0,0.4195,2.0,2.0,7.43,0.0,5.0,0
PRJ-303768,3.99,534.0,35.9,4.0,0.5616,19.0,0.3447,1.0,2.0,26.66,0.0,3.0,0
PRJ-303769,14.53,87.0,42.7,3.0,0.3013,32.0,0.1303,2.0,2.0,14.16,0.0,4.0,1
PRJ-303770,17.39,503.0,32.3,8.0,0.1077,50.0,0.7306,4.0,3.0,8.87,1.0,8.0,0
PRJ-303771,18.32,177.0,17.5,1.0,0.2976,24.0,0.2891,0.0,4.0,-22.24,0.0,2.0,1
PRJ-303772,16.34,353.0,51.1,2.0,0.1392,2.0,0.5476,2.0,4.0,10.25,0.0,4.0,1
PRJ-303773,10.69,205.0,105.1,8.0,0.0585,2.0,0.6166,2.0,2.0,5.51,0.0,2.0,0
PRJ-303774,12.02,190.0,31.5,8.0,0.182,45.0,0.1839,0.0,2.0,-9.78,0.0,2.0,0
PRJ-303775,12.04,203.0,58.1,5.0,0.7242,38.0,0.2542,0.0,4.0,-3.89,0.0,8.0,0
PRJ-303776,21.81,321.0,43.7,3.0,0.3235,13.0,0.2812,1.0,3.0,-1.06,0.0,5.0,1
PRJ-303777,3.01,479.0,68.1,8.0,0.3107,40.0,0.4357,3.0,1.0,6.43,0.0,3.0,1
PRJ-303778,8.85,100.0,40.8,8.0,0.0968,18.0,0.5592,1.0,1.0,-17.32,1.0,2.0,0
PRJ-303779,5.97,372.0,27.8,7.0,0.165,28.0,0.6937,4.0,1.0,0.63,1.0,4.0,0
PRJ-303780,37.47,470.0,33.0,7.0,0.4741,12.0,0.4208,1.0,1.0,18.59,0.0,2.0,0
PRJ-303781,24.47,408.0,102.4,5.0,0.2736,2.0,0.5951,4.0,1.0,6.4,0.0,8.0,1
PRJ-303782,9.1,530.0,48.0,3.0,0.1129,54.0,0.3253,3.0,2.0,-12.91,0.0,6.0,1
PRJ-303783,4.56,51.0,46.8,4.0,0.4653,33.0,0.4795,0.0,2.0,3.25,0.0,1.0,0
PRJ-303784,5.46,224.0,100.2,5.0,0.3282,57.0,0.3585,1.0,3.0,5.8,1.0,5.0,0
PRJ-303785,21.63,256.0,112.9,4.0,0.0766,6.0,0.4858,3.0,4.0,-24.8,0.0,4.0,1
PRJ-303786,3.91,310.0,4.3,7.0,0.1154,23.0,0.2557,0.0,1.0,3.67,0.0,4.0,0
PRJ-303787,12.14,202.0,13.3,2.0,0.4272,27.0,0.2772,1.0,1.0,0.18,1.0,7.0,0
PRJ-303788,19.5,170.0,81.0,1.0,0.2039,2.0,0.457,3.0,3.0,-18.83,0.0,2.0,1
PRJ-303789,5.1,466.0,49.6,4.0,0.4326,47.0,0.3914,2.0,4.0,22.96,0.0,5.0,1
PRJ-303790,12.06,160.0,113.2,2.0,0.51,59.0,0.3617,2.0,3.0,3.72,0.0,2.0,0
PRJ-303791,9.2,517.0,9.9,7.0,0.2378,13.0,0.5006,2.0,3.0,-2.47,0.0,2.0,1
PRJ-303792,8.42,63.0,55.1,7.0,0.2035,52.0,0.3475,0.0,4.0,-10.33,0.0,4.0,0
PRJ-303793,7.51,254.0,70.6,8.0,0.0345,55.0,0.2978,1.0,2.0,1.33,0.0,7.0,0
PRJ-303794,20.5,346.0,36.3,4.0,0.1679,24.0,0.2714,4.0,2.0,5.02,0.0,4.0,0
PRJ-303795,27.65,526.0,77.8,8.0,0.1028,42.0,0.05,2.0,3.0,15.94,0.0,6.0,0
PRJ-303796,10.15,423.0,82.1,1.0,0.1897,26.0,0.1375,1.0,4.0,-1.39,1.0,8.0,1
PRJ-303797,15.12,52.0,44.1,8.0,0.3265,15.0,0.244,3.0,3.0,-16.2,0.0,2.0,0
PRJ-303798,12.24,415.0,41.8,2.0,0.1554,17.0,0.5906,2.0,4.0,-0.95,0.0,0.0,0
PRJ-303799,3.28,206.0,87.7,1.0,0.0862,13.0,0.2583,3.0,2.0,-1.05,1.0,0.0,1
PRJ-303800,9.89,470.0,54.3,7.0,0.254,59.0,0.2268,3.0,3.0,19.69,0.0,4.0,1
PRJ-303801,2.86,428.0,67.2,5.0,0.2207,4.0,0.3598,0.0,4.0,3.48,1.0,5.0,0
PRJ-303802,8.7,140.0,54.1,4.0,0.186,26.0,0.4127,1.0,2.0,4.59,0.0,7.0,0
PRJ-303803,11.85,223.0,52.1,2.0,0.4375,52.0,0.4055,0.0,1.0,-6.59,0.0,8.0,1
PRJ-303804,18.55,451.0,41.7,4.0,0.142,30.0,0.6747,2.0,4.0,4.23,0.0,3.0,1
PRJ-303805,14.28,500.0,70.4,5.0,0.2967,3.0,0.4934,3.0,1.0,-10.08,1.0,8.0,1
PRJ-303806,20.83,343.0,23.4,2.0,0.2522,22.0,0.2967,2.0,3.0,1.97,0.0,5.0,0
PRJ-303807,6.71,153.0,10.4,8.0,0.3016,37.0,0.6132,3.0,3.0,9.52,0.0,7.0,0
PRJ-303808,25.55,237.0,46.7,6.0,0.5429,7.0,0.2978,3.0,1.0,-0.16,0.0,8.0,1
PRJ-303809,27.67,438.0,114.4,8.0,0.32,45.0,0.3523,2.0,2.0,13.24,1.0,3.0,0
PRJ-303810,2.77,341.0,54.3,1.0,0.1836,39.0,0.5346,3.0,3.0,16.7,0.0,7.0,0
PRJ-303811,3.76,144.0,38.8,7.0,0.2065,15.0,0.6121,3.0,1.0,13.63,0.0,5.0,0
PRJ-303812,11.67,186.0,35.0,7.0,0.2242,47.0,0.6102,1.0,4.0,0.74,0.0,6.0,0
PRJ-303813,8.27,142.0,33.2,3.0,0.1154,22.0,0.0587,4.0,3.0,-11.19,1.0,5.0,0
PRJ-303814,9.14,277.0,1.9,5.0,0.3463,23.0,0.3944,2.0,3.0,-11.95,0.0,0.0,0
PRJ-303815,14.2,265.0,103.9,5.0,0.3046,17.0,0.3432,1.0,4.0,6.52,1.0,0.0,1
PRJ-303816,21.33,313.0,30.5,7.0,0.1875,22.0,0.1653,1.0,4.0,3.22,0.0,0.0,0
PRJ-303817,6.48,512.0,47.4,3.0,0.146,48.0,0.1501,2.0,3.0,-0.7,0.0,4.0,0
PRJ-303818,23.52,367.0,37.0,8.0,0.2451,1.0,0.6753,2.0,2.0,-6.37,0.0,0.0,0
PRJ-303819,7.42,334.0,26.4,5.0,0.1493,59.0,0.2751,2.0,2.0,0.15,0.0,1.0,0
PRJ-303820,40.55,226.0,107.5,1.0,0.309,45.0,0.1549,2.0,3.0,-16.54,0.0,4.0,1
PRJ-303821,25.66,359.0,18.3,3.0,0.1037,58.0,0.4599,3.0,3.0,-7.73,1.0,7.0,0
PRJ-303822,7.93,517.0,72.1,2.0,0.3412,39.0,0.0448,3.0,1.0,-2.43,0.0,8.0,0
PRJ-303823,4.63,49.0,12.1,7.0,0.1451,4.0,0.186,2.0,2.0,8.41,0.0,6.0,0
PRJ-303824,7.81,218.0,42.0,4.0,0.4525,45.0,0.4095,4.0,3.0,11.69,1.0,5.0,0
PRJ-303825,7.11,73.0,97.5,4.0,0.1717,40.0,0.3327,3.0,3.0,-23.32,0.0,0.0,1
PRJ-303826,17.15,145.0,32.1,3.0,0.2478,28.0,0.5033,2.0,1.0,-19.07,1.0,5.0,0
PRJ-303827,2.81,78.0,67.6,6.0,0.0865,35.0,0.2908,1.0,2.0,8.58,0.0,1.0,0
PRJ-303828,3.79,338.0,30.9,8.0,0.1858,20.0,0.3022,0.0,4.0,1.23,0.0,7.0,0
PRJ-303829,16.85,450.0,36.2,7.0,0.2406,55.0,0.2892,0.0,3.0,7.54,0.0,6.0,0
PRJ-303830,6.91,510.0,78.9,8.0,0.2938,53.0,0.4934,3.0,1.0,-7.47,0.0,2.0,0
PRJ-303831,8.77,162.0,68.7,3.0,0.475,34.0,0.4141,0.0,4.0,-6.8,0.0,7.0,0
PRJ-303832,19.45,391.0,115.2,6.0,0.0632,57.0,0.5307,0.0,1.0,-8.84,1.0,4.0,0
PRJ-303833,21.92,207.0,32.0,5.0,0.4296,27.0,0.5772,0.0,3.0,-32.13,0.0,5.0,0
PRJ-303834,24.92,201.0,59.9,3.0,0.2672,12.0,0.167,3.0,4.0,-13.44,0.0,1.0,0
PRJ-303835,18.46,346.0,49.4,7.0,0.0685,26.0,0.3594,0.0,3.0,-12.81,0.0,7.0,0
PRJ-303836,10.46,381.0,61.1,8.0,0.4645,55.0,0.3049,4.0,1.0,-11.12,0.0,0.0,1
PRJ-303837,9.9,334.0,92.5,8.0,0.275,51.0,0.2928,4.0,1.0,-11.68,0.0,3.0,0
PRJ-303838,9.16,94.0,27.5,8.0,0.1986,1.0,0.5261,3.0,1.0,-11.03,0.0,2.0,0
PRJ-303839,5.12,248.0,58.2,2.0,0.46,40.0,0.2937,3.0,1.0,-2.84,0.0,1.0,0
PRJ-303840,6.3,186.0,106.7,2.0,0.0385,48.0,0.2201,2.0,1.0,6.6,0.0,4.0,0
PRJ-303841,22.96,47.0,49.5,6.0,0.378,4.0,0.3704,2.0,1.0,-34.5,0.0,8.0,1
PRJ-303842,7.38,65.0,78.5,6.0,0.0703,33.0,0.7949,1.0,2.0,-11.28,1.0,5.0,0
PRJ-303843,5.14,267.0,7.1,4.0,0.2321,56.0,0.6464,1.0,2.0,-10.84,0.0,1.0,0
PRJ-303844,24.13,94.0,51.1,2.0,0.2643,22.0,0.084,1.0,2.0,-18.4,0.0,0.0,0
PRJ-303845,13.66,410.0,33.5,3.0,0.1735,40.0,0.602,3.0,2.0,13.29,0.0,2.0,0
PRJ-303846,31.39,72.0,68.0,2.0,0.091,22.0,0.7673,4.0,1.0,-13.33,0.0,2.0,1
PRJ-303847,29.39,161.0,58.5,2.0,0.1541,9.0,0.2204,4.0,1.0,4.95,0.0,3.0,0
PRJ-303848,5.46,532.0,23.7,2.0,0.2892,23.0,0.468,2.0,2.0,-9.51,1.0,1.0,0
PRJ-303849,11.18,395.0,13.5,5.0,0.3838,28.0,0.1448,1.0,2.0,15.18,0.0,4.0,0
PRJ-303850,5.98,320.0,152.6,5.0,0.0988,25.0,0.3989,0.0,3.0,-10.2,0.0,7.0,1
PRJ-303851,5.95,52.0,61.8,3.0,0.1,15.0,0.3299,1.0,4.0,-11.05,1.0,2.0,0
PRJ-303852,8.99,66.0,60.8,5.0,0.2263,56.0,0.3948,2.0,4.0,-2.23,1.0,8.0,1
PRJ-303853,17.47,494.0,26.9,6.0,0.1108,35.0,0.8016,4.0,1.0,17.96,0.0,2.0,0
PRJ-303854,17.53,440.0,37.1,1.0,0.1053,38.0,0.3214,0.0,2.0,5.86,0.0,1.0,0
PRJ-303855,16.21,515.0,107.4,3.0,0.0593,33.0,0.2083,1.0,3.0,-8.02,0.0,2.0,0
PRJ-303856,10.44,445.0,50.2,2.0,0.3517,20.0,0.5071,3.0,2.0,2.08,0.0,3.0,1
PRJ-303857,18.12,46.0,109.9,1.0,0.4542,58.0,0.3675,4.0,4.0,-6.95,0.0,3.0,1
PRJ-303858,5.09,443.0,62.0,1.0,0.1804,24.0,0.2748,3.0,1.0,17.75,0.0,3.0,0
PRJ-303859,13.8,271.0,94.3,7.0,0.3926,3.0,0.4812,0.0,1.0,9.29,0.0,8.0,1
PRJ-303860,12.09,387.0,6.5,8.0,0.1397,26.0,0.3356,2.0,1.0,-0.5,0.0,3.0,1
PRJ-303861,10.04,249.0,25.6,2.0,0.3404,27.0,0.4387,4.0,1.0,2.23,0.0,8.0,0
PRJ-303862,14.14,401.0,49.5,7.0,0.2564,23.0,0.1838,3.0,1.0,-7.68,0.0,7.0,0
PRJ-303863,2.65,461.0,39.6,3.0,0.1811,10.0,0.689,0.0,3.0,-0.02,0.0,4.0,0
PRJ-303864,6.06,527.0,68.3,2.0,0.1093,28.0,0.4063,1.0,4.0,6.89,0.0,4.0,1
PRJ-303865,16.6,312.0,13.5,2.0,0.1925,1.0,0.2323,3.0,3.0,10.61,0.0,1.0,1
PRJ-303866,11.89,183.0,13.8,8.0,0.0807,21.0,0.6876,3.0,4.0,-5.17,0.0,1.0,0
PRJ-303867,4.04,347.0,66.5,3.0,0.0655,46.0,0.2694,1.0,4.0,-25.83,0.0,7.0,0
PRJ-303868,11.72,292.0,91.6,6.0,0.1915,42.0,0.2248,4.0,3.0,8.31,1.0,5.0,0
PRJ-303869,8.33,145.0,37.0,4.0,0.3128,45.0,0.5393,4.0,3.0,-7.56,0.0,2.0,0
PRJ-303870,23.31,403.0,117.4,4.0,0.2591,9.0,0.1761,1.0,4.0,10.08,0.0,3.0,1
PRJ-303871,5.35,83.0,135.8,7.0,0.1822,56.0,0.1828,0.0,1.0,-18.31,0.0,1.0,0
PRJ-303872,5.48,244.0,45.9,8.0,0.3054,11.0,0.5678,2.0,2.0,3.86,0.0,5.0,0
PRJ-303873,15.29,387.0,36.0,6.0,0.4401,35.0,0.2729,3.0,1.0,-2.49,0.0,7.0,0
PRJ-303874,10.72,500.0,29.7,7.0,0.2479,58.0,0.2516,0.0,3.0,-5.39,0.0,8.0,0
PRJ-303875,10.38,352.0,25.5,2.0,0.1704,15.0,0.2053,2.0,3.0,17.41,0.0,0.0,0
PRJ-303876,40.69,529.0,75.8,8.0,0.3006,5.0,0.2278,4.0,1.0,-8.76,1.0,5.0,1
PRJ-303877,17.84,457.0,22.8,2.0,0.1127,21.0,0.1446,1.0,1.0,16.3,0.0,0.0,0
PRJ-303878,9.54,161.0,19.4,2.0,0.4551,0.0,0.548,4.0,4.0,26.06,0.0,4.0,1
PRJ-303879,3.69,463.0,24.5,7.0,0.0975,36.0,0.339,2.0,1.0,-15.15,1.0,3.0,0
PRJ-303880,9.18,211.0,46.2,4.0,0.0801,46.0,0.4498,4.0,4.0,-10.95,0.0,5.0,0
PRJ-303881,4.98,357.0,48.7,2.0,0.2237,37.0,0.3099,4.0,4.0,-1.95,0.0,1.0,0
PRJ-303882,6.33,144.0,72.9,1.0,0.2186,14.0,0.3036,4.0,4.0,-2.72,0.0,1.0,1
PRJ-303883,6.48,311.0,43.1,2.0,0.2154,2.0,0.577,3.0,4.0,13.25,1.0,6.0,1
PRJ-303884,22.18,381.0,12.7,7.0,0.2605,19.0,0.2844,4.0,4.0,13.22,0.0,3.0,0
PRJ-303885,4.28,497.0,34.7,1.0,0.3012,54.0,0.5482,0.0,1.0,-5.9,0.0,8.0,0
PRJ-303886,20.83,511.0,47.1,8.0,0.1484,21.0,0.3502,1.0,2.0,-9.42,0.0,7.0,0
PRJ-303887,15.73,441.0,28.2,7.0,0.1691,55.0,0.665,4.0,2.0,-3.98,0.0,4.0,1
PRJ-303888,15.58,321.0,58.3,2.0,0.1181,58.0,0.2975,1.0,4.0,2.61,0.0,4.0,0
PRJ-303889,6.16,481.0,3.6,6.0,0.1184,47.0,0.3612,3.0,4.0,-13.77,0.0,8.0,0
PRJ-303890,19.14,97.0,42.8,5.0,0.2623,14.0,0.2361,1.0,2.0,-15.11,0.0,0.0,0
PRJ-303891,5.67,537.0,104.0,3.0,0.4256,14.0,0.479,1.0,3.0,-9.04,0.0,6.0,0
PRJ-303892,27.94,145.0,89.8,5.0,0.457,8.0,0.6307,0.0,4.0,-5.48,1.0,6.0,0
PRJ-303893,22.51,244.0,51.4,1.0,0.4402,20.0,0.8096,4.0,3.0,-4.49,0.0,1.0,1
PRJ-303894,30.9,494.0,48.4,8.0,0.0773,28.0,0.5562,0.0,2.0,-24.09,0.0,7.0,0
PRJ-303895,12.13,399.0,64.3,7.0,0.1871,42.0,0.3296,2.0,3.0,-5.14,0.0,7.0,0
PRJ-303896,10.71,465.0,19.6,2.0,0.1096,3.0,0.5128,1.0,4.0,-15.69,0.0,3.0,1
PRJ-303897,9.02,385.0,84.9,1.0,0.1062,18.0,0.524,2.0,2.0,0.8,1.0,7.0,1
PRJ-303898,40.16,342.0,115.1,4.0,0.1717,21.0,0.4553,3.0,3.0,-15.18,0.0,0.0,0
PRJ-303899,17.37,131.0,42.6,4.0,0.1275,23.0,0.3265,1.0,4.0,3.88,0.0,2.0,1
PRJ-303900,5.01,538.0,51.4,7.0,0.3402,34.0,0.733,1.0,2.0,-2.09,0.0,6.0,0
PRJ-303901,25.98,360.0,73.6,7.0,0.2087,40.0,0.2509,4.0,1.0,17.04,0.0,4.0,1
PRJ-303902,10.44,375.0,26.1,1.0,0.2059,56.0,0.2643,2.0,1.0,3.4,0.0,6.0,0
PRJ-303903,1.82,256.0,117.6,2.0,0.6539,2.0,0.3928,1.0,3.0,-2.37,0.0,1.0,1
PRJ-303904,7.09,516.0,150.4,5.0,0.2406,10.0,0.635,2.0,1.0,-0.68,1.0,4.0,1
PRJ-303905,22.5,268.0,68.1,4.0,0.3746,8.0,0.292,3.0,2.0,0.6,0.0,0.0,1
PRJ-303906,15.76,139.0,123.8,8.0,0.2681,17.0,0.3418,0.0,1.0,-7.16,1.0,4.0,0
PRJ-303907,17.77,134.0,17.4,6.0,0.2344,2.0,0.4957,2.0,4.0,-3.09,0.0,2.0,1
PRJ-303908,25.82,390.0,56.9,3.0,0.2921,23.0,0.3092,2.0,4.0,-6.14,0.0,0.0,0
PRJ-303909,3.27,413.0,7.4,6.0,0.1001,15.0,0.7179,3.0,3.0,-4.33,0.0,6.0,0
PRJ-303910,7.15,146.0,34.7,4.0,0.1666,31.0,0.2068,4.0,4.0,-5.54,0.0,4.0,0
PRJ-303911,12.31,390.0,35.3,4.0,0.3999,28.0,0.3485,0.0,2.0,-4.49,0.0,0.0,0
PRJ-303912,22.91,538.0,28.7,6.0,0.5778,39.0,0.2326,0.0,4.0,-0.59,0.0,7.0,0
PRJ-303913,5.65,308.0,17.7,4.0,0.043,50.0,0.8522,2.0,4.0,6.61,0.0,4.0,0
PRJ-303914,9.5,525.0,67.5,6.0,0.2092,6.0,0.4398,2.0,4.0,10.96,0.0,1.0,0
PRJ-303915,11.81,122.0,24.4,4.0,0.1567,10.0,0.1344,1.0,2.0,-7.59,0.0,5.0,0
PRJ-303916,6.91,244.0,67.6,5.0,0.0491,43.0,0.6232,1.0,1.0,-17.02,0.0,0.0,0
PRJ-303917,11.72,320.0,44.9,4.0,0.1484,21.0,0.3026,0.0,4.0,9.33,1.0,4.0,1
PRJ-303918,10.68,222.0,59.3,5.0,0.0247,54.0,0.5858,4.0,2.0,25.85,0.0,2.0,0
PRJ-303919,8.19,94.0,30.9,3.0,0.4397,0.0,0.3017,2.0,1.0,6.26,0.0,6.0,0
PRJ-303920,19.11,271.0,44.6,1.0,0.1052,6.0,0.3525,3.0,4.0,-4.09,1.0,5.0,1
PRJ-303921,17.01,212.0,167.8,3.0,0.1069,27.0,0.4138,2.0,2.0,2.6,0.0,1.0,0
PRJ-303922,19.65,145.0,57.9,3.0,0.2168,30.0,0.2304,1.0,1.0,1.79,0.0,3.0,0
PRJ-303923,20.73,229.0,117.8,3.0,0.1066,1.0,0.459,2.0,3.0,-0.53,0.0,8.0,1
PRJ-303924,29.87,251.0,113.8,4.0,0.1747,29.0,0.3016,0.0,2.0,-10.86,0.0,5.0,0
PRJ-303925,3.93,482.0,14.8,4.0,0.1952,19.0,0.1737,1.0,1.0,11.78,1.0,4.0,0
PRJ-303926,4.25,288.0,113.6,3.0,0.0633,38.0,0.5697,3.0,2.0,-9.59,0.0,0.0,1
PRJ-303927,18.11,250.0,44.5,4.0,0.2977,49.0,0.4417,1.0,3.0,11.46,1.0,6.0,0
PRJ-303928,8.71,237.0,35.3,3.0,0.1257,34.0,0.5448,4.0,2.0,6.41,0.0,0.0,0
PRJ-303929,7.98,341.0,20.2,5.0,0.2959,56.0,0.2553,0.0,4.0,16.93,0.0,8.0,0
PRJ-303930,7.19,181.0,15.0,4.0,0.1576,33.0,0.4259,1.0,3.0,8.56,0.0,6.0,0
PRJ-303931,20.08,478.0,66.3,6.0,0.0607,22.0,0.2975,2.0,1.0,-27.95,0.0,2.0,0
PRJ-303932,38.6,252.0,14.4,4.0,0.0371,6.0,0.2565,1.0,3.0,-16.98,0.0,2.0,0
PRJ-303933,20.66,255.0,68.2,8.0,0.2302,16.0,0.5259,4.0,2.0,0.7,0.0,8.0,0
PRJ-303934,8.45,76.0,4.7,4.0,0.4763,21.0,0.3292,0.0,4.0,20.04,0.0,0.0,0
PRJ-303935,19.44,482.0,21.7,5.0,0.1093,45.0,0.1677,2.0,4.0,-4.84,1.0,5.0,0
PRJ-303936,4.16,278.0,39.8,4.0,0.076,27.0,0.3637,1.0,2.0,-16.58,0.0,2.0,0
PRJ-303937,10.19,112.0,48.6,6.0,0.3523,41.0,0.1297,1.0,1.0,9.47,0.0,2.0,1
PRJ-303938,3.27,129.0,22.7,5.0,0.4585,8.0,0.6318,0.0,3.0,19.53,1.0,1.0,1
PRJ-303939,8.72,225.0,16.3,1.0,0.2691,22.0,0.3872,1.0,1.0,-9.62,0.0,4.0,0
PRJ-303940,13.19,431.0,36.4,6.0,0.0846,47.0,0.3141,0.0,1.0,-6.45,0.0,3.0,0
PRJ-303941,43.01,91.0,29.2,7.0,0.0854,54.0,0.4126,1.0,2.0,19.55,0.0,2.0,0
PRJ-303942,24.06,104.0,32.3,4.0,0.5034,22.0,0.2124,4.0,4.0,-15.4,0.0,1.0,0
PRJ-303943,3.32,322.0,70.6,5.0,0.4949,27.0,0.1806,2.0,4.0,-12.88,0.0,6.0,0
PRJ-303944,3.54,292.0,101.8,1.0,0.3288,16.0,0.3565,1.0,1.0,-13.06,0.0,7.0,0
PRJ-303945,6.94,518.0,34.8,7.0,0.0197,56.0,0.3711,0.0,3.0,1.95,1.0,7.0,1
PRJ-303946,33.31,417.0,70.7,7.0,0.3862,6.0,0.4245,1.0,2.0,-3.48,0.0,5.0,0
PRJ-303947,3.42,370.0,30.0,8.0,0.335,53.0,0.5256,1.0,4.0,-7.3,0.0,3.0,0
PRJ-303948,7.23,211.0,28.1,5.0,0.0932,40.0,0.4232,2.0,4.0,10.44,0.0,0.0,0
PRJ-303949,7.2,354.0,36.2,2.0,0.2018,56.0,0.3549,4.0,4.0,9.79,0.0,6.0,1
PRJ-303950,15.27,334.0,91.9,3.0,0.3144,8.0,0.8221,0.0,3.0,17.3,0.0,0.0,0
PRJ-303951,19.75,182.0,11.4,8.0,0.3077,6.0,0.3833,2.0,3.0,0.64,0.0,1.0,0
PRJ-303952,17.12,228.0,9.9,1.0,0.2436,11.0,0.4254,2.0,1.0,9.21,0.0,1.0,0
PRJ-303953,13.93,505.0,132.7,6.0,0.3683,16.0,0.2578,0.0,1.0,-13.79,0.0,2.0,0
PRJ-303954,4.04,311.0,22.1,1.0,0.0289,13.0,0.0928,1.0,2.0,8.59,0.0,7.0,0
PRJ-303955,12.55,278.0,40.2,6.0,0.4999,22.0,0.4364,0.0,1.0,9.17,0.0,5.0,0
PRJ-303956,26.28,439.0,32.1,5.0,0.2737,16.0,0.1299,3.0,3.0,-9.55,1.0,5.0,0
PRJ-303957,31.81,177.0,115.8,4.0,0.135,44.0,0.2696,4.0,3.0,7.19,1.0,2.0,0
PRJ-303958,15.01,153.0,91.3,6.0,0.2704,16.0,0.0796,0.0,3.0,2.87,0.0,0.0,0
PRJ-303959,3.34,533.0,16.2,3.0,0.4148,17.0,0.3299,3.0,3.0,5.49,0.0,6.0,1
PRJ-303960,15.17,442.0,48.9,5.0,0.2029,50.0,0.0937,2.0,3.0,11.33,1.0,5.0,1
PRJ-303961,10.65,254.0,58.5,7.0,0.2649,12.0,0.6925,1.0,1.0,2.06,0.0,1.0,0
PRJ-303962,3.72,513.0,69.3,4.0,0.0855,20.0,0.2481,3.0,2.0,13.87,1.0,4.0,0
PRJ-303963,5.42,228.0,6.5,1.0,0.4188,20.0,0.1058,1.0,4.0,-13.41,0.0,6.0,0
PRJ-303964,6.16,379.0,9.8,8.0,0.3732,27.0,0.5302,4.0,3.0,-10.39,0.0,1.0,1
PRJ-303965,18.15,62.0,72.8,5.0,0.4515,18.0,0.5066,3.0,1.0,-1.97,0.0,2.0,0
PRJ-303966,30.98,390.0,14.0,4.0,0.4172,34.0,0.56,1.0,2.0,-9.28,0.0,2.0,0
PRJ-303967,16.42,133.0,57.8,1.0,0.1733,48.0,0.5368,3.0,3.0,3.08,1.0,3.0,1
PRJ-303968,18.51,164.0,17.0,1.0,0.451,27.0,0.224,4.0,1.0,-4.07,1.0,2.0,1
PRJ-303969,11.16,445.0,10.5,3.0,0.3237,59.0,0.4511,3.0,2.0,-3.61,0.0,5.0,0
PRJ-303970,7.9,146.0,21.5,8.0,0.5591,38.0,0.1612,3.0,2.0,-3.95,1.0,8.0,0
PRJ-303971,16.71,283.0,43.6,6.0,0.2541,18.0,0.3036,1.0,3.0,2.84,0.0,0.0,0
PRJ-303972,14.05,500.0,56.0,4.0,0.1828,15.0,0.0823,3.0,2.0,-0.09,0.0,1.0,0
PRJ-303973,6.56,517.0,60.9,7.0,0.4409,3.0,0.0839,4.0,3.0,4.39,0.0,5.0,1
PRJ-303974,13.44,264.0,78.9,4.0,0.3633,0.0,0.4259,0.0,4.0,-4.69,0.0,5.0,0
PRJ-303975,11.65,86.0,22.6,8.0,0.0563,43.0,0.3027,3.0,4.0,-22.17,0.0,7.0,0
PRJ-303976,9.45,187.0,75.8,3.0,0.3274,45.0,0.5704,1.0,2.0,8.86,0.0,7.0,0
PRJ-303977,7.71,349.0,46.8,6.0,0.2135,28.0,0.5257,3.0,2.0,-9.38,1.0,8.0,0
PRJ-303978,15.0,211.0,52.3,4.0,0.3264,9.0,0.4033,2.0,4.0,3.35,1.0,1.0,1
PRJ-303979,8.06,401.0,178.0,6.0,0.3572,26.0,0.568,0.0,2.0,-0.04,1.0,6.0,1
PRJ-303980,38.64,536.0,67.2,2.0,0.0925,33.0,0.6592,4.0,1.0,26.52,1.0,7.0,1
PRJ-303981,16.07,352.0,37.7,8.0,0.5032,21.0,0.7362,1.0,1.0,-32.19,0.0,6.0,1
PRJ-303982,15.16,354.0,33.0,3.0,0.2565,29.0,0.3335,4.0,1.0,-7.91,0.0,4.0,1
PRJ-303983,10.38,307.0,43.9,5.0,0.2611,28.0,0.4547,1.0,3.0,4.48,0.0,8.0,1
PRJ-303984,8.9,137.0,12.1,6.0,0.113,7.0,0.4448,0.0,3.0,-19.27,0.0,6.0,0
PRJ-303985,2.82,331.0,57.8,6.0,0.2225,8.0,0.0958,1.0,1.0,-0.55,0.0,8.0,0
PRJ-303986,6.87,506.0,43.5,5.0,0.4897,2.0,0.323,4.0,3.0,-20.15,0.0,2.0,0
PRJ-303987,3.29,386.0,51.9,7.0,0.2314,36.0,0.107,1.0,4.0,-0.15,0.0,5.0,0
PRJ-303988,3.25,417.0,46.6,8.0,0.5787,53.0,0.3485,4.0,2.0,0.41,1.0,5.0,0
PRJ-303989,4.85,472.0,13.3,7.0,0.2079,55.0,0.2965,3.0,2.0,8.49,0.0,1.0,0
PRJ-303990,24.58,236.0,68.8,2.0,0.0753,38.0,0.743,2.0,4.0,3.22,0.0,1.0,1
PRJ-303991,24.51,211.0,27.5,7.0,0.2953,55.0,0.4203,3.0,2.0,-11.67,1.0,5.0,0
PRJ-303992,6.98,525.0,85.2,5.0,0.2675,22.0,0.4236,2.0,4.0,0.64,0.0,2.0,0
PRJ-303993,3.97,272.0,72.9,5.0,0.0917,44.0,0.4324,2.0,2.0,3.77,0.0,3.0,0
PRJ-303994,8.62,408.0,127.9,8.0,0.0494,30.0,0.4535,3.0,1.0,-10.97,0.0,2.0,0
PRJ-303995,18.03,359.0,43.8,5.0,0.0789,23.0,0.309,3.0,2.0,11.62,0.0,8.0,0
PRJ-303996,21.5,106.0,78.9,7.0,0.2528,41.0,0.4552,0.0,4.0,6.69,1.0,0.0,0
PRJ-303997,13.32,200.0,137.4,6.0,0.1976,55.0,0.3343,4.0,3.0,-19.6,0.0,6.0,1
PRJ-303998,14.88,206.0,25.6,1.0,0.2597,28.0,0.2626,4.0,3.0,0.19,0.0,1.0,0
PRJ-303999,13.96,133.0,92.2,6.0,0.0874,39.0,0.6503,0.0,4.0,-12.45,0.0,5.0,0
PRJ-304000,3.46,430.0,66.4,4.0,0.3111,13.0,0.596,0.0,2.0,-23.89,0.0,1.0,0
PRJ-304001,4.25,523.0,19.0,5.0,0.0475,30.0,0.6158,3.0,3.0,-6.96,0.0,2.0,0
PRJ-304002,31.77,523.0,39.9,3.0,0.1521,39.0,0.4492,4.0,3.0,-4.6,0.0,0.0,0
PRJ-304003,13.28,141.0,196.1,2.0,0.2914,17.0,0.363,4.0,4.0,25.43,0.0,2.0,1
PRJ-304004,2.36,267.0,88.8,6.0,0.3636,47.0,0.5379,2.0,2.0,-6.63,1.0,8.0,0
PRJ-304005,15.46,160.0,62.0,2.0,0.0525,45.0,0.4463,2.0,2.0,0.37,0.0,2.0,0
PRJ-304006,5.95,75.0,26.2,1.0,0.1998,51.0,0.404,4.0,2.0,3.54,0.0,4.0,0
PRJ-304007,22.6,351.0,4.9,4.0,0.1398,47.0,0.7485,1.0,2.0,-4.5,0.0,4.0,0
PRJ-304008,21.1,470.0,14.2,6.0,0.1287,36.0,0.1762,4.0,1.0,3.12,0.0,8.0,0
PRJ-304009,17.4,83.0,45.1,2.0,0.1132,33.0,0.2079,2.0,4.0,-8.75,0.0,3.0,0
PRJ-304010,13.18,362.0,45.2,3.0,0.3068,56.0,0.1432,2.0,2.0,-13.37,0.0,1.0,0
PRJ-304011,26.08,61.0,105.5,4.0,0.1982,17.0,0.3709,3.0,1.0,-7.2,0.0,4.0,0
PRJ-304012,27.75,462.0,21.1,8.0,0.2185,3.0,0.6767,2.0,4.0,-15.58,0.0,6.0,0
PRJ-304013,6.06,76.0,19.6,2.0,0.2925,23.0,0.4607,4.0,3.0,6.97,0.0,1.0,1
PRJ-304014,17.28,260.0,67.1,8.0,0.357,25.0,0.6434,4.0,4.0,-1.15,0.0,1.0,0
PRJ-304015,7.77,106.0,33.5,2.0,0.1958,37.0,0.343,3.0,4.0,-6.21,0.0,3.0,0
PRJ-304016,5.45,249.0,33.2,5.0,0.2546,8.0,0.2821,1.0,4.0,6.62,1.0,6.0,0
PRJ-304017,27.73,257.0,98.5,7.0,0.2848,13.0,0.4218,3.0,3.0,-7.53,1.0,7.0,1
PRJ-304018,19.07,312.0,18.5,8.0,0.2918,54.0,0.311,4.0,3.0,-36.32,0.0,5.0,0
PRJ-304019,13.9,455.0,88.8,5.0,0.3013,28.0,0.3514,4.0,1.0,-6.84,1.0,0.0,1
PRJ-304020,6.48,538.0,61.4,4.0,0.1927,27.0,0.2213,4.0,1.0,8.69,0.0,0.0,0
PRJ-304021,28.24,214.0,30.8,7.0,0.2304,2.0,0.4714,2.0,1.0,11.59,1.0,0.0,0
PRJ-304022,5.89,502.0,44.1,8.0,0.0166,1.0,0.3322,4.0,3.0,-15.16,0.0,6.0,0
PRJ-304023,4.98,256.0,23.1,1.0,0.1128,48.0,0.1963,1.0,4.0,-7.52,1.0,5.0,0
PRJ-304024,11.67,103.0,38.7,3.0,0.1024,38.0,0.2792,3.0,2.0,8.28,0.0,5.0,0
PRJ-304025,18.03,342.0,132.5,3.0,0.2957,22.0,0.2178,0.0,2.0,-18.36,0.0,2.0,0
PRJ-304026,9.21,402.0,25.4,7.0,0.2496,23.0,0.1559,1.0,3.0,-4.2,0.0,2.0,0
PRJ-304027,88.23,194.0,8.6,1.0,0.4558,26.0,0.6159,0.0,2.0,3.26,0.0,4.0,0
PRJ-304028,13.04,336.0,45.1,2.0,0.2814,48.0,0.3991,1.0,4.0,16.33,0.0,7.0,0
PRJ-304029,7.74,259.0,117.4,1.0,0.2638,53.0,0.2845,1.0,1.0,-6.04,0.0,1.0,1
PRJ-304030,8.36,116.0,53.0,8.0,0.1989,25.0,0.2998,1.0,4.0,-17.4,1.0,5.0,1
PRJ-304031,34.01,236.0,36.8,1.0,0.1924,23.0,0.6798,0.0,2.0,-9.91,0.0,8.0,0
PRJ-304032,10.95,256.0,35.6,3.0,0.1034,24.0,0.3027,1.0,1.0,28.2,0.0,8.0,0
PRJ-304033,27.13,214.0,90.5,5.0,0.0686,28.0,0.116,3.0,2.0,3.23,0.0,5.0,0
PRJ-304034,3.17,497.0,57.9,3.0,0.2323,18.0,0.305,4.0,3.0,14.11,0.0,6.0,0
PRJ-304035,22.89,237.0,67.0,1.0,0.4324,17.0,0.5441,4.0,4.0,-0.66,0.0,3.0,1
PRJ-304036,6.71,354.0,49.8,4.0,0.3169,27.0,0.2961,1.0,4.0,-10.07,0.0,8.0,0
PRJ-304037,19.36,50.0,80.5,7.0,0.3001,48.0,0.4165,3.0,1.0,-13.36,0.0,7.0,0
PRJ-304038,6.67,200.0,132.5,3.0,0.5128,17.0,0.3658,0.0,1.0,-6.1,0.0,6.0,0
PRJ-304039,8.78,483.0,44.5,5.0,0.2499,26.0,0.3704,4.0,3.0,8.13,0.0,6.0,1
PRJ-304040,5.34,486.0,57.1,4.0,0.1728,15.0,0.4619,1.0,4.0,-16.23,0.0,1.0,0
PRJ-304041,19.6,528.0,128.7,2.0,0.3731,28.0,0.6672,4.0,4.0,8.15,0.0,1.0,1
PRJ-304042,21.59,73.0,49.7,1.0,0.1616,6.0,0.3795,2.0,1.0,-14.43,0.0,1.0,0
PRJ-304043,6.86,471.0,89.7,7.0,0.102,29.0,0.7423,2.0,2.0,-4.17,0.0,8.0,0
PRJ-304044,3.78,177.0,21.8,8.0,0.2232,42.0,0.5664,2.0,4.0,-1.25,0.0,4.0,0
PRJ-304045,26.89,47.0,24.6,5.0,0.1231,40.0,0.2402,0.0,3.0,6.71,0.0,0.0,0
PRJ-304046,7.45,90.0,153.2,7.0,0.355,37.0,0.6304,1.0,2.0,-4.07,0.0,6.0,0
PRJ-304047,10.56,416.0,75.8,3.0,0.0589,32.0,0.3764,0.0,1.0,5.75,0.0,8.0,0
PRJ-304048,6.02,337.0,40.3,8.0,0.3456,36.0,0.4397,3.0,1.0,-4.33,0.0,7.0,0
PRJ-304049,18.41,328.0,29.4,5.0,0.3489,26.0,0.5924,1.0,2.0,4.09,0.0,1.0,0
PRJ-304050,18.71,481.0,35.7,7.0,0.2888,56.0,0.558,4.0,1.0,-0.85,0.0,2.0,0
PRJ-304051,29.7,91.0,14.8,6.0,0.4021,39.0,0.3941,0.0,2.0,1.77,1.0,0.0,0
PRJ-304052,23.31,85.0,71.5,8.0,0.2898,17.0,0.6079,2.0,1.0,1.6,0.0,7.0,0
PRJ-304053,22.31,506.0,66.5,5.0,0.0856,38.0,0.4778,2.0,3.0,-1.79,0.0,5.0,0
PRJ-304054,11.23,345.0,65.4,7.0,0.4406,19.0,0.7429,0.0,3.0,13.4,0.0,0.0,0
PRJ-304055,10.32,429.0,110.1,8.0,0.1972,42.0,0.27,4.0,4.0,6.54,0.0,3.0,1
PRJ-304056,18.25,304.0,47.6,7.0,0.4784,21.0,0.4183,3.0,2.0,1.49,0.0,3.0,0
PRJ-304057,10.81,116.0,61.5,3.0,0.281,28.0,0.2457,4.0,4.0,-7.1,0.0,3.0,1
PRJ-304058,23.82,303.0,9.0,1.0,0.5135,34.0,0.4179,0.0,1.0,28.45,0.0,0.0,0
PRJ-304059,5.75,522.0,76.4,4.0,0.2846,58.0,0.5857,3.0,1.0,17.91,0.0,8.0,0
PRJ-304060,3.13,103.0,67.7,6.0,0.177,32.0,0.5345,3.0,3.0,-12.52,0.0,2.0,0
PRJ-304061,16.89,107.0,16.6,7.0,0.1018,34.0,0.2557,3.0,4.0,6.72,0.0,0.0,0
PRJ-304062,8.12,216.0,40.4,7.0,0.0812,54.0,0.4736,0.0,3.0,14.44,0.0,8.0,1
PRJ-304063,5.14,270.0,100.0,6.0,0.4965,47.0,0.3017,4.0,1.0,5.44,1.0,2.0,0
PRJ-304064,41.39,356.0,60.2,5.0,0.3267,1.0,0.2631,2.0,1.0,-0.58,0.0,6.0,1
PRJ-304065,11.94,123.0,27.5,8.0,0.1765,27.0,0.1394,4.0,3.0,-7.86,0.0,2.0,0
PRJ-304066,4.33,507.0,67.8,2.0,0.1409,42.0,0.5615,0.0,1.0,5.19,0.0,6.0,0
PRJ-304067,7.46,119.0,143.8,7.0,0.5791,20.0,0.2132,4.0,1.0,-11.34,0.0,1.0,0
PRJ-304068,9.73,144.0,12.3,5.0,0.288,14.0,0.5976,1.0,4.0,-5.02,0.0,2.0,0
PRJ-304069,16.67,524.0,74.5,5.0,0.3616,31.0,0.3702,3.0,4.0,-6.74,0.0,1.0,1
PRJ-304070,7.49,231.0,58.5,4.0,0.0813,10.0,0.0723,2.0,2.0,5.69,0.0,1.0,1
PRJ-304071,10.67,328.0,15.2,6.0,0.0997,34.0,0.2928,2.0,4.0,15.89,0.0,2.0,1
PRJ-304072,14.21,260.0,60.5,8.0,0.0451,40.0,0.5031,0.0,1.0,-6.23,0.0,2.0,0
PRJ-304073,15.99,173.0,29.8,4.0,0.4165,18.0,0.4853,1.0,3.0,-5.07,0.0,1.0,1
PRJ-304074,11.21,295.0,37.1,1.0,0.4189,38.0,0.0984,0.0,3.0,15.05,0.0,8.0,0
PRJ-304075,33.68,429.0,68.1,2.0,0.3201,45.0,0.6837,2.0,1.0,-6.87,0.0,1.0,1
PRJ-304076,18.54,50.0,66.2,2.0,0.1714,16.0,0.6275,4.0,4.0,-34.31,1.0,3.0,1
PRJ-304077,17.88,478.0,65.2,4.0,0.3977,25.0,0.3012,0.0,1.0,21.8,0.0,5.0,0
PRJ-304078,17.46,136.0,195.6,1.0,0.1125,35.0,0.6603,0.0,3.0,11.62,1.0,8.0,0
PRJ-304079,23.93,499.0,41.7,3.0,0.1648,39.0,0.5467,1.0,1.0,9.2,1.0,1.0,0
PRJ-304080,13.59,521.0,18.4,6.0,0.3788,36.0,0.2449,1.0,1.0,4.04,1.0,4.0,0
PRJ-304081,5.69,506.0,75.1,6.0,0.4007,17.0,0.2707,3.0,2.0,-1.41,1.0,8.0,0
PRJ-304082,15.5,367.0,58.2,6.0,0.1632,7.0,0.6018,0.0,2.0,-22.87,0.0,3.0,0
PRJ-304083,16.79,493.0,31.0,6.0,0.0788,29.0,0.4583,3.0,3.0,-3.06,1.0,2.0,0
PRJ-304084,26.31,470.0,29.3,1.0,0.2726,18.0,0.4361,0.0,2.0,-3.34,0.0,6.0,1
PRJ-304085,5.28,361.0,115.0,8.0,0.2215,21.0,0.2248,1.0,1.0,-2.05,0.0,5.0,0
PRJ-304086,6.24,486.0,5.8,3.0,0.1681,47.0,0.2273,1.0,1.0,6.44,1.0,3.0,1
PRJ-304087,12.2,214.0,57.2,1.0,0.0869,25.0,0.3978,2.0,4.0,17.62,0.0,7.0,1
PRJ-304088,17.79,458.0,28.4,7.0,0.1811,54.0,0.1383,0.0,1.0,-1.4,0.0,7.0,0
PRJ-304089,4.61,503.0,63.1,4.0,0.1857,40.0,0.413,1.0,2.0,-2.96,0.0,6.0,0
PRJ-304090,5.39,359.0,24.8,3.0,0.2369,10.0,0.3198,1.0,3.0,17.56,1.0,6.0,0
PRJ-304091,20.55,105.0,64.2,4.0,0.4469,9.0,0.4433,1.0,3.0,-10.02,0.0,0.0,0
PRJ-304092,4.75,150.0,96.1,5.0,0.2919,39.0,0.2634,2.0,1.0,-0.87,1.0,3.0,0
PRJ-304093,6.31,128.0,31.7,5.0,0.0384,14.0,0.2241,0.0,3.0,-0.15,0.0,3.0,0
PRJ-304094,21.39,308.0,35.7,1.0,0.3272,56.0,0.4141,4.0,2.0,-10.01,0.0,0.0,0
PRJ-304095,17.62,259.0,62.5,1.0,0.254,21.0,0.0688,2.0,1.0,-4.58,1.0,7.0,0
PRJ-304096,7.54,454.0,79.6,8.0,0.0575,1.0,0.358,4.0,1.0,-4.43,0.0,2.0,0
PRJ-304097,16.33,185.0,171.9,4.0,0.2481,16.0,0.0741,3.0,3.0,8.82,0.0,8.0,0
PRJ-304098,14.36,126.0,36.3,8.0,0.1081,50.0,0.3183,3.0,1.0,-3.97,1.0,0.0,0
PRJ-304099,10.91,349.0,35.6,6.0,0.2828,10.0,0.4925,0.0,2.0,-3.64,0.0,6.0,0
PRJ-304100,9.06,113.0,19.6,6.0,0.3525,27.0,0.2309,4.0,1.0,5.19,1.0,1.0,0
PRJ-304101,15.92,493.0,4.0,3.0,0.093,49.0,0.2117,0.0,2.0,-6.33,0.0,3.0,0
PRJ-304102,5.05,85.0,96.7,7.0,0.464,52.0,0.2568,1.0,4.0,-11.39,0.0,4.0,0
PRJ-304103,15.8,288.0,43.3,6.0,0.2185,9.0,0.318,0.0,3.0,31.35,0.0,5.0,0
PRJ-304104,13.5,514.0,19.0,7.0,0.2063,47.0,0.4746,4.0,3.0,-1.13,1.0,3.0,0
PRJ-304105,14.14,319.0,86.8,3.0,0.0895,38.0,0.2187,3.0,1.0,2.24,0.0,6.0,0
PRJ-304106,6.11,445.0,74.9,5.0,0.1482,11.0,0.487,1.0,2.0,-3.69,1.0,0.0,0
PRJ-304107,26.72,254.0,35.3,3.0,0.1465,27.0,0.2439,3.0,1.0,-18.51,1.0,3.0,0
PRJ-304108,7.56,418.0,59.0,8.0,0.0051,7.0,0.3208,1.0,4.0,-6.67,0.0,3.0,0
PRJ-304109,8.41,395.0,22.0,8.0,0.3139,9.0,0.6712,2.0,2.0,-13.85,1.0,8.0,0
PRJ-304110,10.62,299.0,77.6,3.0,0.0628,53.0,0.3597,2.0,4.0,6.07,0.0,8.0,0
PRJ-304111,17.59,94.0,30.3,1.0,0.1157,17.0,0.1908,4.0,1.0,4.53,0.0,2.0,0
PRJ-304112,13.86,525.0,104.4,2.0,0.4375,20.0,0.2572,0.0,4.0,6.5,0.0,8.0,1
PRJ-304113,3.68,69.0,68.8,3.0,0.3656,6.0,0.3398,2.0,1.0,-12.27,0.0,8.0,0
PRJ-304114,11.83,221.0,15.6,1.0,0.0228,21.0,0.0768,2.0,2.0,-24.45,0.0,6.0,0
PRJ-304115,12.49,362.0,96.9,8.0,0.3505,5.0,0.6627,3.0,3.0,-27.72,0.0,6.0,0
PRJ-304116,27.13,425.0,91.7,4.0,0.0792,47.0,0.3003,1.0,3.0,4.33,1.0,6.0,0
PRJ-304117,9.62,309.0,83.4,2.0,0.308,21.0,0.3668,2.0,3.0,-5.22,0.0,7.0,0
PRJ-304118,16.62,243.0,86.6,5.0,0.1289,58.0,0.0991,0.0,4.0,-15.81,0.0,4.0,0
PRJ-304119,53.33,246.0,47.9,4.0,0.155,45.0,0.424,4.0,1.0,6.11,0.0,8.0,0
PRJ-304120,24.26,527.0,58.2,2.0,0.1509,49.0,0.6464,4.0,2.0,9.96,0.0,0.0,0
PRJ-304121,5.87,210.0,41.2,4.0,0.2308,23.0,0.5689,0.0,2.0,-1.2,0.0,0.0,0
PRJ-304122,19.11,468.0,9.0,5.0,0.1634,56.0,0.6014,0.0,3.0,-7.48,0.0,3.0,0
PRJ-304123,15.84,70.0,68.0,6.0,0.3329,34.0,0.2718,0.0,4.0,-3.17,0.0,7.0,0
PRJ-304124,9.41,371.0,12.2,2.0,0.1883,8.0,0.1405,3.0,4.0,13.55,0.0,0.0,0
PRJ-304125,19.25,381.0,19.6,5.0,0.4197,7.0,0.3761,2.0,4.0,12.19,0.0,3.0,1
PRJ-304126,5.81,379.0,29.0,7.0,0.373,55.0,0.6216,3.0,2.0,-3.22,0.0,5.0,0
PRJ-304127,7.67,253.0,50.2,6.0,0.0339,52.0,0.5429,3.0,2.0,1.14,0.0,1.0,0
PRJ-304128,10.7,386.0,150.1,8.0,0.3698,36.0,0.2816,2.0,4.0,54.08,0.0,5.0,1
PRJ-304129,9.11,265.0,28.8,8.0,0.0161,19.0,0.2837,4.0,4.0,24.88,0.0,4.0,0
PRJ-304130,17.94,338.0,158.2,4.0,0.2909,40.0,0.169,1.0,2.0,0.06,0.0,8.0,0
PRJ-304131,11.61,487.0,89.9,4.0,0.4907,11.0,0.1112,2.0,4.0,16.68,0.0,5.0,1
PRJ-304132,8.49,377.0,62.1,4.0,0.8549,51.0,0.2469,1.0,1.0,4.14,0.0,5.0,0
PRJ-304133,24.01,410.0,26.1,4.0,0.1683,21.0,0.3139,0.0,1.0,17.32,1.0,1.0,0
PRJ-304134,17.51,524.0,50.7,2.0,0.1538,23.0,0.3466,1.0,3.0,-9.03,0.0,6.0,0
PRJ-304135,4.21,153.0,53.8,8.0,0.4699,58.0,0.3673,1.0,2.0,8.43,1.0,8.0,0
PRJ-304136,4.15,336.0,76.9,5.0,0.0469,51.0,0.5645,0.0,3.0,11.82,0.0,5.0,1
PRJ-304137,8.54,370.0,27.3,2.0,0.2307,37.0,0.5497,3.0,2.0,-0.68,0.0,7.0,0
PRJ-304138,4.59,389.0,91.8,8.0,0.3748,5.0,0.3484,0.0,2.0,-5.53,0.0,4.0,0
PRJ-304139,21.65,110.0,46.4,8.0,0.3195,7.0,0.1364,1.0,1.0,2.31,1.0,8.0,0
PRJ-304140,7.92,421.0,67.8,5.0,0.3214,31.0,0.3709,1.0,3.0,-16.67,0.0,3.0,0
PRJ-304141,16.61,141.0,43.6,8.0,0.2715,9.0,0.2108,4.0,3.0,-5.12,0.0,2.0,0
PRJ-304142,18.94,247.0,113.3,8.0,0.2543,15.0,0.6215,3.0,2.0,-7.0,0.0,1.0,0
PRJ-304143,2.84,398.0,20.7,8.0,0.2368,45.0,0.3068,0.0,3.0,9.86,0.0,4.0,0
PRJ-304144,8.18,175.0,59.5,8.0,0.298,18.0,0.2436,2.0,2.0,5.79,0.0,0.0,0
PRJ-304145,10.37,107.0,15.3,1.0,0.3152,50.0,0.5939,2.0,1.0,7.36,0.0,7.0,0
PRJ-304146,14.27,379.0,71.8,1.0,0.1291,42.0,0.2862,1.0,3.0,13.74,1.0,6.0,0
PRJ-304147,20.89,183.0,19.2,5.0,0.0981,4.0,0.376,3.0,3.0,-13.79,0.0,5.0,0
PRJ-304148,42.54,454.0,39.4,6.0,0.347,2.0,0.3653,0.0,3.0,19.03,0.0,7.0,1
PRJ-304149,31.62,489.0,35.8,7.0,0.2556,17.0,0.5829,1.0,1.0,10.6,0.0,7.0,0
PRJ-304150,11.52,218.0,184.1,6.0,0.3157,3.0,0.2571,4.0,2.0,-16.86,0.0,6.0,1
PRJ-304151,11.43,410.0,26.8,3.0,0.278,2.0,0.4088,3.0,2.0,8.96,1.0,0.0,0
PRJ-304152,29.59,155.0,92.3,8.0,0.2016,29.0,0.2693,0.0,3.0,6.44,0.0,6.0,0
PRJ-304153,11.95,505.0,3.8,5.0,0.1399,7.0,0.289,4.0,1.0,4.57,0.0,4.0,0
PRJ-304154,8.05,166.0,50.3,6.0,0.1425,59.0,0.382,3.0,1.0,-11.52,0.0,1.0,0
PRJ-304155,21.87,481.0,116.7,3.0,0.504,8.0,0.3046,0.0,1.0,-0.49,0.0,8.0,0
PRJ-304156,14.72,434.0,9.6,7.0,0.357,54.0,0.2068,4.0,4.0,7.62,1.0,2.0,0
PRJ-304157,4.1,199.0,89.5,2.0,0.5197,26.0,0.4259,0.0,3.0,0.16,0.0,6.0,0
PRJ-304158,9.68,453.0,43.9,7.0,0.1325,33.0,0.3526,2.0,2.0,-16.15,0.0,2.0,0
PRJ-304159,4.69,358.0,5.5,7.0,0.1523,0.0,0.5094,3.0,1.0,-4.62,1.0,0.0,1
PRJ-304160,1.81,376.0,98.4,6.0,0.1987,47.0,0.5004,1.0,4.0,3.98,0.0,8.0,0
PRJ-304161,34.35,232.0,74.2,8.0,0.1561,42.0,0.2928,4.0,4.0,-2.47,0.0,7.0,0
PRJ-304162,12.98,160.0,23.7,8.0,0.2176,30.0,0.3572,3.0,4.0,22.3,1.0,8.0,0
PRJ-304163,9.93,390.0,77.4,1.0,0.5053,24.0,0.2586,2.0,4.0,8.76,0.0,2.0,0
PRJ-304164,8.49,70.0,10.4,2.0,0.1817,31.0,0.2763,2.0,1.0,8.3,1.0,0.0,0
PRJ-304165,12.1,217.0,30.5,1.0,0.1979,24.0,0.3197,2.0,1.0,1.93,0.0,5.0,0
PRJ-304166,8.42,115.0,49.3,3.0,0.3107,51.0,0.7339,2.0,2.0,-5.48,0.0,5.0,0
PRJ-304167,5.95,45.0,47.4,5.0,0.2902,57.0,0.5326,1.0,4.0,20.17,0.0,3.0,0
PRJ-304168,8.76,48.0,66.3,2.0,0.5396,27.0,0.2244,3.0,4.0,-4.61,0.0,5.0,0
PRJ-304169,27.81,91.0,181.1,1.0,0.3388,19.0,0.3958,1.0,3.0,0.72,0.0,7.0,1
PRJ-304170,21.56,510.0,56.6,6.0,0.1449,45.0,0.497,3.0,3.0,-1.13,0.0,1.0,0
PRJ-304171,8.77,426.0,57.7,6.0,0.2019,2.0,0.1783,0.0,2.0,-16.71,0.0,7.0,1
PRJ-304172,36.52,534.0,104.6,3.0,0.1448,32.0,0.5729,0.0,3.0,5.21,0.0,8.0,0
PRJ-304173,11.43,86.0,47.2,6.0,0.2568,24.0,0.7379,2.0,1.0,11.6,1.0,8.0,0
PRJ-304174,6.92,538.0,7.9,5.0,0.2429,34.0,0.3691,1.0,1.0,-6.97,1.0,2.0,0
PRJ-304175,15.15,341.0,52.5,4.0,0.1315,28.0,0.1368,4.0,3.0,-3.64,0.0,4.0,0
PRJ-304176,30.56,438.0,6.8,1.0,0.1606,45.0,0.3366,3.0,2.0,-9.94,0.0,4.0,1
PRJ-304177,26.99,469.0,98.0,7.0,0.0793,28.0,0.567,3.0,4.0,21.45,0.0,5.0,1
PRJ-304178,7.16,174.0,48.9,5.0,0.2456,13.0,0.233,3.0,1.0,5.11,0.0,4.0,0
PRJ-304179,5.13,411.0,64.4,1.0,0.4738,27.0,0.1374,2.0,1.0,15.72,1.0,1.0,0
PRJ-304180,9.33,365.0,21.0,2.0,0.2017,47.0,0.3672,0.0,3.0,-5.02,0.0,3.0,0
PRJ-304181,16.81,249.0,22.0,3.0,0.3797,20.0,0.4916,2.0,4.0,6.61,1.0,5.0,0
PRJ-304182,19.78,288.0,73.6,2.0,0.4345,26.0,0.2774,1.0,3.0,-18.83,0.0,7.0,1
PRJ-304183,24.64,148.0,39.3,7.0,0.2112,32.0,0.23,3.0,3.0,-7.25,0.0,8.0,0
PRJ-304184,13.45,136.0,27.0,8.0,0.2544,31.0,0.5852,4.0,1.0,24.34,0.0,5.0,0
PRJ-304185,13.74,501.0,116.6,1.0,0.2221,52.0,0.6124,4.0,1.0,4.87,0.0,7.0,1
PRJ-304186,13.13,407.0,53.5,2.0,0.0758,58.0,0.5082,3.0,1.0,-3.97,1.0,5.0,0
PRJ-304187,22.67,325.0,30.2,3.0,0.1632,21.0,0.2673,3.0,2.0,-22.1,0.0,3.0,0
PRJ-304188,20.0,388.0,55.9,8.0,0.2932,39.0,0.4224,4.0,2.0,2.17,0.0,5.0,0
PRJ-304189,6.98,245.0,34.8,5.0,0.1332,32.0,0.2495,2.0,1.0,-5.06,0.0,2.0,0
PRJ-304190,18.48,168.0,69.2,8.0,0.2754,41.0,0.3325,0.0,4.0,10.17,0.0,2.0,0
PRJ-304191,21.76,511.0,19.9,2.0,0.2298,50.0,0.3751,4.0,3.0,-17.44,0.0,3.0,0
PRJ-304192,22.86,534.0,99.1,1.0,0.2858,50.0,0.2275,2.0,3.0,10.68,1.0,7.0,1
PRJ-304193,14.73,151.0,34.7,4.0,0.3715,23.0,0.2283,4.0,1.0,-5.44,0.0,7.0,0
PRJ-304194,14.22,441.0,14.8,7.0,0.2117,57.0,0.3629,4.0,1.0,-12.44,0.0,3.0,0
PRJ-304195,11.76,263.0,16.6,7.0,0.2832,8.0,0.4873,3.0,2.0,2.21,0.0,4.0,0
PRJ-304196,12.58,395.0,41.5,4.0,0.1036,42.0,0.5886,2.0,2.0,21.81,0.0,2.0,1
PRJ-304197,33.1,98.0,27.1,3.0,0.09,25.0,0.294,4.0,1.0,8.67,0.0,2.0,0
PRJ-304198,12.86,282.0,12.1,1.0,0.178,26.0,0.2816,4.0,2.0,3.71,0.0,8.0,0
PRJ-304199,7.38,106.0,12.8,4.0,0.2946,30.0,0.3743,4.0,4.0,-6.45,0.0,5.0,0
PRJ-304200,14.93,448.0,49.2,5.0,0.2385,40.0,0.5292,2.0,3.0,17.0,0.0,4.0,0
PRJ-304201,19.53,242.0,58.3,1.0,0.1559,52.0,0.2607,2.0,2.0,4.17,0.0,3.0,0
PRJ-304202,22.27,175.0,51.8,8.0,0.3344,16.0,0.4222,3.0,3.0,-23.69,1.0,6.0,1
PRJ-304203,5.9,391.0,114.4,6.0,0.2598,51.0,0.4482,1.0,2.0,9.14,0.0,5.0,0
PRJ-304204,28.99,517.0,64.4,3.0,0.3506,51.0,0.4406,0.0,3.0,2.87,1.0,3.0,0
PRJ-304205,19.07,212.0,29.9,3.0,0.1008,46.0,0.1488,3.0,1.0,-1.48,0.0,3.0,0
PRJ-304206,27.98,400.0,258.7,3.0,0.098,42.0,0.2834,2.0,1.0,14.87,0.0,3.0,1
PRJ-304207,4.46,386.0,22.8,7.0,0.0934,22.0,0.5348,0.0,3.0,-8.9,0.0,6.0,1
PRJ-304208,23.4,287.0,10.7,6.0,0.0964,15.0,0.3809,4.0,4.0,-6.37,0.0,4.0,1
PRJ-304209,5.7,443.0,76.3,1.0,0.1802,16.0,0.4216,1.0,1.0,-2.19,1.0,4.0,0
PRJ-304210,10.07,108.0,150.7,3.0,0.084,23.0,0.5001,3.0,2.0,4.88,0.0,8.0,1
PRJ-304211,19.47,479.0,87.5,7.0,0.3888,26.0,0.4528,1.0,3.0,-7.39,1.0,4.0,1
PRJ-304212,5.32,245.0,39.7,3.0,0.1808,12.0,0.4573,1.0,4.0,-12.02,0.0,8.0,0
PRJ-304213,8.37,67.0,25.1,7.0,0.4737,19.0,0.3647,4.0,1.0,-2.53,0.0,0.0,0
PRJ-304214,4.4,534.0,72.6,5.0,0.1296,14.0,0.3367,4.0,4.0,-6.15,0.0,1.0,1
PRJ-304215,19.14,427.0,41.4,7.0,0.532,58.0,0.429,2.0,4.0,19.68,0.0,8.0,0
PRJ-304216,6.9,449.0,38.0,5.0,0.3359,30.0,0.3685,2.0,1.0,-24.81,0.0,2.0,0
PRJ-304217,12.33,117.0,120.6,6.0,0.0844,5.0,0.6812,3.0,3.0,10.44,0.0,0.0,1
PRJ-304218,15.86,416.0,8.2,4.0,0.3269,29.0,0.4416,0.0,2.0,-24.72,0.0,1.0,1
PRJ-304219,14.82,390.0,62.1,2.0,0.5183,30.0,0.5725,4.0,4.0,-1.16,0.0,1.0,0
PRJ-304220,13.97,491.0,26.6,8.0,0.6745,26.0,0.2245,2.0,3.0,-13.21,0.0,6.0,0
PRJ-304221,13.95,228.0,47.7,4.0,0.0879,23.0,0.2596,0.0,1.0,-18.85,0.0,0.0,0
PRJ-304222,4.61,504.0,22.2,1.0,0.0795,32.0,0.062,3.0,4.0,15.62,0.0,3.0,0
PRJ-304223,10.45,395.0,41.4,4.0,0.269,46.0,0.4701,3.0,2.0,8.49,0.0,1.0,0
PRJ-304224,13.87,170.0,203.8,4.0,0.3177,44.0,0.3018,3.0,3.0,0.49,0.0,4.0,1
PRJ-304225,12.91,150.0,81.9,2.0,0.3711,35.0,0.2613,3.0,3.0,1.31,1.0,3.0,0
PRJ-304226,11.26,492.0,72.6,8.0,0.0462,43.0,0.2236,4.0,2.0,-9.43,0.0,7.0,0
PRJ-304227,7.56,364.0,48.7,4.0,0.0799,3.0,0.1756,2.0,3.0,-5.79,0.0,0.0,0
PRJ-304228,14.62,103.0,45.4,3.0,0.1001,3.0,0.434,0.0,4.0,-8.54,0.0,1.0,0
PRJ-304229,16.39,107.0,51.1,6.0,0.0405,40.0,0.5108,4.0,4.0,-6.57,0.0,2.0,0
PRJ-304230,9.14,454.0,67.4,6.0,0.0449,24.0,0.5425,2.0,4.0,-2.81,0.0,3.0,0
PRJ-304231,22.37,129.0,83.0,4.0,0.1596,29.0,0.3692,2.0,1.0,15.71,0.0,6.0,0
PRJ-304232,29.36,153.0,162.7,8.0,0.2444,48.0,0.5369,1.0,3.0,6.86,1.0,2.0,0
PRJ-304233,12.49,349.0,39.6,8.0,0.1362,36.0,0.0921,0.0,3.0,3.47,0.0,6.0,0
PRJ-304234,7.09,472.0,118.6,4.0,0.1448,33.0,0.506,4.0,2.0,-12.17,1.0,4.0,0
PRJ-304235,5.27,211.0,163.9,6.0,0.0469,5.0,0.754,3.0,3.0,5.1,0.0,0.0,1
PRJ-304236,9.97,374.0,87.4,1.0,0.4291,57.0,0.7327,2.0,4.0,-30.14,1.0,8.0,1
PRJ-304237,11.9,393.0,44.8,4.0,0.4472,30.0,0.3586,2.0,4.0,-8.58,0.0,7.0,0
PRJ-304238,5.07,342.0,87.8,4.0,0.1041,22.0,0.345,1.0,2.0,-15.07,1.0,6.0,0
PRJ-304239,9.77,384.0,11.5,4.0,0.3927,31.0,0.3167,4.0,4.0,-4.73,0.0,3.0,0
PRJ-304240,21.64,157.0,145.9,7.0,0.5129,57.0,0.2023,1.0,2.0,-3.72,0.0,7.0,0
PRJ-304241,2.53,352.0,93.1,5.0,0.3576,8.0,0.3154,4.0,2.0,-5.48,1.0,7.0,1
PRJ-304242,13.01,46.0,43.4,4.0,0.198,7.0,0.3513,0.0,2.0,-0.49,0.0,5.0,0
PRJ-304243,8.34,406.0,41.0,4.0,0.6199,36.0,0.1488,0.0,1.0,1.52,0.0,3.0,0
PRJ-304244,12.14,437.0,14.4,5.0,0.332,49.0,0.382,1.0,1.0,15.79,1.0,1.0,0
PRJ-304245,30.33,437.0,103.0,2.0,0.4244,54.0,0.3262,1.0,3.0,-10.0,0.0,8.0,1
PRJ-304246,11.77,59.0,41.7,2.0,0.2292,50.0,0.3515,2.0,4.0,-10.28,0.0,1.0,0
PRJ-304247,10.68,496.0,154.3,5.0,0.337,1.0,0.2156,0.0,3.0,-1.58,0.0,7.0,1
PRJ-304248,18.38,260.0,11.3,3.0,0.1982,34.0,0.3281,1.0,4.0,3.36,0.0,2.0,0
PRJ-304249,14.74,84.0,22.6,6.0,0.1786,15.0,0.3714,4.0,4.0,0.17,0.0,2.0,0
PRJ-304250,13.04,309.0,20.3,8.0,0.0218,8.0,0.4797,1.0,3.0,21.64,1.0,3.0,0
PRJ-304251,15.09,327.0,3.4,3.0,0.1199,19.0,0.5207,0.0,1.0,9.88,0.0,5.0,1
PRJ-304252,25.34,244.0,76.5,5.0,0.1006,57.0,0.6229,0.0,4.0,16.2,0.0,3.0,0
PRJ-304253,20.78,415.0,17.4,3.0,0.1327,32.0,0.5467,2.0,3.0,5.15,0.0,3.0,1
PRJ-304254,10.2,314.0,22.7,7.0,0.3356,12.0,0.7523,4.0,2.0,0.73,0.0,1.0,0
PRJ-304255,29.35,152.0,18.4,2.0,0.3372,44.0,0.2328,1.0,4.0,-30.67,0.0,4.0,0
PRJ-304256,8.69,351.0,35.2,5.0,0.1284,59.0,0.4859,2.0,3.0,0.27,0.0,6.0,0
PRJ-304257,13.01,175.0,134.2,3.0,0.4469,39.0,0.6222,2.0,1.0,-4.25,1.0,3.0,0
PRJ-304258,13.98,103.0,67.4,7.0,0.4544,25.0,0.2523,3.0,4.0,-3.94,0.0,3.0,0
PRJ-304259,9.88,177.0,55.2,2.0,0.1247,27.0,0.3499,3.0,1.0,11.49,0.0,5.0,0
PRJ-304260,27.42,493.0,47.7,2.0,0.3458,19.0,0.2455,0.0,4.0,-16.31,0.0,6.0,1
PRJ-304261,9.55,328.0,30.8,7.0,0.3288,57.0,0.5209,0.0,1.0,12.65,0.0,3.0,0
PRJ-304262,11.17,202.0,31.2,5.0,0.1465,16.0,0.5856,4.0,3.0,7.14,0.0,5.0,1
PRJ-304263,22.68,226.0,53.2,6.0,0.2763,20.0,0.3631,1.0,1.0,2.22,0.0,5.0,0
PRJ-304264,8.9,470.0,124.5,7.0,0.4246,5.0,0.6155,2.0,1.0,9.28,0.0,2.0,0
PRJ-304265,4.93,374.0,29.0,3.0,0.1846,47.0,0.7094,4.0,1.0,-22.05,0.0,2.0,0
PRJ-304266,13.25,427.0,95.1,2.0,0.4111,25.0,0.4563,4.0,1.0,4.02,0.0,7.0,0
PRJ-304267,6.0,347.0,19.2,8.0,0.4759,49.0,0.3022,1.0,3.0,-18.41,1.0,8.0,0
PRJ-304268,5.54,536.0,76.1,1.0,0.5441,8.0,0.4933,4.0,1.0,3.64,0.0,5.0,0
PRJ-304269,2.57,370.0,121.2,6.0,0.1689,6.0,0.1103,1.0,3.0,-15.07,0.0,8.0,0
PRJ-304270,2.82,243.0,45.0,4.0,0.0624,25.0,0.4019,3.0,4.0,-10.25,0.0,7.0,0
PRJ-304271,2.97,169.0,31.0,2.0,0.109,2.0,0.2148,1.0,1.0,-6.15,0.0,6.0,0
PRJ-304272,31.73,67.0,75.9,8.0,0.4306,40.0,0.2398,1.0,4.0,-4.12,0.0,6.0,0
PRJ-304273,2.96,424.0,144.1,7.0,0.2347,59.0,0.3759,3.0,2.0,1.56,0.0,5.0,0
PRJ-304274,5.89,506.0,92.2,2.0,0.4744,57.0,0.2745,4.0,1.0,7.75,0.0,0.0,0
PRJ-304275,11.3,373.0,157.2,7.0,0.4216,21.0,0.2748,4.0,2.0,28.05,0.0,5.0,0
PRJ-304276,17.87,286.0,48.4,7.0,0.5943,14.0,0.2198,2.0,1.0,-8.9,0.0,5.0,0
PRJ-304277,19.03,109.0,46.1,5.0,0.2669,40.0,0.4318,1.0,3.0,0.72,1.0,3.0,0
PRJ-304278,7.09,363.0,12.6,8.0,0.4876,8.0,0.507,2.0,1.0,-1.9,0.0,7.0,0
PRJ-304279,12.85,144.0,29.9,2.0,0.1011,1.0,0.3937,4.0,2.0,-13.64,1.0,3.0,1
PRJ-304280,11.08,352.0,43.5,1.0,0.0851,28.0,0.6479,0.0,2.0,-24.46,0.0,3.0,0
PRJ-304281,12.38,193.0,46.9,7.0,0.371,45.0,0.2363,0.0,1.0,-12.32,0.0,4.0,0
PRJ-304282,13.47,473.0,74.9,3.0,0.435,50.0,0.5958,3.0,1.0,-7.62,0.0,8.0,1
PRJ-304283,15.83,508.0,32.5,1.0,0.4958,21.0,0.3767,4.0,1.0,-5.5,0.0,2.0,1
PRJ-304284,8.23,160.0,34.1,8.0,0.221,4.0,0.3299,1.0,1.0,-18.08,0.0,4.0,0
PRJ-304285,24.68,206.0,175.1,4.0,0.3893,34.0,0.2142,1.0,1.0,-4.58,0.0,2.0,1
PRJ-304286,9.6,501.0,3.6,7.0,0.2,47.0,0.3609,1.0,1.0,-3.06,0.0,6.0,0
PRJ-304287,41.41,54.0,5.2,7.0,0.3113,2.0,0.5501,0.0,4.0,-11.75,1.0,4.0,0
PRJ-304288,8.58,300.0,22.0,3.0,0.2639,25.0,0.3387,2.0,3.0,8.13,0.0,1.0,0
PRJ-304289,13.0,115.0,4.9,7.0,0.1278,6.0,0.3876,3.0,1.0,-21.46,0.0,5.0,1
PRJ-304290,11.15,259.0,6.4,4.0,0.1833,29.0,0.253,2.0,1.0,2.4,0.0,8.0,1
PRJ-304291,12.68,60.0,35.9,6.0,0.1058,49.0,0.2698,1.0,2.0,-3.68,0.0,4.0,0
PRJ-304292,23.05,114.0,60.6,3.0,0.108,33.0,0.5787,2.0,1.0,0.1,0.0,1.0,0
PRJ-304293,10.73,244.0,34.8,1.0,0.0708,33.0,0.6286,0.0,2.0,4.06,0.0,1.0,0
PRJ-304294,5.38,74.0,63.2,2.0,0.3287,10.0,0.3059,2.0,3.0,2.6,0.0,4.0,0
PRJ-304295,8.13,439.0,83.3,3.0,0.4764,46.0,0.1844,2.0,4.0,-24.41,1.0,3.0,0
PRJ-304296,10.75,331.0,55.6,5.0,0.4466,48.0,0.283,2.0,3.0,-3.99,0.0,8.0,0
PRJ-304297,13.75,267.0,63.1,7.0,0.0957,9.0,0.3394,0.0,4.0,4.68,0.0,6.0,0
PRJ-304298,7.12,278.0,38.4,2.0,0.3613,42.0,0.1723,1.0,3.0,5.09,0.0,1.0,0
PRJ-304299,7.66,460.0,32.5,6.0,0.3945,19.0,0.3756,2.0,3.0,-10.48,0.0,7.0,0
PRJ-304300,14.07,463.0,4.3,6.0,0.2796,58.0,0.3907,4.0,1.0,-13.89,0.0,4.0,0
PRJ-304301,14.38,68.0,86.3,7.0,0.326,51.0,0.279,4.0,3.0,5.94,0.0,6.0,0
PRJ-304302,21.08,384.0,53.7,7.0,0.2578,47.0,0.2481,1.0,4.0,4.96,0.0,6.0,1
PRJ-304303,8.06,277.0,59.7,1.0,0.1987,35.0,0.5176,0.0,3.0,-13.86,1.0,5.0,0
PRJ-304304,16.81,432.0,12.0,2.0,0.269,22.0,0.5559,1.0,4.0,-16.33,1.0,4.0,0
PRJ-304305,11.16,434.0,23.2,8.0,0.1009,40.0,0.3935,1.0,4.0,-5.83,0.0,2.0,0
PRJ-304306,8.86,395.0,36.8,6.0,0.1023,36.0,0.5186,2.0,3.0,-10.45,1.0,3.0,0
PRJ-304307,11.4,378.0,17.3,2.0,0.4048,12.0,0.581,3.0,1.0,0.35,1.0,3.0,1
PRJ-304308,12.45,149.0,55.0,8.0,0.2189,32.0,0.2761,1.0,2.0,14.98,0.0,1.0,1
PRJ-304309,4.98,467.0,52.2,3.0,0.3831,33.0,0.3381,2.0,2.0,-16.23,0.0,5.0,0
PRJ-304310,5.26,391.0,49.7,3.0,0.1427,55.0,0.3505,0.0,1.0,-2.96,0.0,0.0,0
PRJ-304311,18.26,180.0,85.4,7.0,0.4971,44.0,0.4337,2.0,3.0,-10.63,0.0,8.0,0
PRJ-304312,9.45,160.0,55.9,8.0,0.4658,50.0,0.3528,2.0,1.0,7.66,0.0,1.0,0
PRJ-304313,13.81,292.0,114.6,4.0,0.3276,10.0,0.5974,0.0,3.0,8.44,0.0,1.0,1
PRJ-304314,17.92,214.0,57.3,6.0,0.206,37.0,0.2906,4.0,2.0,-12.32,0.0,7.0,0
PRJ-304315,11.44,380.0,27.4,6.0,0.4965,17.0,0.119,2.0,4.0,11.67,0.0,5.0,0
PRJ-304316,17.0,246.0,46.3,2.0,0.3969,14.0,0.0959,0.0,4.0,8.48,0.0,0.0,1
PRJ-304317,12.5,128.0,2.2,5.0,0.0758,0.0,0.4867,3.0,4.0,-3.54,0.0,3.0,1
PRJ-304318,12.88,240.0,60.2,1.0,0.1992,33.0,0.2125,4.0,2.0,7.4,0.0,7.0,1
PRJ-304319,24.21,448.0,23.9,7.0,0.1682,57.0,0.3698,2.0,3.0,-17.96,0.0,3.0,0
PRJ-304320,10.65,456.0,51.3,7.0,0.1704,37.0,0.3613,1.0,4.0,21.32,0.0,5.0,0
PRJ-304321,18.39,199.0,27.1,2.0,0.2025,53.0,0.4054,0.0,2.0,-0.91,1.0,6.0,0
PRJ-304322,4.37,438.0,17.3,5.0,0.1784,40.0,0.5458,3.0,2.0,13.52,0.0,8.0,0
PRJ-304323,13.5,91.0,139.0,1.0,0.2277,5.0,0.3946,0.0,4.0,-8.78,0.0,5.0,1
PRJ-304324,27.99,532.0,26.7,1.0,0.1039,43.0,0.1663,2.0,2.0,-20.58,0.0,5.0,0
PRJ-304325,43.22,424.0,22.7,6.0,0.2391,49.0,0.4064,3.0,2.0,4.02,1.0,4.0,1
PRJ-304326,4.53,65.0,77.1,7.0,0.1625,48.0,0.3851,0.0,3.0,-10.5,0.0,4.0,0
PRJ-304327,9.41,393.0,35.9,7.0,0.4732,32.0,0.6084,0.0,3.0,-9.2,1.0,0.0,1
PRJ-304328,6.09,289.0,25.0,3.0,0.3253,31.0,0.1643,3.0,1.0,1.25,1.0,2.0,0
PRJ-304329,10.93,482.0,78.7,8.0,0.2922,57.0,0.5288,1.0,2.0,8.4,1.0,0.0,0
PRJ-304330,20.26,163.0,45.2,5.0,0.492,59.0,0.2968,1.0,4.0,2.66,1.0,2.0,1
PRJ-304331,24.74,486.0,86.0,4.0,0.1951,30.0,0.0841,2.0,3.0,11.05,1.0,4.0,1
PRJ-304332,25.23,475.0,117.3,3.0,0.3517,45.0,0.3335,4.0,3.0,-4.05,1.0,7.0,1
PRJ-304333,4.24,182.0,35.2,6.0,0.1229,12.0,0.6236,2.0,2.0,14.7,0.0,7.0,0
PRJ-304334,12.28,259.0,74.2,3.0,0.0475,39.0,0.49,0.0,1.0,8.24,0.0,0.0,0
PRJ-304335,7.95,362.0,121.0,4.0,0.1193,51.0,0.2778,0.0,2.0,-14.67,0.0,4.0,0
PRJ-304336,10.52,163.0,142.8,4.0,0.3359,54.0,0.4266,2.0,1.0,5.99,0.0,3.0,0
PRJ-304337,8.72,539.0,29.5,3.0,0.1242,56.0,0.4439,2.0,2.0,-1.33,0.0,5.0,0
PRJ-304338,4.4,139.0,94.7,4.0,0.114,9.0,0.3948,1.0,1.0,-11.22,1.0,0.0,1
PRJ-304339,24.89,165.0,5.3,1.0,0.477,31.0,0.4927,2.0,4.0,5.22,0.0,8.0,0
PRJ-304340,7.16,292.0,56.8,7.0,0.0731,33.0,0.474,3.0,4.0,3.4,0.0,2.0,1
PRJ-304341,8.06,279.0,13.7,3.0,0.1856,24.0,0.2411,1.0,3.0,6.3,0.0,2.0,0
PRJ-304342,28.1,69.0,35.2,4.0,0.3003,0.0,0.3015,0.0,4.0,-14.9,0.0,6.0,0
PRJ-304343,3.86,495.0,185.2,2.0,0.1937,46.0,0.5879,2.0,3.0,-28.03,0.0,4.0,1
PRJ-304344,15.68,163.0,87.2,5.0,0.208,45.0,0.2167,1.0,4.0,-5.86,0.0,4.0,0
PRJ-304345,22.01,96.0,14.0,3.0,0.3294,5.0,0.6218,3.0,2.0,-5.1,0.0,6.0,0
PRJ-304346,26.75,302.0,18.7,2.0,0.0766,21.0,0.3174,4.0,1.0,3.96,0.0,0.0,0
PRJ-304347,15.02,504.0,101.2,3.0,0.0953,50.0,0.3257,4.0,2.0,-34.19,0.0,8.0,1
PRJ-304348,18.6,46.0,98.9,8.0,0.099,16.0,0.4016,4.0,1.0,5.83,0.0,0.0,0
PRJ-304349,22.0,286.0,102.5,7.0,0.3234,51.0,0.5403,4.0,4.0,8.06,1.0,7.0,0
PRJ-304350,11.04,495.0,56.6,7.0,0.152,1.0,0.2969,0.0,3.0,8.82,0.0,5.0,0
PRJ-304351,6.48,487.0,87.0,2.0,0.2061,17.0,0.6659,3.0,2.0,8.29,0.0,4.0,1
PRJ-304352,29.39,129.0,36.5,6.0,0.4282,52.0,0.345,1.0,2.0,-14.9,1.0,4.0,0
PRJ-304353,17.38,352.0,35.2,7.0,0.4715,0.0,0.4005,1.0,2.0,-12.23,0.0,5.0,0
PRJ-304354,12.27,458.0,54.3,6.0,0.2022,32.0,0.1199,4.0,4.0,-4.15,0.0,1.0,0
PRJ-304355,4.56,377.0,24.6,7.0,0.2433,0.0,0.6157,4.0,1.0,-3.59,1.0,7.0,0
PRJ-304356,2.22,370.0,21.3,2.0,0.2171,10.0,0.6248,4.0,2.0,-13.11,0.0,4.0,0
PRJ-304357,15.49,427.0,70.9,4.0,0.2733,58.0,0.5161,1.0,1.0,0.41,0.0,3.0,0
PRJ-304358,2.13,269.0,75.4,3.0,0.1819,27.0,0.3606,0.0,1.0,3.89,0.0,2.0,0
PRJ-304359,12.18,78.0,21.7,6.0,0.3428,46.0,0.6898,0.0,4.0,2.49,0.0,7.0,0
PRJ-304360,7.39,361.0,29.6,2.0,0.0961,52.0,0.206,1.0,4.0,0.24,0.0,7.0,0
PRJ-304361,8.71,355.0,64.0,3.0,0.0737,21.0,0.578,1.0,4.0,3.29,0.0,4.0,0
PRJ-304362,25.4,466.0,60.2,6.0,0.1285,40.0,0.2833,4.0,2.0,-4.34,0.0,2.0,0
PRJ-304363,7.44,502.0,56.6,1.0,0.1511,53.0,0.2486,0.0,2.0,5.11,0.0,2.0,0
PRJ-304364,12.58,212.0,22.7,3.0,0.2829,26.0,0.3745,1.0,2.0,3.67,0.0,7.0,0
PRJ-304365,7.47,518.0,201.6,6.0,0.3549,53.0,0.7344,1.0,1.0,-10.65,1.0,3.0,1
PRJ-304366,14.6,49.0,32.7,2.0,0.296,4.0,0.3125,0.0,2.0,20.95,1.0,2.0,1
PRJ-304367,13.31,524.0,65.9,5.0,0.1173,54.0,0.6137,4.0,4.0,17.14,0.0,8.0,0
PRJ-304368,12.19,112.0,17.2,4.0,0.3563,23.0,0.3862,1.0,1.0,7.22,0.0,7.0,0
PRJ-304369,22.05,364.0,45.2,4.0,0.2407,30.0,0.2644,0.0,4.0,12.56,0.0,5.0,0
PRJ-304370,3.87,383.0,21.3,3.0,0.5069,12.0,0.5841,1.0,2.0,2.71,0.0,0.0,1
PRJ-304371,3.17,358.0,31.7,8.0,0.1565,49.0,0.3965,0.0,3.0,-5.12,0.0,8.0,0
PRJ-304372,5.16,535.0,57.4,6.0,0.1233,16.0,0.2511,0.0,3.0,12.53,0.0,8.0,0
PRJ-304373,13.36,318.0,113.3,6.0,0.3287,2.0,0.2586,0.0,2.0,2.57,0.0,8.0,1
PRJ-304374,16.19,110.0,29.0,7.0,0.0659,6.0,0.3736,2.0,3.0,7.73,1.0,1.0,0
PRJ-304375,1.44,345.0,55.4,4.0,0.2643,9.0,0.1767,0.0,2.0,17.72,1.0,5.0,0
PRJ-304376,16.06,188.0,65.2,1.0,0.1762,36.0,0.3042,1.0,1.0,-19.32,0.0,5.0,0
PRJ-304377,9.57,347.0,77.8,1.0,0.2813,37.0,0.1906,3.0,4.0,4.82,0.0,0.0,1
PRJ-304378,29.85,233.0,7.5,4.0,0.1909,11.0,0.2782,1.0,3.0,-11.49,0.0,1.0,0
PRJ-304379,15.33,65.0,85.8,8.0,0.1413,6.0,0.3401,0.0,1.0,-2.64,0.0,8.0,0
PRJ-304380,27.76,360.0,65.8,4.0,0.408,13.0,0.6932,4.0,3.0,-9.86,0.0,0.0,1
PRJ-304381,24.63,88.0,56.6,8.0,0.4009,2.0,0.1604,1.0,1.0,13.39,0.0,6.0,0
PRJ-304382,9.57,207.0,26.2,5.0,0.1614,19.0,0.4745,2.0,2.0,5.01,0.0,7.0,0
PRJ-304383,20.31,351.0,60.3,6.0,0.1908,6.0,0.4693,3.0,4.0,0.13,0.0,3.0,1
PRJ-304384,9.56,481.0,167.0,1.0,0.1864,12.0,0.2278,0.0,2.0,-19.16,0.0,3.0,0
PRJ-304385,32.13,200.0,104.9,7.0,0.2592,27.0,0.3736,1.0,3.0,-6.97,0.0,4.0,0
PRJ-304386,10.18,192.0,35.0,8.0,0.5752,18.0,0.4735,4.0,1.0,-6.26,0.0,4.0,0
PRJ-304387,16.68,194.0,55.9,5.0,0.2211,29.0,0.3108,0.0,3.0,3.07,0.0,0.0,0
PRJ-304388,35.82,329.0,57.2,8.0,0.3525,13.0,0.3225,1.0,3.0,-5.74,0.0,0.0,0
PRJ-304389,17.15,140.0,39.2,2.0,0.2715,55.0,0.3133,4.0,1.0,-4.42,1.0,7.0,0
PRJ-304390,8.91,305.0,14.5,4.0,0.106,3.0,0.348,1.0,4.0,-29.84,1.0,3.0,0
PRJ-304391,4.75,441.0,35.5,8.0,0.0692,25.0,0.0906,1.0,3.0,10.54,1.0,8.0,0
PRJ-304392,3.89,84.0,69.3,5.0,0.4672,10.0,0.4461,4.0,2.0,-14.8,0.0,0.0,0
PRJ-304393,16.01,522.0,34.9,6.0,0.641,30.0,0.2203,4.0,3.0,-8.99,0.0,0.0,0
PRJ-304394,11.4,308.0,45.2,4.0,0.0821,28.0,0.2704,1.0,2.0,5.64,0.0,3.0,0
PRJ-304395,5.23,355.0,114.2,5.0,0.1591,48.0,0.1348,4.0,2.0,9.85,0.0,6.0,0
PRJ-304396,18.97,350.0,45.4,3.0,0.1914,43.0,0.1069,3.0,1.0,-0.46,0.0,1.0,0
PRJ-304397,18.81,512.0,47.7,6.0,0.15,48.0,0.291,4.0,3.0,3.71,1.0,4.0,0
PRJ-304398,11.26,374.0,52.3,1.0,0.4415,25.0,0.258,1.0,1.0,10.77,0.0,2.0,0
PRJ-304399,28.51,482.0,32.4,5.0,0.2385,19.0,0.2637,2.0,4.0,-32.06,1.0,1.0,1
PRJ-304400,3.39,186.0,87.7,8.0,0.2054,38.0,0.5506,1.0,4.0,9.87,0.0,2.0,0
PRJ-304401,9.14,152.0,17.3,1.0,0.1061,43.0,0.6058,3.0,4.0,-26.62,0.0,6.0,0
PRJ-304402,17.09,363.0,32.2,4.0,0.0142,10.0,0.2878,3.0,3.0,-4.58,1.0,8.0,0
PRJ-304403,5.67,120.0,56.2,6.0,0.5522,53.0,0.1615,1.0,1.0,4.3,0.0,7.0,0
PRJ-304404,20.15,100.0,36.6,1.0,0.1431,29.0,0.6284,4.0,3.0,-12.42,0.0,0.0,1
PRJ-304405,23.89,149.0,134.2,1.0,0.5089,49.0,0.2066,0.0,1.0,-3.15,1.0,4.0,0
PRJ-304406,1.76,179.0,48.0,2.0,0.1331,3.0,0.448,1.0,4.0,-38.89,0.0,1.0,0
PRJ-304407,29.1,92.0,47.0,2.0,0.089,19.0,0.2019,2.0,3.0,-16.39,0.0,1.0,0
PRJ-304408,16.44,405.0,21.7,8.0,0.3247,22.0,0.1377,1.0,3.0,-10.44,0.0,6.0,0
PRJ-304409,8.42,333.0,37.2,2.0,0.2222,44.0,0.329,0.0,3.0,-12.72,0.0,8.0,1
PRJ-304410,4.14,144.0,85.1,6.0,0.2613,14.0,0.2399,3.0,4.0,-2.66,0.0,1.0,0
PRJ-304411,21.84,184.0,27.3,3.0,0.0468,44.0,0.4481,3.0,4.0,19.82,0.0,4.0,0
PRJ-304412,5.04,505.0,9.6,5.0,0.3264,49.0,0.2065,3.0,3.0,9.38,0.0,8.0,1
PRJ-304413,16.42,496.0,42.2,8.0,0.2381,14.0,0.471,2.0,3.0,9.85,1.0,8.0,0
PRJ-304414,5.19,105.0,49.7,7.0,0.4515,58.0,0.3851,2.0,4.0,4.68,0.0,1.0,0
PRJ-304415,12.0,348.0,34.0,1.0,0.5648,40.0,0.4974,0.0,4.0,-17.95,0.0,3.0,0
PRJ-304416,21.24,204.0,115.3,1.0,0.5059,30.0,0.3187,4.0,2.0,13.39,1.0,2.0,0
PRJ-304417,8.5,223.0,184.9,3.0,0.4084,5.0,0.2481,3.0,3.0,3.7,1.0,4.0,0
PRJ-304418,28.98,341.0,55.9,7.0,0.1064,30.0,0.4242,1.0,1.0,5.45,0.0,8.0,0
PRJ-304419,17.34,532.0,36.9,7.0,0.0473,16.0,0.4311,2.0,2.0,8.87,0.0,4.0,0
PRJ-304420,5.69,333.0,69.3,5.0,0.2721,24.0,0.2741,2.0,1.0,5.3,0.0,7.0,0
PRJ-304421,4.38,516.0,115.9,7.0,0.22,1.0,0.3835,2.0,2.0,3.59,0.0,1.0,0
PRJ-304422,6.85,451.0,29.1,2.0,0.3282,47.0,0.421,1.0,2.0,-10.63,0.0,7.0,0
PRJ-304423,11.62,430.0,82.0,6.0,0.3139,7.0,0.1179,2.0,3.0,-13.08,1.0,8.0,1
PRJ-304424,30.68,436.0,42.2,8.0,0.4137,30.0,0.3069,1.0,2.0,-12.99,0.0,5.0,1
PRJ-304425,34.29,436.0,100.7,8.0,0.4481,6.0,0.4451,3.0,3.0,-35.74,0.0,5.0,1
PRJ-304426,8.28,171.0,21.7,6.0,0.2167,19.0,0.1935,4.0,1.0,-6.92,1.0,0.0,0
PRJ-304427,8.1,528.0,125.5,6.0,0.3407,56.0,0.4707,0.0,2.0,5.68,0.0,7.0,0
PRJ-304428,19.2,499.0,57.2,2.0,0.1126,10.0,0.7465,0.0,1.0,12.65,0.0,2.0,0
PRJ-304429,19.1,342.0,69.1,6.0,0.1382,9.0,0.445,0.0,2.0,-9.53,0.0,0.0,1
PRJ-304430,26.16,397.0,18.7,2.0,0.2568,55.0,0.4892,2.0,2.0,-2.04,0.0,5.0,0
PRJ-304431,26.59,480.0,18.2,4.0,0.4354,4.0,0.4042,0.0,1.0,-6.89,0.0,0.0,1
PRJ-304432,6.51,120.0,61.5,1.0,0.1563,57.0,0.6903,3.0,2.0,1.92,0.0,6.0,0
PRJ-304433,3.77,77.0,70.6,3.0,0.5668,45.0,0.1539,1.0,1.0,-17.19,1.0,3.0,0
PRJ-304434,17.5,537.0,39.5,1.0,0.3061,22.0,0.6002,4.0,3.0,-7.11,0.0,5.0,1
PRJ-304435,13.83,319.0,75.9,4.0,0.2074,38.0,0.3016,3.0,1.0,-10.36,1.0,8.0,1
PRJ-304436,2.51,402.0,18.6,1.0,0.2207,35.0,0.1744,2.0,4.0,6.9,0.0,4.0,0
PRJ-304437,3.7,293.0,13.5,7.0,0.109,38.0,0.3432,2.0,3.0,-21.22,0.0,7.0,0
PRJ-304438,16.96,301.0,52.6,6.0,0.2208,11.0,0.5272,2.0,2.0,3.78,0.0,4.0,0
PRJ-304439,10.95,63.0,18.0,6.0,0.1158,53.0,0.5105,0.0,3.0,10.4,0.0,7.0,0
PRJ-304440,17.21,188.0,9.9,6.0,0.4563,27.0,0.2719,2.0,3.0,-18.07,0.0,3.0,0
PRJ-304441,5.41,88.0,23.2,7.0,0.0495,39.0,0.3042,4.0,4.0,-8.19,0.0,6.0,0
PRJ-304442,18.02,258.0,68.9,6.0,0.4842,42.0,0.4294,0.0,1.0,-10.76,0.0,3.0,0
PRJ-304443,14.96,55.0,56.4,6.0,0.7594,40.0,0.4501,0.0,1.0,18.73,0.0,5.0,0
PRJ-304444,18.87,442.0,116.8,2.0,0.1509,29.0,0.3347,1.0,2.0,16.05,0.0,8.0,0
PRJ-304445,8.69,190.0,59.2,6.0,0.2002,27.0,0.5605,1.0,4.0,10.84,0.0,6.0,0
PRJ-304446,7.44,411.0,19.3,4.0,0.1197,34.0,0.4279,2.0,2.0,4.72,0.0,1.0,0
PRJ-304447,4.13,71.0,72.2,2.0,0.3107,33.0,0.2534,4.0,2.0,10.48,0.0,3.0,0
PRJ-304448,9.72,61.0,28.4,4.0,0.1512,48.0,0.5013,2.0,4.0,7.04,1.0,1.0,0
PRJ-304449,23.26,254.0,38.9,3.0,0.1317,45.0,0.4668,1.0,4.0,19.1,1.0,7.0,1
PRJ-304450,27.33,435.0,28.8,2.0,0.3667,39.0,0.154,3.0,1.0,0.5,0.0,6.0,0
PRJ-304451,5.07,447.0,16.9,5.0,0.2705,21.0,0.2862,1.0,1.0,-29.66,0.0,3.0,0
PRJ-304452,11.62,314.0,249.4,8.0,0.0833,29.0,0.4656,3.0,1.0,-5.92,1.0,8.0,1
PRJ-304453,30.96,348.0,24.9,1.0,0.0911,2.0,0.5479,0.0,2.0,6.54,0.0,3.0,1
PRJ-304454,33.58,385.0,8.6,2.0,0.3802,16.0,0.3018,2.0,1.0,-3.91,0.0,6.0,1
PRJ-304455,9.45,378.0,78.2,8.0,0.1096,25.0,0.161,0.0,1.0,14.29,0.0,1.0,0
PRJ-304456,24.55,411.0,6.2,6.0,0.3186,36.0,0.3335,4.0,1.0,-10.04,0.0,4.0,0
PRJ-304457,21.98,60.0,42.5,2.0,0.3425,22.0,0.119,0.0,2.0,10.8,0.0,0.0,0
PRJ-304458,20.86,257.0,86.6,3.0,0.5531,3.0,0.3815,1.0,2.0,-17.56,0.0,7.0,1
PRJ-304459,3.33,460.0,14.9,1.0,0.1851,10.0,0.3729,4.0,2.0,4.03,0.0,1.0,0
PRJ-304460,7.93,262.0,48.1,7.0,0.6479,10.0,0.3111,1.0,2.0,-9.72,0.0,1.0,0
PRJ-304461,10.79,117.0,37.6,6.0,0.3846,42.0,0.3839,3.0,2.0,-16.05,1.0,0.0,0
PRJ-304462,10.58,374.0,24.5,2.0,0.148,54.0,0.4012,2.0,1.0,-0.7,0.0,1.0,0
PRJ-304463,11.53,194.0,117.1,2.0,0.0879,48.0,0.1555,1.0,4.0,-14.58,1.0,4.0,0
PRJ-304464,35.86,298.0,37.4,6.0,0.2517,29.0,0.3342,0.0,1.0,9.25,0.0,4.0,0
PRJ-304465,9.67,300.0,77.1,5.0,0.4605,9.0,0.4029,3.0,4.0,-4.33,1.0,2.0,1
PRJ-304466,15.41,389.0,91.7,6.0,0.2058,54.0,0.294,3.0,3.0,1.12,0.0,7.0,0
PRJ-304467,15.06,505.0,41.1,2.0,0.5504,28.0,0.3121,1.0,1.0,-0.65,0.0,3.0,1
PRJ-304468,11.63,388.0,19.7,8.0,0.036,45.0,0.559,2.0,2.0,6.77,0.0,8.0,1
PRJ-304469,5.31,539.0,93.2,2.0,0.1181,19.0,0.6007,1.0,2.0,-8.34,0.0,4.0,0
PRJ-304470,12.69,54.0,42.5,2.0,0.3478,19.0,0.3007,1.0,2.0,13.44,1.0,6.0,1
PRJ-304471,2.48,432.0,46.2,6.0,0.1996,34.0,0.3964,4.0,2.0,24.53,0.0,2.0,0
PRJ-304472,16.42,251.0,35.5,5.0,0.2515,42.0,0.2859,3.0,3.0,-13.29,0.0,5.0,0
PRJ-304473,2.2,406.0,90.9,4.0,0.2358,5.0,0.5637,1.0,4.0,19.13,0.0,1.0,1
PRJ-304474,15.48,87.0,17.5,6.0,0.1221,24.0,0.1529,4.0,2.0,-6.61,0.0,3.0,0
PRJ-304475,7.64,306.0,46.6,5.0,0.5465,56.0,0.5479,4.0,3.0,-6.06,0.0,0.0,0
PRJ-304476,5.85,59.0,20.1,4.0,0.0521,36.0,0.3688,0.0,2.0,10.16,0.0,6.0,0
PRJ-304477,19.39,374.0,35.4,2.0,0.3056,3.0,0.1614,1.0,4.0,-13.27,0.0,7.0,1
PRJ-304478,8.91,152.0,99.5,6.0,0.1438,38.0,0.5922,4.0,2.0,7.19,0.0,5.0,0
PRJ-304479,12.26,116.0,98.6,5.0,0.5891,49.0,0.6839,4.0,2.0,6.61,1.0,3.0,0
PRJ-304480,3.41,84.0,39.8,8.0,0.1424,51.0,0.419,0.0,2.0,-0.87,0.0,2.0,0
PRJ-304481,28.6,178.0,59.1,4.0,0.1433,11.0,0.287,1.0,3.0,-1.33,0.0,3.0,0
PRJ-304482,13.07,520.0,58.3,3.0,0.0727,10.0,0.219,2.0,4.0,-6.43,0.0,3.0,1
PRJ-304483,13.05,532.0,20.2,1.0,0.192,46.0,0.3217,1.0,1.0,8.68,0.0,7.0,1
PRJ-304484,16.65,84.0,70.2,3.0,0.2151,53.0,0.392,0.0,2.0,-4.66,0.0,5.0,0
PRJ-304485,1.62,529.0,22.1,6.0,0.3219,16.0,0.6427,2.0,1.0,13.35,0.0,3.0,1
PRJ-304486,30.39,335.0,33.8,3.0,0.3508,9.0,0.2716,2.0,3.0,13.73,0.0,2.0,1
PRJ-304487,9.43,204.0,9.0,5.0,0.2163,47.0,0.3494,1.0,3.0,-17.46,0.0,6.0,0
PRJ-304488,29.28,511.0,78.8,2.0,0.3036,45.0,0.4256,1.0,3.0,-15.87,1.0,6.0,1
PRJ-304489,9.2,164.0,91.2,8.0,0.362,54.0,0.1941,0.0,3.0,-2.23,0.0,1.0,0
PRJ-304490,7.8,134.0,60.7,8.0,0.2334,42.0,0.7282,4.0,4.0,-11.29,0.0,4.0,1
PRJ-304491,15.93,158.0,48.3,7.0,0.0061,56.0,0.292,1.0,4.0,-8.27,0.0,0.0,0
PRJ-304492,40.34,117.0,32.3,6.0,0.2998,49.0,0.1554,3.0,1.0,-9.8,0.0,6.0,0
PRJ-304493,24.53,285.0,80.2,5.0,0.1676,51.0,0.394,2.0,3.0,23.12,0.0,7.0,1
PRJ-304494,17.08,114.0,136.0,1.0,0.1591,46.0,0.2432,4.0,4.0,13.74,0.0,2.0,0
PRJ-304495,15.76,155.0,24.9,1.0,0.2328,25.0,0.5387,0.0,1.0,-10.11,0.0,5.0,0
PRJ-304496,12.61,228.0,40.6,4.0,0.2126,6.0,0.2787,0.0,1.0,-23.15,0.0,0.0,0
PRJ-304497,28.46,366.0,19.1,7.0,0.1224,25.0,0.2029,3.0,3.0,-6.84,0.0,1.0,0
PRJ-304498,19.71,469.0,48.5,2.0,0.1334,15.0,0.4339,2.0,3.0,-15.39,0.0,5.0,1
PRJ-304499,4.07,82.0,35.1,5.0,0.3383,57.0,0.4079,1.0,1.0,8.5,0.0,4.0,0
PRJ-304500,5.88,357.0,42.9,8.0,0.3346,21.0,0.2326,1.0,2.0,0.71,1.0,0.0,0
PRJ-304501,17.46,96.0,80.9,7.0,0.3022,53.0,0.4066,0.0,3.0,-6.92,0.0,7.0,0
PRJ-304502,5.16,535.0,97.1,5.0,0.3229,21.0,0.2466,4.0,1.0,-1.03,1.0,3.0,1
PRJ-304503,13.02,182.0,16.5,5.0,0.4836,29.0,0.4172,3.0,1.0,-13.86,0.0,8.0,1
PRJ-304504,20.76,469.0,57.9,1.0,0.1174,41.0,0.3315,3.0,2.0,-2.81,0.0,8.0,1
PRJ-304505,16.0,429.0,117.3,1.0,0.2677,23.0,0.1435,4.0,2.0,19.58,1.0,3.0,0
PRJ-304506,4.58,205.0,67.2,3.0,0.3879,41.0,0.3863,0.0,2.0,-8.25,1.0,0.0,0
PRJ-304507,6.13,205.0,20.6,7.0,0.2665,5.0,0.0888,2.0,1.0,1.19,0.0,3.0,0
PRJ-304508,16.33,201.0,94.2,1.0,0.1956,35.0,0.176,2.0,2.0,-9.41,0.0,3.0,0
PRJ-304509,37.62,278.0,70.5,7.0,0.2095,21.0,0.2335,2.0,3.0,-9.6,0.0,7.0,0
PRJ-304510,11.25,263.0,65.7,3.0,0.0943,10.0,0.0705,1.0,2.0,9.94,0.0,6.0,0
PRJ-304511,21.22,370.0,39.7,1.0,0.0338,28.0,0.4311,2.0,3.0,-14.87,0.0,0.0,1
PRJ-304512,16.09,274.0,62.9,1.0,0.0387,7.0,0.3375,4.0,3.0,-2.2,0.0,0.0,0
PRJ-304513,7.58,435.0,239.9,6.0,0.2805,49.0,0.4904,0.0,1.0,-10.55,1.0,5.0,0
PRJ-304514,21.37,275.0,7.4,1.0,0.0448,54.0,0.1536,4.0,1.0,16.48,1.0,1.0,0
PRJ-304515,3.33,197.0,33.5,5.0,0.1985,19.0,0.7119,1.0,1.0,-8.32,0.0,4.0,0
PRJ-304516,20.39,206.0,36.2,8.0,0.0908,20.0,0.3969,0.0,3.0,-15.26,0.0,1.0,1
PRJ-304517,16.74,406.0,2.9,5.0,0.4793,18.0,0.5016,2.0,2.0,-1.94,0.0,1.0,1
PRJ-304518,8.11,114.0,170.5,3.0,0.1185,50.0,0.1926,3.0,3.0,-1.9,0.0,4.0,0
PRJ-304519,5.5,186.0,19.1,8.0,0.2895,1.0,0.4612,4.0,4.0,13.13,0.0,4.0,0
PRJ-304520,8.63,199.0,18.0,1.0,0.1744,8.0,0.2638,3.0,1.0,-6.59,0.0,6.0,0
PRJ-304521,7.18,364.0,11.4,2.0,0.226,2.0,0.1218,1.0,4.0,5.07,0.0,8.0,0
PRJ-304522,10.04,108.0,33.2,2.0,0.3688,37.0,0.302,0.0,3.0,-12.02,0.0,7.0,0
PRJ-304523,9.27,268.0,65.5,1.0,0.2542,48.0,0.215,0.0,2.0,13.03,0.0,7.0,0
PRJ-304524,8.11,378.0,45.7,8.0,0.3481,40.0,0.3483,3.0,3.0,10.58,0.0,0.0,0
PRJ-304525,3.23,503.0,21.7,2.0,0.2255,9.0,0.2537,1.0,4.0,6.65,1.0,4.0,1
PRJ-304526,4.93,261.0,63.0,1.0,0.4565,23.0,0.3471,2.0,3.0,10.0,0.0,2.0,1
PRJ-304527,23.54,531.0,46.2,8.0,0.2182,57.0,0.279,4.0,1.0,3.1,1.0,6.0,0
PRJ-304528,8.27,345.0,108.2,8.0,0.1756,49.0,0.3729,1.0,4.0,1.37,1.0,8.0,1
PRJ-304529,10.17,428.0,27.5,2.0,0.2071,3.0,0.3605,4.0,1.0,-13.79,0.0,3.0,0
PRJ-304530,8.92,165.0,25.4,4.0,0.4666,9.0,0.1913,1.0,2.0,-8.06,0.0,8.0,0
PRJ-304531,28.87,498.0,83.7,6.0,0.5051,48.0,0.2971,3.0,3.0,10.12,0.0,1.0,1
PRJ-304532,7.05,173.0,18.4,4.0,0.3461,39.0,0.4619,0.0,4.0,9.67,1.0,0.0,0
PRJ-304533,6.69,112.0,11.0,7.0,0.0615,6.0,0.3967,2.0,4.0,10.66,0.0,3.0,0
PRJ-304534,16.98,84.0,45.1,2.0,0.1849,14.0,0.348,3.0,3.0,-5.17,0.0,8.0,0
PRJ-304535,13.7,368.0,67.0,7.0,0.5876,38.0,0.1915,3.0,1.0,20.13,0.0,1.0,0
PRJ-304536,17.28,356.0,10.2,5.0,0.4724,47.0,0.2791,4.0,2.0,-2.06,0.0,2.0,0
PRJ-304537,16.59,143.0,90.1,1.0,0.074,45.0,0.2201,4.0,4.0,5.51,0.0,4.0,0
PRJ-304538,21.73,479.0,9.1,5.0,0.2361,4.0,0.3071,2.0,4.0,33.33,1.0,5.0,1
PRJ-304539,4.49,182.0,28.8,1.0,0.3221,13.0,0.4492,2.0,1.0,-6.17,1.0,8.0,0
PRJ-304540,15.94,346.0,46.0,7.0,0.2369,33.0,0.3191,0.0,2.0,8.62,1.0,6.0,0
PRJ-304541,6.73,303.0,115.3,8.0,0.5,33.0,0.1893,3.0,2.0,-18.15,0.0,7.0,1
PRJ-304542,2.57,338.0,120.1,2.0,0.1346,58.0,0.4723,0.0,4.0,-4.45,1.0,7.0,0
PRJ-304543,16.51,412.0,52.8,5.0,0.2148,46.0,0.4732,4.0,4.0,7.14,0.0,6.0,0
PRJ-304544,15.9,504.0,32.9,3.0,0.1516,16.0,0.6031,3.0,3.0,-7.42,0.0,6.0,1
PRJ-304545,11.93,402.0,34.5,1.0,0.189,10.0,0.2543,1.0,2.0,0.46,0.0,3.0,0
PRJ-304546,21.97,494.0,159.6,6.0,0.3176,2.0,0.1024,1.0,1.0,2.71,0.0,2.0,0
PRJ-304547,6.76,475.0,102.3,1.0,0.4911,31.0,0.2897,1.0,3.0,1.93,0.0,1.0,1
PRJ-304548,18.27,222.0,61.1,1.0,0.2126,9.0,0.3139,2.0,3.0,-26.46,0.0,5.0,0
PRJ-304549,10.8,321.0,54.0,7.0,0.3654,31.0,0.2792,3.0,2.0,26.91,0.0,6.0,0
PRJ-304550,11.37,143.0,50.4,3.0,0.09,37.0,0.5628,1.0,2.0,-13.31,0.0,5.0,0
PRJ-304551,2.84,503.0,7.0,8.0,0.0466,46.0,0.3042,1.0,3.0,-9.66,0.0,1.0,0
PRJ-304552,22.11,523.0,1.5,5.0,0.0768,31.0,0.498,2.0,1.0,-19.48,0.0,6.0,0
PRJ-304553,15.5,484.0,38.7,5.0,0.1124,21.0,0.2624,1.0,4.0,-12.35,0.0,4.0,0
PRJ-304554,17.83,412.0,16.4,4.0,0.1834,51.0,0.2943,1.0,3.0,-0.85,0.0,1.0,0
PRJ-304555,6.11,465.0,54.5,3.0,0.0469,38.0,0.1511,1.0,1.0,11.81,0.0,7.0,0
PRJ-304556,14.36,438.0,51.5,2.0,0.4086,39.0,0.111,4.0,3.0,-7.73,0.0,8.0,0
PRJ-304557,10.79,158.0,10.8,6.0,0.2355,57.0,0.1228,4.0,1.0,1.2,0.0,7.0,0
PRJ-304558,16.03,175.0,55.3,5.0,0.0762,57.0,0.6604,0.0,2.0,3.41,0.0,2.0,0
PRJ-304559,13.93,308.0,57.7,1.0,0.6069,42.0,0.293,3.0,1.0,-13.99,0.0,4.0,1
PRJ-304560,32.38,253.0,56.5,3.0,0.3718,9.0,0.4798,1.0,4.0,-22.79,1.0,2.0,0
PRJ-304561,26.33,409.0,27.8,8.0,0.1292,1.0,0.2126,2.0,2.0,-12.07,0.0,0.0,0
PRJ-304562,9.97,409.0,64.8,4.0,0.4331,34.0,0.2946,2.0,3.0,15.44,0.0,4.0,0
PRJ-304563,16.5,528.0,67.9,3.0,0.2725,9.0,0.2223,2.0,1.0,-10.25,0.0,8.0,1
PRJ-304564,9.4,435.0,64.4,2.0,0.0588,54.0,0.6625,2.0,4.0,-9.5,1.0,0.0,1
PRJ-304565,21.6,50.0,37.2,2.0,0.3421,23.0,0.2507,3.0,3.0,3.36,1.0,4.0,1
PRJ-304566,11.1,213.0,125.9,7.0,0.4324,15.0,0.1851,3.0,1.0,6.84,0.0,3.0,1
PRJ-304567,8.53,206.0,108.7,3.0,0.0553,24.0,0.5585,4.0,2.0,-14.56,0.0,6.0,1
PRJ-304568,14.23,358.0,48.4,3.0,0.152,42.0,0.1234,4.0,2.0,7.99,0.0,1.0,0
PRJ-304569,25.07,214.0,25.7,1.0,0.1586,19.0,0.1827,1.0,4.0,5.01,0.0,8.0,0
PRJ-304570,22.65,529.0,23.1,8.0,0.3728,7.0,0.3068,4.0,4.0,-7.84,0.0,1.0,0
PRJ-304571,8.88,187.0,68.9,4.0,0.0107,26.0,0.3558,3.0,4.0,-23.39,0.0,0.0,0
PRJ-304572,30.63,261.0,14.1,6.0,0.4648,28.0,0.4083,1.0,1.0,8.6,1.0,3.0,0
PRJ-304573,6.37,449.0,72.4,6.0,0.074,56.0,0.2627,1.0,3.0,3.26,0.0,7.0,0
PRJ-304574,7.83,226.0,12.2,3.0,0.1829,4.0,0.5319,3.0,1.0,1.22,0.0,6.0,0
PRJ-304575,21.03,67.0,42.5,4.0,0.5153,48.0,0.4301,3.0,4.0,-17.63,0.0,8.0,0
PRJ-304576,2.58,209.0,68.5,1.0,0.3376,17.0,0.3919,2.0,1.0,26.25,1.0,6.0,0
PRJ-304577,12.28,222.0,24.0,6.0,0.1287,8.0,0.7393,3.0,4.0,-13.18,0.0,1.0,0
PRJ-304578,9.94,348.0,88.9,6.0,0.5754,7.0,0.3156,3.0,1.0,-7.61,0.0,2.0,0
PRJ-304579,31.74,397.0,33.8,2.0,0.6179,26.0,0.4941,3.0,3.0,10.64,1.0,8.0,0
PRJ-304580,5.57,316.0,45.6,2.0,0.1573,38.0,0.1661,1.0,4.0,0.14,0.0,2.0,0
PRJ-304581,6.03,246.0,5.5,4.0,0.2058,40.0,0.4739,1.0,2.0,1.37,1.0,8.0,0
PRJ-304582,34.44,293.0,11.8,6.0,0.3506,45.0,0.4441,2.0,2.0,-15.4,0.0,4.0,0
PRJ-304583,10.02,116.0,6.1,5.0,0.3548,9.0,0.2725,4.0,4.0,-16.32,0.0,2.0,0
PRJ-304584,24.47,134.0,77.7,1.0,0.1654,36.0,0.2538,0.0,3.0,3.7,0.0,0.0,1
PRJ-304585,8.95,347.0,32.5,5.0,0.109,3.0,0.703,1.0,2.0,-5.79,0.0,5.0,0
PRJ-304586,7.61,473.0,95.1,6.0,0.0719,25.0,0.3936,4.0,1.0,21.95,1.0,8.0,0
PRJ-304587,25.23,303.0,3.5,2.0,0.2014,57.0,0.3581,4.0,2.0,-14.88,0.0,3.0,0
PRJ-304588,39.62,74.0,62.7,4.0,0.1022,36.0,0.4937,0.0,2.0,-5.62,0.0,3.0,0
PRJ-304589,26.43,531.0,5.4,7.0,0.0408,47.0,0.219,0.0,3.0,1.55,0.0,6.0,0
PRJ-304590,8.56,205.0,21.6,3.0,0.4324,3.0,0.4625,0.0,2.0,-6.05,0.0,2.0,0
PRJ-304591,11.93,415.0,41.9,1.0,0.0829,53.0,0.3624,1.0,1.0,-10.22,0.0,8.0,0
PRJ-304592,6.22,489.0,31.7,8.0,0.1628,22.0,0.2617,0.0,3.0,0.23,0.0,6.0,0
PRJ-304593,7.0,533.0,56.5,1.0,0.1803,46.0,0.0379,0.0,1.0,23.64,0.0,8.0,0
PRJ-304594,6.75,102.0,27.6,1.0,0.3066,21.0,0.3197,3.0,1.0,-8.39,0.0,1.0,0
PRJ-304595,9.1,137.0,38.3,2.0,0.1442,40.0,0.2426,0.0,3.0,-20.0,0.0,5.0,0
PRJ-304596,13.22,364.0,18.2,7.0,0.4028,32.0,0.682,2.0,2.0,6.03,1.0,1.0,0
PRJ-304597,12.25,421.0,71.2,6.0,0.2522,45.0,0.3256,2.0,1.0,-4.94,0.0,6.0,1
PRJ-304598,19.16,458.0,49.8,2.0,0.2203,56.0,0.6041,2.0,3.0,-12.91,0.0,1.0,0
PRJ-304599,13.68,318.0,62.2,1.0,0.3632,31.0,0.2432,4.0,4.0,6.93,0.0,8.0,0
PRJ-304600,18.02,123.0,44.5,8.0,0.3353,1.0,0.3195,1.0,1.0,5.15,0.0,4.0,0
PRJ-304601,19.85,397.0,80.4,1.0,0.3066,15.0,0.2719,3.0,4.0,-8.69,0.0,0.0,1
PRJ-304602,8.66,375.0,28.0,8.0,0.3008,20.0,0.5963,3.0,1.0,-20.46,1.0,7.0,1
PRJ-304603,10.95,276.0,47.9,4.0,0.5786,5.0,0.5296,2.0,3.0,10.56,0.0,1.0,0
PRJ-304604,65.12,360.0,259.2,2.0,0.1554,29.0,0.1211,2.0,3.0,-8.65,0.0,3.0,1
PRJ-304605,8.18,150.0,15.4,3.0,0.6875,35.0,0.5359,0.0,1.0,2.74,1.0,4.0,0
PRJ-304606,18.68,446.0,98.7,3.0,0.0301,30.0,0.7109,1.0,4.0,-2.02,0.0,1.0,0
PRJ-304607,4.72,67.0,186.4,2.0,0.119,13.0,0.3096,4.0,2.0,5.69,0.0,7.0,0
PRJ-304608,20.21,460.0,66.6,4.0,0.1264,22.0,0.2151,2.0,4.0,2.45,0.0,6.0,0
PRJ-304609,7.27,459.0,2.0,6.0,0.1515,49.0,0.2784,1.0,3.0,15.42,0.0,3.0,0
PRJ-304610,12.55,385.0,16.2,4.0,0.3744,8.0,0.4846,4.0,2.0,7.6,0.0,0.0,0
PRJ-304611,4.16,448.0,57.0,6.0,0.4974,32.0,0.4196,2.0,1.0,-23.9,0.0,3.0,0
PRJ-304612,11.72,496.0,45.0,8.0,0.5465,47.0,0.6741,4.0,4.0,-4.52,0.0,3.0,1
PRJ-304613,11.89,125.0,129.5,1.0,0.4535,59.0,0.2342,4.0,2.0,1.5,0.0,8.0,0
PRJ-304614,10.67,314.0,132.4,6.0,0.339,30.0,0.5774,0.0,3.0,-5.01,0.0,1.0,0
PRJ-304615,16.13,364.0,42.3,2.0,0.2549,23.0,0.5813,0.0,1.0,14.05,0.0,0.0,0
PRJ-304616,23.9,511.0,44.9,1.0,0.3856,38.0,0.3677,0.0,2.0,5.36,1.0,1.0,1
PRJ-304617,6.01,410.0,29.6,3.0,0.064,25.0,0.3292,1.0,3.0,-22.9,1.0,2.0,0
PRJ-304618,10.85,339.0,64.3,4.0,0.4542,47.0,0.3222,4.0,4.0,-4.52,0.0,2.0,0
PRJ-304619,4.38,321.0,20.6,8.0,0.1537,16.0,0.1246,4.0,4.0,0.22,0.0,8.0,0
PRJ-304620,3.03,116.0,41.0,3.0,0.1616,18.0,0.4944,4.0,4.0,-9.65,0.0,1.0,0
PRJ-304621,13.56,202.0,22.0,7.0,0.2325,17.0,0.3157,0.0,4.0,8.11,0.0,1.0,1
PRJ-304622,5.68,259.0,54.2,8.0,0.3068,47.0,0.685,3.0,2.0,6.6,1.0,5.0,0
PRJ-304623,12.18,481.0,94.4,3.0,0.0883,28.0,0.465,1.0,1.0,4.6,0.0,6.0,0
PRJ-304624,13.92,471.0,12.1,2.0,0.6138,44.0,0.2482,0.0,2.0,8.72,0.0,6.0,0
PRJ-304625,3.43,363.0,38.9,8.0,0.1088,3.0,0.3901,4.0,1.0,16.03,0.0,0.0,0
PRJ-304626,15.32,97.0,115.4,4.0,0.3561,45.0,0.2432,2.0,3.0,9.91,0.0,8.0,0
PRJ-304627,23.19,401.0,139.3,4.0,0.2254,50.0,0.5252,0.0,3.0,9.66,1.0,0.0,0
PRJ-304628,17.6,272.0,29.8,6.0,0.2425,7.0,0.3319,2.0,3.0,-0.23,1.0,7.0,0
PRJ-304629,6.11,367.0,22.9,4.0,0.1886,5.0,0.5411,3.0,1.0,-6.96,0.0,3.0,1
PRJ-304630,11.67,259.0,1.1,5.0,0.2323,33.0,0.3128,2.0,1.0,24.55,0.0,6.0,0
PRJ-304631,12.55,402.0,101.7,8.0,0.073,54.0,0.2692,3.0,2.0,4.97,0.0,5.0,0
PRJ-304632,10.99,152.0,97.2,1.0,0.1088,50.0,0.2733,2.0,2.0,-11.58,0.0,0.0,0
PRJ-304633,4.55,116.0,49.6,6.0,0.0914,23.0,0.5287,1.0,3.0,-0.93,0.0,5.0,0
PRJ-304634,6.82,153.0,200.1,4.0,0.188,55.0,0.3948,3.0,3.0,-4.19,1.0,7.0,0
PRJ-304635,10.34,501.0,45.0,5.0,0.4127,27.0,0.404,0.0,2.0,9.93,0.0,2.0,0
PRJ-304636,13.79,82.0,103.9,8.0,0.2944,39.0,0.5303,2.0,4.0,-3.76,0.0,7.0,0
PRJ-304637,8.14,186.0,31.3,5.0,0.3448,57.0,0.4044,3.0,2.0,-18.49,0.0,3.0,0
PRJ-304638,2.79,214.0,37.6,4.0,0.432,10.0,0.5904,0.0,3.0,7.02,0.0,8.0,0
PRJ-304639,8.49,459.0,56.8,8.0,0.0545,44.0,0.3916,1.0,2.0,-6.41,0.0,8.0,0
PRJ-304640,32.35,222.0,22.2,5.0,0.2438,25.0,0.1404,1.0,1.0,-27.68,0.0,2.0,0
PRJ-304641,15.38,487.0,84.9,2.0,0.1375,16.0,0.5568,3.0,2.0,10.87,0.0,1.0,0
PRJ-304642,13.53,534.0,51.0,1.0,0.149,24.0,0.5999,0.0,4.0,-15.75,0.0,1.0,1
PRJ-304643,6.75,367.0,7.3,3.0,0.1203,18.0,0.3126,4.0,2.0,-11.87,0.0,0.0,1
PRJ-304644,8.76,214.0,105.6,6.0,0.2196,36.0,0.3454,2.0,3.0,0.96,1.0,1.0,1
PRJ-304645,2.65,341.0,20.5,4.0,0.2102,8.0,0.1923,0.0,4.0,1.68,0.0,4.0,0
PRJ-304646,6.43,376.0,22.4,2.0,0.3742,35.0,0.3065,4.0,3.0,-6.51,0.0,7.0,0
PRJ-304647,14.89,98.0,37.4,8.0,0.2575,38.0,0.2062,1.0,4.0,4.38,0.0,8.0,0
PRJ-304648,13.6,457.0,65.6,2.0,0.192,48.0,0.4038,0.0,1.0,10.06,0.0,1.0,0
PRJ-304649,7.61,260.0,59.5,1.0,0.1846,39.0,0.2522,3.0,3.0,-11.05,1.0,7.0,0
PRJ-304650,10.98,463.0,130.2,4.0,0.2713,41.0,0.1369,2.0,2.0,0.87,1.0,5.0,0
PRJ-304651,12.26,347.0,57.3,1.0,0.157,53.0,0.4451,2.0,2.0,1.56,0.0,2.0,0
PRJ-304652,7.9,471.0,11.0,5.0,0.3537,35.0,0.4427,1.0,2.0,14.35,0.0,0.0,0
PRJ-304653,15.96,85.0,18.0,4.0,0.3264,17.0,0.3167,2.0,2.0,2.53,0.0,1.0,0
PRJ-304654,13.44,66.0,10.0,8.0,0.4946,45.0,0.3058,3.0,2.0,-22.15,0.0,0.0,0
PRJ-304655,8.99,100.0,9.8,2.0,0.1095,4.0,0.162,2.0,3.0,27.66,1.0,4.0,1
PRJ-304656,4.77,477.0,33.8,3.0,0.0964,23.0,0.3296,1.0,4.0,1.26,0.0,8.0,0
PRJ-304657,8.55,536.0,100.4,6.0,0.3405,13.0,0.4124,4.0,2.0,2.98,0.0,8.0,0
PRJ-304658,8.15,539.0,50.8,6.0,0.0543,49.0,0.4662,2.0,3.0,-1.38,0.0,0.0,0
PRJ-304659,7.6,209.0,67.5,3.0,0.1398,57.0,0.2792,3.0,1.0,3.17,1.0,6.0,0
PRJ-304660,3.54,175.0,83.9,8.0,0.3967,19.0,0.3098,1.0,2.0,5.0,1.0,7.0,0
PRJ-304661,27.12,218.0,105.4,7.0,0.2502,59.0,0.3003,2.0,3.0,9.16,0.0,7.0,0
PRJ-304662,26.3,449.0,24.6,5.0,0.0246,57.0,0.1616,2.0,4.0,-1.98,0.0,2.0,0
PRJ-304663,10.72,169.0,95.7,6.0,0.1582,21.0,0.2268,1.0,1.0,-28.79,0.0,3.0,0
PRJ-304664,13.75,315.0,86.9,5.0,0.2206,12.0,0.4299,4.0,3.0,-5.41,0.0,1.0,1
PRJ-304665,15.78,364.0,32.7,4.0,0.2482,29.0,0.2014,0.0,4.0,-2.73,0.0,2.0,0
PRJ-304666,10.83,223.0,23.2,5.0,0.2802,51.0,0.2252,2.0,2.0,-8.41,0.0,1.0,0
PRJ-304667,14.39,279.0,40.6,7.0,0.3793,50.0,0.1512,3.0,2.0,-13.21,0.0,0.0,0
PRJ-304668,17.23,374.0,127.6,1.0,0.1693,44.0,0.2571,0.0,3.0,-5.94,1.0,6.0,0
PRJ-304669,13.11,436.0,104.2,1.0,0.2185,28.0,0.5635,0.0,1.0,10.08,0.0,4.0,0
PRJ-304670,19.18,138.0,32.4,4.0,0.1039,25.0,0.6164,1.0,3.0,3.58,0.0,1.0,0
PRJ-304671,7.42,298.0,97.7,5.0,0.1965,57.0,0.2106,0.0,3.0,-16.44,1.0,4.0,0
PRJ-304672,11.66,121.0,75.6,2.0,0.3635,33.0,0.2011,0.0,2.0,-21.24,0.0,6.0,0
PRJ-304673,51.64,52.0,66.0,5.0,0.2916,50.0,0.2054,0.0,4.0,-21.4,0.0,1.0,0
PRJ-304674,22.04,364.0,120.6,1.0,0.1035,49.0,0.4226,4.0,2.0,2.69,0.0,7.0,0
PRJ-304675,13.31,283.0,58.9,2.0,0.2323,44.0,0.2159,4.0,3.0,-18.34,0.0,1.0,0
PRJ-304676,6.02,173.0,48.4,4.0,0.2066,52.0,0.2255,3.0,3.0,-1.3,0.0,6.0,0
PRJ-304677,12.06,72.0,5.8,1.0,0.461,37.0,0.3196,2.0,2.0,7.55,0.0,5.0,0
PRJ-304678,21.12,513.0,83.4,6.0,0.2015,26.0,0.347,1.0,4.0,4.47,1.0,3.0,0
PRJ-304679,18.46,454.0,21.5,5.0,0.4482,12.0,0.1841,4.0,3.0,-4.45,1.0,4.0,0
PRJ-304680,2.96,507.0,18.5,5.0,0.1583,3.0,0.4329,1.0,3.0,18.36,1.0,7.0,0
PRJ-304681,3.63,101.0,49.7,5.0,0.3238,10.0,0.2211,0.0,3.0,-7.64,0.0,6.0,0
PRJ-304682,3.76,51.0,18.1,6.0,0.3061,58.0,0.1379,0.0,4.0,1.29,1.0,4.0,0
PRJ-304683,15.94,152.0,62.6,6.0,0.0492,51.0,0.3077,2.0,4.0,-4.94,0.0,1.0,0
PRJ-304684,3.79,94.0,54.9,6.0,0.2478,28.0,0.606,3.0,1.0,-2.71,1.0,4.0,1
PRJ-304685,5.83,272.0,51.3,2.0,0.2231,14.0,0.3948,3.0,2.0,9.51,0.0,0.0,0
PRJ-304686,10.57,364.0,40.6,6.0,0.2701,6.0,0.342,1.0,3.0,7.42,0.0,0.0,0
PRJ-304687,23.34,141.0,81.5,2.0,0.2726,14.0,0.4944,4.0,1.0,-22.13,1.0,1.0,1
PRJ-304688,16.43,241.0,62.8,1.0,0.0897,14.0,0.1508,1.0,2.0,-12.69,0.0,2.0,0
PRJ-304689,9.74,311.0,62.0,8.0,0.1273,50.0,0.2726,2.0,2.0,9.57,1.0,6.0,0
PRJ-304690,19.53,202.0,23.5,2.0,0.3878,43.0,0.1262,0.0,1.0,-16.07,0.0,2.0,0
PRJ-304691,38.23,273.0,43.6,1.0,0.0897,2.0,0.5446,0.0,3.0,-12.54,0.0,0.0,1
PRJ-304692,12.13,337.0,23.2,3.0,0.6038,0.0,0.2105,4.0,2.0,3.77,0.0,4.0,1
PRJ-304693,4.57,516.0,43.1,8.0,0.2754,43.0,0.3167,3.0,1.0,11.3,0.0,5.0,0
PRJ-304694,5.98,198.0,26.4,7.0,0.391,8.0,0.404,3.0,2.0,9.79,0.0,7.0,0
PRJ-304695,5.94,88.0,42.2,6.0,0.2816,36.0,0.4422,1.0,4.0,-19.7,0.0,3.0,0
PRJ-304696,6.93,474.0,43.6,2.0,0.3743,26.0,0.4108,3.0,1.0,-3.63,0.0,5.0,1
PRJ-304697,9.28,330.0,42.2,6.0,0.2253,2.0,0.4129,1.0,1.0,-4.93,0.0,8.0,0
PRJ-304698,14.06,278.0,82.8,7.0,0.2092,39.0,0.432,3.0,1.0,-7.58,1.0,8.0,0
PRJ-304699,4.08,401.0,69.0,3.0,0.1092,10.0,0.6019,4.0,1.0,-19.27,1.0,4.0,1
PRJ-304700,4.65,530.0,14.1,3.0,0.4723,13.0,0.2512,4.0,2.0,16.04,0.0,3.0,1
PRJ-304701,17.14,108.0,38.8,7.0,0.1108,17.0,0.1372,2.0,1.0,-1.74,0.0,6.0,0
PRJ-304702,8.18,471.0,51.2,2.0,0.1319,56.0,0.2127,1.0,1.0,-12.09,0.0,7.0,0
PRJ-304703,6.39,360.0,25.4,8.0,0.4192,13.0,0.5579,2.0,1.0,3.94,1.0,5.0,0
PRJ-304704,10.0,334.0,54.9,4.0,0.4561,15.0,0.3412,4.0,1.0,-2.41,0.0,8.0,0
PRJ-304705,25.89,472.0,28.1,6.0,0.0922,10.0,0.3085,4.0,4.0,9.69,1.0,5.0,0
PRJ-304706,18.65,195.0,45.8,3.0,0.1068,53.0,0.3479,0.0,2.0,-6.27,0.0,2.0,0
PRJ-304707,17.85,434.0,21.0,6.0,0.2791,51.0,0.2171,4.0,3.0,-5.59,0.0,2.0,0
PRJ-304708,31.58,327.0,42.1,8.0,0.0733,57.0,0.2266,4.0,3.0,-0.04,1.0,0.0,0
PRJ-304709,14.49,507.0,70.3,4.0,0.411,55.0,0.2564,3.0,1.0,7.93,0.0,3.0,0
PRJ-304710,33.38,276.0,77.2,2.0,0.0484,30.0,0.3278,2.0,1.0,-12.09,0.0,1.0,1
PRJ-304711,35.04,401.0,46.5,1.0,0.4239,10.0,0.3106,4.0,4.0,-17.11,0.0,7.0,1
PRJ-304712,4.18,291.0,164.6,8.0,0.3238,25.0,0.2312,1.0,2.0,5.83,0.0,1.0,0
PRJ-304713,3.39,240.0,58.9,8.0,0.2015,34.0,0.1682,2.0,3.0,3.09,0.0,8.0,0
PRJ-304714,5.66,230.0,78.8,6.0,0.3085,47.0,0.1536,1.0,3.0,0.33,0.0,8.0,0
PRJ-304715,24.31,500.0,108.3,1.0,0.1348,25.0,0.2517,4.0,3.0,0.72,1.0,3.0,1
PRJ-304716,10.14,459.0,25.8,8.0,0.0883,2.0,0.1767,2.0,3.0,0.1,0.0,3.0,0
PRJ-304717,9.31,156.0,69.8,4.0,0.3425,22.0,0.3581,3.0,1.0,15.93,1.0,4.0,1
PRJ-304718,19.86,473.0,54.5,2.0,0.1749,33.0,0.455,0.0,4.0,2.25,0.0,0.0,0
PRJ-304719,7.9,333.0,71.5,3.0,0.2428,57.0,0.2677,4.0,4.0,-2.59,0.0,2.0,0
PRJ-304720,13.3,96.0,91.0,8.0,0.1023,36.0,0.4031,3.0,4.0,-12.69,0.0,5.0,0
PRJ-304721,17.13,424.0,22.2,7.0,0.2628,2.0,0.3684,4.0,3.0,-4.86,1.0,1.0,1
PRJ-304722,6.04,125.0,160.1,5.0,0.3519,31.0,0.332,0.0,2.0,6.42,0.0,4.0,1
PRJ-304723,5.09,476.0,48.1,6.0,0.2403,58.0,0.4773,1.0,1.0,8.66,0.0,5.0,0
PRJ-304724,12.08,269.0,35.9,7.0,0.0745,23.0,0.329,2.0,2.0,-17.78,0.0,3.0,0
PRJ-304725,13.12,498.0,3.9,6.0,0.1387,19.0,0.1445,4.0,2.0,10.4,0.0,0.0,1
PRJ-304726,18.9,284.0,103.5,3.0,0.2478,0.0,0.4109,4.0,4.0,-1.68,0.0,0.0,0
PRJ-304727,5.56,87.0,86.8,1.0,0.2348,34.0,0.5291,2.0,1.0,28.01,1.0,6.0,0
PRJ-304728,7.08,424.0,39.8,1.0,0.2464,16.0,0.1504,2.0,2.0,14.37,0.0,3.0,0
PRJ-304729,34.82,404.0,7.8,2.0,0.1804,55.0,0.2746,3.0,1.0,-2.45,0.0,0.0,0
PRJ-304730,21.73,194.0,49.6,7.0,0.1278,15.0,0.3011,3.0,3.0,-14.3,0.0,5.0,0
PRJ-304731,10.79,146.0,12.6,1.0,0.2595,38.0,0.2373,3.0,1.0,-12.69,1.0,0.0,0
PRJ-304732,23.94,472.0,96.4,2.0,0.3112,38.0,0.4238,0.0,3.0,-6.75,0.0,8.0,0
PRJ-304733,5.58,430.0,38.9,8.0,0.0616,46.0,0.3548,4.0,2.0,21.2,0.0,1.0,0
PRJ-304734,9.97,192.0,20.6,4.0,0.1215,23.0,0.5322,0.0,3.0,-4.09,1.0,3.0,0
PRJ-304735,13.05,391.0,56.0,2.0,0.1602,5.0,0.5044,3.0,4.0,2.2,1.0,8.0,1
PRJ-304736,9.21,164.0,62.1,7.0,0.2748,10.0,0.6244,3.0,1.0,-2.14,0.0,5.0,0
PRJ-304737,9.44,134.0,67.4,8.0,0.4072,34.0,0.295,3.0,3.0,-2.78,1.0,1.0,1
PRJ-304738,18.3,373.0,21.8,5.0,0.2169,17.0,0.3025,4.0,2.0,-5.46,1.0,4.0,0
PRJ-304739,21.92,457.0,90.5,1.0,0.0124,18.0,0.3216,4.0,3.0,17.1,1.0,5.0,1
PRJ-304740,8.55,499.0,39.6,6.0,0.1035,6.0,0.4544,0.0,2.0,9.92,0.0,5.0,0
PRJ-304741,4.34,273.0,5.4,7.0,0.6777,25.0,0.4876,4.0,1.0,-17.58,0.0,4.0,0
PRJ-304742,3.72,115.0,43.3,8.0,0.2056,34.0,0.3807,2.0,2.0,-20.31,0.0,2.0,0
PRJ-304743,2.46,314.0,42.8,5.0,0.2037,14.0,0.2836,3.0,1.0,9.3,0.0,5.0,0
PRJ-304744,31.26,382.0,42.2,8.0,0.191,44.0,0.1344,4.0,3.0,12.49,0.0,1.0,0
PRJ-304745,18.35,525.0,56.9,7.0,0.1317,36.0,0.2584,3.0,2.0,-11.52,1.0,3.0,0
PRJ-304746,15.85,100.0,137.9,2.0,0.0335,22.0,0.2937,4.0,4.0,-5.59,0.0,6.0,0
PRJ-304747,7.8,370.0,44.2,6.0,0.0951,32.0,0.3949,1.0,4.0,12.79,0.0,4.0,0
PRJ-304748,7.77,298.0,48.4,6.0,0.4083,47.0,0.3786,4.0,1.0,7.27,0.0,0.0,0
PRJ-304749,22.37,336.0,29.9,7.0,0.4536,7.0,0.4607,2.0,3.0,-0.34,0.0,8.0,1
PRJ-304750,3.4,90.0,44.2,5.0,0.1524,18.0,0.3433,1.0,1.0,6.5,0.0,2.0,0
PRJ-304751,8.81,53.0,68.5,6.0,0.145,43.0,0.3967,4.0,1.0,-3.32,0.0,2.0,0
PRJ-304752,24.43,345.0,69.6,5.0,0.2098,43.0,0.5622,1.0,1.0,-5.18,0.0,0.0,0
PRJ-304753,8.8,143.0,113.9,3.0,0.1074,17.0,0.5493,0.0,1.0,12.5,0.0,1.0,1
PRJ-304754,17.75,348.0,7.1,4.0,0.3997,36.0,0.5697,2.0,2.0,-8.26,1.0,1.0,0
PRJ-304755,11.08,58.0,83.9,8.0,0.5803,35.0,0.3761,4.0,1.0,-5.91,1.0,0.0,0
PRJ-304756,1.52,441.0,75.4,7.0,0.2997,34.0,0.5151,2.0,2.0,20.1,0.0,0.0,0
PRJ-304757,10.77,209.0,11.0,6.0,0.3079,52.0,0.2591,3.0,1.0,-10.58,1.0,5.0,0
PRJ-304758,12.25,268.0,112.3,3.0,0.4032,14.0,0.5628,4.0,4.0,19.72,0.0,0.0,1
PRJ-304759,10.21,215.0,13.5,2.0,0.0718,23.0,0.4002,1.0,3.0,1.86,1.0,1.0,0
PRJ-304760,4.92,252.0,69.8,3.0,0.4176,25.0,0.2828,0.0,1.0,-0.2,0.0,2.0,0
PRJ-304761,10.29,307.0,5.7,3.0,0.1586,38.0,0.4694,4.0,1.0,5.99,1.0,7.0,0
PRJ-304762,2.58,364.0,20.4,8.0,0.3626,41.0,0.5845,3.0,4.0,9.81,0.0,0.0,1
PRJ-304763,8.74,386.0,71.3,5.0,0.101,51.0,0.4319,2.0,1.0,16.09,0.0,5.0,0
PRJ-304764,18.67,535.0,73.4,4.0,0.3787,9.0,0.6707,4.0,3.0,-2.95,0.0,3.0,0
PRJ-304765,30.18,133.0,41.0,8.0,0.0645,37.0,0.1533,2.0,3.0,5.08,1.0,7.0,0
PRJ-304766,27.1,476.0,119.5,3.0,0.196,10.0,0.5061,4.0,3.0,-5.62,1.0,7.0,1
PRJ-304767,5.47,342.0,70.2,7.0,0.2912,58.0,0.7137,2.0,1.0,-6.83,0.0,6.0,0
PRJ-304768,3.84,198.0,92.1,6.0,0.176,0.0,0.4591,1.0,4.0,1.2,0.0,8.0,0
PRJ-304769,13.05,498.0,42.4,3.0,0.0454,4.0,0.1288,0.0,1.0,8.56,0.0,6.0,0
PRJ-304770,11.72,394.0,17.8,8.0,0.4458,53.0,0.1475,1.0,1.0,-11.32,0.0,5.0,0
PRJ-304771,16.91,136.0,17.6,6.0,0.1227,21.0,0.7288,3.0,4.0,-19.43,0.0,8.0,0
PRJ-304772,7.35,131.0,35.4,8.0,0.2748,20.0,0.539,0.0,4.0,-12.54,1.0,0.0,0
PRJ-304773,11.96,371.0,21.3,1.0,0.3037,42.0,0.3721,2.0,4.0,-6.03,1.0,5.0,0
PRJ-304774,11.53,406.0,20.0,3.0,0.3016,8.0,0.5591,0.0,4.0,15.16,0.0,1.0,1
PRJ-304775,8.95,67.0,9.0,3.0,0.2825,29.0,0.156,4.0,4.0,-10.39,0.0,2.0,0
PRJ-304776,3.22,355.0,37.3,6.0,0.1863,19.0,0.5045,0.0,4.0,5.68,0.0,5.0,0
PRJ-304777,18.49,307.0,8.8,7.0,0.1221,15.0,0.6338,3.0,1.0,13.33,0.0,5.0,0
PRJ-304778,13.11,524.0,36.7,1.0,0.453,11.0,0.3993,1.0,2.0,-9.52,1.0,4.0,1
PRJ-304779,19.33,412.0,6.5,2.0,0.1255,20.0,0.4154,2.0,4.0,16.04,0.0,4.0,1
PRJ-304780,22.36,495.0,33.9,6.0,0.1853,29.0,0.3275,0.0,2.0,6.64,0.0,4.0,0
PRJ-304781,10.87,61.0,68.4,3.0,0.1648,43.0,0.195,4.0,2.0,-11.9,1.0,1.0,0
PRJ-304782,18.57,423.0,20.6,6.0,0.1744,11.0,0.5151,4.0,2.0,-5.01,0.0,4.0,0
PRJ-304783,30.63,210.0,57.4,1.0,0.1766,47.0,0.2989,4.0,1.0,-9.79,1.0,2.0,0
PRJ-304784,36.92,318.0,54.6,5.0,0.183,11.0,0.6532,4.0,3.0,-3.39,0.0,2.0,1
PRJ-304785,14.18,479.0,26.1,1.0,0.0549,38.0,0.1069,2.0,2.0,4.46,1.0,5.0,0
PRJ-304786,14.92,475.0,8.3,8.0,0.337,22.0,0.259,4.0,2.0,-8.13,1.0,2.0,1
PRJ-304787,14.02,156.0,84.2,2.0,0.1701,53.0,0.4195,4.0,1.0,4.11,0.0,4.0,0
PRJ-304788,16.53,163.0,25.9,2.0,0.2097,41.0,0.4924,3.0,4.0,1.81,1.0,3.0,0
PRJ-304789,21.75,402.0,130.2,1.0,0.0782,31.0,0.289,2.0,2.0,-13.07,1.0,2.0,0
PRJ-304790,13.83,479.0,81.3,2.0,0.1045,3.0,0.875,1.0,3.0,4.17,1.0,8.0,1
PRJ-304791,35.59,348.0,71.8,4.0,0.1951,49.0,0.379,1.0,1.0,12.58,0.0,5.0,0
PRJ-304792,32.47,72.0,13.3,5.0,0.0309,59.0,0.2049,2.0,1.0,-3.18,1.0,1.0,0
PRJ-304793,12.22,126.0,72.1,8.0,0.4053,6.0,0.515,2.0,2.0,8.53,0.0,2.0,0
PRJ-304794,12.17,415.0,99.5,8.0,0.4089,32.0,0.2951,3.0,1.0,-12.58,0.0,1.0,0
PRJ-304795,8.48,412.0,48.7,1.0,0.2719,59.0,0.1888,2.0,1.0,18.18,1.0,8.0,0
PRJ-304796,17.11,488.0,58.1,4.0,0.3799,36.0,0.2825,3.0,3.0,6.98,1.0,7.0,0
PRJ-304797,9.5,308.0,68.7,7.0,0.1139,52.0,0.6383,2.0,2.0,8.17,1.0,6.0,0
PRJ-304798,8.21,256.0,107.3,2.0,0.1166,48.0,0.4384,3.0,3.0,-8.21,0.0,2.0,0
PRJ-304799,16.87,100.0,62.0,6.0,0.0677,53.0,0.4753,0.0,2.0,8.2,1.0,1.0,1
PRJ-304800,5.25,432.0,67.2,4.0,0.0651,17.0,0.2313,3.0,4.0,4.7,1.0,8.0,0
PRJ-304801,21.99,514.0,55.9,2.0,0.2067,52.0,0.2739,1.0,4.0,8.65,1.0,3.0,1
PRJ-304802,17.31,67.0,132.8,1.0,0.1468,9.0,0.4453,2.0,4.0,15.35,0.0,6.0,1
PRJ-304803,31.41,288.0,49.7,3.0,0.1595,50.0,0.2209,1.0,1.0,-6.09,0.0,2.0,0
PRJ-304804,14.35,220.0,66.8,1.0,0.2252,33.0,0.2805,1.0,3.0,15.34,1.0,3.0,1
PRJ-304805,19.07,413.0,111.8,2.0,0.0638,5.0,0.2571,3.0,4.0,8.91,0.0,2.0,1
PRJ-304806,20.69,422.0,32.2,5.0,0.3185,41.0,0.2073,4.0,3.0,-14.3,0.0,2.0,0
PRJ-304807,25.75,152.0,149.4,7.0,0.1478,54.0,0.4549,1.0,4.0,19.63,0.0,2.0,1
PRJ-304808,13.32,516.0,29.5,5.0,0.1132,52.0,0.2356,3.0,1.0,-6.51,0.0,3.0,0
PRJ-304809,8.44,112.0,20.9,6.0,0.1466,10.0,0.4118,0.0,3.0,2.33,0.0,0.0,0
PRJ-304810,14.57,431.0,68.3,1.0,0.3007,50.0,0.4257,2.0,1.0,2.85,0.0,0.0,0
PRJ-304811,21.97,411.0,28.3,3.0,0.4583,52.0,0.3332,1.0,2.0,-11.56,0.0,2.0,0
PRJ-304812,23.85,125.0,128.8,6.0,0.2349,58.0,0.0244,0.0,1.0,10.31,0.0,7.0,0
PRJ-304813,3.25,378.0,181.2,1.0,0.2494,33.0,0.7161,1.0,2.0,-5.32,0.0,0.0,1
PRJ-304814,56.73,178.0,21.6,5.0,0.0425,54.0,0.2959,3.0,3.0,-15.36,0.0,6.0,0
PRJ-304815,8.24,180.0,19.8,2.0,0.4773,16.0,0.369,0.0,4.0,-9.89,0.0,6.0,0
PRJ-304816,19.29,87.0,18.9,4.0,0.3121,31.0,0.4155,2.0,1.0,-21.81,0.0,8.0,0
PRJ-304817,27.6,414.0,5.4,6.0,0.2803,18.0,0.1492,2.0,4.0,-16.05,0.0,1.0,0
PRJ-304818,11.47,444.0,27.6,8.0,0.1337,21.0,0.2098,1.0,1.0,11.83,0.0,6.0,0
PRJ-304819,24.45,294.0,96.6,1.0,0.0973,16.0,0.5174,2.0,3.0,-18.43,1.0,0.0,1
PRJ-304820,3.23,429.0,70.8,5.0,0.1947,39.0,0.5282,3.0,4.0,4.07,1.0,7.0,0
PRJ-304821,25.02,217.0,39.6,5.0,0.1082,43.0,0.1159,4.0,4.0,-7.04,0.0,6.0,0
PRJ-304822,23.1,324.0,65.0,1.0,0.1769,48.0,0.7679,2.0,2.0,12.92,0.0,7.0,1
PRJ-304823,15.79,434.0,14.3,5.0,0.2799,44.0,0.3361,2.0,4.0,-0.3,0.0,6.0,0
PRJ-304824,22.02,258.0,49.6,1.0,0.0304,7.0,0.2587,1.0,3.0,-14.5,0.0,5.0,0
PRJ-304825,33.03,350.0,56.6,6.0,0.2056,25.0,0.1447,3.0,3.0,6.97,0.0,3.0,0
PRJ-304826,28.15,116.0,54.1,2.0,0.0853,37.0,0.137,1.0,4.0,-4.64,0.0,3.0,0
PRJ-304827,11.94,296.0,26.8,2.0,0.2285,25.0,0.3322,3.0,1.0,7.99,1.0,7.0,0
PRJ-304828,14.48,466.0,26.0,1.0,0.0834,10.0,0.1314,4.0,2.0,3.84,0.0,4.0,1
PRJ-304829,10.59,427.0,75.5,4.0,0.5568,12.0,0.5253,2.0,2.0,-12.73,0.0,3.0,1
PRJ-304830,9.67,193.0,72.2,2.0,0.0085,32.0,0.3557,1.0,3.0,-1.62,0.0,7.0,0
PRJ-304831,20.62,314.0,5.8,4.0,0.3422,23.0,0.3068,2.0,1.0,-6.91,0.0,4.0,0
PRJ-304832,10.51,351.0,5.7,8.0,0.2671,42.0,0.4212,2.0,1.0,-3.17,0.0,1.0,0
PRJ-304833,20.59,509.0,172.1,7.0,0.202,39.0,0.1923,1.0,4.0,-1.72,0.0,7.0,0
PRJ-304834,11.46,455.0,58.0,7.0,0.2113,15.0,0.5236,4.0,2.0,-19.2,0.0,5.0,0
PRJ-304835,12.63,449.0,54.2,4.0,0.3789,37.0,0.4477,0.0,2.0,3.51,1.0,1.0,0
PRJ-304836,6.72,417.0,22.3,1.0,0.3064,34.0,0.1636,1.0,4.0,-4.05,0.0,6.0,0
PRJ-304837,20.24,222.0,35.8,4.0,0.0424,7.0,0.1602,2.0,3.0,-15.39,0.0,0.0,0
PRJ-304838,3.08,231.0,28.8,1.0,0.1461,49.0,0.3724,3.0,3.0,-14.04,0.0,8.0,0
PRJ-304839,25.62,275.0,97.1,1.0,0.4137,43.0,0.1554,1.0,2.0,-20.94,0.0,5.0,1
PRJ-304840,44.34,255.0,94.0,3.0,0.2639,53.0,0.215,4.0,1.0,23.31,0.0,3.0,1
PRJ-304841,12.93,518.0,58.7,6.0,0.1262,59.0,0.6466,1.0,1.0,-0.49,1.0,3.0,0
PRJ-304842,12.54,478.0,52.2,7.0,0.27,17.0,0.339,4.0,4.0,4.36,1.0,8.0,1
PRJ-304843,3.89,488.0,66.4,5.0,0.2259,48.0,0.3766,3.0,4.0,17.18,0.0,2.0,0
PRJ-304844,8.61,345.0,51.6,3.0,0.046,57.0,0.4346,1.0,4.0,32.67,0.0,0.0,0
PRJ-304845,22.17,139.0,75.6,6.0,0.234,0.0,0.3376,3.0,2.0,-8.62,1.0,7.0,0
PRJ-304846,24.2,116.0,118.9,8.0,0.1057,38.0,0.3316,0.0,2.0,-6.35,1.0,4.0,0
PRJ-304847,14.05,180.0,44.3,6.0,0.4393,49.0,0.5044,0.0,1.0,-12.17,0.0,5.0,1
PRJ-304848,21.34,367.0,22.7,7.0,0.4401,7.0,0.6295,0.0,4.0,-1.91,0.0,1.0,0
PRJ-304849,6.82,225.0,52.6,8.0,0.1274,1.0,0.1794,0.0,3.0,-21.79,0.0,8.0,0
PRJ-304850,16.26,369.0,29.9,6.0,0.2296,18.0,0.5898,3.0,1.0,15.6,0.0,5.0,0
PRJ-304851,29.84,480.0,17.6,8.0,0.3763,8.0,0.563,4.0,1.0,5.92,0.0,4.0,1
PRJ-304852,18.36,210.0,107.8,3.0,0.2509,11.0,0.2864,3.0,1.0,-2.56,0.0,5.0,0
PRJ-304853,32.7,504.0,50.4,3.0,0.4102,14.0,0.5236,1.0,1.0,-17.62,0.0,5.0,0
PRJ-304854,33.33,298.0,35.6,2.0,0.5074,14.0,0.4124,2.0,3.0,17.2,0.0,4.0,1
PRJ-304855,16.95,442.0,56.3,2.0,0.3069,29.0,0.2956,0.0,1.0,-5.37,1.0,7.0,0
PRJ-304856,1.17,74.0,31.8,5.0,0.1224,55.0,0.3411,2.0,3.0,20.78,1.0,5.0,0
PRJ-304857,23.88,181.0,110.1,8.0,0.1101,50.0,0.4905,3.0,4.0,-3.65,0.0,3.0,0
PRJ-304858,4.88,505.0,170.8,2.0,0.1161,6.0,0.2235,3.0,4.0,0.84,0.0,7.0,1
PRJ-304859,1.62,484.0,33.3,6.0,0.0653,48.0,0.1779,4.0,4.0,-15.02,0.0,6.0,0
PRJ-304860,2.77,327.0,42.7,1.0,0.5209,45.0,0.5715,2.0,4.0,14.45,0.0,1.0,1
PRJ-304861,24.96,61.0,61.9,8.0,0.2425,22.0,0.07,3.0,4.0,-20.11,0.0,2.0,0
PRJ-304862,17.04,74.0,15.8,5.0,0.5058,24.0,0.2834,0.0,1.0,9.29,1.0,7.0,0
PRJ-304863,14.3,254.0,6.8,4.0,0.2613,28.0,0.4496,3.0,2.0,16.54,0.0,0.0,1
PRJ-304864,18.12,489.0,101.8,3.0,0.1297,53.0,0.1713,0.0,2.0,-19.99,0.0,7.0,1
PRJ-304865,2.9,231.0,34.9,8.0,0.1347,10.0,0.1672,4.0,3.0,11.16,0.0,5.0,0
PRJ-304866,10.56,482.0,32.5,4.0,0.0202,30.0,0.2659,0.0,2.0,17.26,1.0,0.0,0
PRJ-304867,7.67,309.0,65.0,1.0,0.3501,57.0,0.0413,0.0,1.0,5.18,0.0,2.0,0
PRJ-304868,13.57,111.0,22.6,5.0,0.3698,40.0,0.1268,1.0,3.0,7.05,0.0,4.0,0
PRJ-304869,13.9,322.0,31.9,5.0,0.4129,16.0,0.6142,2.0,2.0,4.61,1.0,1.0,1
PRJ-304870,17.62,225.0,16.1,6.0,0.2769,49.0,0.4112,3.0,1.0,0.8,0.0,3.0,0
PRJ-304871,19.38,156.0,8.3,4.0,0.1607,12.0,0.4143,1.0,3.0,-12.3,0.0,8.0,0
PRJ-304872,3.01,379.0,31.5,3.0,0.3007,14.0,0.1837,3.0,1.0,-0.65,1.0,8.0,0
PRJ-304873,10.66,146.0,22.4,1.0,0.3062,59.0,0.5602,3.0,4.0,-3.64,0.0,2.0,0
PRJ-304874,12.36,493.0,19.9,8.0,0.0926,46.0,0.2574,3.0,3.0,22.53,1.0,5.0,0
PRJ-304875,4.78,442.0,48.2,2.0,0.1894,12.0,0.4142,2.0,4.0,-0.8,1.0,8.0,1
PRJ-304876,4.41,432.0,81.5,3.0,0.2999,46.0,0.0679,4.0,2.0,-0.38,0.0,5.0,0
PRJ-304877,2.78,82.0,82.5,2.0,0.5711,10.0,0.4343,4.0,4.0,2.27,1.0,5.0,1
PRJ-304878,3.96,520.0,80.2,2.0,0.2447,18.0,0.2855,3.0,1.0,5.41,0.0,2.0,1
PRJ-304879,21.25,289.0,25.4,1.0,0.2105,58.0,0.6651,2.0,4.0,-9.3,0.0,1.0,1
PRJ-304880,3.4,407.0,44.7,3.0,0.3921,21.0,0.3311,2.0,4.0,11.41,0.0,5.0,0
PRJ-304881,3.85,139.0,30.4,8.0,0.5813,4.0,0.5415,2.0,4.0,-0.97,0.0,7.0,0
PRJ-304882,13.19,425.0,25.7,2.0,0.3932,59.0,0.2059,4.0,3.0,8.82,1.0,5.0,0
PRJ-304883,16.21,203.0,27.1,8.0,0.2837,1.0,0.6581,2.0,2.0,-10.83,0.0,0.0,0
PRJ-304884,12.1,395.0,18.4,6.0,0.4663,58.0,0.2583,3.0,3.0,-1.63,0.0,6.0,0
PRJ-304885,5.51,182.0,56.8,8.0,0.4004,27.0,0.5144,0.0,1.0,17.84,0.0,5.0,0
PRJ-304886,4.48,506.0,98.1,5.0,0.117,16.0,0.5506,3.0,2.0,23.88,0.0,5.0,1
PRJ-304887,12.94,395.0,29.8,8.0,0.1507,17.0,0.398,2.0,2.0,8.04,1.0,3.0,0
PRJ-304888,11.21,268.0,27.2,5.0,0.2678,7.0,0.4341,4.0,1.0,-13.41,1.0,6.0,0
PRJ-304889,9.31,270.0,6.6,7.0,0.0893,52.0,0.3204,0.0,1.0,-22.09,1.0,1.0,0
PRJ-304890,20.65,45.0,71.7,1.0,0.3274,58.0,0.0576,4.0,1.0,8.04,0.0,8.0,0
PRJ-304891,10.7,193.0,4.9,8.0,0.339,44.0,0.2485,3.0,4.0,23.79,1.0,3.0,0
PRJ-304892,4.19,435.0,50.0,1.0,0.2841,13.0,0.2535,1.0,3.0,-4.64,1.0,1.0,0
PRJ-304893,9.35,456.0,23.6,2.0,0.3187,32.0,0.1752,1.0,2.0,-2.25,0.0,1.0,0
PRJ-304894,17.44,539.0,38.2,6.0,0.3981,42.0,0.5198,0.0,4.0,3.33,0.0,2.0,1
PRJ-304895,10.26,87.0,52.1,3.0,0.2186,0.0,0.2124,0.0,1.0,30.23,0.0,8.0,1
PRJ-304896,17.23,169.0,49.8,1.0,0.3564,37.0,0.2919,0.0,1.0,2.32,0.0,0.0,0
PRJ-304897,19.51,424.0,90.1,7.0,0.1241,15.0,0.1836,3.0,2.0,2.52,0.0,5.0,0
PRJ-304898,10.73,223.0,5.3,5.0,0.3299,44.0,0.444,1.0,3.0,-4.42,1.0,4.0,0
PRJ-304899,12.06,167.0,82.8,4.0,0.2741,53.0,0.4569,1.0,3.0,1.37,0.0,4.0,0
PRJ-304900,9.81,184.0,53.7,3.0,0.4345,21.0,0.4192,2.0,4.0,13.67,0.0,2.0,1
PRJ-304901,17.48,499.0,96.6,6.0,0.2149,14.0,0.1674,3.0,2.0,-7.66,0.0,6.0,1
PRJ-304902,9.59,469.0,47.4,3.0,0.1433,24.0,0.389,3.0,3.0,11.58,1.0,1.0,1
PRJ-304903,16.37,47.0,12.2,5.0,0.0764,1.0,0.3411,3.0,2.0,12.1,0.0,8.0,1
PRJ-304904,14.05,461.0,42.4,2.0,0.2514,15.0,0.2581,4.0,2.0,-9.39,1.0,2.0,0
PRJ-304905,2.76,320.0,70.2,3.0,0.3701,13.0,0.3926,2.0,2.0,9.69,0.0,6.0,0
PRJ-304906,16.97,463.0,79.1,1.0,0.4156,1.0,0.2973,2.0,3.0,24.79,0.0,2.0,1
PRJ-304907,13.19,353.0,43.5,3.0,0.0836,45.0,0.3796,0.0,2.0,-14.54,0.0,8.0,1
PRJ-304908,26.27,385.0,39.5,4.0,0.286,27.0,0.1964,3.0,4.0,-1.66,0.0,4.0,0
PRJ-304909,4.95,330.0,53.1,6.0,0.5315,51.0,0.2757,3.0,2.0,3.2,0.0,2.0,0
PRJ-304910,14.2,408.0,88.2,7.0,0.2182,17.0,0.2822,3.0,2.0,4.75,0.0,7.0,0
PRJ-304911,8.66,448.0,32.1,5.0,0.3082,17.0,0.5451,1.0,3.0,-11.29,0.0,8.0,0
PRJ-304912,2.99,296.0,62.2,8.0,0.2932,25.0,0.2524,3.0,2.0,-14.93,1.0,0.0,1
PRJ-304913,2.37,100.0,140.8,3.0,0.2514,13.0,0.6406,1.0,4.0,-8.77,0.0,6.0,0
PRJ-304914,29.67,91.0,202.7,4.0,0.0233,45.0,0.3385,0.0,4.0,1.28,0.0,7.0,0
PRJ-304915,14.24,250.0,87.8,5.0,0.4885,50.0,0.3429,3.0,1.0,-5.54,0.0,3.0,1
PRJ-304916,10.48,279.0,38.6,2.0,0.1889,40.0,0.3526,2.0,2.0,10.52,1.0,5.0,0
PRJ-304917,3.65,472.0,15.8,4.0,0.1289,11.0,0.4096,3.0,4.0,14.59,0.0,5.0,0
PRJ-304918,28.56,61.0,59.9,8.0,0.2,46.0,0.1782,3.0,4.0,-10.24,1.0,3.0,0
PRJ-304919,7.11,484.0,120.6,4.0,0.138,21.0,0.3744,4.0,2.0,4.07,1.0,6.0,1
PRJ-304920,14.69,72.0,43.6,8.0,0.3156,59.0,0.455,3.0,4.0,1.26,0.0,6.0,0
PRJ-304921,12.84,291.0,94.9,6.0,0.248,22.0,0.2605,3.0,4.0,30.61,0.0,3.0,0
PRJ-304922,37.2,254.0,89.8,2.0,0.4136,36.0,0.4137,4.0,3.0,-5.01,0.0,8.0,1
PRJ-304923,11.86,321.0,47.3,4.0,0.4157,23.0,0.3815,0.0,3.0,4.99,0.0,4.0,0
PRJ-304924,8.27,66.0,84.4,3.0,0.1978,52.0,0.0841,2.0,3.0,24.01,0.0,7.0,0
PRJ-304925,14.38,423.0,17.5,8.0,0.1516,4.0,0.494,3.0,4.0,-23.83,0.0,0.0,0
PRJ-304926,15.43,111.0,40.2,3.0,0.2149,58.0,0.4775,2.0,1.0,17.81,0.0,5.0,0
PRJ-304927,53.65,430.0,64.9,4.0,0.2184,50.0,0.3669,1.0,1.0,-7.33,1.0,2.0,0
PRJ-304928,11.73,325.0,46.4,6.0,0.0448,2.0,0.2354,4.0,2.0,-17.36,0.0,5.0,0
PRJ-304929,4.82,484.0,19.2,8.0,0.0401,12.0,0.0474,1.0,1.0,3.84,0.0,0.0,0
PRJ-304930,9.31,529.0,84.4,5.0,0.2127,19.0,0.3256,2.0,1.0,2.52,0.0,2.0,0
PRJ-304931,14.36,462.0,64.3,7.0,0.1127,22.0,0.1955,1.0,1.0,7.5,0.0,1.0,0
PRJ-304932,16.14,268.0,53.5,1.0,0.1125,35.0,0.1898,0.0,4.0,9.13,0.0,5.0,0
PRJ-304933,3.4,250.0,108.6,8.0,0.5231,38.0,0.4943,1.0,1.0,-1.18,0.0,8.0,0
PRJ-304934,8.54,373.0,85.6,2.0,0.0782,10.0,0.5119,2.0,2.0,21.2,0.0,0.0,0
PRJ-304935,35.84,366.0,3.2,7.0,0.1986,48.0,0.2194,2.0,3.0,16.83,0.0,2.0,0
PRJ-304936,6.13,436.0,54.1,5.0,0.0784,0.0,0.4682,4.0,2.0,5.53,0.0,8.0,0
PRJ-304937,20.96,284.0,52.9,5.0,0.4668,35.0,0.2202,3.0,3.0,4.43,0.0,4.0,0
PRJ-304938,9.54,274.0,35.9,1.0,0.3822,44.0,0.5848,1.0,1.0,14.34,1.0,2.0,1
PRJ-304939,12.2,103.0,5.3,5.0,0.207,21.0,0.3323,3.0,3.0,0.67,1.0,5.0,0
PRJ-304940,3.73,128.0,24.6,1.0,0.3787,24.0,0.5181,3.0,4.0,-14.59,0.0,6.0,0
PRJ-304941,10.2,451.0,3.9,5.0,0.1018,0.0,0.3676,0.0,4.0,-1.1,1.0,6.0,0
PRJ-304942,14.24,534.0,173.0,4.0,0.0953,8.0,0.2328,4.0,4.0,-3.89,0.0,7.0,0
PRJ-304943,11.83,342.0,46.6,2.0,0.3636,29.0,0.3963,2.0,1.0,1.84,1.0,4.0,0
PRJ-304944,10.65,215.0,67.4,4.0,0.1253,7.0,0.2923,4.0,1.0,-14.0,0.0,6.0,0
PRJ-304945,17.54,73.0,18.9,2.0,0.0046,33.0,0.3449,2.0,1.0,-12.43,1.0,1.0,0
PRJ-304946,4.47,66.0,6.1,1.0,0.0901,54.0,0.4551,0.0,4.0,14.01,0.0,3.0,0
PRJ-304947,14.69,380.0,33.9,1.0,0.0815,21.0,0.1534,1.0,1.0,1.11,0.0,5.0,0
PRJ-304948,2.24,362.0,30.1,3.0,0.4602,42.0,0.3043,0.0,3.0,-3.15,0.0,8.0,0
PRJ-304949,24.78,185.0,56.3,6.0,0.3938,37.0,0.4038,1.0,3.0,-4.88,0.0,5.0,0
PRJ-304950,10.9,138.0,35.1,5.0,0.2311,44.0,0.2664,0.0,4.0,-1.59,0.0,7.0,0
PRJ-304951,20.07,79.0,198.0,1.0,0.1516,47.0,0.5398,0.0,1.0,2.32,1.0,3.0,0
PRJ-304952,1.38,382.0,97.8,4.0,0.1205,42.0,0.5887,1.0,1.0,-19.55,1.0,7.0,0
PRJ-304953,18.27,345.0,127.4,5.0,0.1392,2.0,0.1298,1.0,2.0,-4.48,0.0,8.0,0
PRJ-304954,6.93,209.0,46.8,2.0,0.1446,48.0,0.5423,3.0,3.0,2.69,1.0,7.0,1
PRJ-304955,12.26,407.0,55.5,2.0,0.1155,48.0,0.1802,2.0,3.0,-1.45,0.0,3.0,0
PRJ-304956,18.46,463.0,119.7,2.0,0.731,23.0,0.4376,4.0,2.0,-20.58,0.0,7.0,1
PRJ-304957,11.5,301.0,32.9,1.0,0.1999,35.0,0.6076,0.0,1.0,0.63,1.0,0.0,0
PRJ-304958,17.05,174.0,64.9,2.0,0.1804,49.0,0.5471,1.0,1.0,-0.1,1.0,7.0,0
PRJ-304959,9.64,47.0,35.1,5.0,0.2116,19.0,0.1584,4.0,4.0,-7.99,0.0,1.0,0
PRJ-304960,26.03,438.0,67.6,7.0,0.1225,10.0,0.2194,4.0,4.0,-10.76,0.0,8.0,1
PRJ-304961,10.88,330.0,13.9,7.0,0.3337,41.0,0.5583,3.0,4.0,2.74,0.0,8.0,0
PRJ-304962,11.03,216.0,28.9,6.0,0.1541,19.0,0.1982,4.0,3.0,1.67,0.0,4.0,0
PRJ-304963,11.17,48.0,56.4,3.0,0.1424,42.0,0.3452,0.0,4.0,5.93,0.0,6.0,1
PRJ-304964,12.03,447.0,61.4,8.0,0.2615,24.0,0.3431,4.0,3.0,25.34,0.0,2.0,0
PRJ-304965,4.64,503.0,78.9,8.0,0.0506,45.0,0.395,1.0,2.0,7.27,0.0,7.0,0
PRJ-304966,5.98,283.0,16.6,3.0,0.3415,10.0,0.3259,4.0,4.0,-8.33,0.0,6.0,0
PRJ-304967,21.99,177.0,54.7,1.0,0.4764,24.0,0.4916,0.0,3.0,15.46,0.0,8.0,0
PRJ-304968,20.06,351.0,10.1,4.0,0.3339,32.0,0.4651,4.0,4.0,-2.65,0.0,8.0,0
PRJ-304969,19.25,476.0,36.8,4.0,0.1604,34.0,0.5852,4.0,1.0,-2.61,0.0,6.0,0
PRJ-304970,16.06,335.0,48.0,6.0,0.2417,50.0,0.2855,2.0,1.0,-10.45,0.0,8.0,0
PRJ-304971,8.4,50.0,42.6,2.0,0.1571,28.0,0.3269,1.0,4.0,7.26,0.0,1.0,0
PRJ-304972,7.81,141.0,138.4,5.0,0.0952,59.0,0.2993,0.0,2.0,-3.21,0.0,5.0,0
PRJ-304973,11.69,93.0,48.3,3.0,0.6112,21.0,0.3923,4.0,1.0,11.01,1.0,7.0,0
PRJ-304974,24.18,248.0,71.2,4.0,0.5614,49.0,0.152,4.0,3.0,7.52,0.0,3.0,1
PRJ-304975,13.71,268.0,56.5,1.0,0.3717,7.0,0.2586,4.0,3.0,-9.62,0.0,1.0,0
PRJ-304976,5.77,310.0,46.0,5.0,0.3143,28.0,0.7723,4.0,2.0,-10.92,0.0,4.0,0
PRJ-304977,3.95,420.0,67.5,1.0,0.4325,55.0,0.0909,1.0,1.0,3.47,0.0,6.0,0
PRJ-304978,20.46,100.0,52.8,7.0,0.0841,56.0,0.4629,3.0,2.0,15.45,1.0,1.0,0
PRJ-304979,29.05,511.0,49.5,6.0,0.2147,7.0,0.353,4.0,4.0,13.25,0.0,0.0,0
PRJ-304980,3.27,175.0,39.5,8.0,0.1733,19.0,0.2435,3.0,1.0,18.82,0.0,8.0,0
PRJ-304981,20.9,302.0,32.9,6.0,0.4386,38.0,0.3182,1.0,3.0,2.56,0.0,3.0,0
PRJ-304982,15.81,149.0,29.3,8.0,0.198,2.0,0.2469,2.0,3.0,11.51,0.0,6.0,1
PRJ-304983,6.77,220.0,49.5,2.0,0.1332,23.0,0.5693,1.0,1.0,14.29,1.0,4.0,1
PRJ-304984,13.83,457.0,46.9,1.0,0.1587,55.0,0.3166,3.0,2.0,24.78,0.0,7.0,0
PRJ-304985,5.1,67.0,117.3,8.0,0.5276,49.0,0.4917,4.0,1.0,5.63,0.0,6.0,0
PRJ-304986,10.31,284.0,12.4,6.0,0.1267,29.0,0.4557,0.0,2.0,-3.79,0.0,1.0,0
PRJ-304987,12.13,333.0,145.6,6.0,0.0985,28.0,0.1098,2.0,1.0,14.7,0.0,7.0,0
PRJ-304988,25.87,327.0,17.1,3.0,0.057,21.0,0.2786,1.0,3.0,-15.03,1.0,6.0,0
PRJ-304989,9.97,233.0,45.6,3.0,0.3957,11.0,0.6483,3.0,4.0,13.85,0.0,0.0,0
PRJ-304990,7.31,232.0,61.8,6.0,0.0516,41.0,0.0876,2.0,1.0,17.0,1.0,8.0,0
PRJ-304991,15.04,495.0,20.8,4.0,0.2678,9.0,0.2568,2.0,1.0,13.11,0.0,7.0,0
PRJ-304992,17.35,164.0,16.7,1.0,0.3683,44.0,0.4802,1.0,3.0,-10.35,0.0,4.0,0
PRJ-304993,7.12,282.0,41.7,3.0,0.1768,23.0,0.4074,2.0,2.0,3.61,0.0,6.0,0
PRJ-304994,5.61,225.0,72.5,4.0,0.144,47.0,0.3692,2.0,1.0,14.02,0.0,3.0,0
PRJ-304995,5.96,423.0,86.4,7.0,0.1062,32.0,0.4305,3.0,2.0,7.27,0.0,7.0,0
PRJ-304996,25.93,443.0,14.4,3.0,0.2324,57.0,0.0564,1.0,3.0,1.41,1.0,3.0,0
PRJ-304997,16.86,464.0,40.4,4.0,0.2574,37.0,0.1219,0.0,3.0,3.54,0.0,4.0,0
PRJ-304998,9.53,87.0,8.4,5.0,0.2787,55.0,0.2427,0.0,4.0,37.93,0.0,6.0,0
PRJ-304999,23.24,93.0,21.2,2.0,0.2039,50.0,0.1337,4.0,4.0,-10.93,0.0,5.0,0
PRJ-305000,7.08,230.0,103.3,5.0,0.0087,43.0,0.4492,2.0,2.0,-14.27,1.0,5.0,0
PRJ-305001,11.38,263.0,59.3,2.0,0.2645,22.0,0.4786,4.0,4.0,-10.36,0.0,1.0,0
PRJ-305002,5.04,76.0,22.9,8.0,0.4698,3.0,0.5534,2.0,2.0,26.51,0.0,1.0,0
PRJ-305003,22.61,487.0,96.7,3.0,0.036,46.0,0.1349,1.0,2.0,9.6,1.0,7.0,1
PRJ-305004,6.68,489.0,25.9,3.0,0.3097,36.0,0.6308,2.0,1.0,-5.75,0.0,4.0,0
PRJ-305005,6.79,255.0,44.8,4.0,0.1141,13.0,0.6654,3.0,2.0,27.7,0.0,1.0,1
PRJ-305006,15.26,425.0,6.6,3.0,0.3477,3.0,0.522,4.0,4.0,-12.71,0.0,1.0,1
PRJ-305007,2.09,324.0,23.0,5.0,0.0811,52.0,0.2726,0.0,2.0,-6.17,0.0,5.0,0
PRJ-305008,4.26,370.0,55.4,6.0,0.0702,33.0,0.2509,3.0,4.0,-13.23,0.0,2.0,0
PRJ-305009,18.85,477.0,53.5,8.0,0.4453,5.0,0.353,3.0,3.0,1.78,0.0,2.0,0
PRJ-305010,5.9,90.0,32.9,8.0,0.5542,51.0,0.5181,3.0,1.0,6.54,0.0,7.0,0
PRJ-305011,44.78,160.0,41.4,3.0,0.2101,48.0,0.1058,3.0,4.0,2.66,1.0,1.0,0
PRJ-305012,13.35,256.0,76.3,5.0,0.4307,27.0,0.2912,2.0,4.0,15.25,1.0,6.0,0
PRJ-305013,3.1,487.0,38.9,3.0,0.2575,16.0,0.6031,0.0,2.0,-3.91,0.0,2.0,0
PRJ-305014,29.97,337.0,61.9,7.0,0.4372,12.0,0.3728,3.0,4.0,-2.55,1.0,0.0,0
PRJ-305015,13.34,241.0,28.6,1.0,0.2957,39.0,0.3965,1.0,3.0,4.5,0.0,0.0,1
PRJ-305016,10.5,59.0,44.3,8.0,0.1884,14.0,0.3426,0.0,1.0,22.91,0.0,3.0,1
PRJ-305017,13.31,338.0,6.0,3.0,0.051,32.0,0.3987,3.0,4.0,6.42,0.0,2.0,0
PRJ-305018,3.09,178.0,30.4,6.0,0.1758,1.0,0.5814,0.0,4.0,-2.6,0.0,3.0,0
PRJ-305019,11.64,207.0,48.2,6.0,0.1292,34.0,0.2683,3.0,4.0,10.48,0.0,3.0,0
PRJ-305020,6.2,537.0,42.4,3.0,0.5388,22.0,0.3729,1.0,2.0,-1.71,1.0,0.0,0
PRJ-305021,11.15,305.0,28.6,8.0,0.3743,58.0,0.2165,0.0,3.0,3.92,0.0,5.0,0
PRJ-305022,8.56,113.0,19.0,3.0,0.3239,40.0,0.332,4.0,4.0,-1.28,0.0,2.0,0
PRJ-305023,12.86,69.0,49.5,6.0,0.3341,35.0,0.524,2.0,2.0,-13.85,0.0,1.0,1
PRJ-305024,9.52,237.0,41.3,8.0,0.5859,26.0,0.2729,0.0,2.0,-6.98,0.0,1.0,1
PRJ-305025,8.18,77.0,57.6,1.0,0.1019,12.0,0.1695,2.0,3.0,19.16,1.0,2.0,0
PRJ-305026,5.72,257.0,25.2,8.0,0.1643,43.0,0.5019,1.0,1.0,4.42,0.0,8.0,0
PRJ-305027,3.19,250.0,68.2,8.0,0.1672,24.0,0.2561,3.0,1.0,2.59,0.0,6.0,1
PRJ-305028,2.72,480.0,16.3,4.0,0.0612,9.0,0.2666,3.0,4.0,1.17,0.0,7.0,0
PRJ-305029,4.37,210.0,11.1,7.0,0.136,5.0,0.0876,1.0,4.0,-2.73,0.0,1.0,0
PRJ-305030,17.92,181.0,103.9,1.0,0.1694,34.0,0.2799,2.0,2.0,1.28,0.0,5.0,0
PRJ-305031,5.48,349.0,17.3,2.0,0.1757,20.0,0.1903,1.0,1.0,-3.77,1.0,2.0,0
PRJ-305032,7.25,361.0,49.8,7.0,0.0068,2.0,0.4599,0.0,1.0,3.77,0.0,6.0,0
PRJ-305033,7.3,63.0,35.7,8.0,0.3151,17.0,0.7015,1.0,1.0,-11.93,0.0,5.0,0
PRJ-305034,8.66,86.0,105.5,2.0,0.1807,59.0,0.3141,2.0,2.0,9.0,0.0,5.0,0
PRJ-305035,15.97,127.0,70.1,6.0,0.2611,38.0,0.1717,4.0,3.0,-0.21,0.0,4.0,0
PRJ-305036,9.45,429.0,11.5,1.0,0.2688,7.0,0.6559,3.0,2.0,-14.71,0.0,7.0,0
PRJ-305037,20.12,148.0,126.8,7.0,0.0178,54.0,0.4247,0.0,3.0,-2.83,0.0,3.0,0
PRJ-305038,4.41,536.0,87.7,8.0,0.3691,59.0,0.769,3.0,3.0,-4.06,0.0,6.0,1
PRJ-305039,18.78,263.0,32.3,4.0,0.2689,16.0,0.2232,2.0,1.0,12.69,1.0,6.0,0
PRJ-305040,27.76,507.0,16.2,1.0,0.1648,28.0,0.4815,1.0,3.0,-1.4,0.0,7.0,1
PRJ-305041,11.53,167.0,52.4,2.0,0.2475,50.0,0.1813,0.0,3.0,-8.85,1.0,2.0,0
PRJ-305042,5.19,254.0,54.5,5.0,0.1979,29.0,0.2452,1.0,3.0,-23.33,0.0,6.0,0
PRJ-305043,16.17,113.0,7.3,7.0,0.3028,52.0,0.1184,0.0,3.0,-6.41,0.0,3.0,0
PRJ-305044,11.67,463.0,49.7,5.0,0.098,32.0,0.3884,2.0,4.0,14.71,0.0,7.0,0
PRJ-305045,14.36,340.0,82.8,4.0,0.3214,37.0,0.4818,3.0,2.0,6.13,0.0,4.0,0
PRJ-305046,20.5,82.0,47.7,5.0,0.2967,48.0,0.3028,1.0,1.0,-9.85,0.0,0.0,0
PRJ-305047,8.95,413.0,42.1,8.0,0.4209,41.0,0.4898,0.0,3.0,-1.54,1.0,3.0,0
PRJ-305048,7.99,484.0,38.3,7.0,0.3148,1.0,0.3522,1.0,1.0,1.55,0.0,7.0,0
PRJ-305049,50.29,384.0,22.6,2.0,0.0667,47.0,0.1019,2.0,1.0,19.42,0.0,3.0,0
PRJ-305050,16.31,445.0,94.4,2.0,0.5794,4.0,0.2171,3.0,3.0,0.66,0.0,2.0,0
PRJ-305051,22.82,181.0,33.7,3.0,0.0222,22.0,0.2511,3.0,4.0,-5.78,0.0,8.0,0
PRJ-305052,19.74,258.0,52.3,3.0,0.1338,1.0,0.4895,0.0,3.0,4.77,0.0,3.0,0
PRJ-305053,23.0,467.0,13.4,6.0,0.6223,59.0,0.1953,4.0,4.0,8.18,0.0,2.0,1
PRJ-305054,14.68,346.0,40.9,8.0,0.3763,37.0,0.2837,3.0,3.0,9.71,0.0,3.0,0
PRJ-305055,21.25,347.0,64.1,5.0,0.2636,22.0,0.4576,2.0,3.0,9.47,0.0,3.0,1
PRJ-305056,7.29,424.0,33.1,8.0,0.0807,50.0,0.3739,4.0,3.0,26.24,0.0,0.0,0
PRJ-305057,3.13,349.0,33.9,4.0,0.4271,5.0,0.5205,0.0,3.0,-13.96,1.0,0.0,0
PRJ-305058,6.02,107.0,44.2,6.0,0.1926,13.0,0.6122,1.0,2.0,-1.03,0.0,1.0,1
PRJ-305059,10.54,150.0,62.3,6.0,0.4045,43.0,0.2189,2.0,3.0,0.38,0.0,8.0,0
PRJ-305060,9.61,430.0,49.4,3.0,0.364,55.0,0.5073,4.0,3.0,-14.89,0.0,6.0,1
PRJ-305061,11.72,164.0,158.0,6.0,0.3007,20.0,0.3879,0.0,4.0,-12.86,1.0,7.0,0
PRJ-305062,6.98,374.0,103.9,5.0,0.6126,40.0,0.6469,3.0,1.0,-2.57,0.0,1.0,1
PRJ-305063,2.29,280.0,28.2,5.0,0.3102,1.0,0.1945,2.0,1.0,-3.86,0.0,1.0,0
PRJ-305064,8.78,352.0,91.0,3.0,0.252,13.0,0.3504,2.0,3.0,-5.66,0.0,4.0,1
PRJ-305065,4.01,162.0,7.1,3.0,0.2444,10.0,0.2574,2.0,2.0,-21.02,1.0,1.0,0
PRJ-305066,11.38,198.0,35.5,7.0,0.4796,29.0,0.2037,2.0,2.0,-12.94,0.0,7.0,0
PRJ-305067,15.15,385.0,10.6,5.0,0.3326,22.0,0.3898,2.0,2.0,-6.35,0.0,3.0,1
PRJ-305068,8.66,129.0,67.3,2.0,0.2588,5.0,0.2486,2.0,3.0,-2.49,0.0,0.0,0
PRJ-305069,4.96,197.0,33.1,5.0,0.2873,12.0,0.2368,3.0,1.0,3.9,0.0,3.0,1
PRJ-305070,12.13,539.0,15.3,5.0,0.1837,5.0,0.4086,2.0,2.0,-2.76,0.0,1.0,0
PRJ-305071,52.02,120.0,77.2,7.0,0.3259,8.0,0.5903,1.0,2.0,-7.65,0.0,3.0,1
PRJ-305072,16.31,330.0,17.3,7.0,0.2422,39.0,0.5501,1.0,3.0,4.63,0.0,2.0,0
PRJ-305073,17.11,120.0,72.1,6.0,0.2456,9.0,0.2638,3.0,4.0,3.43,0.0,3.0,0
PRJ-305074,8.04,395.0,53.6,1.0,0.3092,3.0,0.2604,0.0,1.0,-10.8,0.0,7.0,0
PRJ-305075,6.35,107.0,38.1,4.0,0.6879,37.0,0.3977,3.0,1.0,23.89,0.0,2.0,1
PRJ-305076,23.03,329.0,84.4,2.0,0.2465,44.0,0.4158,0.0,2.0,-27.03,0.0,1.0,0
PRJ-305077,1.78,262.0,20.5,1.0,0.1051,7.0,0.2459,1.0,1.0,8.29,0.0,1.0,0
PRJ-305078,6.83,387.0,8.5,8.0,0.0625,21.0,0.3568,4.0,3.0,11.23,1.0,1.0,0
PRJ-305079,31.76,46.0,16.4,2.0,0.294,46.0,0.5649,1.0,3.0,12.79,0.0,2.0,0
PRJ-305080,10.91,300.0,156.7,2.0,0.4422,9.0,0.3838,1.0,4.0,4.25,0.0,1.0,0
PRJ-305081,3.43,313.0,22.9,3.0,0.2132,50.0,0.3388,0.0,1.0,-16.09,0.0,2.0,0
PRJ-305082,15.45,164.0,31.7,4.0,0.2624,36.0,0.6786,4.0,1.0,23.77,0.0,3.0,1
PRJ-305083,8.7,192.0,119.8,5.0,0.1953,43.0,0.4558,3.0,1.0,-16.02,1.0,4.0,0
PRJ-305084,2.88,394.0,31.7,3.0,0.1929,50.0,0.4369,1.0,3.0,-12.55,0.0,2.0,0
PRJ-305085,13.58,318.0,68.6,7.0,0.3396,14.0,0.2053,3.0,4.0,-6.16,0.0,0.0,0
PRJ-305086,12.26,331.0,128.9,2.0,0.4131,14.0,0.3268,4.0,2.0,-14.91,1.0,3.0,0
PRJ-305087,11.79,508.0,61.0,8.0,0.3215,34.0,0.5577,0.0,2.0,-14.81,1.0,1.0,0
PRJ-305088,16.15,245.0,43.4,7.0,0.3502,47.0,0.0415,0.0,4.0,-10.38,0.0,6.0,0
PRJ-305089,4.72,475.0,79.0,5.0,0.3484,3.0,0.4023,0.0,1.0,-23.11,0.0,4.0,0
PRJ-305090,14.5,527.0,4.6,1.0,0.2612,36.0,0.4615,2.0,1.0,1.59,0.0,0.0,1
PRJ-305091,12.86,330.0,31.4,6.0,0.4543,56.0,0.4105,3.0,3.0,-5.08,0.0,2.0,1
PRJ-305092,22.72,149.0,105.1,6.0,0.2,36.0,0.291,2.0,3.0,-2.8,0.0,5.0,0
PRJ-305093,6.76,251.0,23.1,5.0,0.2999,0.0,0.4327,0.0,1.0,3.56,0.0,5.0,0
PRJ-305094,25.3,68.0,49.2,3.0,0.2318,9.0,0.5385,1.0,3.0,-1.36,0.0,1.0,0
PRJ-305095,19.52,390.0,69.2,4.0,0.1992,13.0,0.2541,3.0,1.0,-7.67,0.0,7.0,0
PRJ-305096,10.62,180.0,34.8,4.0,0.1081,22.0,0.4634,3.0,1.0,5.62,0.0,3.0,0
PRJ-305097,11.78,501.0,69.8,5.0,0.2375,4.0,0.5752,1.0,3.0,-3.14,1.0,7.0,0
PRJ-305098,1.87,368.0,53.8,3.0,0.3775,47.0,0.4299,1.0,4.0,-9.59,0.0,1.0,0
PRJ-305099,11.56,287.0,240.7,4.0,0.2752,59.0,0.4389,2.0,1.0,-1.61,0.0,1.0,1
PRJ-305100,18.66,137.0,80.0,8.0,0.265,22.0,0.2478,0.0,1.0,15.36,0.0,5.0,0
PRJ-305101,9.52,94.0,53.9,4.0,0.2094,2.0,0.7088,0.0,4.0,-6.73,1.0,2.0,1
PRJ-305102,22.69,377.0,6.1,5.0,0.2718,39.0,0.3132,3.0,4.0,7.94,0.0,1.0,0
PRJ-305103,15.62,424.0,24.8,8.0,0.2384,0.0,0.124,1.0,1.0,-11.75,0.0,6.0,1
PRJ-305104,37.89,176.0,17.7,8.0,0.0409,21.0,0.5673,3.0,2.0,0.38,0.0,7.0,0
PRJ-305105,7.11,50.0,117.6,5.0,0.3906,6.0,0.1022,2.0,2.0,3.39,1.0,4.0,1
PRJ-305106,17.52,203.0,15.7,3.0,0.0496,38.0,0.2748,1.0,2.0,-10.32,0.0,5.0,1
PRJ-305107,4.1,423.0,34.3,1.0,0.142,52.0,0.6587,4.0,3.0,-4.15,1.0,0.0,0
PRJ-305108,10.14,332.0,58.6,7.0,0.141,22.0,0.3303,2.0,4.0,-11.26,1.0,8.0,1
PRJ-305109,16.23,87.0,28.8,5.0,0.1646,24.0,0.383,2.0,4.0,-10.16,0.0,8.0,1
PRJ-305110,18.23,101.0,32.8,5.0,0.1246,30.0,0.4323,2.0,4.0,-0.11,0.0,8.0,0
PRJ-305111,9.01,97.0,53.9,8.0,0.0777,56.0,0.535,1.0,1.0,19.35,0.0,5.0,0
PRJ-305112,24.26,420.0,23.1,3.0,0.2723,40.0,0.3629,1.0,3.0,5.06,0.0,6.0,0
PRJ-305113,27.64,431.0,49.0,1.0,0.5668,57.0,0.3913,2.0,3.0,0.46,0.0,0.0,0
PRJ-305114,7.17,246.0,77.2,6.0,0.2105,18.0,0.1543,0.0,4.0,17.11,0.0,2.0,0
PRJ-305115,10.36,386.0,26.3,8.0,0.3506,43.0,0.6948,0.0,3.0,-15.61,0.0,2.0,0
PRJ-305116,9.62,55.0,17.1,2.0,0.0766,56.0,0.6196,0.0,4.0,16.29,0.0,3.0,0
PRJ-305117,8.03,323.0,134.9,8.0,0.3963,10.0,0.2659,2.0,4.0,-4.31,1.0,8.0,1
PRJ-305118,26.55,179.0,136.2,5.0,0.0748,25.0,0.183,1.0,4.0,3.57,0.0,2.0,0
PRJ-305119,26.36,451.0,42.0,5.0,0.2917,58.0,0.4807,1.0,1.0,8.35,0.0,3.0,1
PRJ-305120,9.85,286.0,47.9,8.0,0.3784,31.0,0.5666,4.0,3.0,6.03,0.0,7.0,0
PRJ-305121,17.46,466.0,47.6,3.0,0.1325,26.0,0.5041,3.0,4.0,-4.08,0.0,1.0,0
PRJ-305122,22.52,323.0,31.1,6.0,0.16,37.0,0.4585,2.0,2.0,10.25,0.0,2.0,1
PRJ-305123,13.7,271.0,41.1,1.0,0.1561,27.0,0.2439,4.0,1.0,-4.61,0.0,1.0,1
PRJ-305124,9.34,513.0,6.2,6.0,0.2848,29.0,0.2695,0.0,1.0,-4.67,0.0,4.0,0
PRJ-305125,6.81,538.0,12.4,1.0,0.1889,38.0,0.3344,3.0,4.0,-0.3,0.0,1.0,1
PRJ-305126,18.55,270.0,33.0,1.0,0.0994,11.0,0.3878,4.0,4.0,6.35,0.0,8.0,0
PRJ-305127,4.36,222.0,26.5,4.0,0.0245,42.0,0.2364,1.0,1.0,-11.65,0.0,6.0,0
PRJ-305128,9.52,364.0,14.3,3.0,0.0867,48.0,0.2343,4.0,4.0,-10.31,0.0,1.0,0
PRJ-305129,8.4,129.0,41.0,7.0,0.1853,57.0,0.5055,4.0,3.0,-20.42,0.0,6.0,0
PRJ-305130,4.15,236.0,71.3,8.0,0.2865,45.0,0.3398,3.0,2.0,-3.04,0.0,2.0,1
PRJ-305131,10.93,463.0,23.2,8.0,0.1665,58.0,0.4397,1.0,2.0,12.99,0.0,6.0,0
PRJ-305132,10.2,488.0,53.9,5.0,0.2517,31.0,0.5062,2.0,1.0,38.91,1.0,8.0,1
PRJ-305133,5.82,250.0,33.7,2.0,0.0305,24.0,0.3718,1.0,2.0,3.28,0.0,8.0,0
PRJ-305134,25.92,238.0,79.8,6.0,0.3094,41.0,0.2579,3.0,1.0,20.07,0.0,7.0,0
PRJ-305135,18.64,477.0,11.4,4.0,0.0314,8.0,0.4488,0.0,2.0,0.76,0.0,7.0,0
PRJ-305136,11.91,145.0,16.3,5.0,0.1856,25.0,0.3382,3.0,1.0,1.64,1.0,0.0,1
PRJ-305137,20.49,75.0,32.1,5.0,0.1677,54.0,0.2222,4.0,3.0,-1.14,0.0,0.0,0
PRJ-305138,23.65,81.0,19.8,8.0,0.309,1.0,0.5731,3.0,3.0,-0.17,0.0,0.0,0
PRJ-305139,26.66,99.0,97.3,4.0,0.3911,7.0,0.5014,0.0,2.0,-0.1,1.0,1.0,0
PRJ-305140,7.08,480.0,12.1,8.0,0.2729,39.0,0.4122,0.0,4.0,-3.56,0.0,5.0,0
PRJ-305141,20.49,64.0,31.2,5.0,0.1991,33.0,0.3633,4.0,4.0,21.63,0.0,1.0,1
PRJ-305142,10.23,209.0,155.3,6.0,0.6687,45.0,0.3495,1.0,4.0,6.98,0.0,3.0,0
PRJ-305143,13.39,342.0,11.1,8.0,0.3642,9.0,0.5348,3.0,1.0,-8.18,0.0,3.0,0
PRJ-305144,7.34,346.0,44.3,7.0,0.0852,25.0,0.1264,3.0,2.0,8.05,1.0,2.0,0
PRJ-305145,11.54,456.0,34.2,4.0,0.0667,21.0,0.3932,4.0,1.0,12.34,0.0,3.0,0
PRJ-305146,20.68,530.0,59.9,2.0,0.2267,56.0,0.4079,0.0,1.0,-14.42,0.0,4.0,0
PRJ-305147,30.98,244.0,55.5,2.0,0.3843,31.0,0.5373,2.0,1.0,12.82,0.0,7.0,1
PRJ-305148,10.78,160.0,52.9,3.0,0.1191,7.0,0.1939,2.0,3.0,11.21,0.0,0.0,1
PRJ-305149,5.96,89.0,83.7,6.0,0.2269,42.0,0.0497,1.0,4.0,4.87,0.0,4.0,0
PRJ-305150,33.89,486.0,82.2,7.0,0.4156,36.0,0.671,4.0,1.0,19.38,1.0,4.0,0
PRJ-305151,6.88,229.0,26.2,1.0,0.4139,58.0,0.3737,2.0,3.0,12.47,0.0,6.0,0
PRJ-305152,3.19,489.0,25.4,4.0,0.2752,24.0,0.4556,4.0,2.0,-4.47,1.0,1.0,0
PRJ-305153,7.77,217.0,69.0,8.0,0.2045,55.0,0.2716,4.0,3.0,2.15,0.0,1.0,0
PRJ-305154,1.99,419.0,49.3,7.0,0.771,19.0,0.4954,1.0,2.0,17.46,0.0,4.0,1
PRJ-305155,22.91,363.0,56.4,8.0,0.3073,31.0,0.2564,2.0,4.0,-5.07,0.0,1.0,1
PRJ-305156,6.56,398.0,44.8,8.0,0.1113,19.0,0.4171,1.0,1.0,-4.15,0.0,2.0,0
PRJ-305157,4.88,367.0,29.4,1.0,0.1913,18.0,0.556,1.0,2.0,4.05,0.0,0.0,0
PRJ-305158,12.56,196.0,66.5,6.0,0.16,34.0,0.3299,0.0,3.0,-1.99,0.0,5.0,0
PRJ-305159,30.99,95.0,22.2,5.0,0.4823,32.0,0.3494,2.0,2.0,30.37,1.0,1.0,0
PRJ-305160,15.81,50.0,157.5,4.0,0.1873,54.0,0.5743,0.0,4.0,17.06,1.0,3.0,0
PRJ-305161,4.3,252.0,147.5,7.0,0.1482,22.0,0.3498,0.0,1.0,26.96,0.0,2.0,1
PRJ-305162,41.39,486.0,181.6,8.0,0.2925,36.0,0.4358,1.0,3.0,15.41,1.0,7.0,1
PRJ-305163,14.6,363.0,51.8,4.0,0.1854,27.0,0.0307,3.0,2.0,3.25,1.0,5.0,1
PRJ-305164,21.45,378.0,32.7,6.0,0.4433,52.0,0.5101,1.0,1.0,-23.19,0.0,4.0,0
PRJ-305165,3.64,173.0,113.2,4.0,0.401,54.0,0.3517,3.0,2.0,4.89,1.0,5.0,0
PRJ-305166,37.08,285.0,45.6,6.0,0.1577,17.0,0.2179,4.0,3.0,-12.84,1.0,1.0,0
PRJ-305167,8.89,246.0,79.8,8.0,0.0941,30.0,0.238,1.0,1.0,-18.2,0.0,6.0,0
PRJ-305168,3.42,112.0,79.4,7.0,0.208,21.0,0.2219,4.0,3.0,14.71,0.0,3.0,0
PRJ-305169,13.58,348.0,22.8,2.0,0.1405,2.0,0.1883,1.0,4.0,-12.7,0.0,6.0,1
PRJ-305170,21.45,224.0,65.4,7.0,0.136,52.0,0.3036,3.0,1.0,-8.1,0.0,4.0,0
PRJ-305171,17.4,244.0,76.9,5.0,0.2675,41.0,0.2087,3.0,3.0,-5.27,0.0,1.0,0
PRJ-305172,17.2,340.0,41.4,5.0,0.2086,56.0,0.1042,0.0,4.0,2.18,0.0,3.0,0
PRJ-305173,16.4,60.0,12.3,1.0,0.1108,16.0,0.3487,1.0,4.0,-0.31,1.0,0.0,0
PRJ-305174,12.77,508.0,115.0,4.0,0.2362,20.0,0.1672,2.0,2.0,9.41,1.0,2.0,0
PRJ-305175,3.63,155.0,155.2,3.0,0.0553,12.0,0.4547,2.0,3.0,7.37,1.0,3.0,0
PRJ-305176,10.13,381.0,47.8,1.0,0.3775,21.0,0.1844,3.0,2.0,-18.45,0.0,4.0,0
PRJ-305177,9.18,429.0,35.2,7.0,0.1166,45.0,0.3675,2.0,3.0,18.83,0.0,8.0,0
PRJ-305178,26.73,121.0,10.1,2.0,0.2798,50.0,0.3139,0.0,1.0,-13.35,0.0,2.0,1
PRJ-305179,22.94,168.0,49.8,6.0,0.1704,9.0,0.6287,3.0,3.0,-11.76,0.0,4.0,1
PRJ-305180,8.36,249.0,30.8,6.0,0.3007,2.0,0.3916,0.0,2.0,21.45,1.0,0.0,0
PRJ-305181,19.31,449.0,10.1,5.0,0.247,36.0,0.2918,0.0,3.0,-0.65,1.0,7.0,1
PRJ-305182,11.15,359.0,84.5,7.0,0.4731,8.0,0.6478,3.0,4.0,13.83,0.0,2.0,1
PRJ-305183,3.2,276.0,67.9,1.0,0.449,49.0,0.3199,2.0,2.0,8.82,0.0,8.0,0
PRJ-305184,1.89,465.0,27.6,1.0,0.0311,6.0,0.411,1.0,2.0,5.62,0.0,3.0,0
PRJ-305185,17.84,279.0,135.6,7.0,0.1169,18.0,0.0606,3.0,3.0,-8.32,1.0,4.0,0
PRJ-305186,5.34,483.0,42.9,2.0,0.1134,19.0,0.1954,1.0,2.0,-2.29,0.0,8.0,0
PRJ-305187,5.33,426.0,48.5,3.0,0.2377,28.0,0.1357,3.0,4.0,20.23,0.0,1.0,0
PRJ-305188,7.02,130.0,38.3,6.0,0.237,51.0,0.461,1.0,2.0,-8.2,0.0,5.0,0
PRJ-305189,18.1,234.0,92.7,5.0,0.1253,34.0,0.3899,2.0,4.0,0.89,0.0,6.0,0
PRJ-305190,23.14,57.0,66.2,2.0,0.2334,17.0,0.6637,1.0,4.0,6.26,0.0,5.0,0
PRJ-305191,22.82,163.0,6.1,2.0,0.4079,38.0,0.1959,0.0,3.0,-4.7,1.0,5.0,0
PRJ-305192,2.92,56.0,45.4,7.0,0.1973,30.0,0.4144,1.0,3.0,-8.27,0.0,1.0,0
PRJ-305193,6.81,96.0,78.9,5.0,0.1852,58.0,0.1319,2.0,4.0,-2.12,0.0,8.0,0
PRJ-305194,6.03,47.0,10.1,8.0,0.1851,57.0,0.0566,2.0,4.0,-2.38,0.0,5.0,0
PRJ-305195,18.09,377.0,78.3,5.0,0.2339,53.0,0.2438,3.0,1.0,-17.99,0.0,5.0,0
PRJ-305196,6.88,247.0,67.3,6.0,0.2288,10.0,0.3815,4.0,2.0,3.33,1.0,3.0,1
PRJ-305197,10.6,277.0,19.2,3.0,0.3042,12.0,0.3095,4.0,2.0,15.96,0.0,8.0,0
PRJ-305198,19.16,423.0,37.3,1.0,0.2751,11.0,0.4914,4.0,4.0,-40.17,0.0,2.0,1
PRJ-305199,12.05,445.0,14.0,5.0,0.1207,32.0,0.6464,3.0,3.0,2.21,0.0,3.0,0
PRJ-305200,14.56,308.0,27.9,6.0,0.1779,48.0,0.4586,1.0,1.0,-36.02,1.0,5.0,0
PRJ-305201,10.34,271.0,36.8,4.0,0.0914,9.0,0.3822,1.0,1.0,17.73,1.0,8.0,0
PRJ-305202,21.62,366.0,71.7,7.0,0.1452,58.0,0.1391,1.0,2.0,-7.09,1.0,5.0,0
PRJ-305203,23.02,250.0,82.0,6.0,0.3112,3.0,0.2024,3.0,3.0,0.13,0.0,3.0,1
PRJ-305204,16.4,264.0,53.4,5.0,0.1614,31.0,0.4088,0.0,3.0,-12.14,0.0,7.0,0
PRJ-305205,23.08,192.0,35.5,5.0,0.1349,22.0,0.1825,2.0,4.0,23.71,0.0,1.0,0
PRJ-305206,49.97,138.0,76.6,2.0,0.1024,54.0,0.4037,4.0,2.0,25.0,1.0,0.0,1
PRJ-305207,18.95,143.0,48.6,8.0,0.5529,19.0,0.2891,1.0,1.0,-13.34,0.0,4.0,1
PRJ-305208,11.41,369.0,57.9,1.0,0.2684,11.0,0.5432,2.0,2.0,-14.73,1.0,1.0,1
PRJ-305209,14.79,456.0,84.9,1.0,0.4014,34.0,0.3331,1.0,3.0,10.06,0.0,0.0,0
PRJ-305210,24.58,254.0,73.3,7.0,0.5155,3.0,0.6547,3.0,2.0,10.34,0.0,4.0,0
PRJ-305211,8.82,92.0,57.6,1.0,0.1113,38.0,0.1669,3.0,1.0,-4.66,0.0,6.0,0
PRJ-305212,8.32,347.0,66.1,5.0,0.067,8.0,0.227,2.0,4.0,-12.69,1.0,6.0,0
PRJ-305213,14.62,491.0,27.4,2.0,0.2696,23.0,0.3044,3.0,1.0,18.02,1.0,6.0,0
PRJ-305214,11.26,306.0,24.4,6.0,0.2189,35.0,0.2301,1.0,3.0,-3.24,0.0,4.0,0
PRJ-305215,5.99,58.0,153.8,1.0,0.1688,52.0,0.3818,3.0,1.0,-3.94,0.0,7.0,0
PRJ-305216,13.16,85.0,23.2,3.0,0.1222,41.0,0.6707,0.0,4.0,1.42,0.0,3.0,0
PRJ-305217,27.82,303.0,85.5,5.0,0.2734,50.0,0.2072,1.0,1.0,-17.79,0.0,6.0,0
PRJ-305218,16.04,471.0,35.1,4.0,0.0666,48.0,0.3308,2.0,3.0,-7.6,0.0,0.0,0
PRJ-305219,5.14,73.0,71.3,2.0,0.2656,43.0,0.3954,2.0,4.0,-12.16,0.0,0.0,0
PRJ-305220,17.74,418.0,5.4,1.0,0.1607,20.0,0.4331,2.0,1.0,-23.89,0.0,2.0,0
PRJ-305221,9.74,430.0,13.0,1.0,0.3316,21.0,0.4569,0.0,3.0,-10.41,0.0,7.0,0
PRJ-305222,39.96,70.0,89.0,2.0,0.3231,52.0,0.5647,2.0,4.0,-0.77,1.0,4.0,0
PRJ-305223,16.84,149.0,9.0,3.0,0.1626,14.0,0.1002,3.0,1.0,-9.7,0.0,4.0,1
PRJ-305224,7.73,46.0,27.8,1.0,0.2675,51.0,0.1247,1.0,2.0,-1.85,0.0,0.0,0
PRJ-305225,18.61,325.0,116.7,5.0,0.2769,6.0,0.7813,1.0,4.0,-12.97,0.0,5.0,0
PRJ-305226,13.8,131.0,82.1,8.0,0.3085,49.0,0.4471,1.0,4.0,7.16,0.0,8.0,0
PRJ-305227,26.15,498.0,33.6,6.0,0.4045,15.0,0.2529,1.0,2.0,11.67,1.0,3.0,0
PRJ-305228,8.29,90.0,23.3,3.0,0.266,43.0,0.1272,3.0,1.0,7.77,1.0,2.0,1
PRJ-305229,16.81,366.0,128.8,4.0,0.1876,57.0,0.5615,1.0,3.0,1.73,0.0,3.0,1
PRJ-305230,3.63,434.0,25.1,7.0,0.4734,55.0,0.4582,0.0,1.0,9.66,1.0,3.0,0
PRJ-305231,12.78,133.0,56.1,8.0,0.3123,25.0,0.3998,0.0,3.0,-7.55,0.0,3.0,0
PRJ-305232,5.04,170.0,109.9,5.0,0.2539,8.0,0.5326,2.0,2.0,-9.68,0.0,8.0,0
PRJ-305233,13.49,439.0,63.4,2.0,0.2499,24.0,0.461,2.0,4.0,-1.01,0.0,7.0,0
PRJ-305234,15.52,90.0,110.1,7.0,0.332,36.0,0.6608,4.0,2.0,-6.68,1.0,5.0,0
PRJ-305235,16.39,263.0,32.5,5.0,0.3005,28.0,0.1786,2.0,3.0,16.32,1.0,0.0,1
PRJ-305236,8.28,168.0,17.6,1.0,0.2513,45.0,0.4102,2.0,1.0,24.15,1.0,4.0,1
PRJ-305237,13.04,51.0,73.4,3.0,0.1896,38.0,0.4923,0.0,3.0,31.5,0.0,1.0,0
PRJ-305238,24.13,268.0,101.8,5.0,0.4623,1.0,0.3579,3.0,2.0,11.02,0.0,0.0,1
PRJ-305239,33.12,285.0,66.2,7.0,0.2474,55.0,0.3906,1.0,1.0,4.3,1.0,6.0,0
PRJ-305240,13.34,216.0,20.5,7.0,0.1986,16.0,0.52,0.0,3.0,-23.59,0.0,3.0,0
PRJ-305241,24.55,447.0,198.8,2.0,0.3175,6.0,0.2433,4.0,1.0,-5.04,0.0,3.0,0
PRJ-305242,6.37,92.0,14.1,6.0,0.0512,14.0,0.8233,0.0,4.0,-8.9,1.0,5.0,0
PRJ-305243,9.21,257.0,51.8,8.0,0.2276,49.0,0.3822,2.0,2.0,-8.02,0.0,3.0,1
PRJ-305244,14.33,134.0,109.5,7.0,0.3118,47.0,0.4256,1.0,2.0,16.22,0.0,1.0,0
PRJ-305245,11.31,420.0,48.0,6.0,0.073,26.0,0.4328,2.0,3.0,17.4,0.0,5.0,0
PRJ-305246,10.53,320.0,74.2,7.0,0.3804,30.0,0.7363,2.0,3.0,-5.08,0.0,0.0,0
PRJ-305247,22.95,394.0,8.3,5.0,0.265,16.0,0.57,2.0,4.0,-7.38,1.0,0.0,1
PRJ-305248,5.65,98.0,72.1,5.0,0.0896,59.0,0.3553,3.0,2.0,-2.65,1.0,2.0,0
PRJ-305249,6.07,271.0,19.4,5.0,0.1007,32.0,0.2831,1.0,1.0,-21.96,0.0,6.0,0
PRJ-305250,4.47,70.0,52.4,8.0,0.0984,7.0,0.4636,0.0,4.0,15.45,0.0,5.0,0
PRJ-305251,14.61,205.0,13.6,3.0,0.411,32.0,0.3513,0.0,4.0,9.93,0.0,6.0,0
PRJ-305252,9.73,512.0,77.2,7.0,0.1136,4.0,0.2554,4.0,2.0,-14.84,0.0,6.0,0
PRJ-305253,21.55,404.0,65.5,1.0,0.3192,8.0,0.3827,3.0,2.0,-14.61,0.0,3.0,0
PRJ-305254,13.8,83.0,51.9,4.0,0.2957,13.0,0.558,4.0,3.0,19.95,0.0,8.0,1
PRJ-305255,8.15,227.0,90.8,8.0,0.1126,5.0,0.0933,3.0,4.0,10.16,0.0,6.0,0
PRJ-305256,7.29,476.0,70.3,2.0,0.4112,51.0,0.3077,1.0,1.0,22.28,0.0,0.0,0
PRJ-305257,1.9,129.0,13.2,7.0,0.2037,37.0,0.3532,3.0,2.0,-8.99,0.0,4.0,0
PRJ-305258,10.85,419.0,89.0,5.0,0.5403,30.0,0.2839,2.0,2.0,21.92,0.0,0.0,1
PRJ-305259,5.09,203.0,71.1,2.0,0.2358,44.0,0.4162,1.0,2.0,-10.97,0.0,3.0,0
PRJ-305260,23.29,281.0,23.2,1.0,0.2913,36.0,0.182,2.0,3.0,2.33,0.0,1.0,0
PRJ-305261,9.41,479.0,46.4,1.0,0.2185,36.0,0.4424,2.0,3.0,-20.36,0.0,0.0,0
PRJ-305262,3.92,377.0,31.4,4.0,0.4402,33.0,0.5134,2.0,4.0,-5.58,0.0,2.0,1
PRJ-305263,26.26,185.0,167.3,3.0,0.0387,21.0,0.6588,2.0,4.0,2.8,0.0,8.0,1
PRJ-305264,10.96,49.0,17.3,8.0,0.221,0.0,0.2765,0.0,2.0,-4.37,0.0,5.0,0
PRJ-305265,17.67,161.0,32.7,7.0,0.3895,33.0,0.2433,3.0,1.0,8.19,0.0,4.0,0
PRJ-305266,8.23,251.0,43.9,2.0,0.1155,46.0,0.2944,1.0,1.0,-9.15,1.0,4.0,0
PRJ-305267,26.83,111.0,50.6,5.0,0.3565,54.0,0.643,3.0,4.0,0.62,0.0,7.0,0
PRJ-305268,6.61,481.0,33.6,7.0,0.434,14.0,0.5051,0.0,1.0,-3.38,0.0,7.0,0
PRJ-305269,9.73,72.0,49.6,6.0,0.4141,55.0,0.4626,1.0,4.0,-3.53,1.0,3.0,0
PRJ-305270,3.06,312.0,66.4,1.0,0.0211,3.0,0.1058,4.0,2.0,10.27,1.0,6.0,0
PRJ-305271,26.42,528.0,25.3,1.0,0.1227,13.0,0.4934,3.0,2.0,-7.79,1.0,2.0,1
PRJ-305272,7.52,210.0,33.6,5.0,0.0798,50.0,0.5272,2.0,3.0,-1.63,0.0,0.0,0
PRJ-305273,14.84,310.0,143.5,8.0,0.0921,5.0,0.4039,3.0,1.0,-5.25,0.0,6.0,0
PRJ-305274,16.24,81.0,90.4,1.0,0.1728,28.0,0.6587,0.0,1.0,19.74,0.0,8.0,1
PRJ-305275,23.75,406.0,88.9,2.0,0.0903,39.0,0.3909,3.0,3.0,-0.01,1.0,6.0,1
PRJ-305276,14.12,528.0,12.6,2.0,0.3306,2.0,0.3434,0.0,2.0,0.08,0.0,0.0,1
PRJ-305277,11.41,427.0,159.2,3.0,0.3917,10.0,0.3053,3.0,1.0,-2.99,0.0,8.0,1
PRJ-305278,22.22,118.0,42.6,8.0,0.343,23.0,0.3857,1.0,2.0,5.47,1.0,6.0,1
PRJ-305279,16.06,219.0,96.0,8.0,0.1917,48.0,0.3827,3.0,1.0,-4.78,1.0,6.0,0
PRJ-305280,10.25,403.0,52.8,3.0,0.2354,45.0,0.3311,3.0,4.0,-5.31,1.0,1.0,0
PRJ-305281,27.16,440.0,8.0,6.0,0.4117,16.0,0.6553,2.0,3.0,-5.3,0.0,6.0,0
PRJ-305282,16.88,244.0,35.0,1.0,0.2509,23.0,0.5866,0.0,4.0,0.9,0.0,4.0,1
PRJ-305283,4.78,520.0,91.3,5.0,0.2035,9.0,0.6294,3.0,2.0,13.11,0.0,0.0,1
PRJ-305284,30.27,145.0,93.2,6.0,0.1027,26.0,0.4055,3.0,4.0,-3.74,0.0,3.0,0
PRJ-305285,8.08,412.0,54.4,7.0,0.2612,48.0,0.1643,0.0,2.0,-15.64,0.0,1.0,0
PRJ-305286,23.67,290.0,16.7,7.0,0.2274,5.0,0.6377,2.0,2.0,-17.79,0.0,7.0,1
PRJ-305287,3.97,397.0,97.8,1.0,0.1363,12.0,0.1558,2.0,4.0,34.9,0.0,5.0,0
PRJ-305288,22.13,340.0,25.3,4.0,0.1582,17.0,0.525,1.0,2.0,-9.81,0.0,0.0,0
PRJ-305289,5.0,258.0,52.4,1.0,0.5808,0.0,0.1855,4.0,1.0,22.84,1.0,5.0,0
PRJ-305290,13.87,448.0,69.4,1.0,0.2175,54.0,0.6127,2.0,3.0,-2.83,0.0,4.0,0
PRJ-305291,16.58,461.0,74.3,2.0,0.2994,49.0,0.3976,1.0,2.0,-11.48,0.0,5.0,0
PRJ-305292,10.4,449.0,67.6,8.0,0.0919,19.0,0.3362,3.0,4.0,-0.93,0.0,3.0,1
PRJ-305293,12.34,88.0,22.0,3.0,0.117,5.0,0.2305,1.0,3.0,7.54,0.0,5.0,0
PRJ-305294,5.8,254.0,32.5,6.0,0.3308,30.0,0.3829,0.0,4.0,-2.69,0.0,2.0,0
PRJ-305295,20.69,416.0,21.4,6.0,0.1547,25.0,0.4022,2.0,3.0,-7.21,0.0,0.0,0
PRJ-305296,14.36,474.0,78.4,7.0,0.2308,8.0,0.2084,3.0,1.0,-18.71,0.0,6.0,0
PRJ-305297,6.59,224.0,70.9,5.0,0.0039,23.0,0.4381,1.0,3.0,-7.51,0.0,8.0,0
PRJ-305298,14.72,411.0,24.7,8.0,0.3829,55.0,0.421,0.0,3.0,4.85,0.0,4.0,0
PRJ-305299,15.02,325.0,86.8,4.0,0.1229,8.0,0.5033,1.0,4.0,-18.53,0.0,4.0,0
PRJ-305300,12.73,154.0,86.5,7.0,0.3316,52.0,0.3669,2.0,1.0,-5.24,1.0,7.0,0
PRJ-305301,1.91,487.0,107.2,7.0,0.0564,2.0,0.4288,4.0,2.0,3.2,1.0,6.0,1
PRJ-305302,9.4,265.0,69.2,5.0,0.1814,26.0,0.4499,1.0,1.0,14.35,0.0,6.0,0
PRJ-305303,20.49,344.0,72.4,3.0,0.1331,5.0,0.2327,0.0,2.0,-13.32,0.0,6.0,0
PRJ-305304,17.18,187.0,34.4,2.0,0.1432,41.0,0.4489,3.0,4.0,24.46,0.0,8.0,0
PRJ-305305,16.85,57.0,41.4,1.0,0.2129,25.0,0.5113,1.0,2.0,5.51,0.0,1.0,0
PRJ-305306,14.29,269.0,100.2,4.0,0.1133,36.0,0.5507,3.0,1.0,-14.01,0.0,6.0,0
PRJ-305307,22.01,402.0,28.7,4.0,0.0618,57.0,0.3043,3.0,2.0,1.78,0.0,3.0,0
PRJ-305308,8.05,206.0,22.9,2.0,0.4614,52.0,0.4719,2.0,3.0,-8.68,0.0,8.0,0
PRJ-305309,6.89,504.0,72.9,7.0,0.1447,43.0,0.6491,4.0,2.0,-18.79,0.0,0.0,0
PRJ-305310,35.06,416.0,6.6,2.0,0.363,20.0,0.1435,2.0,1.0,-1.93,0.0,1.0,0
PRJ-305311,7.47,362.0,27.3,4.0,0.2007,42.0,0.3513,0.0,2.0,-1.61,1.0,0.0,0
PRJ-305312,4.65,444.0,110.1,4.0,0.2675,32.0,0.368,1.0,3.0,3.35,1.0,1.0,1
PRJ-305313,10.27,471.0,125.3,8.0,0.1121,40.0,0.2285,1.0,2.0,-11.39,0.0,1.0,0
PRJ-305314,13.05,402.0,93.3,1.0,0.6493,41.0,0.3651,1.0,2.0,-10.54,1.0,5.0,1
PRJ-305315,22.1,453.0,50.7,7.0,0.15,46.0,0.5032,4.0,4.0,11.29,0.0,1.0,0
PRJ-305316,9.41,398.0,23.0,6.0,0.2203,43.0,0.292,3.0,3.0,9.14,0.0,8.0,0
PRJ-305317,9.36,471.0,13.2,7.0,0.2625,31.0,0.4721,0.0,2.0,-14.94,0.0,6.0,0
PRJ-305318,12.25,96.0,36.6,7.0,0.2506,11.0,0.4873,1.0,4.0,-20.05,0.0,1.0,0
PRJ-305319,8.33,215.0,13.5,7.0,0.3369,59.0,0.6076,0.0,2.0,-13.45,0.0,4.0,0
PRJ-305320,4.0,484.0,154.9,4.0,0.0195,4.0,0.3752,0.0,1.0,13.42,1.0,8.0,1
PRJ-305321,4.93,279.0,35.1,5.0,0.3286,36.0,0.6878,0.0,2.0,-34.67,1.0,3.0,0
PRJ-305322,25.9,52.0,38.6,3.0,0.3351,13.0,0.1704,0.0,4.0,-7.02,1.0,1.0,0
PRJ-305323,19.18,464.0,83.0,8.0,0.2141,37.0,0.3756,4.0,2.0,11.08,1.0,1.0,1
PRJ-305324,11.98,369.0,11.2,2.0,0.267,27.0,0.2747,1.0,1.0,2.32,0.0,8.0,0
PRJ-305325,17.14,495.0,39.4,5.0,0.1723,1.0,0.5633,4.0,2.0,-1.82,1.0,3.0,1
PRJ-305326,19.55,53.0,47.5,2.0,0.0995,55.0,0.0984,3.0,4.0,11.06,0.0,3.0,0
PRJ-305327,7.75,117.0,13.9,3.0,0.3374,45.0,0.59,2.0,4.0,-2.67,0.0,7.0,0
PRJ-305328,5.76,297.0,21.6,8.0,0.4026,20.0,0.2945,4.0,4.0,-6.55,0.0,1.0,0
PRJ-305329,24.24,134.0,29.2,2.0,0.1748,21.0,0.2442,4.0,2.0,9.01,0.0,8.0,1
PRJ-305330,2.23,302.0,95.8,8.0,0.2893,33.0,0.6902,3.0,4.0,22.98,0.0,8.0,1
PRJ-305331,17.32,216.0,122.7,7.0,0.1784,46.0,0.5986,0.0,2.0,-27.33,1.0,3.0,1
PRJ-305332,13.74,149.0,66.4,3.0,0.2575,59.0,0.2499,0.0,2.0,-9.42,1.0,3.0,0
PRJ-305333,22.74,426.0,44.8,3.0,0.411,50.0,0.5326,0.0,2.0,-3.69,1.0,6.0,0
PRJ-305334,17.73,64.0,110.3,1.0,0.1208,4.0,0.2383,2.0,3.0,-6.77,0.0,4.0,1
PRJ-305335,17.07,478.0,87.2,7.0,0.1808,1.0,0.3519,2.0,3.0,0.73,1.0,7.0,0
PRJ-305336,6.18,121.0,186.3,6.0,0.4301,10.0,0.3761,2.0,4.0,-0.26,0.0,3.0,0
PRJ-305337,20.02,332.0,9.2,8.0,0.1728,23.0,0.3563,3.0,3.0,-14.66,0.0,3.0,0
PRJ-305338,15.97,535.0,48.8,3.0,0.14,2.0,0.2841,0.0,1.0,6.87,0.0,6.0,0
PRJ-305339,6.78,101.0,30.5,4.0,0.1386,54.0,0.6835,0.0,1.0,-1.46,0.0,2.0,0
PRJ-305340,13.83,503.0,11.0,6.0,0.5109,39.0,0.3942,3.0,1.0,15.0,0.0,8.0,1
PRJ-305341,5.28,195.0,49.2,3.0,0.2405,7.0,0.3686,1.0,2.0,12.81,1.0,3.0,0
PRJ-305342,10.87,411.0,173.9,3.0,0.1773,51.0,0.3639,3.0,1.0,-2.55,0.0,5.0,0
PRJ-305343,44.02,469.0,18.3,2.0,0.0595,44.0,0.2116,0.0,1.0,6.37,1.0,3.0,1
PRJ-305344,5.94,159.0,231.9,8.0,0.2207,18.0,0.4314,3.0,3.0,-27.54,0.0,6.0,0
PRJ-305345,3.97,217.0,88.6,4.0,0.3792,19.0,0.1879,3.0,1.0,-25.53,1.0,6.0,1
PRJ-305346,4.97,471.0,113.3,7.0,0.0973,41.0,0.5381,0.0,3.0,13.1,0.0,7.0,0
PRJ-305347,10.77,95.0,112.7,6.0,0.3617,30.0,0.269,1.0,1.0,-1.65,0.0,2.0,1
PRJ-305348,18.56,98.0,66.7,5.0,0.2964,57.0,0.6644,1.0,1.0,15.23,0.0,1.0,0
PRJ-305349,12.5,194.0,34.7,3.0,0.0506,54.0,0.3551,2.0,1.0,13.17,0.0,1.0,0
PRJ-305350,4.4,343.0,13.4,3.0,0.1286,56.0,0.3233,2.0,3.0,-18.42,0.0,7.0,1
PRJ-305351,18.41,444.0,18.5,4.0,0.4699,37.0,0.1913,0.0,1.0,7.84,1.0,5.0,0
PRJ-305352,2.8,323.0,73.1,2.0,0.2085,46.0,0.4219,2.0,4.0,-9.41,0.0,3.0,0
PRJ-305353,4.77,289.0,35.9,5.0,0.0707,26.0,0.6092,2.0,1.0,-3.65,0.0,0.0,0
PRJ-305354,8.09,476.0,20.6,1.0,0.0836,45.0,0.3123,2.0,2.0,-15.31,1.0,0.0,0
PRJ-305355,23.71,129.0,58.7,3.0,0.3932,41.0,0.811,0.0,2.0,11.93,0.0,4.0,1
PRJ-305356,12.84,491.0,63.8,6.0,0.6061,30.0,0.2262,0.0,1.0,5.86,0.0,0.0,0
PRJ-305357,13.17,199.0,83.3,1.0,0.1226,13.0,0.1189,4.0,1.0,-7.23,0.0,6.0,0
PRJ-305358,4.45,181.0,24.7,1.0,0.0474,57.0,0.1583,0.0,2.0,-9.35,1.0,7.0,0
PRJ-305359,8.67,517.0,44.7,2.0,0.2804,0.0,0.655,3.0,2.0,9.28,0.0,2.0,1
PRJ-305360,21.56,364.0,25.4,7.0,0.105,6.0,0.7482,3.0,2.0,-9.45,0.0,6.0,0
PRJ-305361,15.31,258.0,15.7,7.0,0.2958,37.0,0.4009,2.0,2.0,-7.3,1.0,0.0,0
PRJ-305362,18.84,208.0,100.5,1.0,0.231,23.0,0.5844,0.0,4.0,-8.8,0.0,6.0,0
PRJ-305363,11.92,263.0,95.9,3.0,0.0637,51.0,0.4136,1.0,4.0,-8.92,0.0,7.0,0
PRJ-305364,21.71,436.0,9.6,1.0,0.1791,2.0,0.6716,2.0,2.0,8.15,1.0,5.0,1
PRJ-305365,4.43,120.0,51.0,1.0,0.1786,41.0,0.6533,0.0,1.0,2.72,1.0,3.0,0
PRJ-305366,10.59,131.0,110.7,8.0,0.2005,14.0,0.3831,4.0,2.0,-6.76,0.0,0.0,0
PRJ-305367,16.82,195.0,85.3,4.0,0.1716,31.0,0.2301,1.0,3.0,-12.64,1.0,3.0,0
PRJ-305368,3.45,283.0,22.4,7.0,0.2685,26.0,0.7561,1.0,4.0,-0.22,1.0,2.0,0
PRJ-305369,1.62,448.0,119.2,6.0,0.3035,8.0,0.4084,1.0,1.0,-3.23,1.0,6.0,0
PRJ-305370,35.08,149.0,110.8,4.0,0.3775,25.0,0.5438,4.0,1.0,9.33,0.0,7.0,1
PRJ-305371,12.95,434.0,62.2,7.0,0.3156,5.0,0.1211,2.0,4.0,-8.72,0.0,1.0,0
PRJ-305372,3.2,494.0,39.7,2.0,0.3422,51.0,0.2457,2.0,2.0,5.16,0.0,3.0,1
PRJ-305373,12.73,260.0,22.1,4.0,0.1612,16.0,0.2105,0.0,3.0,-3.07,0.0,6.0,0
PRJ-305374,4.82,520.0,48.9,4.0,0.0658,6.0,0.0771,4.0,4.0,3.46,0.0,5.0,0
PRJ-305375,6.18,487.0,131.0,5.0,0.5742,57.0,0.2632,2.0,4.0,19.49,0.0,5.0,0
PRJ-305376,24.22,439.0,22.9,2.0,0.1956,36.0,0.1712,1.0,4.0,-3.15,1.0,2.0,0
PRJ-305377,8.24,233.0,138.9,6.0,0.0922,27.0,0.331,4.0,1.0,26.08,1.0,1.0,0
PRJ-305378,8.19,193.0,82.4,7.0,0.1134,28.0,0.6575,2.0,2.0,-2.58,0.0,6.0,0
PRJ-305379,4.7,472.0,48.9,8.0,0.0909,48.0,0.1876,2.0,3.0,-12.51,0.0,3.0,0
PRJ-305380,9.51,263.0,111.5,8.0,0.2184,24.0,0.2854,3.0,1.0,18.8,0.0,5.0,0
PRJ-305381,13.52,60.0,47.8,6.0,0.1773,0.0,0.1834,0.0,1.0,21.77,0.0,8.0,0
PRJ-305382,8.23,400.0,42.2,7.0,0.3552,40.0,0.2278,2.0,3.0,-11.24,1.0,0.0,0
PRJ-305383,40.85,216.0,97.5,6.0,0.428,28.0,0.1344,2.0,2.0,-9.47,0.0,6.0,1
PRJ-305384,5.59,508.0,50.5,8.0,0.3059,7.0,0.3938,4.0,1.0,9.82,0.0,5.0,0
PRJ-305385,5.57,468.0,47.9,1.0,0.4282,14.0,0.4513,4.0,4.0,6.87,1.0,7.0,1
PRJ-305386,9.24,96.0,29.9,2.0,0.3189,22.0,0.583,2.0,2.0,-9.72,1.0,6.0,0
PRJ-305387,37.84,491.0,41.5,4.0,0.2127,57.0,0.2037,4.0,2.0,-10.74,1.0,3.0,0
PRJ-305388,19.04,515.0,150.3,5.0,0.1172,48.0,0.4353,2.0,4.0,3.42,0.0,4.0,0
PRJ-305389,8.04,419.0,3.4,8.0,0.2349,11.0,0.1402,1.0,3.0,-1.63,0.0,5.0,0
PRJ-305390,8.04,181.0,22.3,1.0,0.2872,13.0,0.3851,2.0,1.0,6.93,0.0,0.0,0
PRJ-305391,5.44,376.0,26.1,2.0,0.3369,2.0,0.2258,2.0,3.0,6.89,0.0,2.0,0
PRJ-305392,9.05,474.0,44.9,7.0,0.0731,12.0,0.1613,2.0,4.0,10.97,1.0,6.0,1
PRJ-305393,10.39,448.0,39.4,3.0,0.1552,9.0,0.1644,1.0,2.0,-24.52,1.0,3.0,0
PRJ-305394,18.48,258.0,56.6,1.0,0.1906,31.0,0.1296,4.0,2.0,22.37,0.0,8.0,0
PRJ-305395,16.04,395.0,5.9,6.0,0.2749,3.0,0.6749,4.0,1.0,6.22,0.0,8.0,1
PRJ-305396,8.85,235.0,55.9,8.0,0.1416,32.0,0.4385,3.0,3.0,-5.19,0.0,0.0,0
PRJ-305397,29.33,170.0,149.5,8.0,0.463,18.0,0.077,1.0,4.0,-1.27,0.0,5.0,0
PRJ-305398,7.28,378.0,50.4,7.0,0.24,40.0,0.3495,4.0,1.0,7.79,1.0,2.0,0
PRJ-305399,3.91,275.0,40.5,1.0,0.363,59.0,0.3134,2.0,3.0,2.82,0.0,2.0,1
PRJ-305400,13.95,156.0,45.9,2.0,0.4823,57.0,0.3476,3.0,1.0,2.99,0.0,4.0,0
PRJ-305401,23.09,372.0,36.3,7.0,0.5563,55.0,0.5753,2.0,4.0,-1.11,0.0,6.0,0
PRJ-305402,11.61,204.0,82.4,6.0,0.4416,34.0,0.4326,3.0,1.0,20.02,0.0,6.0,0
PRJ-305403,4.56,335.0,62.8,2.0,0.1435,34.0,0.0841,0.0,3.0,4.08,1.0,8.0,0
PRJ-305404,13.2,223.0,59.7,4.0,0.3493,35.0,0.4873,4.0,4.0,13.66,0.0,4.0,0
PRJ-305405,14.33,483.0,111.5,7.0,0.4145,49.0,0.6167,2.0,1.0,26.19,0.0,6.0,1
PRJ-305406,15.34,466.0,83.0,8.0,0.3951,15.0,0.3619,2.0,3.0,11.56,0.0,0.0,0
PRJ-305407,13.38,279.0,3.4,8.0,0.2259,23.0,0.206,2.0,2.0,3.61,0.0,5.0,0
PRJ-305408,25.05,396.0,35.6,4.0,0.2129,20.0,0.5027,4.0,1.0,-22.08,0.0,7.0,0
PRJ-305409,5.34,133.0,14.9,7.0,0.2673,53.0,0.105,1.0,2.0,-4.91,0.0,5.0,0
PRJ-305410,1.3,538.0,25.3,1.0,0.2314,12.0,0.183,1.0,3.0,25.45,1.0,3.0,0
PRJ-305411,2.8,151.0,30.4,8.0,0.8237,12.0,0.3142,0.0,4.0,3.97,0.0,6.0,0
PRJ-305412,4.52,474.0,24.6,2.0,0.11,21.0,0.3787,2.0,3.0,-16.0,0.0,8.0,0
PRJ-305413,20.58,463.0,85.6,8.0,0.236,24.0,0.3518,2.0,1.0,-2.56,0.0,8.0,1
PRJ-305414,9.5,133.0,76.0,1.0,0.1844,42.0,0.4382,1.0,3.0,-14.16,1.0,8.0,1
PRJ-305415,30.8,49.0,35.5,8.0,0.2407,7.0,0.1933,4.0,2.0,-5.49,0.0,0.0,0
PRJ-305416,5.06,409.0,74.0,5.0,0.159,12.0,0.1859,1.0,2.0,-4.83,1.0,1.0,0
PRJ-305417,30.41,475.0,67.3,5.0,0.3048,56.0,0.2387,4.0,4.0,-7.03,0.0,1.0,0
PRJ-305418,6.23,399.0,53.6,6.0,0.0882,38.0,0.5393,4.0,1.0,0.93,1.0,8.0,1
PRJ-305419,10.38,72.0,43.7,4.0,0.3248,20.0,0.4228,1.0,1.0,-24.51,1.0,6.0,0
PRJ-305420,3.22,364.0,91.9,8.0,0.1561,58.0,0.5736,2.0,1.0,7.94,0.0,2.0,0
PRJ-305421,27.88,238.0,47.8,1.0,0.4608,14.0,0.5607,3.0,3.0,17.2,0.0,0.0,1
PRJ-305422,11.37,498.0,58.3,6.0,0.1017,38.0,0.254,1.0,2.0,-22.08,0.0,5.0,1
PRJ-305423,42.0,441.0,55.4,2.0,0.1621,13.0,0.3704,3.0,3.0,12.76,0.0,7.0,1
PRJ-305424,23.77,440.0,31.3,1.0,0.2208,41.0,0.4039,4.0,2.0,7.86,0.0,8.0,0
PRJ-305425,10.21,246.0,29.9,6.0,0.6057,28.0,0.181,4.0,2.0,4.38,0.0,2.0,0
PRJ-305426,6.98,204.0,41.4,6.0,0.2856,8.0,0.4678,3.0,2.0,0.58,1.0,7.0,0
PRJ-305427,21.17,452.0,84.6,2.0,0.5098,30.0,0.526,3.0,1.0,2.7,0.0,6.0,0
PRJ-305428,12.2,102.0,44.9,6.0,0.3588,26.0,0.3167,4.0,2.0,10.4,0.0,4.0,0
PRJ-305429,6.71,94.0,7.6,8.0,0.2576,40.0,0.5931,1.0,4.0,2.62,0.0,7.0,0
PRJ-305430,12.81,75.0,62.6,6.0,0.1387,53.0,0.031,2.0,4.0,32.3,1.0,3.0,0
PRJ-305431,2.49,298.0,32.5,2.0,0.1986,48.0,0.456,4.0,1.0,-7.61,1.0,1.0,0
PRJ-305432,15.53,82.0,24.4,1.0,0.2828,19.0,0.279,0.0,3.0,19.74,1.0,0.0,0
PRJ-305433,17.53,333.0,79.0,1.0,0.2346,42.0,0.3369,1.0,4.0,-1.54,0.0,8.0,1
PRJ-305434,4.92,127.0,78.7,5.0,0.2382,33.0,0.151,3.0,3.0,-4.74,0.0,1.0,0
PRJ-305435,25.48,485.0,53.9,2.0,0.3814,29.0,0.2796,0.0,3.0,12.09,0.0,1.0,1
PRJ-305436,22.12,259.0,39.1,3.0,0.2273,12.0,0.5803,4.0,2.0,-3.68,0.0,5.0,0
PRJ-305437,14.61,91.0,33.6,1.0,0.1259,32.0,0.4183,2.0,1.0,20.89,1.0,2.0,0
PRJ-305438,5.9,388.0,15.1,4.0,0.1528,20.0,0.4101,3.0,1.0,-8.96,0.0,6.0,0
PRJ-305439,18.22,212.0,3.5,2.0,0.2852,58.0,0.519,4.0,3.0,15.24,0.0,2.0,1
PRJ-305440,9.15,174.0,35.6,4.0,0.0479,27.0,0.185,4.0,3.0,7.22,0.0,8.0,0
PRJ-305441,13.61,371.0,36.2,5.0,0.361,26.0,0.4678,3.0,3.0,-1.97,1.0,3.0,1
PRJ-305442,19.36,518.0,22.9,8.0,0.0465,4.0,0.2419,1.0,2.0,-11.79,1.0,3.0,1
PRJ-305443,3.97,530.0,111.1,3.0,0.3533,19.0,0.234,3.0,2.0,-11.83,0.0,6.0,0
PRJ-305444,3.12,260.0,31.6,3.0,0.1067,59.0,0.4101,3.0,4.0,-10.19,1.0,1.0,1
PRJ-305445,8.52,464.0,53.5,7.0,0.4513,38.0,0.4132,1.0,4.0,13.29,1.0,1.0,1
PRJ-305446,37.58,148.0,61.8,8.0,0.3303,44.0,0.295,3.0,1.0,0.55,0.0,2.0,0
PRJ-305447,43.1,464.0,68.1,4.0,0.1296,40.0,0.374,3.0,4.0,9.48,1.0,3.0,0
PRJ-305448,15.3,511.0,28.3,3.0,0.4525,28.0,0.1625,2.0,1.0,1.84,0.0,2.0,0
PRJ-305449,22.52,301.0,38.3,6.0,0.407,56.0,0.1895,0.0,3.0,-13.17,0.0,7.0,0
PRJ-305450,11.7,303.0,49.6,7.0,0.6902,18.0,0.4096,3.0,4.0,4.27,1.0,7.0,1
PRJ-305451,12.82,324.0,28.5,6.0,0.1544,21.0,0.4735,0.0,1.0,7.36,0.0,0.0,0
PRJ-305452,10.37,81.0,104.1,6.0,0.1869,43.0,0.3046,1.0,2.0,-20.98,0.0,4.0,0
PRJ-305453,24.29,469.0,193.9,2.0,0.2754,30.0,0.404,4.0,2.0,-7.14,1.0,5.0,1
PRJ-305454,31.02,410.0,60.6,3.0,0.0483,23.0,0.7404,0.0,1.0,-9.77,1.0,5.0,1
PRJ-305455,12.61,475.0,60.1,1.0,0.3203,37.0,0.4584,2.0,4.0,-15.06,1.0,5.0,1
PRJ-305456,12.78,102.0,99.0,4.0,0.1973,49.0,0.2303,1.0,3.0,1.74,1.0,0.0,0
PRJ-305457,10.75,442.0,84.9,7.0,0.4986,42.0,0.1968,4.0,2.0,3.3,0.0,2.0,0
PRJ-305458,31.52,224.0,48.0,2.0,0.2751,25.0,0.3984,1.0,1.0,15.76,1.0,4.0,0
PRJ-305459,20.74,450.0,143.0,6.0,0.0836,2.0,0.5461,0.0,1.0,9.68,0.0,7.0,0
PRJ-305460,5.8,536.0,29.6,4.0,0.3645,48.0,0.2701,2.0,2.0,-3.66,0.0,3.0,0
PRJ-305461,36.87,480.0,79.6,2.0,0.0382,54.0,0.5199,3.0,1.0,-3.64,0.0,8.0,1
PRJ-305462,1.86,498.0,38.0,2.0,0.2281,44.0,0.4562,0.0,1.0,21.27,0.0,6.0,0
PRJ-305463,29.55,101.0,65.8,6.0,0.1069,10.0,0.7502,0.0,4.0,6.08,0.0,3.0,0
PRJ-305464,23.05,207.0,35.1,7.0,0.2691,51.0,0.2094,1.0,1.0,13.79,0.0,6.0,0
PRJ-305465,12.64,189.0,139.9,3.0,0.1396,13.0,0.2005,0.0,1.0,-16.95,0.0,7.0,0
PRJ-305466,12.43,299.0,102.4,8.0,0.5602,52.0,0.4115,2.0,2.0,-19.01,0.0,0.0,0
PRJ-305467,11.13,528.0,63.4,1.0,0.0549,41.0,0.6586,1.0,2.0,-4.97,0.0,2.0,0
PRJ-305468,6.01,384.0,85.9,5.0,0.2393,30.0,0.351,4.0,4.0,11.73,0.0,7.0,0
PRJ-305469,35.04,314.0,23.0,2.0,0.2302,11.0,0.3488,0.0,3.0,19.1,0.0,2.0,0
PRJ-305470,12.18,443.0,12.6,8.0,0.3037,25.0,0.2695,0.0,1.0,-9.16,0.0,0.0,0
PRJ-305471,5.93,132.0,28.7,7.0,0.198,8.0,0.5553,4.0,4.0,6.33,0.0,4.0,0
PRJ-305472,33.7,371.0,137.3,1.0,0.3242,42.0,0.2658,4.0,4.0,4.96,0.0,8.0,1
PRJ-305473,16.45,294.0,35.0,4.0,0.1837,56.0,0.5143,3.0,3.0,-13.96,1.0,4.0,0
PRJ-305474,17.11,145.0,89.7,6.0,0.3025,49.0,0.5991,0.0,3.0,-10.22,0.0,0.0,0
PRJ-305475,38.55,364.0,40.8,5.0,0.6053,38.0,0.4734,4.0,4.0,-1.32,0.0,8.0,0
PRJ-305476,18.67,461.0,42.8,4.0,0.4135,58.0,0.3281,0.0,4.0,-15.32,0.0,3.0,1
PRJ-305477,7.78,454.0,35.4,2.0,0.1805,56.0,0.6021,0.0,1.0,30.41,0.0,4.0,0
PRJ-305478,18.66,462.0,33.5,5.0,0.0986,59.0,0.5359,0.0,3.0,-12.73,0.0,3.0,0
PRJ-305479,6.42,447.0,85.3,1.0,0.8077,3.0,0.3328,3.0,4.0,-5.48,1.0,5.0,0
PRJ-305480,8.86,277.0,33.9,3.0,0.3572,58.0,0.1419,2.0,3.0,4.4,0.0,6.0,1
PRJ-305481,14.97,69.0,33.2,2.0,0.1426,2.0,0.3796,0.0,1.0,2.9,1.0,3.0,0
PRJ-305482,22.3,522.0,48.4,6.0,0.3957,23.0,0.3051,2.0,2.0,7.4,0.0,1.0,0
PRJ-305483,8.1,269.0,38.4,4.0,0.6403,16.0,0.431,0.0,2.0,-12.15,0.0,1.0,0
PRJ-305484,10.9,358.0,24.7,4.0,0.3196,51.0,0.3761,3.0,2.0,-16.27,1.0,8.0,0
PRJ-305485,10.83,55.0,78.9,7.0,0.1926,2.0,0.4995,4.0,4.0,1.2,0.0,6.0,0
PRJ-305486,24.81,484.0,56.9,4.0,0.1805,57.0,0.2563,4.0,2.0,-10.89,1.0,0.0,0
PRJ-305487,12.42,484.0,32.2,7.0,0.5371,26.0,0.265,0.0,2.0,-8.75,0.0,0.0,0
PRJ-305488,36.56,504.0,24.8,8.0,0.0932,4.0,0.3861,2.0,4.0,-9.62,1.0,1.0,1
PRJ-305489,8.86,131.0,100.4,2.0,0.1441,57.0,0.3207,4.0,2.0,-9.64,1.0,7.0,0
PRJ-305490,8.36,462.0,16.7,6.0,0.3939,3.0,0.4339,4.0,4.0,-17.43,0.0,2.0,1
PRJ-305491,29.21,354.0,71.8,1.0,0.5288,21.0,0.344,4.0,3.0,-12.83,0.0,8.0,1
PRJ-305492,17.68,117.0,7.3,6.0,0.2754,15.0,0.5581,0.0,1.0,-4.4,1.0,4.0,0
PRJ-305493,50.22,327.0,52.1,2.0,0.0156,43.0,0.1441,0.0,4.0,13.59,0.0,4.0,0
PRJ-305494,28.53,280.0,53.2,3.0,0.3001,14.0,0.4502,1.0,2.0,24.37,0.0,0.0,1
PRJ-305495,4.79,354.0,14.0,7.0,0.1062,38.0,0.4565,4.0,2.0,11.1,1.0,0.0,1
PRJ-305496,12.22,86.0,15.1,2.0,0.3646,5.0,0.465,0.0,1.0,2.89,0.0,1.0,0
PRJ-305497,14.96,323.0,54.5,5.0,0.1552,1.0,0.3407,2.0,4.0,12.26,0.0,3.0,1
PRJ-305498,14.27,380.0,14.7,7.0,0.5036,4.0,0.4232,1.0,2.0,-1.87,0.0,8.0,0
PRJ-305499,11.03,399.0,115.0,7.0,0.2056,13.0,0.5355,3.0,3.0,3.08,0.0,0.0,1
PRJ-305500,14.08,425.0,32.5,2.0,0.0276,29.0,0.2438,3.0,1.0,8.62,0.0,7.0,0
PRJ-305501,14.58,354.0,128.5,3.0,0.3046,37.0,0.4491,4.0,4.0,6.5,0.0,2.0,1
PRJ-305502,8.19,392.0,110.3,5.0,0.1511,36.0,0.3094,3.0,3.0,11.49,1.0,0.0,0
PRJ-305503,24.17,89.0,44.1,5.0,0.0437,5.0,0.4675,3.0,4.0,8.14,0.0,5.0,0
PRJ-305504,33.96,439.0,55.9,2.0,0.1979,22.0,0.5132,2.0,3.0,-8.81,0.0,8.0,0
PRJ-305505,19.69,226.0,96.3,5.0,0.1915,27.0,0.4303,4.0,3.0,7.71,1.0,0.0,1
PRJ-305506,16.11,316.0,19.4,1.0,0.0596,23.0,0.3758,1.0,3.0,-8.98,0.0,6.0,0
PRJ-305507,11.7,315.0,34.9,6.0,0.1136,40.0,0.3298,4.0,3.0,8.78,0.0,2.0,0
PRJ-305508,14.88,528.0,126.4,6.0,0.2179,29.0,0.2398,0.0,4.0,-4.91,0.0,6.0,0
PRJ-305509,15.89,205.0,88.8,4.0,0.2224,20.0,0.6196,1.0,1.0,-15.5,0.0,5.0,0
PRJ-305510,6.03,235.0,40.0,2.0,0.4854,13.0,0.7062,0.0,2.0,-16.8,0.0,6.0,1
PRJ-305511,23.42,421.0,56.2,2.0,0.1797,18.0,0.1541,3.0,4.0,25.9,1.0,7.0,1
PRJ-305512,9.29,358.0,28.0,6.0,0.1766,49.0,0.2474,3.0,1.0,-12.6,0.0,0.0,0
PRJ-305513,30.2,202.0,37.4,4.0,0.1659,43.0,0.4648,1.0,4.0,11.37,0.0,6.0,0
PRJ-305514,13.77,215.0,71.0,8.0,0.2519,25.0,0.2652,2.0,3.0,8.11,0.0,5.0,0
PRJ-305515,23.68,455.0,37.5,8.0,0.2757,25.0,0.4475,0.0,2.0,11.06,0.0,5.0,0
PRJ-305516,19.51,458.0,79.1,4.0,0.0552,17.0,0.4992,3.0,1.0,-12.09,1.0,7.0,0
PRJ-305517,4.84,117.0,14.7,3.0,0.454,31.0,0.1425,1.0,2.0,-5.03,1.0,1.0,0
PRJ-305518,28.51,242.0,70.4,7.0,0.4743,52.0,0.7766,3.0,4.0,-11.68,0.0,6.0,0
PRJ-305519,7.23,425.0,21.4,6.0,0.0901,11.0,0.4294,0.0,3.0,11.81,0.0,7.0,0
PRJ-305520,8.85,103.0,43.2,2.0,0.1066,35.0,0.2069,0.0,3.0,17.77,0.0,7.0,0
PRJ-305521,9.41,135.0,26.6,8.0,0.2204,47.0,0.2879,2.0,1.0,-0.57,1.0,2.0,0
PRJ-305522,3.62,123.0,70.5,2.0,0.0681,4.0,0.233,1.0,2.0,25.7,0.0,5.0,1
PRJ-305523,14.2,306.0,16.2,5.0,0.3893,35.0,0.199,0.0,1.0,3.11,0.0,6.0,0
PRJ-305524,24.63,268.0,79.7,2.0,0.1353,35.0,0.4436,4.0,4.0,-2.51,0.0,2.0,1
PRJ-305525,29.74,203.0,48.0,4.0,0.1596,58.0,0.4083,0.0,4.0,1.15,0.0,3.0,0
PRJ-305526,11.02,112.0,40.4,5.0,0.1004,23.0,0.2925,3.0,2.0,5.77,0.0,1.0,0
PRJ-305527,12.35,360.0,29.7,1.0,0.3369,45.0,0.3902,4.0,1.0,-17.77,0.0,4.0,0
PRJ-305528,20.38,444.0,34.4,3.0,0.1618,4.0,0.4178,1.0,4.0,3.11,0.0,3.0,1
PRJ-305529,11.24,150.0,108.6,7.0,0.0259,35.0,0.4086,4.0,3.0,-1.96,0.0,8.0,0
PRJ-305530,26.04,374.0,29.2,8.0,0.0292,15.0,0.2795,0.0,2.0,-3.21,1.0,0.0,0
PRJ-305531,11.94,438.0,109.2,8.0,0.4076,36.0,0.2978,3.0,2.0,-1.63,0.0,1.0,0
PRJ-305532,6.54,320.0,133.1,7.0,0.2629,36.0,0.372,4.0,2.0,11.69,0.0,7.0,1
PRJ-305533,14.44,328.0,39.7,8.0,0.1386,19.0,0.2052,4.0,1.0,0.0,0.0,5.0,0
PRJ-305534,4.15,127.0,12.6,2.0,0.2297,50.0,0.2329,1.0,3.0,-13.68,0.0,0.0,0
PRJ-305535,14.32,518.0,91.6,2.0,0.3787,26.0,0.1311,2.0,1.0,0.82,1.0,7.0,0
PRJ-305536,16.15,518.0,90.9,4.0,0.2091,15.0,0.5931,3.0,1.0,-3.01,0.0,3.0,1
PRJ-305537,7.25,397.0,110.2,8.0,0.3914,40.0,0.3564,2.0,4.0,-0.02,0.0,2.0,1
PRJ-305538,15.73,491.0,45.6,7.0,0.3289,31.0,0.5717,2.0,1.0,-1.02,0.0,0.0,0
PRJ-305539,10.33,345.0,60.4,3.0,0.2987,30.0,0.1673,2.0,1.0,4.14,0.0,3.0,0
PRJ-305540,7.04,372.0,34.1,1.0,0.2248,8.0,0.3185,0.0,2.0,-16.78,0.0,1.0,0
PRJ-305541,3.74,455.0,32.9,5.0,0.1423,57.0,0.4108,0.0,1.0,-16.36,0.0,2.0,0
PRJ-305542,4.5,63.0,58.2,3.0,0.152,21.0,0.4695,4.0,3.0,-1.19,0.0,7.0,1
PRJ-305543,32.14,153.0,96.9,2.0,0.292,33.0,0.4374,1.0,3.0,-3.25,0.0,6.0,1
PRJ-305544,10.04,145.0,82.9,2.0,0.6292,9.0,0.2953,2.0,2.0,-11.6,0.0,4.0,1
PRJ-305545,15.89,358.0,49.6,2.0,0.3905,0.0,0.3175,2.0,4.0,-24.62,0.0,5.0,0
PRJ-305546,10.96,164.0,102.4,3.0,0.2572,43.0,0.6061,0.0,4.0,2.88,1.0,1.0,0
PRJ-305547,32.65,238.0,16.6,5.0,0.3793,7.0,0.3748,2.0,3.0,-5.53,0.0,4.0,1
PRJ-305548,7.07,289.0,206.4,2.0,0.3325,41.0,0.6695,3.0,2.0,3.87,1.0,6.0,1
PRJ-305549,13.07,413.0,18.2,4.0,0.0872,2.0,0.3738,2.0,3.0,3.13,0.0,7.0,0
PRJ-305550,8.81,301.0,46.6,8.0,0.1273,19.0,0.2781,3.0,2.0,8.45,0.0,2.0,0
PRJ-305551,23.51,57.0,57.5,8.0,0.0321,54.0,0.3912,1.0,2.0,-12.87,1.0,2.0,0
PRJ-305552,15.78,384.0,59.1,7.0,0.4057,33.0,0.4057,4.0,3.0,0.19,1.0,0.0,0
PRJ-305553,12.75,256.0,95.7,3.0,0.1889,18.0,0.0603,3.0,3.0,24.96,1.0,1.0,0
PRJ-305554,4.95,101.0,24.2,2.0,0.2102,6.0,0.2629,2.0,3.0,2.86,0.0,5.0,1
PRJ-305555,41.86,367.0,61.9,8.0,0.1662,50.0,0.2315,4.0,1.0,17.84,0.0,7.0,0
PRJ-305556,11.18,178.0,78.3,4.0,0.1968,34.0,0.2575,0.0,3.0,8.34,0.0,4.0,1
PRJ-305557,6.25,273.0,105.0,4.0,0.2718,26.0,0.1812,4.0,1.0,-10.73,0.0,2.0,0
PRJ-305558,3.75,523.0,39.4,4.0,0.2381,46.0,0.4994,2.0,2.0,28.82,0.0,1.0,1
PRJ-305559,4.39,162.0,53.7,2.0,0.1983,55.0,0.3508,1.0,3.0,16.62,1.0,3.0,0
PRJ-305560,12.67,483.0,48.5,6.0,0.2614,40.0,0.2395,3.0,1.0,-15.5,0.0,5.0,0
PRJ-305561,23.75,274.0,75.8,2.0,0.111,28.0,0.3862,1.0,4.0,-1.92,1.0,4.0,1
PRJ-305562,15.1,506.0,76.1,2.0,0.0413,37.0,0.2203,3.0,3.0,21.37,0.0,2.0,0
PRJ-305563,3.91,465.0,38.1,7.0,0.1949,51.0,0.6671,4.0,4.0,7.66,1.0,8.0,0
PRJ-305564,12.65,456.0,47.9,6.0,0.1738,17.0,0.2103,2.0,2.0,-22.13,0.0,1.0,0
PRJ-305565,28.36,147.0,50.5,7.0,0.1428,40.0,0.0423,1.0,2.0,-8.4,0.0,3.0,0
PRJ-305566,9.8,436.0,21.0,6.0,0.1196,31.0,0.2366,3.0,1.0,-9.5,0.0,1.0,1
PRJ-305567,15.13,226.0,64.4,1.0,0.12,15.0,0.2369,0.0,4.0,17.77,0.0,5.0,0
PRJ-305568,10.1,495.0,62.6,4.0,0.2303,13.0,0.0549,0.0,2.0,6.19,0.0,0.0,0
PRJ-305569,17.36,535.0,21.2,4.0,0.3313,34.0,0.5905,1.0,1.0,-3.69,1.0,8.0,0
PRJ-305570,6.99,347.0,67.4,3.0,0.4318,10.0,0.5639,1.0,1.0,-9.34,0.0,5.0,0
PRJ-305571,1.2,496.0,225.3,4.0,0.3723,16.0,0.5445,2.0,1.0,8.03,1.0,2.0,0
PRJ-305572,5.16,308.0,26.6,4.0,0.2118,22.0,0.4108,3.0,1.0,-1.49,0.0,7.0,0
PRJ-305573,8.96,61.0,21.0,5.0,0.1284,11.0,0.1584,0.0,3.0,2.16,0.0,7.0,0
PRJ-305574,11.81,477.0,77.7,8.0,0.0913,19.0,0.3515,4.0,2.0,7.28,0.0,3.0,0
PRJ-305575,9.21,307.0,37.9,6.0,0.2431,19.0,0.3675,0.0,3.0,2.09,0.0,6.0,0
PRJ-305576,9.08,66.0,95.9,8.0,0.2535,2.0,0.4058,4.0,1.0,-16.27,0.0,5.0,1
PRJ-305577,23.88,77.0,46.2,7.0,0.3451,17.0,0.5711,1.0,2.0,10.25,0.0,6.0,0
PRJ-305578,5.79,403.0,31.1,6.0,0.1989,39.0,0.2595,4.0,3.0,12.43,1.0,6.0,0
PRJ-305579,12.7,502.0,45.6,3.0,0.3872,29.0,0.5505,2.0,3.0,25.28,0.0,7.0,0
PRJ-305580,4.1,390.0,76.1,5.0,0.1181,22.0,0.5169,4.0,4.0,-7.49,0.0,5.0,1
PRJ-305581,19.7,263.0,74.3,1.0,0.3448,38.0,0.192,3.0,1.0,15.39,1.0,3.0,1
PRJ-305582,14.84,196.0,15.0,8.0,0.1727,11.0,0.3805,2.0,2.0,15.34,1.0,2.0,0
PRJ-305583,41.36,252.0,75.9,2.0,0.3204,58.0,0.3037,4.0,4.0,12.8,1.0,1.0,0
PRJ-305584,5.63,204.0,51.6,2.0,0.0805,4.0,0.4261,2.0,3.0,1.91,0.0,1.0,1
PRJ-305585,33.64,180.0,54.7,8.0,0.4731,28.0,0.7056,0.0,3.0,-11.0,1.0,4.0,0
PRJ-305586,6.2,108.0,64.4,1.0,0.5236,47.0,0.2068,2.0,4.0,-3.49,0.0,7.0,0
PRJ-305587,9.75,326.0,20.7,5.0,0.3121,45.0,0.3658,3.0,4.0,-13.43,1.0,1.0,0
PRJ-305588,4.61,153.0,14.4,5.0,0.3461,27.0,0.1659,3.0,3.0,-18.1,0.0,1.0,0
PRJ-305589,41.02,116.0,15.4,2.0,0.062,29.0,0.328,1.0,3.0,9.04,0.0,1.0,0
PRJ-305590,16.35,181.0,91.9,4.0,0.3639,52.0,0.4841,3.0,4.0,-10.07,1.0,6.0,1
PRJ-305591,16.47,440.0,91.4,7.0,0.0736,26.0,0.404,2.0,4.0,-23.76,1.0,4.0,0
PRJ-305592,6.62,328.0,4.9,6.0,0.1267,2.0,0.5649,1.0,3.0,1.5,0.0,0.0,0
PRJ-305593,1.99,288.0,47.8,5.0,0.2998,24.0,0.3246,1.0,4.0,9.76,0.0,2.0,0
PRJ-305594,9.47,338.0,33.3,5.0,0.3584,2.0,0.2014,3.0,1.0,7.59,1.0,1.0,1
PRJ-305595,8.26,325.0,23.0,3.0,0.4096,52.0,0.398,2.0,2.0,-11.82,0.0,3.0,0
PRJ-305596,2.92,291.0,104.2,5.0,0.1758,13.0,0.504,2.0,4.0,-7.2,1.0,8.0,0
PRJ-305597,9.92,461.0,118.1,1.0,0.0837,8.0,0.2171,2.0,2.0,4.96,0.0,1.0,1
PRJ-305598,12.72,406.0,56.6,1.0,0.1847,37.0,0.4428,2.0,4.0,10.89,0.0,4.0,1
PRJ-305599,17.09,136.0,31.8,7.0,0.2693,17.0,0.4002,4.0,2.0,5.25,0.0,7.0,0
PRJ-305600,2.19,449.0,36.4,2.0,0.1011,44.0,0.4672,3.0,4.0,10.5,0.0,4.0,0
PRJ-305601,4.83,131.0,19.8,6.0,0.4075,43.0,0.3644,1.0,2.0,-1.99,0.0,6.0,0
PRJ-305602,6.79,83.0,36.0,1.0,0.1158,31.0,0.0484,2.0,4.0,4.81,0.0,2.0,0
PRJ-305603,24.55,253.0,25.6,3.0,0.2923,17.0,0.3707,4.0,2.0,2.62,0.0,5.0,1
PRJ-305604,24.25,239.0,113.0,8.0,0.4807,16.0,0.4124,4.0,2.0,-13.18,0.0,0.0,0
PRJ-305605,15.77,434.0,9.8,3.0,0.3214,0.0,0.6227,3.0,4.0,-21.17,0.0,0.0,1
PRJ-305606,9.79,389.0,85.0,8.0,0.3742,53.0,0.6519,2.0,4.0,-10.29,0.0,0.0,0
PRJ-305607,25.52,73.0,24.2,3.0,0.1026,13.0,0.5596,2.0,3.0,-8.83,0.0,2.0,0
PRJ-305608,14.51,291.0,75.5,6.0,0.23,28.0,0.2976,3.0,1.0,15.98,0.0,3.0,1
PRJ-305609,24.62,438.0,44.2,6.0,0.1897,1.0,0.4573,3.0,3.0,-1.41,0.0,5.0,0
PRJ-305610,16.25,407.0,85.9,6.0,0.5655,30.0,0.4495,2.0,2.0,-10.09,1.0,7.0,0
PRJ-305611,3.23,292.0,16.1,3.0,0.3018,17.0,0.4507,1.0,1.0,-2.33,0.0,1.0,0
PRJ-305612,1.97,349.0,30.6,7.0,0.2037,30.0,0.4868,3.0,1.0,2.44,1.0,4.0,0
PRJ-305613,9.11,323.0,38.1,3.0,0.0656,19.0,0.2666,3.0,4.0,-5.29,0.0,7.0,0
PRJ-305614,21.28,159.0,51.2,7.0,0.4002,46.0,0.4065,3.0,3.0,-7.0,0.0,6.0,1
PRJ-305615,8.19,324.0,50.7,4.0,0.1793,57.0,0.2179,0.0,1.0,-4.83,0.0,7.0,0
PRJ-305616,28.69,379.0,19.6,7.0,0.3024,38.0,0.4036,4.0,4.0,2.5,0.0,4.0,0
PRJ-305617,20.05,72.0,15.1,8.0,0.5301,48.0,0.5744,3.0,3.0,-2.14,1.0,5.0,0
PRJ-305618,27.1,389.0,39.9,7.0,0.2027,27.0,0.5403,3.0,4.0,-5.68,0.0,0.0,0
PRJ-305619,9.29,168.0,46.5,4.0,0.2705,7.0,0.3335,1.0,4.0,-9.23,1.0,1.0,0
PRJ-305620,5.94,48.0,38.3,4.0,0.3705,21.0,0.0586,0.0,3.0,3.93,1.0,1.0,0
PRJ-305621,5.31,418.0,9.8,4.0,0.0583,7.0,0.439,4.0,1.0,-4.71,1.0,1.0,0
PRJ-305622,17.27,237.0,48.0,3.0,0.0711,2.0,0.3192,2.0,1.0,6.77,1.0,4.0,1
PRJ-305623,3.45,249.0,66.7,4.0,0.1241,59.0,0.7555,2.0,4.0,18.82,0.0,0.0,0
PRJ-305624,3.62,354.0,56.5,4.0,0.2632,28.0,0.7024,0.0,2.0,-13.45,1.0,6.0,0
PRJ-305625,7.84,322.0,43.0,6.0,0.1626,40.0,0.1189,4.0,3.0,-2.97,0.0,2.0,0
PRJ-305626,14.15,352.0,53.3,8.0,0.0561,25.0,0.525,2.0,3.0,-19.22,0.0,3.0,0
PRJ-305627,6.88,512.0,26.3,8.0,0.3361,37.0,0.475,1.0,3.0,-2.92,0.0,7.0,0
PRJ-305628,24.29,367.0,104.2,5.0,0.2532,17.0,0.4822,1.0,3.0,22.64,0.0,6.0,0
PRJ-305629,27.35,67.0,32.8,8.0,0.3557,35.0,0.1799,1.0,2.0,7.11,0.0,2.0,0
PRJ-305630,1.5,155.0,68.2,8.0,0.3095,31.0,0.2559,2.0,2.0,-8.03,0.0,1.0,0
PRJ-305631,16.46,267.0,41.8,4.0,0.0939,8.0,0.1625,4.0,3.0,5.51,0.0,7.0,0
PRJ-305632,8.22,278.0,88.4,4.0,0.1374,32.0,0.3098,2.0,4.0,-13.56,1.0,7.0,0
PRJ-305633,21.9,223.0,32.3,4.0,0.2442,15.0,0.1627,4.0,4.0,-13.56,0.0,7.0,0
PRJ-305634,16.83,136.0,89.0,1.0,0.2694,33.0,0.2544,3.0,1.0,7.86,0.0,2.0,1
PRJ-305635,13.71,97.0,113.2,3.0,0.2534,25.0,0.4378,2.0,1.0,-3.75,1.0,7.0,0
PRJ-305636,11.17,116.0,24.7,4.0,0.0809,19.0,0.5938,4.0,4.0,-2.68,0.0,6.0,0
PRJ-305637,3.64,515.0,82.7,7.0,0.2654,26.0,0.1066,0.0,1.0,-0.59,0.0,7.0,0
PRJ-305638,45.13,240.0,130.0,3.0,0.1055,4.0,0.4093,0.0,4.0,-3.07,0.0,0.0,1
PRJ-305639,4.79,520.0,59.7,6.0,0.3123,58.0,0.2099,1.0,1.0,15.66,0.0,1.0,0
PRJ-305640,33.87,210.0,99.7,3.0,0.2191,34.0,0.1375,0.0,2.0,-17.51,0.0,2.0,0
PRJ-305641,19.0,199.0,114.8,3.0,0.0964,2.0,0.6232,4.0,4.0,-9.63,0.0,5.0,1
PRJ-305642,8.51,287.0,90.8,1.0,0.1023,8.0,0.2489,2.0,3.0,2.71,0.0,0.0,0
PRJ-305643,7.62,513.0,26.9,5.0,0.3393,0.0,0.2798,2.0,3.0,-14.01,1.0,3.0,0
PRJ-305644,3.52,323.0,65.5,1.0,0.3863,15.0,0.4271,2.0,3.0,-9.15,0.0,0.0,0
PRJ-305645,12.53,62.0,71.1,2.0,0.2141,54.0,0.2577,3.0,3.0,10.32,0.0,2.0,0
PRJ-305646,3.41,179.0,8.5,5.0,0.2664,43.0,0.1488,3.0,1.0,-10.11,1.0,7.0,0
PRJ-305647,25.18,530.0,44.3,6.0,0.1391,52.0,0.4216,1.0,1.0,9.82,0.0,8.0,0
PRJ-305648,14.64,121.0,53.5,4.0,0.2794,28.0,0.392,2.0,3.0,-16.13,0.0,5.0,0
PRJ-305649,11.96,458.0,67.6,3.0,0.6623,17.0,0.1692,0.0,2.0,24.66,1.0,8.0,0
PRJ-305650,13.04,504.0,21.4,8.0,0.2961,22.0,0.4667,3.0,2.0,8.16,0.0,6.0,0
PRJ-305651,15.04,151.0,41.8,3.0,0.4101,19.0,0.3585,3.0,3.0,8.44,0.0,3.0,0
PRJ-305652,9.62,321.0,56.5,3.0,0.0792,52.0,0.3568,1.0,1.0,-4.65,1.0,4.0,0
PRJ-305653,10.55,341.0,35.5,1.0,0.2334,35.0,0.2104,1.0,1.0,0.13,0.0,7.0,0
PRJ-305654,36.17,437.0,8.3,3.0,0.0961,49.0,0.547,0.0,3.0,32.37,1.0,6.0,0
PRJ-305655,23.6,440.0,107.5,2.0,0.0581,12.0,0.5841,2.0,3.0,-13.12,0.0,8.0,0
PRJ-305656,18.47,74.0,160.3,3.0,0.1408,54.0,0.2805,4.0,3.0,-6.78,1.0,4.0,1
PRJ-305657,8.52,203.0,62.0,2.0,0.4342,52.0,0.491,4.0,1.0,-3.98,0.0,8.0,0
PRJ-305658,2.57,510.0,62.8,2.0,0.1875,35.0,0.5121,3.0,3.0,2.06,1.0,7.0,0
PRJ-305659,17.09,220.0,46.8,6.0,0.149,16.0,0.6097,1.0,3.0,8.26,0.0,2.0,0
PRJ-305660,13.01,166.0,15.3,4.0,0.1977,35.0,0.3384,0.0,4.0,5.96,0.0,8.0,1
PRJ-305661,10.39,356.0,11.0,6.0,0.2316,3.0,0.6131,1.0,1.0,-12.92,0.0,0.0,0
PRJ-305662,11.57,141.0,102.0,5.0,0.1674,11.0,0.2238,0.0,4.0,9.24,0.0,7.0,0
PRJ-305663,5.0,117.0,149.1,5.0,0.2295,31.0,0.4895,0.0,4.0,9.16,0.0,1.0,0
PRJ-305664,6.15,439.0,66.2,4.0,0.4596,58.0,0.4156,0.0,2.0,0.87,0.0,3.0,0
PRJ-305665,23.63,103.0,35.1,4.0,0.3458,44.0,0.277,0.0,4.0,-7.52,0.0,1.0,0
PRJ-305666,2.11,486.0,41.7,3.0,0.2827,14.0,0.2348,0.0,3.0,3.44,0.0,0.0,0
PRJ-305667,21.5,168.0,73.0,8.0,0.706,57.0,0.175,2.0,1.0,-3.35,1.0,2.0,0
PRJ-305668,29.51,97.0,98.5,4.0,0.2191,29.0,0.2603,4.0,3.0,-0.56,1.0,4.0,0
PRJ-305669,16.85,411.0,47.4,8.0,0.3001,37.0,0.2545,0.0,2.0,0.25,0.0,3.0,0
PRJ-305670,16.31,132.0,37.6,7.0,0.3946,48.0,0.3338,4.0,1.0,-10.48,0.0,1.0,1
PRJ-305671,6.11,226.0,21.1,5.0,0.4598,6.0,0.2065,1.0,2.0,0.46,1.0,7.0,0
PRJ-305672,6.81,218.0,32.1,7.0,0.3741,11.0,0.1934,3.0,3.0,12.85,1.0,6.0,0
PRJ-305673,9.03,296.0,69.9,6.0,0.2623,39.0,0.3984,4.0,3.0,8.15,1.0,3.0,1
PRJ-305674,4.25,279.0,59.2,7.0,0.302,25.0,0.2856,2.0,2.0,-2.3,0.0,4.0,0
PRJ-305675,6.45,141.0,55.7,7.0,0.2722,5.0,0.1959,0.0,3.0,-2.91,0.0,8.0,0
PRJ-305676,12.98,161.0,21.8,6.0,0.0894,8.0,0.1553,0.0,3.0,21.11,0.0,4.0,0
PRJ-305677,8.64,141.0,40.1,6.0,0.1998,11.0,0.6702,3.0,4.0,-10.42,0.0,6.0,1
PRJ-305678,13.77,72.0,83.4,7.0,0.4713,29.0,0.3404,2.0,3.0,7.77,0.0,1.0,0
PRJ-305679,23.57,366.0,123.3,2.0,0.4424,17.0,0.169,1.0,3.0,14.65,1.0,0.0,1
PRJ-305680,13.69,278.0,80.6,8.0,0.2613,54.0,0.2878,2.0,4.0,-13.18,1.0,4.0,0
PRJ-305681,16.43,98.0,98.3,5.0,0.4493,3.0,0.2823,1.0,1.0,-1.99,0.0,8.0,0
PRJ-305682,3.36,209.0,8.6,1.0,0.2126,25.0,0.2247,0.0,2.0,13.34,1.0,1.0,0
PRJ-305683,23.3,375.0,109.7,2.0,0.1408,21.0,0.5514,2.0,3.0,-8.71,1.0,2.0,1
PRJ-305684,3.3,186.0,65.6,7.0,0.2032,7.0,0.6707,0.0,2.0,1.81,1.0,6.0,0
PRJ-305685,8.21,243.0,56.1,7.0,0.4168,46.0,0.3691,1.0,4.0,-16.73,1.0,6.0,0
PRJ-305686,5.19,413.0,60.2,6.0,0.2193,45.0,0.5586,2.0,3.0,-4.81,0.0,1.0,0
PRJ-305687,2.58,377.0,139.3,6.0,0.354,3.0,0.7424,0.0,1.0,16.78,0.0,7.0,1
PRJ-305688,13.21,391.0,34.0,7.0,0.2048,32.0,0.2885,4.0,1.0,-14.88,1.0,4.0,0
PRJ-305689,17.38,233.0,60.2,8.0,0.0437,29.0,0.2578,4.0,1.0,-19.58,0.0,3.0,0
PRJ-305690,30.0,284.0,43.9,7.0,0.0483,3.0,0.4927,0.0,2.0,-0.43,0.0,2.0,0
PRJ-305691,14.52,463.0,22.9,2.0,0.0193,13.0,0.353,0.0,1.0,6.41,1.0,7.0,0
PRJ-305692,6.42,476.0,12.8,7.0,0.3479,22.0,0.2458,1.0,1.0,-5.84,1.0,5.0,1
PRJ-305693,8.49,72.0,22.5,5.0,0.1175,33.0,0.3938,3.0,4.0,-3.67,0.0,7.0,0
PRJ-305694,2.88,459.0,27.7,7.0,0.1135,27.0,0.1873,0.0,2.0,8.91,1.0,8.0,0
PRJ-305695,9.15,487.0,45.4,6.0,0.5742,29.0,0.3537,3.0,4.0,14.72,0.0,6.0,0
PRJ-305696,11.84,511.0,98.3,6.0,0.2178,43.0,0.4378,3.0,1.0,6.24,1.0,1.0,1
PRJ-305697,16.9,177.0,22.6,7.0,0.1437,9.0,0.2624,1.0,1.0,11.38,0.0,7.0,0
PRJ-305698,19.98,293.0,27.3,2.0,0.1269,4.0,0.2103,2.0,3.0,-0.34,0.0,3.0,1
PRJ-305699,16.53,66.0,137.3,7.0,0.3918,51.0,0.3926,0.0,2.0,-7.49,0.0,3.0,0
PRJ-305700,5.92,99.0,34.9,3.0,0.1329,13.0,0.4026,1.0,4.0,-17.85,0.0,7.0,0
PRJ-305701,4.74,323.0,30.1,2.0,0.2769,30.0,0.3288,4.0,4.0,-16.53,0.0,6.0,0
PRJ-305702,19.05,146.0,31.0,6.0,0.258,3.0,0.3913,0.0,2.0,-1.5,0.0,6.0,0
PRJ-305703,2.51,156.0,52.9,8.0,0.3863,59.0,0.2361,0.0,3.0,15.6,1.0,4.0,0
PRJ-305704,39.33,191.0,45.8,1.0,0.2199,42.0,0.2257,2.0,2.0,-11.29,0.0,3.0,0
PRJ-305705,6.87,272.0,28.4,8.0,0.2172,59.0,0.428,2.0,2.0,36.9,0.0,6.0,1
PRJ-305706,25.4,120.0,36.5,3.0,0.1796,57.0,0.4473,3.0,1.0,-2.09,0.0,7.0,0
PRJ-305707,7.81,442.0,85.2,8.0,0.0912,15.0,0.1209,0.0,3.0,-12.03,1.0,6.0,0
PRJ-305708,17.65,375.0,58.0,1.0,0.2715,24.0,0.2854,2.0,2.0,-6.6,1.0,8.0,1
PRJ-305709,4.87,436.0,115.7,5.0,0.1602,52.0,0.4452,2.0,1.0,-0.86,0.0,5.0,0
PRJ-305710,12.34,503.0,39.5,5.0,0.5947,31.0,0.2327,2.0,1.0,16.4,0.0,6.0,0
PRJ-305711,3.02,342.0,85.0,7.0,0.2921,43.0,0.3716,0.0,3.0,1.39,0.0,7.0,0
PRJ-305712,15.04,224.0,87.0,4.0,0.5202,27.0,0.2377,4.0,2.0,-14.91,0.0,0.0,0
PRJ-305713,4.8,529.0,27.0,1.0,0.2232,25.0,0.4587,4.0,1.0,21.11,0.0,2.0,1
PRJ-305714,5.39,325.0,63.5,2.0,0.2463,24.0,0.4311,2.0,3.0,-7.37,0.0,8.0,1
PRJ-305715,8.82,274.0,50.2,3.0,0.1731,48.0,0.1122,1.0,3.0,-9.74,0.0,0.0,0
PRJ-305716,10.15,250.0,9.1,7.0,0.5792,29.0,0.3529,1.0,4.0,5.63,0.0,5.0,0
PRJ-305717,16.91,64.0,13.4,1.0,0.2509,25.0,0.359,3.0,2.0,11.95,0.0,5.0,0
PRJ-305718,15.81,518.0,54.4,7.0,0.1135,30.0,0.3453,0.0,1.0,11.59,0.0,5.0,0
PRJ-305719,13.24,450.0,9.9,5.0,0.2999,29.0,0.468,1.0,2.0,-20.97,0.0,0.0,0
PRJ-305720,21.45,391.0,7.7,5.0,0.2604,12.0,0.2177,0.0,3.0,19.53,0.0,7.0,0
PRJ-305721,15.52,154.0,49.3,8.0,0.0919,22.0,0.3157,2.0,3.0,-12.58,0.0,2.0,0
PRJ-305722,16.27,504.0,4.3,7.0,0.4187,37.0,0.3522,2.0,2.0,7.61,0.0,5.0,0
PRJ-305723,5.35,132.0,19.6,6.0,0.1687,50.0,0.2739,3.0,4.0,5.53,0.0,1.0,0
PRJ-305724,22.53,164.0,49.1,7.0,0.3318,24.0,0.3646,4.0,4.0,7.22,0.0,0.0,0
PRJ-305725,20.76,79.0,43.1,4.0,0.2602,54.0,0.463,3.0,3.0,-2.6,1.0,3.0,0
PRJ-305726,13.67,187.0,43.1,8.0,0.1382,59.0,0.1228,0.0,4.0,13.87,0.0,1.0,0
PRJ-305727,20.27,207.0,72.1,7.0,0.3077,9.0,0.353,4.0,1.0,0.39,0.0,8.0,1
PRJ-305728,11.69,438.0,93.6,8.0,0.4694,12.0,0.179,1.0,4.0,16.82,0.0,8.0,0
PRJ-305729,30.97,206.0,100.1,5.0,0.4763,35.0,0.3721,1.0,1.0,-13.48,0.0,6.0,0
PRJ-305730,12.83,518.0,145.3,6.0,0.3283,16.0,0.4685,2.0,4.0,21.45,1.0,3.0,1
PRJ-305731,11.42,194.0,5.0,4.0,0.1337,7.0,0.2582,2.0,1.0,-20.79,1.0,0.0,0
PRJ-305732,15.59,304.0,25.4,8.0,0.3575,47.0,0.4735,4.0,3.0,20.66,0.0,4.0,0
PRJ-305733,35.11,338.0,18.4,6.0,0.5078,53.0,0.1298,4.0,3.0,-5.98,0.0,8.0,0
PRJ-305734,7.99,455.0,148.4,2.0,0.1695,14.0,0.2214,0.0,1.0,5.19,0.0,5.0,0
PRJ-305735,14.92,417.0,49.9,5.0,0.1707,13.0,0.2404,1.0,1.0,-5.25,0.0,8.0,0
PRJ-305736,8.43,474.0,44.8,2.0,0.4057,49.0,0.1727,2.0,1.0,-10.85,0.0,5.0,0
PRJ-305737,11.41,509.0,33.3,6.0,0.2196,2.0,0.3725,1.0,1.0,-5.01,0.0,6.0,0
PRJ-305738,6.4,103.0,31.9,6.0,0.1957,0.0,0.4339,1.0,4.0,9.87,0.0,0.0,0
PRJ-305739,15.99,91.0,31.8,7.0,0.3218,44.0,0.7386,1.0,4.0,4.97,1.0,7.0,0
PRJ-305740,12.12,267.0,34.0,2.0,0.2944,11.0,0.3225,1.0,2.0,15.31,0.0,3.0,0
PRJ-305741,20.0,119.0,31.3,4.0,0.1144,39.0,0.4771,1.0,4.0,6.87,0.0,1.0,0
PRJ-305742,23.66,289.0,125.9,3.0,0.2515,24.0,0.2456,3.0,1.0,4.75,0.0,5.0,1
PRJ-305743,25.99,336.0,181.6,4.0,0.19,24.0,0.1818,0.0,2.0,20.49,1.0,4.0,1
PRJ-305744,8.67,181.0,174.5,8.0,0.1685,56.0,0.4988,4.0,1.0,6.08,0.0,3.0,0
PRJ-305745,15.61,93.0,8.7,5.0,0.2036,37.0,0.3626,0.0,3.0,-11.43,0.0,4.0,0
PRJ-305746,27.07,522.0,28.1,4.0,0.3019,15.0,0.6188,4.0,2.0,-14.43,1.0,2.0,0
PRJ-305747,6.36,228.0,6.6,8.0,0.1624,46.0,0.6602,0.0,2.0,22.59,0.0,5.0,0
PRJ-305748,13.02,460.0,178.6,5.0,0.1402,8.0,0.1415,4.0,3.0,-0.74,0.0,0.0,1
PRJ-305749,6.68,354.0,62.1,4.0,0.0451,10.0,0.4655,1.0,3.0,1.04,0.0,6.0,0
PRJ-305750,34.81,372.0,83.4,5.0,0.4718,23.0,0.5048,0.0,2.0,-6.73,0.0,4.0,1
PRJ-305751,26.87,431.0,42.1,7.0,0.5023,18.0,0.2121,4.0,4.0,-18.47,0.0,2.0,0
PRJ-305752,17.41,176.0,44.9,4.0,0.2971,58.0,0.4967,0.0,4.0,23.96,0.0,3.0,0
PRJ-305753,17.23,152.0,107.5,5.0,0.6754,29.0,0.1778,3.0,4.0,-14.57,0.0,2.0,1
PRJ-305754,7.15,538.0,49.6,2.0,0.275,24.0,0.5139,3.0,1.0,-11.53,1.0,7.0,0
PRJ-305755,28.92,375.0,51.1,1.0,0.0304,37.0,0.2294,1.0,3.0,-3.5,0.0,7.0,0
PRJ-305756,9.82,189.0,78.5,1.0,0.2928,26.0,0.1946,4.0,4.0,-5.32,0.0,5.0,1
PRJ-305757,7.67,364.0,72.0,4.0,0.222,36.0,0.226,4.0,1.0,-6.68,0.0,2.0,1
PRJ-305758,24.49,239.0,48.3,6.0,0.1487,24.0,0.4402,0.0,3.0,8.6,1.0,8.0,0
PRJ-305759,9.18,470.0,32.7,2.0,0.4054,29.0,0.2318,2.0,1.0,13.74,1.0,3.0,0
PRJ-305760,7.91,296.0,30.7,8.0,0.1295,54.0,0.2784,3.0,3.0,-0.24,1.0,3.0,0
PRJ-305761,20.75,200.0,101.2,2.0,0.2727,39.0,0.6111,0.0,2.0,3.9,0.0,6.0,0
PRJ-305762,5.04,386.0,52.0,6.0,0.0855,5.0,0.3644,4.0,1.0,-10.72,1.0,5.0,0
PRJ-305763,17.55,416.0,24.9,2.0,0.1966,1.0,0.0886,3.0,1.0,7.41,0.0,6.0,1
PRJ-305764,13.12,229.0,90.0,1.0,0.4299,26.0,0.5436,2.0,1.0,-2.82,0.0,0.0,0
PRJ-305765,19.64,417.0,47.6,6.0,0.3838,19.0,0.1234,4.0,4.0,-4.08,1.0,3.0,0
PRJ-305766,16.31,160.0,8.3,5.0,0.2078,32.0,0.2761,3.0,4.0,12.02,0.0,1.0,0
PRJ-305767,48.89,163.0,26.2,6.0,0.0882,34.0,0.2257,0.0,3.0,-16.79,0.0,8.0,1
PRJ-305768,13.95,454.0,47.7,8.0,0.6041,51.0,0.5742,3.0,4.0,12.87,0.0,0.0,1
PRJ-305769,9.16,352.0,10.5,5.0,0.1406,18.0,0.4378,4.0,1.0,-0.22,0.0,3.0,0
PRJ-305770,12.16,62.0,59.9,7.0,0.2158,40.0,0.7013,2.0,1.0,-5.27,0.0,8.0,0
PRJ-305771,16.19,379.0,67.6,4.0,0.1956,56.0,0.3087,2.0,1.0,21.58,0.0,2.0,0
PRJ-305772,33.59,196.0,95.7,3.0,0.1643,12.0,0.466,0.0,2.0,10.12,0.0,7.0,1
PRJ-305773,18.3,180.0,55.6,4.0,0.2178,57.0,0.517,2.0,1.0,-19.91,0.0,0.0,0
PRJ-305774,6.88,254.0,27.5,3.0,0.1961,56.0,0.4694,0.0,4.0,12.1,0.0,7.0,0
PRJ-305775,92.33,268.0,8.6,8.0,0.4229,22.0,0.1638,0.0,3.0,7.61,0.0,3.0,0
PRJ-305776,23.03,486.0,8.2,5.0,0.2681,47.0,0.1917,0.0,1.0,-14.82,0.0,6.0,0
PRJ-305777,6.59,260.0,41.3,8.0,0.2533,13.0,0.1511,1.0,2.0,-0.4,0.0,5.0,0
PRJ-305778,5.38,191.0,41.3,3.0,0.2927,1.0,0.3489,3.0,4.0,10.17,0.0,6.0,1
PRJ-305779,4.67,427.0,10.1,7.0,0.3199,13.0,0.7094,1.0,3.0,-21.48,0.0,0.0,0
PRJ-305780,11.74,313.0,58.8,1.0,0.4101,7.0,0.4895,3.0,1.0,9.9,0.0,3.0,0
PRJ-305781,12.07,45.0,33.1,3.0,0.0553,26.0,0.557,4.0,2.0,-4.14,0.0,0.0,0
PRJ-305782,7.55,357.0,20.1,1.0,0.0971,15.0,0.1514,4.0,4.0,-1.63,0.0,8.0,0
PRJ-305783,4.18,293.0,15.3,8.0,0.0162,57.0,0.5399,3.0,3.0,14.15,1.0,3.0,0
PRJ-305784,5.47,329.0,126.7,3.0,0.0626,30.0,0.3616,2.0,3.0,-8.68,1.0,8.0,1
PRJ-305785,18.54,136.0,7.2,7.0,0.3241,14.0,0.3318,4.0,2.0,-12.74,1.0,4.0,0
PRJ-305786,9.94,281.0,150.2,4.0,0.1274,17.0,0.4109,1.0,4.0,8.99,0.0,7.0,0
PRJ-305787,5.93,365.0,21.2,1.0,0.1235,19.0,0.3899,3.0,2.0,1.7,0.0,2.0,0
PRJ-305788,13.09,380.0,159.8,3.0,0.1828,5.0,0.1761,4.0,1.0,-4.88,0.0,3.0,1
PRJ-305789,14.8,381.0,9.1,3.0,0.3152,33.0,0.3704,4.0,1.0,-15.84,0.0,0.0,0
PRJ-305790,15.89,538.0,62.9,5.0,0.1985,1.0,0.2312,1.0,4.0,-4.43,0.0,7.0,0
PRJ-305791,12.76,293.0,110.5,3.0,0.2232,34.0,0.1877,0.0,4.0,-6.78,0.0,6.0,0
PRJ-305792,11.47,257.0,112.2,6.0,0.2471,43.0,0.6584,4.0,1.0,-2.65,0.0,3.0,0
PRJ-305793,25.79,313.0,62.6,6.0,0.4521,39.0,0.3989,4.0,3.0,-18.86,0.0,2.0,0
PRJ-305794,5.64,207.0,56.2,2.0,0.3198,0.0,0.4544,3.0,1.0,-8.12,0.0,5.0,0
PRJ-305795,10.45,200.0,11.8,5.0,0.0902,43.0,0.6698,4.0,1.0,5.04,0.0,2.0,0
PRJ-305796,2.81,386.0,90.4,5.0,0.3391,29.0,0.1793,2.0,4.0,-0.86,0.0,5.0,1
PRJ-305797,9.53,200.0,103.1,3.0,0.3082,47.0,0.6041,2.0,2.0,-2.23,0.0,3.0,0
PRJ-305798,13.71,415.0,48.5,7.0,0.3982,25.0,0.3304,1.0,3.0,-11.36,0.0,4.0,0
PRJ-305799,20.62,413.0,54.7,2.0,0.2067,29.0,0.473,3.0,2.0,-10.97,0.0,3.0,0
PRJ-305800,2.87,516.0,241.1,7.0,0.1384,26.0,0.273,4.0,3.0,-3.31,1.0,3.0,1
PRJ-305801,13.44,110.0,13.0,4.0,0.3192,4.0,0.7371,3.0,1.0,-0.32,0.0,2.0,0
PRJ-305802,36.75,224.0,64.0,3.0,0.2068,26.0,0.4001,0.0,2.0,-10.03,1.0,2.0,0
PRJ-305803,16.68,426.0,88.8,6.0,0.2198,40.0,0.5527,0.0,3.0,2.22,0.0,6.0,0
PRJ-305804,4.9,257.0,8.0,5.0,0.273,49.0,0.8184,4.0,1.0,2.18,1.0,2.0,0
PRJ-305805,9.54,369.0,8.9,5.0,0.4891,35.0,0.4679,1.0,2.0,-12.34,1.0,6.0,0
PRJ-305806,17.03,408.0,24.9,6.0,0.3431,22.0,0.1354,3.0,3.0,14.69,1.0,6.0,0
PRJ-305807,7.81,482.0,26.7,3.0,0.4514,12.0,0.5838,4.0,2.0,-9.87,0.0,0.0,0
PRJ-305808,14.5,156.0,23.3,7.0,0.2241,48.0,0.5953,2.0,2.0,-10.75,0.0,6.0,0
PRJ-305809,13.94,173.0,27.6,5.0,0.3154,51.0,0.3906,1.0,2.0,-7.56,0.0,3.0,0
PRJ-305810,11.62,278.0,28.3,2.0,0.1331,16.0,0.1173,4.0,2.0,-16.19,0.0,5.0,0
PRJ-305811,4.52,295.0,48.0,8.0,0.2931,44.0,0.2015,0.0,3.0,-20.9,0.0,5.0,0
PRJ-305812,7.22,493.0,20.6,7.0,0.0778,50.0,0.2125,2.0,2.0,12.8,0.0,1.0,0
PRJ-305813,39.09,64.0,37.5,2.0,0.2636,25.0,0.5366,3.0,4.0,10.98,0.0,7.0,1
PRJ-305814,9.1,166.0,46.1,7.0,0.0369,34.0,0.411,0.0,2.0,-10.44,1.0,8.0,0
PRJ-305815,9.89,496.0,33.3,5.0,0.0491,58.0,0.1828,1.0,2.0,7.75,0.0,2.0,0
PRJ-305816,9.86,349.0,63.9,7.0,0.2174,37.0,0.1204,0.0,3.0,-7.65,1.0,3.0,0
PRJ-305817,20.29,379.0,121.8,4.0,0.1415,40.0,0.3238,4.0,3.0,-12.15,0.0,0.0,0
PRJ-305818,10.24,168.0,12.5,2.0,0.2749,54.0,0.2656,2.0,1.0,-2.96,0.0,0.0,0
PRJ-305819,11.8,353.0,19.1,2.0,0.3135,55.0,0.6187,2.0,3.0,-3.08,0.0,7.0,0
PRJ-305820,13.45,228.0,80.6,1.0,0.1167,46.0,0.482,4.0,3.0,11.89,0.0,8.0,0
PRJ-305821,21.77,407.0,58.0,8.0,0.2439,43.0,0.8078,4.0,1.0,-28.43,1.0,6.0,1
PRJ-305822,11.84,89.0,85.2,3.0,0.2157,12.0,0.6655,0.0,3.0,-3.41,0.0,7.0,0
PRJ-305823,12.72,185.0,76.8,8.0,0.4015,42.0,0.2881,3.0,4.0,27.12,0.0,5.0,0
PRJ-305824,8.08,364.0,27.4,2.0,0.4468,21.0,0.282,0.0,2.0,-26.84,0.0,2.0,0
PRJ-305825,14.72,343.0,128.2,3.0,0.1825,13.0,0.7066,3.0,1.0,-6.79,1.0,5.0,0
PRJ-305826,17.57,460.0,130.4,8.0,0.4576,59.0,0.348,4.0,3.0,-3.76,1.0,3.0,1
PRJ-305827,18.37,441.0,19.7,3.0,0.2388,25.0,0.1541,2.0,1.0,1.79,1.0,6.0,0
PRJ-305828,35.36,52.0,116.4,7.0,0.1461,38.0,0.4192,3.0,3.0,8.83,0.0,1.0,1
PRJ-305829,6.85,89.0,124.9,1.0,0.1006,38.0,0.6653,0.0,4.0,1.72,1.0,4.0,0
PRJ-305830,12.17,220.0,156.4,8.0,0.2225,36.0,0.1912,0.0,2.0,18.99,0.0,7.0,0
PRJ-305831,10.28,519.0,78.0,5.0,0.2454,49.0,0.4506,0.0,3.0,-4.5,1.0,5.0,0
PRJ-305832,31.43,281.0,35.7,7.0,0.5961,49.0,0.4207,3.0,4.0,12.66,0.0,0.0,1
PRJ-305833,18.82,486.0,25.8,1.0,0.4545,54.0,0.0951,3.0,2.0,-1.8,0.0,8.0,0
PRJ-305834,3.6,74.0,35.7,8.0,0.3652,53.0,0.4373,2.0,2.0,9.38,0.0,4.0,0
PRJ-305835,7.6,521.0,14.5,4.0,0.6528,4.0,0.1322,3.0,3.0,-7.69,0.0,2.0,0
PRJ-305836,9.45,75.0,64.9,2.0,0.133,24.0,0.3871,0.0,4.0,-10.72,0.0,6.0,0
PRJ-305837,4.0,445.0,41.0,2.0,0.2514,42.0,0.3096,1.0,2.0,-15.77,0.0,5.0,0
PRJ-305838,12.79,479.0,11.9,1.0,0.1235,50.0,0.6379,0.0,3.0,-3.06,0.0,1.0,0
PRJ-305839,8.33,190.0,26.3,6.0,0.1515,15.0,0.2111,2.0,2.0,-8.48,0.0,7.0,0
PRJ-305840,36.33,193.0,109.9,2.0,0.1933,49.0,0.3586,1.0,1.0,4.04,0.0,3.0,1
PRJ-305841,14.64,332.0,65.8,8.0,0.0601,42.0,0.5212,1.0,4.0,8.14,0.0,1.0,0
PRJ-305842,9.2,402.0,23.7,2.0,0.5552,31.0,0.1429,3.0,1.0,12.37,0.0,1.0,1
PRJ-305843,5.91,104.0,153.7,1.0,0.0475,19.0,0.4647,3.0,2.0,9.87,1.0,8.0,1
PRJ-305844,11.48,162.0,59.4,7.0,0.2723,35.0,0.2869,2.0,3.0,13.13,0.0,2.0,0
PRJ-305845,29.75,418.0,16.1,7.0,0.4187,34.0,0.642,4.0,2.0,8.21,1.0,2.0,0
PRJ-305846,10.36,444.0,35.9,5.0,0.3351,17.0,0.2128,4.0,1.0,-13.52,0.0,6.0,0
PRJ-305847,11.54,121.0,11.0,7.0,0.1775,31.0,0.2521,2.0,1.0,3.35,0.0,6.0,0
PRJ-305848,23.7,485.0,128.1,6.0,0.1486,33.0,0.0928,1.0,2.0,-8.7,0.0,0.0,1
PRJ-305849,14.37,474.0,87.2,2.0,0.0528,52.0,0.1711,3.0,4.0,-1.71,1.0,5.0,0
PRJ-305850,20.03,474.0,24.6,4.0,0.1395,10.0,0.6573,2.0,2.0,-0.57,0.0,5.0,0
PRJ-305851,15.32,164.0,6.1,8.0,0.1337,39.0,0.1064,1.0,2.0,-29.87,0.0,4.0,0
PRJ-305852,14.77,376.0,86.2,6.0,0.3653,4.0,0.4784,4.0,4.0,-12.49,1.0,0.0,1
PRJ-305853,3.46,124.0,57.9,5.0,0.1375,14.0,0.0433,2.0,3.0,-6.01,0.0,8.0,0
PRJ-305854,5.32,142.0,114.9,2.0,0.1899,50.0,0.4531,0.0,4.0,-33.53,1.0,8.0,0
PRJ-305855,13.37,80.0,3.7,5.0,0.229,37.0,0.4991,3.0,2.0,15.71,0.0,3.0,0
PRJ-305856,6.3,289.0,80.2,2.0,0.245,13.0,0.073,2.0,3.0,1.46,0.0,5.0,0
PRJ-305857,11.48,397.0,44.7,6.0,0.3106,38.0,0.2707,0.0,3.0,1.39,0.0,4.0,0
PRJ-305858,4.98,143.0,198.2,2.0,0.2359,57.0,0.0937,3.0,4.0,12.27,0.0,3.0,0
PRJ-305859,23.82,137.0,14.9,3.0,0.1814,21.0,0.2184,0.0,3.0,8.56,0.0,4.0,0
PRJ-305860,6.85,182.0,92.9,5.0,0.5172,44.0,0.346,3.0,2.0,8.59,0.0,4.0,0
PRJ-305861,5.89,142.0,81.7,1.0,0.1061,15.0,0.245,3.0,4.0,12.31,0.0,8.0,1
PRJ-305862,4.2,457.0,11.7,6.0,0.0199,22.0,0.4606,3.0,2.0,3.62,0.0,4.0,0
PRJ-305863,18.23,128.0,37.2,4.0,0.5442,54.0,0.2279,3.0,4.0,3.9,0.0,8.0,0
PRJ-305864,11.47,182.0,73.7,5.0,0.3314,7.0,0.5124,0.0,3.0,5.38,0.0,2.0,0
PRJ-305865,23.27,196.0,24.7,6.0,0.1246,9.0,0.434,3.0,1.0,-15.84,0.0,8.0,0
PRJ-305866,8.12,145.0,25.4,7.0,0.0385,3.0,0.0685,3.0,3.0,-25.33,0.0,6.0,0
PRJ-305867,5.22,510.0,100.8,8.0,0.33,8.0,0.7852,0.0,4.0,-24.75,1.0,7.0,1
PRJ-305868,11.13,148.0,168.2,2.0,0.1996,46.0,0.4804,4.0,1.0,8.41,0.0,4.0,1
PRJ-305869,26.24,285.0,94.7,4.0,0.2212,35.0,0.3081,2.0,2.0,-6.36,0.0,4.0,0
PRJ-305870,3.4,325.0,12.7,1.0,0.1037,7.0,0.4418,3.0,4.0,-3.28,0.0,1.0,1
PRJ-305871,14.15,174.0,1.2,3.0,0.1954,18.0,0.4945,2.0,2.0,1.91,0.0,2.0,0
PRJ-305872,15.11,278.0,17.1,5.0,0.2782,48.0,0.3252,3.0,3.0,17.04,0.0,0.0,0
PRJ-305873,28.98,129.0,79.6,2.0,0.4699,30.0,0.3143,4.0,3.0,7.93,1.0,8.0,1
PRJ-305874,6.5,283.0,86.8,4.0,0.6004,42.0,0.4576,0.0,1.0,2.42,0.0,2.0,0
PRJ-305875,3.24,54.0,34.2,8.0,0.2018,16.0,0.2639,3.0,3.0,4.97,0.0,1.0,0
PRJ-305876,8.69,262.0,16.8,1.0,0.2365,55.0,0.5307,3.0,1.0,26.87,1.0,6.0,0
PRJ-305877,19.85,225.0,36.9,2.0,0.2252,22.0,0.3478,2.0,3.0,-11.9,0.0,0.0,1
PRJ-305878,11.98,218.0,7.8,3.0,0.1915,57.0,0.2279,4.0,3.0,16.69,0.0,7.0,0
PRJ-305879,16.16,99.0,60.9,8.0,0.1171,24.0,0.2195,1.0,2.0,0.27,0.0,4.0,0
PRJ-305880,5.46,539.0,55.8,6.0,0.076,44.0,0.5093,4.0,2.0,-0.94,0.0,6.0,0
PRJ-305881,9.94,58.0,15.7,2.0,0.2204,33.0,0.4644,1.0,3.0,7.51,0.0,5.0,0
PRJ-305882,12.28,117.0,95.9,6.0,0.1796,37.0,0.3769,2.0,4.0,-22.09,0.0,7.0,0
PRJ-305883,3.77,95.0,49.6,1.0,0.177,4.0,0.569,0.0,2.0,-12.81,0.0,6.0,0
PRJ-305884,12.23,528.0,22.8,7.0,0.2912,47.0,0.2508,0.0,4.0,4.71,0.0,7.0,0
PRJ-305885,9.31,202.0,62.8,2.0,0.2604,25.0,0.4735,3.0,1.0,5.5,1.0,3.0,1
PRJ-305886,55.09,258.0,194.8,6.0,0.1267,15.0,0.4172,1.0,4.0,6.86,0.0,3.0,0
PRJ-305887,11.65,416.0,8.4,4.0,0.3898,41.0,0.4927,2.0,3.0,8.56,0.0,7.0,0
PRJ-305888,29.98,69.0,204.7,6.0,0.2883,45.0,0.2903,1.0,1.0,24.1,0.0,2.0,1
PRJ-305889,16.08,78.0,49.1,3.0,0.2157,42.0,0.2052,0.0,3.0,-7.73,1.0,6.0,0
PRJ-305890,10.72,135.0,74.4,5.0,0.2661,55.0,0.635,3.0,3.0,4.68,0.0,1.0,0
PRJ-305891,27.21,380.0,78.7,8.0,0.3477,16.0,0.3465,2.0,1.0,8.98,0.0,7.0,0
PRJ-305892,4.9,529.0,23.5,7.0,0.3338,11.0,0.5508,4.0,4.0,4.49,0.0,2.0,0
PRJ-305893,8.55,352.0,33.6,5.0,0.304,32.0,0.3106,3.0,3.0,-1.3,0.0,7.0,0
PRJ-305894,20.61,476.0,123.4,8.0,0.1774,20.0,0.3511,4.0,1.0,-9.33,0.0,8.0,0
PRJ-305895,2.12,481.0,139.5,1.0,0.4886,23.0,0.324,0.0,4.0,-2.49,0.0,7.0,1
PRJ-305896,11.4,181.0,41.1,6.0,0.1793,38.0,0.1659,1.0,4.0,15.57,0.0,5.0,0
PRJ-305897,11.33,136.0,172.9,6.0,0.1857,2.0,0.3879,3.0,2.0,26.32,1.0,5.0,1
PRJ-305898,13.85,124.0,44.9,3.0,0.4145,25.0,0.5532,1.0,4.0,-20.9,1.0,4.0,0
PRJ-305899,10.02,438.0,89.1,4.0,0.1337,25.0,0.3136,2.0,2.0,0.23,0.0,0.0,0
PRJ-305900,20.08,376.0,25.3,4.0,0.3108,1.0,0.2743,0.0,1.0,-21.37,0.0,6.0,0
PRJ-305901,6.74,473.0,84.7,6.0,0.7432,40.0,0.5406,0.0,1.0,-8.73,1.0,1.0,1
PRJ-305902,21.89,296.0,38.4,5.0,0.1071,49.0,0.1095,1.0,3.0,2.84,0.0,4.0,0
PRJ-305903,5.35,528.0,233.2,7.0,0.1496,56.0,0.3758,4.0,1.0,-14.25,0.0,1.0,1
PRJ-305904,14.58,487.0,65.7,6.0,0.3814,56.0,0.5171,0.0,1.0,-5.38,0.0,3.0,0
PRJ-305905,25.19,445.0,159.4,8.0,0.3915,6.0,0.3616,0.0,1.0,-7.22,0.0,4.0,1
PRJ-305906,6.32,442.0,57.1,7.0,0.3392,14.0,0.453,2.0,3.0,2.32,1.0,4.0,1
PRJ-305907,7.46,106.0,49.8,5.0,0.1491,25.0,0.6611,0.0,2.0,-5.07,0.0,1.0,1
PRJ-305908,22.38,413.0,55.9,1.0,0.0724,35.0,0.1972,0.0,2.0,14.05,0.0,7.0,1
PRJ-305909,13.22,513.0,187.2,3.0,0.1258,56.0,0.4981,2.0,1.0,-0.78,0.0,2.0,1
PRJ-305910,3.26,189.0,32.2,2.0,0.513,16.0,0.1688,4.0,2.0,-10.54,0.0,5.0,0
PRJ-305911,13.56,448.0,226.7,4.0,0.062,28.0,0.3327,0.0,2.0,-18.89,0.0,2.0,1
PRJ-305912,17.94,218.0,99.7,8.0,0.2856,40.0,0.1346,1.0,1.0,-10.37,0.0,6.0,0
PRJ-305913,22.97,150.0,180.7,4.0,0.2209,53.0,0.2034,0.0,4.0,-2.51,0.0,7.0,0
PRJ-305914,14.35,406.0,17.0,7.0,0.1724,41.0,0.6384,0.0,4.0,5.92,0.0,0.0,0
PRJ-305915,16.43,126.0,87.5,4.0,0.173,40.0,0.285,3.0,2.0,8.46,1.0,6.0,0
PRJ-305916,31.86,283.0,127.1,5.0,0.1233,58.0,0.6442,0.0,1.0,10.85,0.0,0.0,0
PRJ-305917,21.0,508.0,129.5,1.0,0.4033,51.0,0.4222,0.0,3.0,6.6,0.0,7.0,0
PRJ-305918,9.77,122.0,87.5,6.0,0.2954,51.0,0.1839,0.0,1.0,11.5,0.0,3.0,0
PRJ-305919,10.65,122.0,35.9,2.0,0.1292,45.0,0.6061,4.0,3.0,-4.22,0.0,0.0,0
PRJ-305920,24.54,511.0,33.9,4.0,0.4087,19.0,0.3671,4.0,1.0,-2.32,1.0,6.0,0
PRJ-305921,14.16,429.0,32.1,8.0,0.0249,4.0,0.679,4.0,4.0,-7.38,0.0,6.0,1
PRJ-305922,12.81,273.0,62.8,2.0,0.189,47.0,0.4348,0.0,3.0,-9.72,1.0,6.0,0
PRJ-305923,9.56,245.0,55.2,8.0,0.3953,45.0,0.59,4.0,2.0,16.33,1.0,0.0,0
PRJ-305924,23.95,522.0,37.2,7.0,0.4119,37.0,0.5042,4.0,3.0,-2.33,0.0,8.0,0
PRJ-305925,6.59,403.0,42.5,1.0,0.087,7.0,0.2982,3.0,4.0,-13.75,0.0,3.0,1
PRJ-305926,8.57,494.0,50.4,3.0,0.2077,58.0,0.204,3.0,1.0,-10.41,1.0,7.0,0
PRJ-305927,23.9,90.0,4.9,8.0,0.2146,44.0,0.1931,2.0,4.0,25.08,0.0,0.0,0
PRJ-305928,23.72,307.0,38.8,4.0,0.1166,39.0,0.467,1.0,4.0,2.92,0.0,5.0,0
PRJ-305929,44.14,403.0,30.1,7.0,0.3264,25.0,0.7299,3.0,2.0,5.48,0.0,6.0,1
PRJ-305930,11.42,62.0,16.2,8.0,0.2501,3.0,0.3185,1.0,4.0,-6.51,0.0,6.0,0
PRJ-305931,9.66,298.0,17.3,1.0,0.2213,41.0,0.1795,2.0,4.0,-26.82,1.0,2.0,1
PRJ-305932,10.34,72.0,38.2,6.0,0.06,22.0,0.4401,3.0,3.0,-15.32,1.0,1.0,1
PRJ-305933,3.56,490.0,64.9,8.0,0.3201,3.0,0.3743,4.0,4.0,-7.95,1.0,5.0,1
PRJ-305934,2.36,382.0,68.0,5.0,0.1809,3.0,0.5731,4.0,1.0,-7.62,0.0,8.0,0
PRJ-305935,14.32,138.0,75.2,8.0,0.2859,6.0,0.6786,0.0,4.0,-0.25,0.0,0.0,1
PRJ-305936,9.16,303.0,68.1,6.0,0.1712,16.0,0.6029,0.0,2.0,9.87,0.0,8.0,0
PRJ-305937,6.92,99.0,33.2,6.0,0.4802,6.0,0.4916,0.0,2.0,0.13,0.0,0.0,0
PRJ-305938,12.68,442.0,17.2,1.0,0.1237,7.0,0.1617,1.0,2.0,4.9,0.0,2.0,0
PRJ-305939,14.54,142.0,21.5,7.0,0.1017,22.0,0.1787,3.0,4.0,10.76,0.0,8.0,0
PRJ-305940,10.89,345.0,45.8,7.0,0.0803,1.0,0.3544,3.0,2.0,17.16,0.0,4.0,0
PRJ-305941,11.09,83.0,55.8,3.0,0.1168,10.0,0.3344,0.0,3.0,-11.35,0.0,8.0,0
PRJ-305942,9.08,123.0,92.6,2.0,0.5917,23.0,0.3721,4.0,3.0,4.73,0.0,4.0,1
PRJ-305943,18.82,530.0,130.3,5.0,0.2406,0.0,0.6054,4.0,1.0,5.28,0.0,2.0,1
PRJ-305944,8.16,235.0,35.1,8.0,0.1709,12.0,0.0744,3.0,4.0,2.88,1.0,7.0,0
PRJ-305945,5.91,105.0,57.3,6.0,0.132,52.0,0.7031,0.0,1.0,-5.11,0.0,8.0,1
PRJ-305946,8.82,391.0,77.9,7.0,0.1849,24.0,0.2236,3.0,1.0,-12.01,1.0,3.0,0
PRJ-305947,13.89,144.0,50.5,5.0,0.1632,45.0,0.3285,3.0,2.0,-2.29,0.0,0.0,0
PRJ-305948,19.55,336.0,22.1,4.0,0.3605,26.0,0.4186,1.0,2.0,2.59,0.0,0.0,0
PRJ-305949,35.81,445.0,25.8,3.0,0.2756,34.0,0.3732,3.0,3.0,12.47,1.0,1.0,0
PRJ-305950,12.73,383.0,97.9,7.0,0.0939,7.0,0.7163,0.0,1.0,-2.1,0.0,0.0,0
PRJ-305951,30.22,167.0,37.3,6.0,0.232,43.0,0.5803,1.0,4.0,-14.45,0.0,4.0,0
PRJ-305952,7.68,162.0,40.5,6.0,0.3463,16.0,0.3946,0.0,1.0,-12.4,0.0,6.0,0
PRJ-305953,6.75,155.0,4.4,7.0,0.3859,18.0,0.2575,3.0,1.0,-14.69,0.0,5.0,0
PRJ-305954,15.95,357.0,116.1,8.0,0.258,15.0,0.5393,3.0,3.0,-1.48,0.0,6.0,0
PRJ-305955,17.51,377.0,79.6,7.0,0.0313,42.0,0.699,4.0,2.0,-16.91,0.0,3.0,0
PRJ-305956,13.59,302.0,12.3,4.0,0.2738,39.0,0.5496,2.0,1.0,-9.83,0.0,3.0,0
PRJ-305957,55.86,242.0,72.5,2.0,0.4148,31.0,0.4624,4.0,3.0,18.91,1.0,3.0,1
PRJ-305958,7.99,75.0,76.3,5.0,0.4002,20.0,0.14,1.0,3.0,-2.48,1.0,7.0,0
PRJ-305959,26.67,458.0,158.0,4.0,0.0874,5.0,0.4766,0.0,2.0,0.55,0.0,1.0,0
PRJ-305960,6.88,371.0,23.8,8.0,0.1116,49.0,0.3332,4.0,2.0,-16.06,1.0,0.0,0
PRJ-305961,18.41,360.0,69.5,1.0,0.6636,39.0,0.3767,0.0,3.0,-0.99,0.0,8.0,1
PRJ-305962,12.36,96.0,30.9,7.0,0.3029,34.0,0.4767,4.0,4.0,-20.31,0.0,4.0,0
PRJ-305963,14.21,187.0,29.6,6.0,0.2484,59.0,0.4507,1.0,2.0,1.26,0.0,1.0,0
PRJ-305964,16.06,195.0,138.4,1.0,0.1591,5.0,0.2137,1.0,2.0,-15.4,0.0,6.0,1
PRJ-305965,12.67,340.0,98.5,2.0,0.068,15.0,0.3293,0.0,1.0,15.46,0.0,0.0,0
PRJ-305966,11.06,434.0,12.5,1.0,0.16,54.0,0.2312,1.0,3.0,22.79,0.0,2.0,0
PRJ-305967,3.01,473.0,10.5,8.0,0.278,0.0,0.4579,0.0,1.0,-8.18,0.0,1.0,0
PRJ-305968,21.54,303.0,74.5,6.0,0.2763,18.0,0.5237,2.0,4.0,-19.18,0.0,5.0,1
PRJ-305969,4.7,225.0,43.4,5.0,0.1953,45.0,0.0396,1.0,3.0,-5.82,0.0,1.0,1
PRJ-305970,9.23,247.0,21.0,5.0,0.2424,34.0,0.5581,1.0,2.0,-20.22,0.0,5.0,1
PRJ-305971,14.9,409.0,75.5,4.0,0.1992,16.0,0.1027,0.0,1.0,-4.58,0.0,0.0,0
PRJ-305972,5.35,202.0,68.6,2.0,0.1515,20.0,0.3384,4.0,2.0,-11.03,0.0,1.0,0
PRJ-305973,11.05,250.0,49.6,6.0,0.2347,24.0,0.1062,0.0,1.0,13.33,0.0,2.0,0
PRJ-305974,20.0,434.0,53.4,2.0,0.0247,15.0,0.0997,0.0,4.0,-25.29,0.0,7.0,1
PRJ-305975,9.09,313.0,22.6,2.0,0.1596,0.0,0.2553,4.0,2.0,-16.12,1.0,0.0,0
PRJ-305976,11.18,276.0,68.2,8.0,0.1507,36.0,0.458,4.0,4.0,10.12,0.0,0.0,0
PRJ-305977,6.16,408.0,175.5,1.0,0.1901,3.0,0.4551,3.0,4.0,-7.58,0.0,1.0,1
PRJ-305978,9.85,187.0,15.2,8.0,0.4236,42.0,0.4086,0.0,1.0,17.94,0.0,7.0,0
PRJ-305979,4.8,74.0,96.1,1.0,0.2549,42.0,0.5739,1.0,3.0,0.17,0.0,1.0,0
PRJ-305980,13.76,435.0,18.5,4.0,0.4412,56.0,0.5589,1.0,4.0,2.46,1.0,5.0,0
PRJ-305981,4.01,270.0,84.0,5.0,0.3785,57.0,0.3127,0.0,1.0,3.57,0.0,0.0,0
PRJ-305982,7.78,206.0,42.5,1.0,0.0589,56.0,0.5553,1.0,4.0,4.59,0.0,7.0,0
PRJ-305983,12.44,92.0,85.5,8.0,0.2073,35.0,0.3931,2.0,3.0,-2.66,0.0,0.0,1
PRJ-305984,10.55,503.0,16.2,8.0,0.1695,5.0,0.1785,1.0,4.0,-2.11,1.0,2.0,0
PRJ-305985,15.44,403.0,55.1,2.0,0.5029,50.0,0.6812,2.0,4.0,14.47,0.0,6.0,1
PRJ-305986,11.2,180.0,91.4,2.0,0.1548,54.0,0.2805,2.0,1.0,-9.03,0.0,7.0,1
PRJ-305987,3.0,345.0,56.7,7.0,0.2902,12.0,0.1468,1.0,4.0,1.92,0.0,6.0,0
PRJ-305988,5.29,274.0,79.0,3.0,0.3639,21.0,0.3825,3.0,1.0,-4.99,0.0,0.0,0
PRJ-305989,12.04,206.0,33.4,1.0,0.2041,4.0,0.4737,2.0,4.0,7.61,0.0,2.0,0
PRJ-305990,23.42,199.0,80.5,7.0,0.4298,19.0,0.2841,4.0,3.0,15.27,0.0,0.0,1
PRJ-305991,20.84,82.0,137.3,3.0,0.2443,20.0,0.5098,2.0,3.0,-6.4,0.0,6.0,1
PRJ-305992,54.94,527.0,33.0,4.0,0.1207,52.0,0.5671,3.0,4.0,-11.9,0.0,2.0,1
PRJ-305993,8.41,503.0,78.1,6.0,0.1965,12.0,0.2816,3.0,2.0,-9.09,0.0,3.0,0
PRJ-305994,19.57,475.0,25.8,5.0,0.2805,8.0,0.3119,0.0,2.0,10.98,0.0,4.0,0
PRJ-305995,18.7,200.0,147.4,7.0,0.1806,36.0,0.1877,2.0,3.0,2.94,0.0,3.0,0
PRJ-305996,30.93,538.0,12.6,7.0,0.2745,42.0,0.2276,2.0,1.0,-0.96,0.0,4.0,0
PRJ-305997,25.83,181.0,65.8,8.0,0.3044,57.0,0.4636,2.0,1.0,-2.35,0.0,6.0,0
PRJ-305998,14.44,453.0,50.6,8.0,0.1834,47.0,0.1732,4.0,4.0,-8.54,0.0,7.0,0
PRJ-305999,17.58,94.0,33.3,6.0,0.1284,13.0,0.5445,0.0,3.0,10.27,1.0,7.0,0
